text,aspect,classification_method
말차맛 커피믹스라고 해서 신기해서 구매해봤어요!!,"Dessert/Bakery, Coffee/Drink",keyword
말차맛 볶은쌀맛 많이 안 달고 고소함,"Dessert/Bakery, Coffee/Drink",keyword
오리지널 선물할 곳이 있어 갔는데 항상 친절하게 맞이해주셔서 너무 좋네요!,"Vibe, Service, Coffee/Drink, Price, Dessert/Bakery",keyword
"외국인들도 많이 구매하시던데, 선물하기에 너무 좋습니다.","Dessert/Bakery, Coffee/Drink, Price",keyword
맛은 말할 것도 없고요!,"Dessert/Bakery, Coffee/Drink",keyword
전부 시음해보고 메론맛이랑 시나몬약과맛이랑 겟겟,"Dessert/Bakery, Coffee/Drink",keyword
"배민 파운더가 만든 맛있는 음료
가격은 럭셔리에요","Price, Dessert/Bakery, Coffee/Drink, Vibe",keyword
시음해보고 들어갔는데 진짜 메로나맛^^ 너무 맛있어요~~,"Dessert/Bakery, Coffee/Drink",keyword
아이들도 이거 우리거 먹어도 되냐며 ㅎㅎㅎ 집에서는 얼음넣고 시원하게 아이스로 하서 마셨어여,"Dessert/Bakery, Coffee/Drink, Vibe",keyword
커피믹스 종류가 여러가지인데 맛볼 수 있어요.,"Vibe, Coffee/Drink",keyword
전 오리지널이 깔끔하고 먹고나서도 텁텁하지 않아 좋았어요.,"Dessert/Bakery, Coffee/Drink",keyword
커피믹스를 좋아하신 어머니의 경우 우유맛이 많이 나서 오히려 텁텁하시다고 하네요,"Dessert/Bakery, Coffee/Drink",keyword
엄마가 한 번 드셔보시더니 그냥 믹스커피랑 다르고 텁텁함 없이 너어무 맛있다고 하셔서 한 박스 사다드렸어,"Dessert/Bakery, Coffee/Drink",keyword
오~~,"Dessert/Bakery, Coffee/Drink",keyword
12월 10일자로 커피 테이크아웃 판매는 종료됐대요,"Service, Dessert/Bakery, Coffee/Drink, Vibe",keyword
오픈때 가보고 오랜만에 갔는데 다시는 안갈거같습니다,Dessert/Bakery,keyword
서비스는 후퇴했고 땅콩붕어빵은 덜 구워졌고 그냥 총체적 난국이요..,"Service, Dessert/Bakery, Coffee/Drink",keyword
안그래도 좁은 매장에 손님들 줄서는거 관리 하나 못하는 알바생 환장콤보 ㅠㅠ 멀뚱히 서있는거 보는 제가 다 속터져요,"Service, Dessert/Bakery, Coffee/Drink, Vibe",keyword
기분좋게 갔다가 화병나서 갑니다,"Vibe, Coffee/Drink",keyword
시음을 못해서 아쉬웠어요.,"Dessert/Bakery, Coffee/Drink",keyword
선물로 드리니 좋아하시네요.,"Vibe, Price",keyword
개인마다 취향이 다른것 같아요.,Dessert/Bakery,keyword
"저는 오리지날, 동생은 볶음쌀이 좋다고 합니다.","Dessert/Bakery, Coffee/Drink",keyword
좋은 우유분말을 써서 고급지고 부드러운 맛이 납니다.,"Dessert/Bakery, Coffee/Drink",keyword
"바나나우유맛 밖에 배너에 10프로할인이라해놓고 안에매장 가격텍에도 할인가격해놨는데
결제하고나니 가격더비싸길래 왜그러냐하니
어제부로?","Price, Dessert/Bakery, Coffee/Drink, Vibe",keyword
"할인끝났다고
어이없음
배너치우고 매장안에도정리를해야알지","Service, Dessert/Bakery, Coffee/Drink, Vibe",keyword
그리고계산전에설명도안해주고 카드긁어버리는건무슨경우인지,"Service, Dessert/Bakery, Coffee/Drink",keyword
궁금해하던 차에 시음을 하길래 먹어보고 바로 들어갔어요.,"Dessert/Bakery, Coffee/Drink",keyword
사실 맛 보다는 분위기가 독특하고 유니크해서 끌렸던 듯 해요.,"Dessert/Bakery, Coffee/Drink, Vibe",keyword
맛은 그냥 아는 맛...?,Coffee/Drink,keyword
그래서 선물용으로 좋을 것 같아요,"Dessert/Bakery, Price",keyword
"성수동 커피슬러시
2,500원
가성비 괜찮습니다","Coffee/Drink, Price",keyword
유니크한 다양한맛의 믹스커피를 맛볼 수 있어서 좋았습니다!,"Dessert/Bakery, Coffee/Drink, Vibe",keyword
하나씩 먹어보러 또올거같아요!,"Dessert/Bakery, Coffee/Drink",keyword
오리지널맛기준 가격비쌈,Price,keyword
그냥 일반믹스가 맛있음,Coffee/Drink,keyword
볶음쌀커피는 특이해서 좋아요,"Dessert/Bakery, Coffee/Drink",keyword
"양이 좀 적긴하지만
근데 진심 오란다는……….","Dessert/Bakery, Coffee/Drink",keyword
특이한걸로만 대중눈 사로잡고 맛없게 만들면 어째요ㅠㅠㅠㅠ ㅠㅠ.,"Dessert/Bakery, Coffee/Drink, Vibe",keyword
ㅠㅠㅠ시장 옛날과자가 훨씬맛있어요,Dessert/Bakery,keyword
"여름이 가기 전에 꼭 팥빙수 슬러시를 먹고 싶었는데, 놓치지 않았네요!","Dessert/Bakery, Coffee/Drink",keyword
머리가 띵 - 해질정도로 맛있어요!,Vibe,keyword
완전 추천합니다.,"Dessert/Bakery, Coffee/Drink, Vibe",keyword
아이스 팥빙수맛 믹스커피도 먹으러 가야겠어요,Coffee/Drink,keyword
"더서울현대에서 오리지널 맛을 먹었는데 적당히 달달하고 맛있었어요 :-) 2500원 가격도 넘나 귀엽,,","Vibe, Coffee/Drink, Price",keyword
뉴믹스커피 완전 달달하니 맛있네요,Coffee/Drink,keyword
뉴믹스 궁금해서 와봤어요,"Dessert/Bakery, Coffee/Drink",keyword
커피는 믹스고급버전 같아요,"Dessert/Bakery, Coffee/Drink",keyword
"내부 매장는 없고 , 야외 테이블 있어요","Dessert/Bakery, Coffee/Drink, Vibe",keyword
새로운 느낌의 믹스커피!,Coffee/Drink,keyword
자판기 커피랑 비슷하면서 달라요,"Dessert/Bakery, Coffee/Drink",keyword
내돈내산 찐 추천 •• !,"Vibe, Coffee/Drink, Price",keyword
❤️ 사실 매장앞의 시음을 하고나니 넘 맛있어서 다른 음료도 궁금해져서 바로 매장으로 들어가 주문해서 마셔봤어요 !,"Service, Dessert/Bakery, Coffee/Drink, Vibe",keyword
특히 직원분들께서 다들 친절하시고 밝은 에너지 덕에 더운 여름날에도 기분 좋게 머무를 수 있어서 좋았습니다,"Service, Dessert/Bakery, Coffee/Drink, Vibe",keyword
믹스커피의 에르메스 인정 !,Coffee/Drink,keyword
한국 믹스커피를 젊은 사람들 대상으로 만든 커피 같음.,"Dessert/Bakery, Coffee/Drink, Vibe",keyword
"맛있고, 여러가지 맛 있어서 좋음.","Vibe, Coffee/Drink",keyword
선물하기도 좋은듯!,"Dessert/Bakery, Coffee/Drink, Price",keyword
믹스를 쌀맛으로 즐겼어요 ㅎㅎㅎ,Coffee/Drink,keyword
맛있고 깔끔해요!!,"Dessert/Bakery, Coffee/Drink",keyword
커피도 맛있고 젊은 직원들이 너무 친절하네요!,"Service, Dessert/Bakery, Coffee/Drink",keyword
달달하니 한입 컷으로 다 쪽 빨아먹었다지 뭐예요,Coffee/Drink,keyword
내부도 멋져용,Dessert/Bakery,keyword
커피가 맛있어요,Coffee/Drink,keyword
선물하기 너무 좋네요!,"Dessert/Bakery, Coffee/Drink, Price",keyword
뉴믹스커피는 스마트스토어에서 구매한데 오란다는 구매 안되서 부천까지 배달하고 왔어요!,"Dessert/Bakery, Coffee/Drink",keyword
흑임자도 맛있고 오리지널도 너무 추천합니다..,"Dessert/Bakery, Coffee/Drink, Vibe",keyword
오란다는 사랑 그 자체,"Dessert/Bakery, Coffee/Drink",keyword
비주얼이 독특해서 SNS인증하는 재미가 있어요.,"Dessert/Bakery, Coffee/Drink, Vibe",keyword
믹스커피라 빨리 나오고 디저트도 맛나요.,"Dessert/Bakery, Coffee/Drink",keyword
"테이크 아웃해서
근처에서 먹기 좋아요","Dessert/Bakery, Coffee/Drink",keyword
지난번에 맛있게 먹어서 성수 놀려온 김에 또 사려 왔어용♡,"Dessert/Bakery, Coffee/Drink",keyword
사실 여기는 군밤도 맛있고 볶은쌀맛도 맛있어서 고민고민하다 오리지널로 하나 구매했습니다,"Dessert/Bakery, Coffee/Drink, Vibe",keyword
"성수동 팝업갔다 우연히 발견한 믹스커피맛집
달달구리 더위사냥 아이스크림맛 ♡
더울때 한잔 마시니 에너지 업
오란다두 맛있구~~
밖에 테이블 있어용~","Dessert/Bakery, Coffee/Drink, Vibe",keyword
뉴믹스했어요,"Dessert/Bakery, Coffee/Drink",keyword
슬러시 넘 시원하고 좋아요!,"Dessert/Bakery, Coffee/Drink",keyword
오란다도 맛있어요~,"Dessert/Bakery, Coffee/Drink",keyword
녹차슬러시 맛있음,"Dessert/Bakery, Coffee/Drink",keyword
애매한 양과 애매한 가격이지만 적당히 진한 녹차맛이 아주 굿 마치 녹차마루를 슬러시로 만든 맛?,"Price, Dessert/Bakery, Coffee/Drink, Vibe",keyword
오리지널 슬러시는 더위사냥 맛 무난하게 맛있음,"Dessert/Bakery, Coffee/Drink",keyword
"매장 앞에서 ‘믹스커피 오리지널’ 시식후 추가 구매
에스프레소 라떼 보다는 달지만 커피믹스의 커피&단맛과는 또 다른 색다른 맛🙈
다른 메뉴들도 넘 궁금하네요.  (1box |10개 구매 가능)","Price, Dessert/Bakery, Coffee/Drink, Vibe",keyword
지나가면서 항상 보여서 한번 들어가봤어요.,Coffee/Drink,keyword
시음 해보고 맛있어서 오리지널 마셨습니다^^,"Dessert/Bakery, Coffee/Drink",keyword
"지나다 시음해보고 들어가서 오리지넌 슬러시 마셨어요
성수동 돌아다니며 더웠는데, 더위사냥처럼 시원하고 달달하니 눈이 번쩍 광명찾는 기분이었어요ㅋㅋㅋ","Service, Dessert/Bakery, Coffee/Drink, Vibe",keyword
아이스 밤라떼는 꼬숩고 바밤바 맛이 나요!,Coffee/Drink,keyword
밤맛 커피 아이스 맛있네요!!!,Coffee/Drink,keyword
"가게 안에서는 먹을 곳이 없지만, 나와서 살짝
왼쪽으로 돌면 바닥에 플라스틱 박스 깔아놓은
곳에서 다들 앉아서 먹음...ㅋㅋㅋ","Service, Vibe, Coffee/Drink",keyword
슬러시 맛있었어요.,"Dessert/Bakery, Coffee/Drink",keyword
군밤맛 믹스 가루커피 샀는데 비싼감이 있지만 선물용으론 좋을 것 같아요.,"Price, Dessert/Bakery, Coffee/Drink, Vibe",keyword
직원분들이 너무 예쁘고 잘생겼으며 친절하십니당♡,"Service, Dessert/Bakery, Coffee/Drink, Vibe",keyword
"저는 군밤맛, 친구는 볶은쌀맛으로 시켰는데 2개 모두 맛있어용!!","Dessert/Bakery, Vibe",keyword
선물박스도 하나샀습니다♡,Price,keyword
매장 안에서 먹을수는 없지만 매장 바로 옆에서 먹을수있도록 자리가 만들어져있습니다,"Vibe, Coffee/Drink",keyword
성수에 오신다면 뉴믹스 추천드립니당~~~,"Dessert/Bakery, Coffee/Drink, Vibe",keyword
카페까지 가서 믹스거피를?,Coffee/Drink,keyword
라는 생각이 있긴 했지만 가격도 저렴한 편이고 평생 먹어본 믹스커피 중에서는 제일 맛있었다,"Price, Dessert/Bakery, Coffee/Drink, Vibe",keyword
"음료, 디저트, 인테리어 전반적으로 창의적인 곳","Dessert/Bakery, Coffee/Drink, Vibe",keyword
쌀커피 강추,Coffee/Drink,keyword
진짜로 우리가 아는 믹스커피.,Coffee/Drink,keyword
"비올 떄, 날씨 좋을 때, 커피 이미 한 잔 마셨을 때, 달달한 게 땡길 때 언제든 찾습니다.","Service, Dessert/Bakery, Coffee/Drink",keyword
뉴믹스!!!!!!,Coffee/Drink,keyword
가게를 발견하고 도착했는데 아무도 없어서 1차 당황.,"Dessert/Bakery, Coffee/Drink, Vibe",keyword
그런데 주위에 거울로 둘러싸여있어서 어디가 테이블이고 주문하는 곳인지 헷갈려서 2차 당황.,"Service, Dessert/Bakery, Coffee/Drink, Vibe",keyword
직원이 아주 작은 문으로 쪼그린 채로 걸어나와서 3차 당황.,"Service, Dessert/Bakery, Coffee/Drink, Vibe",keyword
군밤라떼로 먹었는데 생크림이 올려져있고 가성비 굿!,"Vibe, Coffee/Drink, Price",keyword
맛있는데 직원이 좀 상주를 해주고 어려워하면 안내를 좀 해줬으면 좋겠다.,"Service, Dessert/Bakery, Coffee/Drink",keyword
왜 대한민국이 김봉진 의장의 다음 발걸음에 주목하는지를 확인할 수 있었다.,"Dessert/Bakery, Coffee/Drink, Vibe",keyword
지나가다 시음 행사가 있어 시음 후 안에 들어가 다른 메뮤를 마셔봄,"Vibe, Coffee/Drink",keyword
주문한 메뉴가 믹스 위에 휘핑을 올려주는 타입이라 믹스의 맛이 잘 느껴지지 않음.,"Service, Dessert/Bakery, Coffee/Drink",keyword
"시음으로 맛있는게 확정된 오리지날 믹스만 구입
메뉴로써 맛이 있고 없고를 떠나 휘핑으로 인해 믹스의 맛을 느낄 수 없다면 실패가 아닌가 한다","Dessert/Bakery, Coffee/Drink, Vibe",keyword
사간 오리지날 믹스는 맛있었다.,Coffee/Drink,keyword
궁금했는데 맛이 좋아요!,"Dessert/Bakery, Coffee/Drink",keyword
오리지널 마셨는데 너무 달지 않으면서 라이트한 맛이었어요~,"Dessert/Bakery, Coffee/Drink",keyword
건빵 선물 사러 갔습니다.,"Dessert/Bakery, Price",keyword
집에 10통 쟁여놓고 싶은 마음!!,Vibe,keyword
이제 선물은 뉴믹스만 합니다.,"Dessert/Bakery, Coffee/Drink, Price",keyword
시음하고 맛있어서 사먹었어요 ㅋㅋㅋ,"Dessert/Bakery, Coffee/Drink",keyword
"뉴믹스""""
맥심의 단맛 버젼??",Coffee/Drink,keyword
오란다..,"Dessert/Bakery, Coffee/Drink",keyword
아는 맛..,Coffee/Drink,keyword
쏘쏘합니다,"Dessert/Bakery, Coffee/Drink",keyword
테이크아웃 매장입니다,"Service, Vibe",keyword
믹스커피가 이렇게 고급지다니 !!,"Dessert/Bakery, Coffee/Drink",keyword
인스타그램에서만 보다가 드디어 왔습니다!!!,"Dessert/Bakery, Coffee/Drink",keyword
볶은 쌀맛이 그렇게 맛있다고 ㅠㅠㅠ 슬러시를 못 마셔서 아쉽지만 또 올게요!!!,"Dessert/Bakery, Coffee/Drink",keyword
또오고 싶어욥!,"Dessert/Bakery, Coffee/Drink",keyword
분위기도 예쁘고 커피가 너무 맛있어서 홀린듯 구매함...,"Dessert/Bakery, Coffee/Drink, Vibe",keyword
커피 맛이 매우 독특하고 매력있어요!!,"Dessert/Bakery, Coffee/Drink, Vibe",keyword
성수오시면 데이트코스로 좋을 것 같아요!,"Dessert/Bakery, Coffee/Drink, Vibe",keyword
맛있고 즐겁고 친절해요,"Service, Dessert/Bakery, Coffee/Drink",keyword
감사합니다,"Dessert/Bakery, Coffee/Drink",keyword
뉴믹스 핫해용,Coffee/Drink,keyword
신기함!!!,"Dessert/Bakery, Coffee/Drink",keyword
믹스커피 재해석,Coffee/Drink,keyword
완전 힙해요 :),"Dessert/Bakery, Coffee/Drink, Vibe",keyword
메뉴가 신기하고 독특해요!,"Dessert/Bakery, Coffee/Drink",keyword
인스타에서 보고 왔는데 너무 신기했어요!,"Dessert/Bakery, Coffee/Drink",keyword
슬러시랑 오란다 맛이 미춰버립니다...,"Dessert/Bakery, Coffee/Drink",keyword
굉장히 신선한 컨셉이네요,"Dessert/Bakery, Coffee/Drink",keyword
맛도 독특하네요,"Dessert/Bakery, Coffee/Drink",keyword
흥하세요,"Dessert/Bakery, Coffee/Drink",keyword
친구 추천으로 서울와서 방문했어요!,"Service, Dessert/Bakery, Coffee/Drink, Vibe",keyword
커피가 부드럽고 맛있어서 한박스씩 구매했네요 ㅎㅎ,"Dessert/Bakery, Coffee/Drink",keyword
담에 오란다랑 먹어보려구요!,"Dessert/Bakery, Coffee/Drink",keyword
궁금해서 와봤는데 직원분들도 친절하시고 음료도 빨리 받을수 있어서 좋았어요!!,"Service, Dessert/Bakery, Coffee/Drink, Vibe",keyword
재방문 의사 있음!^^,"Service, Vibe, Coffee/Drink",keyword
다음에또올게요,"Dessert/Bakery, Coffee/Drink",keyword
신박합니다,"Dessert/Bakery, Coffee/Drink",keyword
인테리어가 맛있고 커피가 멋있어요,"Vibe, Coffee/Drink",keyword
매장 너무 쾌적하고 오란다 디저트 귀엽고 무엇보다 넘 맛있어요,"Dessert/Bakery, Coffee/Drink, Vibe",keyword
테이크아웃만 가능합니다!,"Service, Dessert/Bakery, Coffee/Drink, Price",keyword
참고하세요,"Dessert/Bakery, Coffee/Drink",keyword
떡와플 조금 딱딱해서 이가 아팠습니드 😬,"Dessert/Bakery, Coffee/Drink",keyword
믹스커피의재해석 !!,Coffee/Drink,keyword
"한국인이 언제부터 커피를 내려마셨냐,, 타마셨지!!!!",Coffee/Drink,keyword
너무너무 기대했던 뉴믹스커피!,"Dessert/Bakery, Coffee/Drink",keyword
맛있고 예쁘고 넘 조아요🤍,Vibe,keyword
우리가 흔하게 먹는 인스턴트 믹스커피!,Coffee/Drink,keyword
그 믹스커피가 새로운 스타일로 나왔나봅니다,"Vibe, Coffee/Drink",keyword
"😲
컨셉이 독특하고 생각보다 커피가 정말 맛있었습니다","Dessert/Bakery, Coffee/Drink",keyword
디저트는 오란다가 있는데 이것 또한 별미입니다만 가격이 조금 사악해요,"Price, Dessert/Bakery, Coffee/Drink, Vibe",keyword
즐길수 있었어요!,"Vibe, Coffee/Drink",keyword
믹스커피를 현대화한 점과 디저트가 한국적이어서 너무 좋았어요!!!,"Dessert/Bakery, Coffee/Drink, Vibe",keyword
음료도 너무 맛있고 디저트도 너무 맛있네요,"Dessert/Bakery, Coffee/Drink",keyword
커피 너무 맛있어요!!,Coffee/Drink,keyword
성수에 이런 곳이 생기다니 허걱 !~~,Vibe,keyword
커피 깔끔하고 맛있네요!,"Dessert/Bakery, Coffee/Drink",keyword
커피가 맛있고 힙해요,"Dessert/Bakery, Coffee/Drink, Vibe",keyword
커피가 맛잇어요,Coffee/Drink,keyword
꼭 와보고 싶었던 곳이에요!!,"Dessert/Bakery, Coffee/Drink, Vibe",keyword
나중에 또 와보겠습니당,"Dessert/Bakery, Coffee/Drink",keyword
와보고 싶었는데 친구랑 드뎌 왔음 ^^,"Dessert/Bakery, Coffee/Drink, Vibe",keyword
힙하네요,"Dessert/Bakery, Coffee/Drink, Vibe",keyword
"너무 좋아요오,,!","Dessert/Bakery, Coffee/Drink",keyword
앞에서 시음해보고 바로 들어왔어요!,"Dessert/Bakery, Coffee/Drink",keyword
"커피 가성비가 좋고, 너무 달지않게 마시기 좋아요!","Coffee/Drink, Price",keyword
믹스커피라 궁금햇는데 오리지날 평소에도 마시기 좋을거같아요!,"Dessert/Bakery, Coffee/Drink",keyword
지나가다가  시음해주셔서 들러봤어요!!,"Dessert/Bakery, Coffee/Drink",keyword
배민 창업자분들 새로 론칭하셨다고 들어는 봤는데  진짜 우리가 아는 그 익숙한 맥심맛! ㅋㅋㅋㅋㅋ,"Dessert/Bakery, Coffee/Drink",keyword
오오 믹스커피가 이렇게 맛있다니!!,Coffee/Drink,keyword
홀린듯 들어온 뉴믹스커피~ 배민 창업자였던 김봉진 대표님이 열었다는 코리안 스타일 커피!!,Coffee/Drink,keyword
흔한 메뉴를 색다르게 만든 곳!,Vibe,keyword
"아직 안 먹었지만, 군밤맛 추천해요ㅎㅎ","Dessert/Bakery, Coffee/Drink, Vibe",keyword
예뻐요,Vibe,keyword
부모님이랑 왔어요,"Dessert/Bakery, Coffee/Drink",keyword
지난번에 먹어보고 맛있어서 세가지 맛 선물용으로 구매했어요! ㅎㅎ,"Dessert/Bakery, Coffee/Drink, Price",keyword
기대 안했는데 넘 맛있었어요!,"Dessert/Bakery, Coffee/Drink",keyword
"☺️
오란다도 맛있구요","Dessert/Bakery, Coffee/Drink",keyword
배민 김봉진 대표님께서 새로 런칭히신 F&B브랜드라고 하여 와보았다!,"Dessert/Bakery, Coffee/Drink",keyword
가장 한국적인 커피가 믹스커피라는 아이디어로 만든 곳.,"Vibe, Coffee/Drink",keyword
컨셉이 맛있고 커피가 재밌어요:),Coffee/Drink,keyword
매장이 너무 멋있네여,Vibe,keyword
감각적임,Vibe,keyword
커피도 새로운 느낌,Coffee/Drink,keyword
엄청 기대하고 갔는데..,"Dessert/Bakery, Coffee/Drink",keyword
예쁘고 멋있고 mz스러워용,Vibe,keyword
한국여행 온 외국인 친구 선물로 뉴믹스커피 선물했습니다.,"Price, Dessert/Bakery, Coffee/Drink, Vibe",keyword
코리안스타일커피로 좀더 특별한 선물을 할 수 있어 기뻤습니다.,"Price, Dessert/Bakery, Coffee/Drink, Vibe",keyword
구매 후 담아갈 종이백이 없어 방수팩을 주셨는데 이 부분이 신선하면서도 아쉽게 다가왔습니다.,"Dessert/Bakery, Coffee/Drink",keyword
패키지가 고급지고 예뻐 선물하기 좋았지만 선물용으로 다량구매를 하거나 자주 선물하기엔 비싸단 생각에 고민되기도 하네요.,"Price, Dessert/Bakery, Coffee/Drink, Vibe",keyword
번창하세요!,"Dessert/Bakery, Coffee/Drink",keyword
음료가 바로 나와요!,Coffee/Drink,keyword
여러가지 메뉴가 있는데 다 맛있어요~!,"Vibe, Coffee/Drink",keyword
믹스커피같지않고 고급져용,"Dessert/Bakery, Coffee/Drink",keyword
믹스지만 커피 맛있어요!,Coffee/Drink,keyword
매장 인테리어가 너무 이뻐요 ㅎㅎ,Vibe,keyword
분위기 좋고 맛있러요!!,Vibe,keyword
추천합니다!,"Dessert/Bakery, Coffee/Drink, Vibe",keyword
테이크아웃해서 마셔보고 싶었는데 오늘 날씨가 안 좋아서 포장으로만 구매했어요!,"Service, Dessert/Bakery, Coffee/Drink, Price",keyword
매장에서 마셔볼 수가 없어서 아쉬웠지만 직원분들도 친절하셨고 인테리어나 분위기도 좋아서 다음에 재방문하고 싶어요ㅎㅎ,"Service, Dessert/Bakery, Coffee/Drink, Vibe",keyword
한 번 이용해보고싶었는데 힙하고 너무 세련됬습니다,"Dessert/Bakery, Coffee/Drink, Vibe",keyword
특이하고 힙한 곳이에요!,"Dessert/Bakery, Coffee/Drink, Vibe",keyword
너무 맛있고 힙하고 좋아요,"Dessert/Bakery, Coffee/Drink, Vibe",keyword
뉴믹스커피,Coffee/Drink,keyword
컨셉이 좋아서 방문했어요!,"Service, Dessert/Bakery, Coffee/Drink",keyword
매장안에서도 마시면 좋겠어요~~,Vibe,keyword
되게신기해요!!!,"Dessert/Bakery, Coffee/Drink",keyword
가격도 적당해서 성수에서 밥먹고 꼭 생각나는 커피가 될꺼같아요,"Dessert/Bakery, Coffee/Drink, Price",keyword
그동안 왜 우리는 아아랑 라떼만 먹고 있었던가!!!,"Vibe, Coffee/Drink",keyword
화려해요,"Dessert/Bakery, Coffee/Drink",keyword
"기사뜬거보고 왔는데, 진짜 고급진 믹스커피에요","Dessert/Bakery, Coffee/Drink",keyword
친구들이랑 먹어보려고 커피믹스도 따로샀어요,"Vibe, Coffee/Drink",keyword
지인에게 추천받아 왔습니다.,"Dessert/Bakery, Coffee/Drink, Vibe",keyword
매장 인테리어가 매우 독특해요!,"Dessert/Bakery, Coffee/Drink, Vibe",keyword
"오픈전부터 기대한곳 맛잇어용 
다만 온리 테잌아웃 ㅠㅠ
담에는 녹차먹어야징!!","Dessert/Bakery, Coffee/Drink, Vibe",keyword
뉴믹스 궁금해서 와봤어욤 !!,"Dessert/Bakery, Coffee/Drink",keyword
매장 분위기 너무 좋아여!,Vibe,keyword
믹스커피의 재해석👍,Coffee/Drink,keyword
피치스 골목길 들어가다가  우연히보고  들여간  오란다튜닝~뉴믹스커피테이크아웃카페~,"Service, Dessert/Bakery, Coffee/Drink",keyword
"메뉴를 초이스하면 컵안에 도넛츠 모양
토핑돤 오란다갸  나온다.","Dessert/Bakery, Coffee/Drink",keyword
가격은 개당 3500원,"Dessert/Bakery, Price",keyword
"커피없이 주문을 해서 먹으니~~
뻑뻑 했다~","Service, Dessert/Bakery, Coffee/Drink",keyword
"다음에는 커피와 함께 주문해야
될것 같다.","Service, Dessert/Bakery, Coffee/Drink",keyword
흠~맛은 오란다에 토핑맛이 강하다.,"Dessert/Bakery, Coffee/Drink",keyword
"맛이 오묘하고~달달하니~정신번쩍~입 힐링~
변헝된 오란다~","Dessert/Bakery, Coffee/Drink",keyword
힙하고 맛나요 ㅎㅎ,"Dessert/Bakery, Coffee/Drink, Vibe",keyword
오란다,"Dessert/Bakery, Coffee/Drink",keyword
분위기 좋고 커피 맛있어요 !!!!,"Vibe, Coffee/Drink",keyword
맛있고 너무 예뻐요!!,Vibe,keyword
유니크한 분위기에 고급스런 믹스커피맛!!,"Dessert/Bakery, Coffee/Drink, Vibe",keyword
드디어왔다!!!!!:),"Dessert/Bakery, Coffee/Drink",keyword
공간보다 맛있어서 놀랐어요!,"Dessert/Bakery, Vibe",keyword
달짝지근한 커피와 고소한 건빵이 매력적!,"Dessert/Bakery, Coffee/Drink",keyword
소문의 핫플 뉴믹스커피 다녀갑니당~~~,Coffee/Drink,keyword
"인테리어 
디자인이 좋고 맛있을 것 같아요","Dessert/Bakery, Vibe",keyword
트렌디한 믹스커피 매장이에요!!,"Dessert/Bakery, Coffee/Drink, Vibe",keyword
뉴믹스 오리지널 볶은쌀맛 너무 맛있어요ㅎㅎ,Coffee/Drink,keyword
또 방문 할게요,"Service, Dessert/Bakery, Coffee/Drink",keyword
일단 매장이 너무 예뻐요!,Vibe,keyword
작은데 매장 분위기에 홀려서 들어갔습니다.,"Dessert/Bakery, Vibe",keyword
믹스커피로 이런 느낌을 낼 수 있는게 신기했어요.,"Dessert/Bakery, Coffee/Drink, Vibe",keyword
맛있어서 재방문 예정입니다:),Service,keyword
와보고 싶었어요,"Dessert/Bakery, Coffee/Drink",keyword
재밌는 공간이에여,Vibe,keyword
"최고최고 마싯소요~~~
회사가 가까워서 자주와용~~!!!","Dessert/Bakery, Coffee/Drink",keyword
힙한 매장 방문해서 음료 대기중이에요!,"Service, Dessert/Bakery, Coffee/Drink, Vibe",keyword
새로생긴 뉴믹스 맛있어요!,Coffee/Drink,keyword
너무 궁금해서 찾아왔는데 만족해요 !,"Dessert/Bakery, Coffee/Drink, Price",keyword
요즘 제일 힙한 카페 뉴믹스 커피!,"Dessert/Bakery, Coffee/Drink, Vibe",keyword
평일 낮에는 줄 없이 구매 가능해요.,"Service, Dessert/Bakery, Coffee/Drink, Price",keyword
익숙한 오란다와 믹스커피를 새롭게 즐길수 있는 곳!,"Dessert/Bakery, Coffee/Drink, Vibe",keyword
메뉴 특이하고 맛있습니다.,"Dessert/Bakery, Coffee/Drink",keyword
"믹스커피답게 커피메뉴는 달고, 오란다는 생각보다 달지않고 부드러워서 좋아요!","Dessert/Bakery, Coffee/Drink",keyword
성수에서 제일 핫한 카페 뉴믹스커피에 다녀왔어요,Coffee/Drink,keyword
"😆
성수역 4번출구 7분거리에 위치해있고, 매장이 성수동 골목사이에 있어 주차는 따로 안되요~
******************","Position, Dessert/Bakery, Coffee/Drink, Vibe",keyword
"⭐️PICK⭐️ 오리지널 믹스커피
기존 믹스커피보다 훨씬 깔끔하고 부드러운 편이고, 믹스커피 특유의 텁텁함이 없어서 더 좋아요","Dessert/Bakery, Coffee/Drink",keyword
"❤️
🌰군밤맛 믹스커피
부드러운 크림에 오리지널보다 훨씬 고소하고, 시나몬과 견과류가 들어있어서 같이 씹다보면 왠지 호떡이 생각나는 맛이에요","Dessert/Bakery, Coffee/Drink, Vibe",keyword
"😍
🧇떡와플
쫀득바삭한 식감에 달달한 꿀이 뿌려져 있어서 달달한 믹스커피와 따로 먹는걸 추천드려요","Dessert/Bakery, Coffee/Drink, Vibe",keyword
"😋
🍊오란다","Dessert/Bakery, Coffee/Drink",keyword
"시중에 파는 오란다랑 다르게 덜 달고 부드러워서 믹스커피랑 찰떡😍💕
******************
믹스커피의 대혁명이 궁금하신 분들은 성수 카페 뉴믹스커피 추천드려요","Dessert/Bakery, Coffee/Drink, Vibe",keyword
매장이 멋지고 커피도 맛있어요,"Vibe, Coffee/Drink",keyword
너무 친절하시고 패키지가 새로워요!,"Service, Dessert/Bakery, Coffee/Drink",keyword
커피도 저렴하고 프리미엄 믹스커피를 마시는 듯한 느낌이에요,"Dessert/Bakery, Coffee/Drink",keyword
되게 달것같았는데 엄청 달지도 않고 깔끔해요!,"Dessert/Bakery, Coffee/Drink",keyword
궁금했었는데 맛있게 먹었습니당!,"Dessert/Bakery, Coffee/Drink",keyword
패키지가 넘 예쁘고 맛도 다양하게 많아여,"Dessert/Bakery, Coffee/Drink, Vibe",keyword
이번엔 오리지날 먹었는데 담엔 다른 맛도 먹어볼게욥,Coffee/Drink,keyword
우왕 새로운 경험이에요,Coffee/Drink,keyword
기대되는 커피에요 ㅎㅎ,Coffee/Drink,keyword
믹스커피가 메뉴가 많아서 좋아요!!,Coffee/Drink,keyword
커피가 싸고 맛있어요!,Coffee/Drink,keyword
핫한곳이라 와보고싶어서 방문했는데 인테리어도 음료도 너무 멋지네요!!!!,"Service, Dessert/Bakery, Coffee/Drink, Vibe",keyword
인테리어 너무 신기해요,Vibe,keyword
가격도 저렴해서 들어올 수 밖에없었움 !!!,Price,keyword
배민에서 커피사업 한다길래 궁금해서 외봤어요!,"Dessert/Bakery, Coffee/Drink",keyword
분위기 좋네요,Vibe,keyword
트렌디하고 내부가 예뻐요,"Dessert/Bakery, Coffee/Drink, Vibe",keyword
맛있어 보여요,Coffee/Drink,keyword
신선한 인테리어 멋져요,"Dessert/Bakery, Coffee/Drink, Vibe",keyword
오란다라는 디저트가 독특해서 궁금하던 카페에용,"Dessert/Bakery, Coffee/Drink",keyword
세련된 인테리어 좋아요,Vibe,keyword
친절하세요!!,"Service, Dessert/Bakery, Coffee/Drink",keyword
"매장이 너무 신기하고, 오란다가 참 신기하네요","Dessert/Bakery, Coffee/Drink, Vibe",keyword
멋진곳이에요!,Vibe,keyword
다양한 맛의 커피 좋아요ㅎㅎ,"Dessert/Bakery, Coffee/Drink",keyword
녹차슬러시 너무 맛있어요,"Dessert/Bakery, Coffee/Drink",keyword
믹스커피도 존맛,Coffee/Drink,keyword
엄청 힙하고 옛날 생각나는 뉴믹스!,"Vibe, Coffee/Drink",keyword
"믹스커피가 이렇게 맛있을 수 있나 ㅎㅅㅎ
성수동 오면 꼭 오세용","Dessert/Bakery, Coffee/Drink, Vibe",keyword
지인이 준거 먹어보고 맛있어서 한박스 사서 갑니다!,Coffee/Drink,keyword
새로운 경험 아주 좋은경험입니다,Coffee/Drink,keyword
"새 로 운 믹스 커피라 더욱 기대되고
새로워서 맛이 더 특별하게 느껴집니다","Dessert/Bakery, Coffee/Drink, Vibe",keyword
협소한 공간이지만 감각적이고 트렌디하게 잘 구성되어 있어서 입장하는 순간 기분이 좋아요!,"Dessert/Bakery, Coffee/Drink, Vibe",keyword
음료도 디저트도 모두 맛있었습니다!,"Dessert/Bakery, Coffee/Drink",keyword
날이 너무 좋아서 슬러쉬 한 잔 해봅니다.,"Dessert/Bakery, Coffee/Drink",keyword
🩶 녹차맛 뉴믹스 포로 슬러쉬 만들어 먹어봐야겠어요 ㅠㅠ,"Vibe, Coffee/Drink",keyword
줄이 꽤 있는데 금방 빠져요,"Service, Vibe, Coffee/Drink",keyword
2번째 방문입니다!,Service,keyword
"와,, 오란다와 커피의 조합 이렇게까지 맛있을 일인가요,,??","Dessert/Bakery, Coffee/Drink",keyword
"커피 향도 너무 좋고,, 오란다","Dessert/Bakery, Coffee/Drink",keyword
"평소에 정말 즐겨먹지만 와,,, 여기 커피 전문점인데 오란다","Dessert/Bakery, Coffee/Drink",keyword
전문점인 줄 알았어요!,Service,keyword
커피와 오란다,"Dessert/Bakery, Coffee/Drink",keyword
"믹스커피 3개에 물 적게 넣은 찐한 맛 ,,, ㅎㅎ
달달해서 당충전하기 조아요","Dessert/Bakery, Coffee/Drink",keyword
오리지널/녹차맛 슬러시 둘다 진하고 맛있어요!,"Dessert/Bakery, Coffee/Drink",keyword
"배민 창업자가 차린 카페는 어떨까, 쟁쟁한 카페가 많은 성수동에 차린 믹스커피집이 과연 잘될까 궁금해서 방문해봤어요.","Service, Dessert/Bakery, Coffee/Drink, Vibe",keyword
"오리지날을 먹었는데, 정말 우리가 아는 ㅁㅅ커피 맛이랑 똑같습니다.",Coffee/Drink,keyword
근데 맛있긴 해요.,"Dessert/Bakery, Coffee/Drink",keyword
"믹스커피이기 때문에, 종이컵을 꽉 채운 양도 아쉬울 것 같은데 얼음이 6~70%라 한두입에 다 마셔버리니까 너무 아쉬웠어요.","Dessert/Bakery, Coffee/Drink",keyword
오란다는 아는 맛이지만 맛있었어요.,"Dessert/Bakery, Coffee/Drink",keyword
달달한 믹스커피랑 잘 어울렸구요.,Coffee/Drink,keyword
"좌석이 단 1개도 없는 테이크아웃 전용이다보니, 가게 앞에 앉아서/서서 먹는 사람들이 대다수였는데, 무조건 박스에 끼워서 넣어주다보니 너무 환경오염이 심한 게 아닐까...","Service, Dessert/Bakery, Coffee/Drink, Vibe",keyword
재방문은 안 할 것 같아요.,"Service, Dessert/Bakery, Coffee/Drink",keyword
저는 슬러시를 먹었는데 맛있고 합리적인 가격대였어요.,"Dessert/Bakery, Coffee/Drink, Price",keyword
"도넛오란다는 맛별로 다양해서 고르는재미가있는데, 플래이버는 큰차이는 없네요","Service, Dessert/Bakery, Coffee/Drink, Vibe",keyword
포장백같은것두 있으면 좋을거같아요ㅎㅎ,"Price, Dessert/Bakery, Coffee/Drink, Vibe",keyword
너무 친절하시고 맛있어용,"Service, Dessert/Bakery, Coffee/Drink",keyword
커피가 예쁘고 맛있어요!,"Vibe, Coffee/Drink",keyword
믹스커피를 새롭게 즐길 수 있는 곳 !,"Vibe, Coffee/Drink",keyword
종류도 다양해요,"Dessert/Bakery, Coffee/Drink",keyword
이쁘고 맛있어요!,Vibe,keyword
"☕️
녹차 슬러시도 맛있어요!","Dessert/Bakery, Coffee/Drink",keyword
더울 때 먹기에 좋아요,Coffee/Drink,keyword
성수 핫플 카페 <뉴믹스 커피>,Coffee/Drink,keyword
최근에 엄청 트렌드하고 유명한 카페라서 방문했습니다.,"Service, Dessert/Bakery, Coffee/Drink",keyword
오란다 디저트가 전통적이면서 트렌디합니다.,"Dessert/Bakery, Coffee/Drink",keyword
특히 뉴믹스커피 한국 전통 커피 맛을 매우매우 트렌디하게 잘살렸습니다.,"Dessert/Bakery, Coffee/Drink",keyword
테이크아웃 전문점이지만 대기하는 테이크아웃 전문점입니다 ^^,"Service, Dessert/Bakery, Coffee/Drink",keyword
너무 맛있게 잘먹었어요,Coffee/Drink,keyword
"♥️ 
특이한 커피 맛볼 수 있어서 좋은거 같아요","Dessert/Bakery, Coffee/Drink, Vibe",keyword
신기한 컨셉의 카페길래 지나가다 들려보았어요!,"Dessert/Bakery, Coffee/Drink",keyword
저는 뉴믹스 군밤맛 믹스커피 구매했어요!!,"Dessert/Bakery, Coffee/Drink",keyword
건빵 맛있어요,Dessert/Bakery,keyword
가성비좋은 커피믹스집입니다,"Vibe, Price",keyword
너무 예쁘고 또오고싶을정도에요!,"Dessert/Bakery, Coffee/Drink, Vibe",keyword
분위기는 좋은데 앉아서 먹을곳이 너무 없어서 불편해요,"Dessert/Bakery, Coffee/Drink, Vibe",keyword
특이한 믹스카피가 있네요.,"Dessert/Bakery, Coffee/Drink, Vibe",keyword
잘 먹고 갑니다!,Coffee/Drink,keyword
커피가 저렴하고 싸요!!!!,"Dessert/Bakery, Coffee/Drink, Price",keyword
가성비 커피 맛집 찾아 왔어요,"Service, Dessert/Bakery, Coffee/Drink, Price",keyword
뭔가 뜨거운 음료만 있을 것 같았는데 차가운 음료도 있어서 냉큼 구매했어요!!!,"Dessert/Bakery, Coffee/Drink, Vibe",keyword
주말에 웨이팅은 꾸준히 있는데 회전율이 빨라서 금방 구매했습니다!,"Service, Dessert/Bakery, Coffee/Drink, Vibe",keyword
떡와플운 3분 정도 걸린대요,"Dessert/Bakery, Coffee/Drink",keyword
신기하고 맛있어요!!,"Dessert/Bakery, Coffee/Drink",keyword
오리지널 아이스로 먹었는데 기존 믹스와는 다르게 엄청 깔끔한 맛이어서 다음번엔 다른메뉴들도 먹어보고 싶어요,"Dessert/Bakery, Coffee/Drink, Vibe",keyword
"디저트 너무 맛나용
커피도 되게 트렌디하구 세련되었고
매장이 힙해서 좋아요~~~!","Dessert/Bakery, Coffee/Drink, Vibe",keyword
인테리어가 멋있어여,Vibe,keyword
데이트 중 보여서 들어 왔는데 신기한 경험이였어요,"Dessert/Bakery, Coffee/Drink",keyword
믹스커피의 재해석 보아여,Coffee/Drink,keyword
특이하고 맛있어요 ㅎㅎ,"Dessert/Bakery, Coffee/Drink",keyword
가성비굳,Price,keyword
비주얼부터 힙함!!!,"Dessert/Bakery, Coffee/Drink, Vibe",keyword
우리나라 믹스커피면 말해모합니까!,"Dessert/Bakery, Coffee/Drink",keyword
오리지널은 역시나 달달한게 넘나 맛있구요,Coffee/Drink,keyword
너무 달아서 전 재주문은 안할것 같아요,"Service, Dessert/Bakery, Coffee/Drink",keyword
달달해서 쌉싸름한 맛이 덜 느껴짐,"Dessert/Bakery, Coffee/Drink",keyword
오란다는 부드럽게 바삭 씹히는 부분도 있는데 부분적으로는 너무 딱딱해서 이 나가는줄 알았어요 ㅜㅠ,"Service, Dessert/Bakery, Coffee/Drink, Vibe",keyword
"주변에서 이걸 마실 곳 없고, 컵 홀더 박스 버릴곳도 없는점 아쉽!",Vibe,keyword
(음료컵 버리는 홀더만 있어요),"Vibe, Coffee/Drink",keyword
그래도 오리지널 뉴믹스는 맛있습니다!,Coffee/Drink,keyword
한번 정도는 더 마셔볼것 같은 그런!,Dessert/Bakery,keyword
궁금하다 싶으면 한번정도는 가볼만한 카페인듯 ;-),"Dessert/Bakery, Coffee/Drink",keyword
신기해서 방문해봤는데 독특한 컨셉에 맛도 좋은거 같아요.,"Service, Dessert/Bakery, Coffee/Drink",keyword
믹스커피의 신선함!,"Dessert/Bakery, Coffee/Drink",keyword
믹스 커피 전문점이라니!!!,Coffee/Drink,keyword
뉴믹스가 생겼다길래 와봤어요~!!,"Dessert/Bakery, Coffee/Drink",keyword
슬러시가 엄청 찐해요!,"Dessert/Bakery, Coffee/Drink",keyword
요즘 핫한 곳!!,Vibe,keyword
커피도 맛있고 공간더 예뻐요,"Vibe, Coffee/Drink",keyword
뉴믹스!,Coffee/Drink,keyword
맛있고 친절해요,"Service, Dessert/Bakery, Coffee/Drink",keyword
뉴믹스커피를 주변에서 추천받고 방문했습니다.,"Service, Dessert/Bakery, Coffee/Drink, Vibe",keyword
"숭님 팬인데, 광고들이 하나같이 신선했습니다!","Dessert/Bakery, Coffee/Drink, Vibe",keyword
막상 도착했을때는 생각보다 매장이 작아서 놀랐어요.,"Dessert/Bakery, Coffee/Drink, Vibe",keyword
테이크아웃집인지 몰랐습니다.,"Service, Vibe",keyword
"그런데 케리어에 끼워서 주시고, 옛날 과자로 디저트를 만든것도 신박했어요.","Dessert/Bakery, Coffee/Drink, Vibe",keyword
날 풀리면 테이크아웃해서 서울숲가져가서 밖에서 먹어도 기분전환될거같아요!,"Service, Dessert/Bakery, Coffee/Drink, Vibe",keyword
"아, 사람없을때는 옆에서 서서 간단히 먹을수있엇어요!","Dessert/Bakery, Coffee/Drink, Vibe",keyword
"인테리어도 시선집중되는 신박한 곳인데, 옛날 믹스커피보다는 더 맛있고 고소해요!","Dessert/Bakery, Coffee/Drink, Vibe",keyword
제조방법이나 비율 여쭤보고싶은거 꾹 참았어요!,Service,keyword
성수방문할때 또 먹으러 가려구요!,"Service, Dessert/Bakery, Coffee/Drink",keyword
카페인 뽝!!!,Coffee/Drink,keyword
"단음료 안좋아하는데,,","Dessert/Bakery, Coffee/Drink",keyword
떡와플과 오리지널 슬러시 먹었어요,"Dessert/Bakery, Coffee/Drink",keyword
🫶🏻 떡와플 너무 부드럽고 쫄깃하고 오리지널 슬러시는 고급진 더위사냥 맛인데 입안이 텁텁하지 않아 좋았어요!,"Dessert/Bakery, Coffee/Drink",keyword
믹스커피의 새로운 시각.,Coffee/Drink,keyword
카페가 넘쳐나는 성수에서도 실패없을 맛을 가진 곳:) 테이크아웃만되는 공간입니다용..,"Service, Vibe, Coffee/Drink",keyword
갠적인 원픽은 군밤🌰 여기 커피랑 디저트 맛보신 부모님이 너무너무 좋아하셔서 포장해서 갑니당 (งᐛ)ว (งᐖ )ว,"Dessert/Bakery, Coffee/Drink, Price",keyword
오픈 전부터 기다리다가 방문했어요.,"Service, Dessert/Bakery, Coffee/Drink",keyword
금요일이라 웨이팅 각오하고 방문했는데 3시쯤 바로입장 할 수 있었어요.,"Service, Dessert/Bakery, Coffee/Drink, Vibe",keyword
알커피나 설탕이 알알이 녹아 섞이는 믹스커피가 연상되는 미디어아트가 신선해요!,"Dessert/Bakery, Coffee/Drink, Vibe",keyword
사실 달달한 믹스커피에 밤이나 녹차맛이 좀 첨가된 맛일거라고 생각했는데 예상보다 많이 달지 않고 폼이 엄청 부드러워서 깜짝 놀랐고..,"Dessert/Bakery, Coffee/Drink",keyword
오란다도 너무 찐득한 게 아니라 바삭바삭해서 너무 맛있었어요..!,"Dessert/Bakery, Coffee/Drink",keyword
"🥺
부드러운 라떼 좋아하시는 분들은 볶은 쌀맛 커피 추천드립니다✨","Vibe, Coffee/Drink",keyword
일단 너무 힙해서 즇아요,"Dessert/Bakery, Coffee/Drink, Vibe",keyword
"진짜 달다구리 한국식 믹스커피 맛ㅎㅎ
믹스커피랑 오란다랑 생각 외로 되게 잘어울려여!","Dessert/Bakery, Coffee/Drink, Vibe",keyword
완전 기대되요 맛있을것같이요,Dessert/Bakery,keyword
신기하고 맛있어요!,"Dessert/Bakery, Coffee/Drink",keyword
대기 많이 안했어용,"Service, Dessert/Bakery, Coffee/Drink",keyword
커피도 맛있고 오란다도 맛나요!,"Dessert/Bakery, Coffee/Drink",keyword
평일이라 오래 안기다렸어요.,Service,keyword
맛있고 인테리어 신선합니다ㅏ,"Dessert/Bakery, Coffee/Drink, Vibe",keyword
친절쓰,Service,keyword
"점심시간과 퇴근시간, 주말을 제외하면 바로 바로 픽업이 가능합니다!!","Service, Dessert/Bakery, Coffee/Drink, Price",keyword
가성비도 좋고 맛도 있었습닏!,"Vibe, Coffee/Drink, Price",keyword
군밤맛 아이스 먹었는데 완전 맛나용,Coffee/Drink,keyword
인테리어가 신기해요!,Vibe,keyword
커피 짱맛이용!!,Coffee/Drink,keyword
어제 먹고 맛있어서 또 왔어요!!,"Dessert/Bakery, Coffee/Drink",keyword
부담스럽지 않게 맛있고 선물하기도 좋아요:),"Dessert/Bakery, Coffee/Drink, Price",keyword
오리지널한 디저트를 즐길 수 있어서 좋아여  !!,"Dessert/Bakery, Coffee/Drink, Vibe",keyword
먹어보고 싶어요!!!!!,Coffee/Drink,keyword
헤헤 ㅋㅋㅋ 귤님 뉴믹스 연대기 블로그로 보고 더 가고 싶어져서 와봤아요 ㅎㅅㅎ 뉴믹스 오떻게 탄생했는지 알고 가니까 아는 만큼 맛있었어요!,"Dessert/Bakery, Coffee/Drink, Vibe",keyword
선물하기에도 넘 좋아요,"Dessert/Bakery, Coffee/Drink, Price",keyword
커피는 맛있어요,Coffee/Drink,keyword
고급 믹스커피맛 b,"Dessert/Bakery, Coffee/Drink",keyword
"잊고 있던 믹스커피의 짜릿한 맛이 반가웠고
디저트들도 다 맛있었어요!","Dessert/Bakery, Coffee/Drink, Vibe",keyword
재미있는 아이디어가 실현된 공간이라 친구들을 데러오고 싶은 공간입니다 :),"Dessert/Bakery, Coffee/Drink, Vibe",keyword
커피 마셔보고 맛있어서 믹스커피도삿어요,Coffee/Drink,keyword
테이크아웃만 가능하고 대기줄이 다소 있어요,"Vibe, Service, Coffee/Drink, Price, Dessert/Bakery",keyword
진짜힙하고 독특합니닷,"Dessert/Bakery, Coffee/Drink, Vibe",keyword
"요즘 가장 핫하다는 뉴믹스커피 진심 적당히
달고 맛있음ㅠ",Coffee/Drink,keyword
그 봉지믹스커피 맛아님 존맛탱 제발 먹어보세요.,Coffee/Drink,keyword
"믹스로 이런 도전이라니 ㅋㅋ 
재미있는 곳이었는데!","Vibe, Coffee/Drink",keyword
추천,Vibe,keyword
뉴믹스커피 너무 맛있어요.,Coffee/Drink,keyword
메뉴가 다양해서 골라먹기 좋아요,"Dessert/Bakery, Coffee/Drink",keyword
"믹스커피를 너뮤 좋아해서 
뉴믹스커피 소식듣고 얼마나 기다렸는지..!","Service, Coffee/Drink",keyword
보약같은 믹스커피 한사발 시원하게 먹고 갑니다!,"Dessert/Bakery, Coffee/Drink",keyword
커피는 타먹어야 제맛..,Coffee/Drink,keyword
믹스커피계의 에르메스..,Coffee/Drink,keyword
녹차슬러시 커피랑 녹차의 맛있는 씁쓸한 맛이 너무 좋아요!,"Dessert/Bakery, Coffee/Drink",keyword
매장깔끔 배달의민족 창업자 분의 브랜드라 해서 왔어요.,"Dessert/Bakery, Coffee/Drink, Vibe",keyword
"믹스커피가 해외에서 잘 팔린다는데, 시장 다 먹으세요♡",Coffee/Drink,keyword
맛있어서 포장했어요,"Dessert/Bakery, Coffee/Drink, Price",keyword
시그니처 아이스로 마셨는데 너무 맛있습니당~,Vibe,keyword
지나칠수 없는 핫플 냄새가 나요..,Coffee/Drink,keyword
"작은곳에 알차게 구성되어있는
새로운 컨셉의 카페..","Dessert/Bakery, Coffee/Drink, Vibe",keyword
"🥹
2호점도 열면 가볼게요",Coffee/Drink,keyword
새로운 맛이고 근처에 있다면 들를 것 같아요,"Dessert/Bakery, Coffee/Drink, Vibe",keyword
커피 달다구리하고 맛잇습니다,"Dessert/Bakery, Coffee/Drink",keyword
테이크아웃만 되는 정말 작은 매장이더라구요.,"Service, Dessert/Bakery, Vibe",keyword
그래도 구석구석 정말 많은 정성을 쏟았다는 것을 알 수 있었습니다.,"Vibe, Coffee/Drink",keyword
앉을 자리가 없어서 그냥 길가에 먹고 마시긴 불편할 것 같아 포장으로만 사고 아직 못 먹어봤어요.,"Dessert/Bakery, Coffee/Drink, Price",keyword
오란다와 오리지널맛 믹스 볶은쌀맛 믹스 샀는데 맛이 궁금합니다,"Dessert/Bakery, Coffee/Drink",keyword
정말 멋있는 공간이네요,Vibe,keyword
인테리어 너무 멋져요!,Vibe,keyword
커피도 맛있고 특별한 메뉴가 많은거같네요,"Dessert/Bakery, Coffee/Drink",keyword
가격대비 양도 많고 컨셉도 신선해서 좋았어요!,"Dessert/Bakery, Coffee/Drink, Price",keyword
조금 아쉬운건 들고 다닐 수 있게 뚜껑도 있었으면 더 편했을 것 같아요(선택사항으로),"Service, Dessert/Bakery, Coffee/Drink, Vibe",keyword
너무 예뻐용,Vibe,keyword
자주 이용할게요,"Dessert/Bakery, Coffee/Drink",keyword
"오픈 소식을 듣고 찾아간 뉴믹스커피 :)
슬러시 오리지널과 건빵 크런치를 주문했는데, 인테리어도 멋있고 커피와 간식도 맛있게 먹고 왔다","Service, Dessert/Bakery, Coffee/Drink, Vibe",keyword
"👍🏻👍🏻 슬러시 오리지널은 딱 믹스커피를 슬러시로 만든, 시원달달한 맛 !!","Dessert/Bakery, Coffee/Drink, Vibe",keyword
건빵크런치는 겉에 붙인 메밀맛이 고소달달해 맛있었다,Dessert/Bakery,keyword
💗💗 다음에 다른 메뉴들도 먹어보고 싶다 !!,Coffee/Drink,keyword
메뉴가 다양해서 재밌어요!,"Dessert/Bakery, Coffee/Drink",keyword
핫한 카페를 평일에 오니 좋았어오!,"Dessert/Bakery, Coffee/Drink",keyword
사진이 잘 나오고 직원들이 친절해요,"Service, Dessert/Bakery, Coffee/Drink",keyword
맛잇고 친절하셔요!,"Service, Dessert/Bakery, Coffee/Drink",keyword
분위기좋고 맛도좋습니다ㅎ,Vibe,keyword
세번째 방문!,Service,keyword
유명해져라,"Dessert/Bakery, Coffee/Drink",keyword
아니 유명해 지지마,"Dessert/Bakery, Coffee/Drink",keyword
나만 알고 싶어,Coffee/Drink,keyword
인테리어 넘 이뻐요!,Vibe,keyword
커피가격도 저렴해요!,"Coffee/Drink, Price",keyword
힙하고 특이해요,"Dessert/Bakery, Coffee/Drink, Vibe",keyword
오픈한지 얼마 안되어서 웨이팅이 좀 있지만 기다릴만해요!!,"Service, Dessert/Bakery, Coffee/Drink, Vibe",keyword
정말 힙한 곳이네,"Dessert/Bakery, Coffee/Drink, Vibe",keyword
오,"Dessert/Bakery, Coffee/Drink",keyword
오픈런했어요!,"Dessert/Bakery, Coffee/Drink",keyword
커피슬러시랑 볶은쌀맛 진짜 맛있어요~,"Dessert/Bakery, Coffee/Drink",keyword
떡 와플 오란다,"Dessert/Bakery, Coffee/Drink",keyword
진짜 디저트까지 최고에요!!!,Dessert/Bakery,keyword
매장 너무 멋있어요!!,Vibe,keyword
"카페랑 믹스커피 포도 판매하고 있어서 집이나 사무실에서 먹기도 좋을듯요
종이컵 모양 도자기도 재밌네용","Dessert/Bakery, Coffee/Drink, Vibe",keyword
분위기랑 맛도 넘 좋아용,Vibe,keyword
친구랑 성수 들렀다가 요즘 성수 핫플이라는 뉴믹스 들러봤어요.,"Vibe, Coffee/Drink",keyword
특히 밤에 들렀더니 더 분위기 있고 좋았어요.,"Vibe, Coffee/Drink",keyword
오픈 전부터 인기 많아서 걱정했는데 다행히 마감시간 직전이라 대기 없이 한 잔 했습니다.,"Service, Dessert/Bakery, Coffee/Drink",keyword
직원분이 추천 해 주셔서 볶은쌀맛이랑 떡와플 먹었는데 배고픈 시간에 간식으로 먹기에 딱입니다,"Service, Dessert/Bakery, Coffee/Drink, Vibe",keyword
커피 받고 마시면서 나오다가 뒤돌아서 볶은쌀맛 한 세트 구입하게 되는 맛이었네요!,"Dessert/Bakery, Coffee/Drink",keyword
"뭣보다 일단 맛있어서 입도 즐겁고 미디어아트+노래덕에 눈, 귀도 즐거운 밤이었습니다.",Vibe,keyword
다양한 디저트가 많아서 맛이 궁금하니 다음에는 낮에 찾아갈게요~,"Service, Dessert/Bakery, Coffee/Drink",keyword
뉴믹스커피 핫해서 와봤어요!,"Dessert/Bakery, Coffee/Drink",keyword
"믹스 같지 않은 커피맛
너무 맛있어요","Dessert/Bakery, Coffee/Drink",keyword
"커피슬러시 파는 곳이 많지 않았는데, 찾았다!","Service, Dessert/Bakery, Coffee/Drink, Vibe",keyword
"💚 너무 단 거 안 좋아하시면 고소한 쌀, 밤맛도 추천드려요.","Dessert/Bakery, Coffee/Drink, Vibe",keyword
선물하기에도 좋은 패키지네요.,"Dessert/Bakery, Coffee/Drink, Price",keyword
저럼하고맛있어요,"Dessert/Bakery, Coffee/Drink",keyword
드디어 가본 뉴믹스커피 !,Coffee/Drink,keyword
믹스커피가 이렇게 맛있다니 너무 놀라워영,Coffee/Drink,keyword
배달의 민족대표(김봉진님)이 드디어 외식산업에 진출해서 와봤습니다,"Dessert/Bakery, Coffee/Drink",keyword
믹스커피를 파는 포장전문카페입니다,"Dessert/Bakery, Coffee/Drink, Price",keyword
가게는 굉장히 힙하고 커피위에 아인슈페너처럼 크림이 올라갑니다,"Dessert/Bakery, Coffee/Drink, Vibe",keyword
오리지널은 우리가 아는 맛이고 저는 군밤맛커피와 떡와플 추천드립니다,"Dessert/Bakery, Coffee/Drink, Vibe",keyword
바밤바맛나는데 맛있어요,Coffee/Drink,keyword
떡도 찹쌀떡 구웠는 지 쫄깃하고 시럽이 잘어울립니다,Dessert/Bakery,keyword
오란다 드실꺼면 위에 토핑 올라간걸 드세요!!!,"Dessert/Bakery, Coffee/Drink",keyword
기본은 우리가 아는 그맛입니다,Coffee/Drink,keyword
힙하게 커피와 떡와플들고 성수동 걸어다니면 핵꿀잼입니다,"Dessert/Bakery, Coffee/Drink, Vibe",keyword
누구도 성공할거라고 생각하지 못한 배달의 민족을 성공시킨 봉진님이 뉴믹스커피는 어떻게 키워 나갈지가 제일 궁금한 카페입니다,"Dessert/Bakery, Coffee/Drink",keyword
뉴믹스커피 새롭고 맛있어요!!,Coffee/Drink,keyword
믹스커피 너무 맛있어요,Coffee/Drink,keyword
테이크아웃 되는 카페라 금방금방나와요,"Service, Coffee/Drink",keyword
완전 맛있고 친절하고 좋네,"Service, Dessert/Bakery, Coffee/Drink",keyword
툐 또올게요,"Dessert/Bakery, Coffee/Drink",keyword
오 신기해서 와봤어여,"Dessert/Bakery, Coffee/Drink",keyword
녹차맛 쌉쌀하니 많이 달지 않아 좋아요!,"Dessert/Bakery, Coffee/Drink",keyword
오리지널은 조금 덜 달아도 좋을 것 같아요.,Dessert/Bakery,keyword
오란다도 파사파삭하고 맛있어요!,"Dessert/Bakery, Coffee/Drink",keyword
고오급 믹스커피맛!,"Dessert/Bakery, Coffee/Drink",keyword
맛도 분위기도 좋고 또 방문 하고싶네요 ㅋㅋ,"Service, Dessert/Bakery, Coffee/Drink, Vibe",keyword
달달구리 하더라구요.,"Dessert/Bakery, Coffee/Drink",keyword
"커피 박스에 파는 건 좀 비싼 거 같기도 하고…
봉투500원인데 비닐이라 좀 그렇네요","Dessert/Bakery, Coffee/Drink, Price",keyword
"녹차,밤 이렇게 특별한 메뉴도 있고 간단하게 먹을수 있어서 좋아요!","Dessert/Bakery, Coffee/Drink, Vibe",keyword
나쁘지 않은데 가격 생각하면 애매하네요.,"Dessert/Bakery, Coffee/Drink, Price",keyword
비싸게 느껴집니다.,Price,keyword
오픈한지 일주일도 안된 뉴믹스커피에요~,"Dessert/Bakery, Coffee/Drink",keyword
"테이크 아웃전문점이어서 매장은 작은편이고,
우주공간같은 인테리어가 독특하고 매력있어요","Dessert/Bakery, Coffee/Drink, Vibe",keyword
"다양한 종류의 오란다와 건빵이 있고,
커피도 다양한 맛인데, 제가 먹었던 오리지널은  믹스커피에 곡물맛이 섞인, 달달고소한 맛이에요","Dessert/Bakery, Coffee/Drink, Vibe",keyword
오란다도 맛있어서 계속 생각나요ㅋ,"Dessert/Bakery, Coffee/Drink",keyword
"모든커피가 믹스커피베이스인데 앞으로 완전 핫플이 될거같은 느낌적인 느낌^^
코리안스타일을 힙하고, 멋지게 만든거 같아요!!","Dessert/Bakery, Coffee/Drink, Vibe",keyword
(배민 창업자 김봉진의장님이  만든 곳이래요~),Vibe,keyword
한국을 방문하는.,"Service, Dessert/Bakery, Coffee/Drink",keyword
한국에 거주하는.,"Dessert/Bakery, Coffee/Drink",keyword
그런 곳이 될것이라 확신합니다.!,"Dessert/Bakery, Coffee/Drink, Vibe",keyword
재밌는 경험!!,Coffee/Drink,keyword
흰쌀믹스가 맛있어요~!,Coffee/Drink,keyword
"강아지와 산책하는길에 들렸는데 강아지도 입장할수 있어 편하게 주문했고, 인테리어도 좋고 특히 커피가 맛있어서 기분이 좋았습니다","Service, Dessert/Bakery, Coffee/Drink, Vibe",keyword
유명해서 와봤어요!!!,"Dessert/Bakery, Coffee/Drink",keyword
기대한만큼 힙해용,"Dessert/Bakery, Coffee/Drink",keyword
오픈하기 기다렸던 뉴믹스커피에 다녀왔어요!,"Service, Dessert/Bakery, Coffee/Drink",keyword
맛보고 싶은 메뉴가 많아서 또 가야될거 같네요~,Dessert/Bakery,keyword
밤 좋아하는데 군밤맛커피가 있어서 좋았고 맛도 굿!,"Dessert/Bakery, Coffee/Drink, Vibe",keyword
황치즈오란다도 달지않고 맛있어요~,"Dessert/Bakery, Coffee/Drink",keyword
근처 공원에서 먹으니 비둘기가 다가와서 무서웠지만 끝까지 먹을만큼 맛났고요,Coffee/Drink,keyword
주문받아주시는 직원분도 친절하고 인테리어도 신기해서 구경하는 재미도 있었답니당,"Service, Dessert/Bakery, Coffee/Drink, Vibe",keyword
녹차 Hot으로 먹었는데 진짜 맛있어요,Coffee/Drink,keyword
이거 녹차향도 많이나구 ㅠㅜ (˃́ꇴ˂̀)ᵍᵒᵒᵈᵎᵎ,Coffee/Drink,keyword
생각보다 덜달고 고소한 볶은쌀맛에 반했어요,"Dessert/Bakery, Coffee/Drink",keyword
🫶 오란다 커피크림도 넘 맛있엇어요!!,"Dessert/Bakery, Coffee/Drink",keyword
게다가 황금별 이벤트까지 당첨되어서 너무 행복해요,"Dessert/Bakery, Coffee/Drink, Vibe",keyword
🥰 존맛 추천추천 성수가면 꼭 가보세요!!!!!,Vibe,keyword
"날씨 쌀쌀했는데 은은하게 달달하고 속 따뜻해지는
그런맛이엇어요","Dessert/Bakery, Coffee/Drink",keyword
메뉴 도장깨기 하러 또 가고 싶어요!,"Dessert/Bakery, Coffee/Drink",keyword
오리지널 꼭 한번 다들 먹어보길 ..!,Coffee/Drink,keyword
황치즈 오란다도 맛있었어요!,"Dessert/Bakery, Coffee/Drink",keyword
믹스커피에서 이런 맛이 나다니?!,Coffee/Drink,keyword
볶은쌀맛 커피 진짜 너무 맛있어요~!,Coffee/Drink,keyword
오란다도 맛있구요~~,"Dessert/Bakery, Coffee/Drink",keyword
힙한 분위기에서 즐기는 믹스커피와 오란다,"Dessert/Bakery, Coffee/Drink, Vibe",keyword
"음료만 마시려고 했는데, 한입 들이킨 순간 굿즈를 쓸어담은 나의 모습.","Dessert/Bakery, Coffee/Drink",keyword
성수동의 믹스커피계의 새로운 힙이 될 이 곳을 주목해주세요!,"Dessert/Bakery, Coffee/Drink, Vibe",keyword
슬러시 강추!,"Dessert/Bakery, Coffee/Drink",keyword
컨셉이 재밌는 달달한 커피예요!,Coffee/Drink,keyword
"오리지널 아이스, 볶은쌀맛 따뜻한거, 떡와플 먹었어요.","Dessert/Bakery, Coffee/Drink",keyword
테이크아웃 매장인데 3분 거리에 공원이 있어요.,"Service, Vibe, Coffee/Drink",keyword
바샤커피 st로 핸드캐리 가능한 받침대가 있어서 이동할 때나 먹기에 안정감 있고 편했어요.,"Price, Dessert/Bakery, Coffee/Drink, Vibe",keyword
떡 와플은 씨앗호떡처럼 꿀시럽이 뿌려져 있어서 나중이 혹시 물티슈 같은거 살짝 챙겨주시면 더 좋을 것 같아요!,"Dessert/Bakery, Coffee/Drink, Vibe",keyword
다음에 슬러쉬 맛보러 갈게오,"Dessert/Bakery, Coffee/Drink",keyword
믹스커피의 새로운 재탄생!,Coffee/Drink,keyword
좋은 경험하고 갑니다^^,"Dessert/Bakery, Coffee/Drink",keyword
분위기 맛 둘다 너무너무 좋았습니다 ㅎㅎ,Vibe,keyword
미숫가루에 커피 한방울.!,Coffee/Drink,keyword
맛있었고 친절하셔서 즐거웠습니다:),"Service, Dessert/Bakery, Coffee/Drink",keyword
뀰로그로 뉴믹스커피 브랜딩 과정 다 보고 실제로 매장 방문하니 감동 100배… 쌀알커피 달달하고 고소하니 진짜 맛있어요!!,"Service, Dessert/Bakery, Coffee/Drink, Vibe",keyword
커피랑 디저트가 멋있구요,"Dessert/Bakery, Coffee/Drink",keyword
운영하시는 분들이 서윗해요..,"Dessert/Bakery, Coffee/Drink",keyword
🥰 부드럽지만 투머치로 달지 않은 믹스커피랑 바삭바삭한 약과가 정말 존맛탱이었습니다!!,"Dessert/Bakery, Coffee/Drink, Vibe",keyword
신기하게 진짜 안 텁텁하구 맛있어용!!!,"Dessert/Bakery, Coffee/Drink",keyword
🥹ㅎㅎ  트랜드한 매장 분위기가 좋았어요!,Vibe,keyword
너무 맛잇고 예뻐용 응원합니덩,Vibe,keyword
트렌디함!,"Dessert/Bakery, Coffee/Drink",keyword
믹스커피 특유의 텁텁함이 없어서 좋아요,"Dessert/Bakery, Coffee/Drink",keyword
달콤쌉싸름해서 계속 마시게 되네요ㅎㅎ,"Dessert/Bakery, Coffee/Drink",keyword
믹스커피의 신세계인 느낌이라 좋았어요.,Coffee/Drink,keyword
당도를 선택해도 좋겠다는 생각이 들었어요:) 아주 달달한 고급 믹스커피 느낌이었어요!,"Service, Dessert/Bakery, Coffee/Drink",keyword
오란다는 부드럽고 맛났습니다,"Dessert/Bakery, Coffee/Drink",keyword
궁금해서 와 봤는데 너무 귀여워요 ㅎㅎ,"Dessert/Bakery, Coffee/Drink",keyword
분위기가 너무 좋고 맛있어요 !,Vibe,keyword
오리지널 못지않게 커피크림 오란다도 맛이 세서 오리지널 말구 이거먹쟈,"Dessert/Bakery, Coffee/Drink",keyword
믹스는 쌀맛최고.,Coffee/Drink,keyword
"오리지널 슬러시, 밤맛 믹스커피, 오리지널 오란다를 먹었습니다~","Dessert/Bakery, Coffee/Drink",keyword
한국인이라면 좋아할 수 밖에 없는 맛들이어서 흔한 믹스커피 맛이지만 오오!,"Vibe, Coffee/Drink",keyword
맛있다 하면서 계속 먹게 되더라구요 :),"Dessert/Bakery, Coffee/Drink",keyword
색다른 한끗 차이의 맛있음이 있는 것 같습니다.,"Dessert/Bakery, Coffee/Drink, Vibe",keyword
다음번에는 다른 맛 먹어보려고 방문할 예정입니다,"Service, Dessert/Bakery, Coffee/Drink",keyword
군밤맛 신기하고 맛있어요!,"Dessert/Bakery, Coffee/Drink",keyword
"성수동에 새로운 핫플 뉴믹스커피
커피는 원래 타먹는거죠",Coffee/Drink,keyword
너무 궁금해서 좋아하는 친구랑 찾아왔어요!,"Dessert/Bakery, Coffee/Drink, Vibe",keyword
행운의 뉴믹스는 당첨되지 않았지만 ㅋㅋㅋ 대기하면서 스토리 북을 주셨는데 시장조사를 엄청 잘 하신 것 같아요 ㅎㅎ,"Service, Dessert/Bakery, Coffee/Drink",keyword
3일동안 4메뉴 먹어본 사람 후기^^..,"Dessert/Bakery, Coffee/Drink, Vibe",keyword
힙한 성수에서 힙한 믹스커피를 마실 수 있다니 힙한 사람이 된 것만 같네요^^,"Dessert/Bakery, Coffee/Drink, Vibe",keyword
메뮤는 오리지날+건빵 조합 미쳤구요 !!,Dessert/Bakery,keyword
(건빵 인간사료입니다),Dessert/Bakery,keyword
더위사냥st 슬러시도 맛있던데요..?,"Dessert/Bakery, Coffee/Drink",keyword
"여름에 맨날 마실 맛^^
오란다는 과자같은 식감일 줄 알았는데 꾸덕해서 감동적🥹
제가 타면 그 맛 안날지도 모르니까 자주 마시러 갈겁니다..","Service, Dessert/Bakery, Coffee/Drink",keyword
디자인 힙하고 메뉴 구성이 재미있습니다,"Dessert/Bakery, Coffee/Drink, Vibe",keyword
종종 올것같아요!,"Dessert/Bakery, Coffee/Drink",keyword
성수에서 제일 핫한 곳!!,Vibe,keyword
오리지널 슬러시 - 더위사냥보다 진하고 잠깨는맛입니다.,"Dessert/Bakery, Coffee/Drink",keyword
추천드려요!,Vibe,keyword
건빵도 맛있어요^^,Dessert/Bakery,keyword
줄이 금방 줄고 걸어다니면서 먹기 좋게 트레이에 나와 좋았습니다,"Service, Coffee/Drink",keyword
떡와플 ㅎ 진2ㅣ 견과류 가득에 너무 맛있어요 ㅎ,"Dessert/Bakery, Coffee/Drink",keyword
뉴믹스커피라니 ㅎ 완전 새롭고 디자인도 너무 멋져요!!>_<,Coffee/Drink,keyword
직원분도 친절하시고 녹차슬러시도 맛있어요!,"Service, Dessert/Bakery, Coffee/Drink",keyword
커피맛이랑도 잘 어우러져서 고소하고 진한 녹차맛?,Coffee/Drink,keyword
날이 좋아서 슬러시로 먹었는데 맛있어요,"Dessert/Bakery, Coffee/Drink, Vibe",keyword
추천!,Vibe,keyword
디저트 너무너무 맛있고 가격 합리적이구 맛있어요,"Dessert/Bakery, Price",keyword
달달구리 k디저트!,Dessert/Bakery,keyword
달달한 믹스커피를 마실 수 있는 곳!,"Vibe, Coffee/Drink",keyword
테이크아웃 전문이라 속도도 매우 빠르고 인테리어도 굉장하네요,"Service, Dessert/Bakery, Coffee/Drink, Vibe",keyword
슬러쉬는 완전 시원하고 진한 더위사냥 맛이라 여름에 무조건 마실거 같아요 ㅋㅋㅋ,"Dessert/Bakery, Coffee/Drink",keyword
볶은쌀맛은 꼬소하고 율무차 느낌이 있어서 훨씬 술술 들어가더라구요,"Dessert/Bakery, Coffee/Drink, Vibe",keyword
"👍
연무장길 산책하다가 당떨어지면 무조건 한 번씩 들릴거 같아요!","Dessert/Bakery, Coffee/Drink",keyword
믹스커피 올만~,"Dessert/Bakery, Coffee/Drink",keyword
승승장구하시길!,"Dessert/Bakery, Coffee/Drink",keyword
너무너무 커피가 맛있어요,Coffee/Drink,keyword
디저트도 너무 맛있어요!,Dessert/Bakery,keyword
매장도 너무 이뻐요!,Vibe,keyword
"성수에
간다면 꼭 들러야 합니다!","Dessert/Bakery, Coffee/Drink",keyword
줄이 길 것 같아서 오픈런했는데 대기없이 슉 들어가서 좋았어요!,"Service, Dessert/Bakery, Coffee/Drink",keyword
"테이크아웃 매장이라 주문한 커피랑 오란다는 맞은편에 서서 먹었는데, 아래 받침?!","Service, Dessert/Bakery, Coffee/Drink, Vibe",keyword
같은것을 함께 주셔서 아주 편하게 먹었어요,"Dessert/Bakery, Coffee/Drink",keyword
💖 한 번에 한 팀만 들어가니까 직원분이랑 아주 신나게 대화할 수 있는 것도 좋았답니다.,"Service, Dessert/Bakery, Coffee/Drink, Vibe",keyword
맘같아선 모든 디저트를 먹어보고 싶었는데 앞으로 재방문하면서 도장깨기 하려고요!!!!!,"Service, Dessert/Bakery, Coffee/Drink",keyword
볶은쌀맛커피… 한 입 먹자마자 너무 맛있어서 눈 똥그레졌어요… 징짜 최고!!!!!!,Coffee/Drink,keyword
다들 뉴믹스 가요!,Coffee/Drink,keyword
나도 드디어 와봤다.,"Dessert/Bakery, Coffee/Drink",keyword
인스타로 홍보를 많이 해서 궁금했어요.,"Dessert/Bakery, Coffee/Drink, Vibe",keyword
"오리지널 하나, 밤 맛 커피 하나 마셨는데, 밤 맛 커피 되게 맛있어요!",Coffee/Drink,keyword
"코리안 커피, 글로벌로도 대박 나길😀","Vibe, Coffee/Drink",keyword
뉴믹스 화이팅!!,Coffee/Drink,keyword
할매입맛이신 분들 볶은쌀맛 추천이요!!,Vibe,keyword
예쁘고 특이해서 가봤는데 너무 맛있어서 믹스까지 사왔어요!,"Dessert/Bakery, Coffee/Drink, Vibe",keyword
성수가면 자주 들를 것 같아요,Dessert/Bakery,keyword
부드러운 느낌의 믹스커피!,Coffee/Drink,keyword
선물용으로도 좋은 패키지네요!,Price,keyword
팔로우하는 인플분이 오픈하셨다고 해서 집 근처라 다녀왔어요.,"Dessert/Bakery, Coffee/Drink, Vibe",keyword
믹스커피 특유의 과하게 단 맛을 별로 좋아하지 않았는데 뉴믹스는 다르네요!,Coffee/Drink,keyword
"맛도 다양하고 당연히 단 편인데, 그래도 깔끔했어요.","Dessert/Bakery, Coffee/Drink",keyword
특히 가격대가 괜찮아서 나중에 믹스커피 좋아하시는 부모님 선물드려도 좋아하실 것 같아요.,"Dessert/Bakery, Coffee/Drink, Price",keyword
"매장은 무척 힙하게 꾸며져있는데, 먹고 갈 장소는 따로 없고 무조건 테이크아웃 해야 해요.","Service, Dessert/Bakery, Coffee/Drink, Vibe",keyword
"순서대로 안내해주셔서 회전율이 좀 느린 편이지만, 그만큼 대접받는 느낌이라 좋았어요.","Service, Dessert/Bakery, Coffee/Drink",keyword
믹스커피가 일 잘하는 스타일리스트들을 만나 딱 어울리는 스타일을 입었다는 생각을 했어요 ~,"Dessert/Bakery, Coffee/Drink",keyword
저는 오리지널 믹스커피와 커피가루가 입혀진 오란씨 디저트를 먹었는데 너무 맛있게 와구와구 먹었어요 !,"Dessert/Bakery, Coffee/Drink",keyword
다양한 커피종류와 디저트가 있어서 담엔 친구 데리고 슥 들릴 예정입니다~,"Dessert/Bakery, Coffee/Drink, Vibe",keyword
믹스커피에 초코 섞인 것 같아요,"Dessert/Bakery, Coffee/Drink",keyword
떡와플은 쫄깃하고 견과류 뿌려져 있는데 단커피 먹고 먹으니까 단맛이 없는건지 안느껴지는건지 헷,"Dessert/Bakery, Coffee/Drink, Vibe",keyword
"건빵 한 통이 너무 인기가 많아서, 다시 사러 왔어요!","Dessert/Bakery, Coffee/Drink",keyword
사 놓으면 내가 먹기 전에 이미 없어짐…!,Coffee/Drink,keyword
선물하기도 좋고 내가 마시기도 좋아요!,"Dessert/Bakery, Coffee/Drink, Price",keyword
추천합니다,"Dessert/Bakery, Coffee/Drink, Vibe",keyword
특이하고 맛나용,"Dessert/Bakery, Coffee/Drink",keyword
힙하고 맛있어요,"Dessert/Bakery, Coffee/Drink, Vibe",keyword
너무 궁금해서 오후 반차 쓰고 왔어요!,"Dessert/Bakery, Coffee/Drink",keyword
쿠앤크 오란다랑 오리지널 주문했는데 기대가 되네요 ㅎㅎ,"Service, Dessert/Bakery, Coffee/Drink",keyword
공간이 멋지고 제품 컨셉이 멋져요!,"Dessert/Bakery, Vibe",keyword
믹스커피로 새롭게 재해석한게 잼써용!,"Dessert/Bakery, Coffee/Drink, Vibe",keyword
힙하디힙한 카페🫠🫠,Coffee/Drink,keyword
궁금해서 와봤어용,"Dessert/Bakery, Coffee/Drink",keyword
한국 믹스커피에 이런 감성을 담다니..,Coffee/Drink,keyword
재미있는 경험이었어요!!!,Coffee/Drink,keyword
믹스커피의 새로운 부활이라니!,Coffee/Drink,keyword
다른 맛들도 궁금하지만 군밤맛 먹어보았는데 달큰한 밤맛이 너무 좋았어요,"Dessert/Bakery, Coffee/Drink",keyword
🤍 친구에게도 맛보여줬더니 믹스커피 특유의 텁텁함도 없고 깔끔하고 고소하다고 너무 좋아해요!,"Dessert/Bakery, Coffee/Drink, Vibe",keyword
레트로+ 엠지 갬성 충만장소입니다^^,Dessert/Bakery,keyword
슬러시 존엄맛입니다,"Dessert/Bakery, Coffee/Drink",keyword
완전 힙 그자체…테이크아웃밖에 안되요!,"Service, Vibe",keyword
이틀째 방문입니다!,Service,keyword
커피 너무 맛있고 신박해요,Coffee/Drink,keyword
"🔥
직원들들 너무 친절하시고 번창하세요!","Service, Dessert/Bakery, Coffee/Drink",keyword
한번쯤 와보면 좋을 것 같아요:),"Dessert/Bakery, Coffee/Drink",keyword
궁금했는데 대기길지 않게 들어와서 좋아여!!,"Service, Dessert/Bakery, Coffee/Drink",keyword
분위기 좋고 맛있어요 :),Vibe,keyword
매장분 친절하시고 커피도 가성비 괜찮아요!,"Vibe, Service, Coffee/Drink, Price, Dessert/Bakery",keyword
컨셉이 확실한 곳이네요.,"Dessert/Bakery, Coffee/Drink, Vibe",keyword
매장은 테이크아웃 전문점 같은 구조입니다,"Service, Dessert/Bakery, Vibe",keyword
새로운 믹스커피의 등장!,Coffee/Drink,keyword
도넛모양 오란다도 너무 신선해요,"Dessert/Bakery, Coffee/Drink",keyword
인테리어도 멋있고 가격이 저렴해서 좋았습니다!!,"Price, Dessert/Bakery, Coffee/Drink, Vibe",keyword
우리가 언제부터 커피를 내려마셨나요? ㅋㅋㅋ,Coffee/Drink,keyword
타 먹는 커피의 화려한 귀환을 환영하며 오픈 날만 기다리며 달려갔습니다.,"Service, Dessert/Bakery, Coffee/Drink",keyword
테이크아웃 매장이라 순환이 빠르고 주변 골목의 돌담에 앉아 먹는 게 칠링~ 기다리는 동안 지루하지 않게 읽을거리 쥐어주셔서 감사해요.,"Vibe, Service, Position, Coffee/Drink, Dessert/Bakery",keyword
뉴믹스!!!!!!!,Coffee/Drink,keyword
인스타에서 보다가 궁금해서 와봤는데 괜찮았어요!,"Dessert/Bakery, Coffee/Drink",keyword
커피도 간식도 맛있었어요.,"Dessert/Bakery, Coffee/Drink",keyword
같이 간 친구한테 칭찬받음!!,Vibe,keyword
코리안스타일커피라니 ㅋㅋㅋ 즐거운 경험이었어요,Coffee/Drink,keyword
👍🏻 또다른 친구 데리구 올게요!,"Dessert/Bakery, Coffee/Drink, Vibe",keyword
"커피맛 부드러워요,아이스먹었는데 더위사냥?",Coffee/Drink,keyword
같았어요.,Dessert/Bakery,keyword
오란다가 신기하게 입에서 원래 녹는것가요?,"Dessert/Bakery, Coffee/Drink",keyword
코리아뉴믹스커피 인정^__^!,Coffee/Drink,keyword
대박나세염~~~!!,Coffee/Drink,keyword
매장 넘 멋있어요 ㅋㅋ,Vibe,keyword
떡와플+볶은쌀맛 세트 먹었는데 맛있었어요!,"Dessert/Bakery, Coffee/Drink",keyword
떡 안은 엄청 쫄깃하고 겉이 바삭해서 더 막있더라구요..,"Dessert/Bakery, Coffee/Drink, Vibe",keyword
겉바속쫄🫨 커피는 오리지널말고 볶은쌀맛 먹었는데 부드럽고 고소해서 술술 잘 넘어갔어요… 볶은쌀맛 강추입니다,Coffee/Drink,keyword
"떡와플 + 쌀믹스 존맛조합
점심시간에 맨날 오고싶은 !","Dessert/Bakery, Coffee/Drink",keyword
"오우
커피 맛집인줄만 알았는데 오란다도 맛집 이에요!","Service, Dessert/Bakery, Coffee/Drink, Vibe",keyword
"모든 메뉴를 다 먹어 보고 싶은 곳🤭
또 갑니다","Vibe, Coffee/Drink",keyword
흑임자 오란다 + 녹차믹스커피 맛있어요!!,"Dessert/Bakery, Coffee/Drink",keyword
추천합니다~~,"Dessert/Bakery, Coffee/Drink, Vibe",keyword
테이크아웃만 가능한 곳이에요!,"Vibe, Service, Coffee/Drink, Price, Dessert/Bakery",keyword
간편하게 테이크아웃해서 성수 골목 돌아다니는 재미가 쏠쏠하네요.,"Service, Position, Dessert/Bakery, Coffee/Drink",keyword
볶은쌀 믹스커피 이거 넘 맛있는데여....,Coffee/Drink,keyword
"코리안 믹스커피를 이렇게 재현해내다니,
감탄입니당!!!!","Dessert/Bakery, Coffee/Drink",keyword
"지인들과 믹스커피 한잔 하고,
인상깊었던 오란다","Dessert/Bakery, Coffee/Drink",keyword
4개세트 추가로 샀어요~,"Dessert/Bakery, Vibe",keyword
믹스커피와 오란다라니!!!!,"Dessert/Bakery, Coffee/Drink",keyword
"건빵이랑 떡와플도 믹스커피랑 같이 먹을 간식으로
찰떡이예요! >_<","Dessert/Bakery, Coffee/Drink",keyword
"친절하신 스텝분들이 메뉴 설명도 상세히 해주셔서
너무 좋았습니당- ^^","Service, Dessert/Bakery, Coffee/Drink",keyword
"3월 중순에 정식오픈한다고 하니,
또 와야겠어요!!!!","Dessert/Bakery, Coffee/Drink",keyword
대박나세요!!!! ^_^,Coffee/Drink,keyword
부드럽게 넘어가는 군밤맛믹스커피와 건빵크런치의 조화😍 행복해지는 맛이에요,"Dessert/Bakery, Coffee/Drink, Vibe",keyword
☕️ 힙한 매장분위기는 완전 반전!,Vibe,keyword
선물하기 너무 좋은 아이템🎁,"Dessert/Bakery, Coffee/Drink, Price",keyword
"지나가다 궁금해서 들어가보았는데, 
달달한 믹스커피를 맛볼 수 있는 곳이예요!","Dessert/Bakery, Coffee/Drink, Vibe",keyword
음악과 led스크린 디스플레이가 너무 힙했네요 ㅎㅎㅎ,"Dessert/Bakery, Coffee/Drink, Vibe",keyword
선물 주면 좋을것 같아서 믹스커피 두개도 함께 샀어요!,"Dessert/Bakery, Coffee/Drink, Price",keyword
달달한 커피가 땡긴다면 추천!!,"Vibe, Coffee/Drink",keyword
건빵 믹스커피 조합이 미텼네요....,"Dessert/Bakery, Coffee/Drink",keyword
"아직 날씨가 쌀쌀해도 아이스로 먹었는데요, 아주 달콤하고 부드러워요… 세트로 나온 건빵도 푸짐하고 맛있었습니다:)","Dessert/Bakery, Coffee/Drink, Vibe",keyword
매장 인테리어도 힙해서 성수동 올 때마다 들릴 것 같아요,"Dessert/Bakery, Coffee/Drink, Vibe",keyword
믹스커피가 땡길 때 뙇!,Coffee/Drink,keyword
"믹스커피는 집에서 타먹는거라고 생각했는데
남이 타주니까 다르네여","Dessert/Bakery, Coffee/Drink, Vibe",keyword
또간집 또또간집 하겠씀다!!,"Dessert/Bakery, Coffee/Drink, Vibe",keyword
성수동에 믹스커피숍이라니!,Coffee/Drink,keyword
"매장도 멋지고 음악도 좋고, 심지어 가격도 착하다.","Vibe, Price",keyword
테이크아웃 용기가 제일 감동 포인트인데.,Service,keyword
커피와 떡와플을 사서 편하게 올려두고 성수동 걸어다니며 먹으니 꽤나 재밌었다,"Dessert/Bakery, Coffee/Drink",keyword
"😎
맛이 다양해서 카페에서는 오리지널 맛보고, 
볶은쌀맛, 녹차맛, 군밤맛은 따로 사와서 마셔봤는데 하나같이 다 맛있잖아?","Dessert/Bakery, Coffee/Drink",keyword
커피와 디저트가 맛있어용 오리지널 핫 먹었는데 달달한 라떼 같지만 텁텁한 맛이 없어 넘 좋았어요,"Dessert/Bakery, Coffee/Drink",keyword
"가격이 2500원이라는 게 믿기지 않습니다,, 벽면에 사진 찍으면 잘 나와요","Coffee/Drink, Price",keyword
외국인 친구 선물 주려고 믹스커피 한 박스도 샀네요,"Vibe, Coffee/Drink, Price",keyword
세계가 인정하는 한국의 맛을 트렌디하게 풀어낸 뉴믹스!,"Dessert/Bakery, Coffee/Drink",keyword
달달하게 코리아 커피 한 잔 :)) 친절한 응대도 너무 좋아요.,"Service, Dessert/Bakery, Coffee/Drink",keyword
앞으로의 뉴믹스의 행보도 기대됩니다!!!!!,Coffee/Drink,keyword
"올해도 다녀온 우리 정구기 생카 🫶
이번에도 예약제라서 편하게 잘 보고 왔어용","Dessert/Bakery, Coffee/Drink",keyword
글구 럭드 카드 되가지구 열심히 긁고 나서 보니까 민생지원금 쓸 수 있더라구요!,"Service, Vibe, Coffee/Drink",keyword
🫢 ㅋㅋ 정구기 생카가서 쓸라고 아껴뒀는데 럭드랑 굿즈로 거의 다 쓴ㅋㅋㅋ 아 근데 너무너무 귀여워서 만족스러움,"Price, Dessert/Bakery, Coffee/Drink, Vibe",keyword
9월 1일 생일날은 출근해야 되서 못 가지만 아직 시간 더 있으니 한 번 더 갈까 생각 중,"Dessert/Bakery, Coffee/Drink, Vibe",keyword
"예약 하기 힘들었지만
이쁜가방 득템했어요.","Dessert/Bakery, Coffee/Drink, Vibe",keyword
나중에 카페만 따로 오고싶어요!!,"Dessert/Bakery, Coffee/Drink",keyword
마지막날 갔더니 굿즈가 텅텅 살게 없어서 아쉬웠고 카페… 인데 음료 마실 자리가 전혀 없어서 아쉬웠음,Coffee/Drink,keyword
"교동아 
생일 축하해","Dessert/Bakery, Coffee/Drink",keyword
교동아 사랑해~^^,"Dessert/Bakery, Coffee/Drink",keyword
한줄평: 개인이 하는 생일카페보다도 허접하고 매대에는 비인기 상품만 가득한 기분 나쁜 팝업스토어.,"Vibe, Service, Coffee/Drink, Price, Dessert/Bakery",keyword
1. 직원분들은 친절하심,"Service, Dessert/Bakery, Coffee/Drink",keyword
"2.  막타임 예약이었는데 인생네컷 수량 부족으로 촬영 불가
3. 카페 구성 종류도 너무 적고 음료도 맛없음",Coffee/Drink,keyword
4. 굿즈 판매 매대가 가장 최악.,Dessert/Bakery,keyword
"품절된 물품이 재입고 되지 않는것부터 어이없었는데 그래서 있는 거라곤 키링 몇 개, 수저, 필터샤워기, 노트, 양말, 랜덤교동이가챠 19000원,  카드지갑인지 뭔지, 인형은 컵모양 딱 하나 남아있음.","Service, Dessert/Bakery, Coffee/Drink, Vibe",keyword
다 품절돼서 한 매대에 종류가 두세가지밖에 디피가 안 되어 있음ㅋㅋㅋ,"Vibe, Coffee/Drink",keyword
5. 한교동 생일카페라면서 한교동 있는 뽑기도 종류 딱 하나 뿐임.,"Vibe, Coffee/Drink",keyword
"진짜 최소한의 성의도 없고
6. DIY키링?",Vibe,keyword
500원 사이즈만함;,"Dessert/Bakery, Coffee/Drink",keyword
이걸 위해 왕복4시간 쓴 호구가 나,Coffee/Drink,keyword
저번에 맛있아서 세번째와요~ 맛있어요!,"Dessert/Bakery, Coffee/Drink",keyword
교동이 생일카페 다녀왔어요!,Coffee/Drink,keyword
"너무너무 귀여운 인테리어,, ㅠㅠ💙🩵
직원분들도 친절하셔서 기분 좋게 다녀왔슴니다!","Service, Dessert/Bakery, Coffee/Drink, Vibe",keyword
교동아 생일 츄카해,Coffee/Drink,keyword
너무너무 귀여운 교동이 생파 다녀왔어요,Dessert/Bakery,keyword
너무 귀여워서 기절할뻔!,"Dessert/Bakery, Coffee/Drink",keyword
교동아 생일축하해~!!,"Dessert/Bakery, Coffee/Drink",keyword
"사람 많고
직원분들 친절해서 좋았어요","Service, Dessert/Bakery, Coffee/Drink, Vibe",keyword
비싸고 맛이 없어요,Price,keyword
주문할 수 있는 주문서엔 가격이 안 적혀있어서 한교동세트 주문했다가 이게 웬걸 15000원 인 걸 듣고 참 황당하네요~~~~~~^^,"Vibe, Service, Coffee/Drink, Price, Dessert/Bakery",keyword
민트초코우유 컵케이크 한 개씩에 만오천원이라니.,"Dessert/Bakery, Coffee/Drink",keyword
굿즈존도 생각보다 살 게 별로 없고 매장 자체가 작아서 움직이기도 힘들어요.,"Dessert/Bakery, Vibe",keyword
굿즈존에서 키링 한 개 공책 한 개 DIY키링 한 개 샀는데 세상에 이게 7천원이라니~ 참 후회스럽네요,"Dessert/Bakery, Coffee/Drink",keyword
저 쥐똥만한 투명색 봉투같은...,"Dessert/Bakery, Coffee/Drink",keyword
허허 인형은 다 떨어져서 못 산다고 하고 이게 참.......,"Dessert/Bakery, Coffee/Drink",keyword
과거로 돌아간다면 안갈 거 같습니다,"Dessert/Bakery, Vibe",keyword
사진 추가하려고 보니까 한교동은 참 귀엽네요.....,"Dessert/Bakery, Coffee/Drink",keyword
미안하다교동아,"Dessert/Bakery, Coffee/Drink",keyword
교동아 사랑해 ..,"Dessert/Bakery, Coffee/Drink",keyword
"널 좋아하는 다른 분들도 보고 이 만큼 사람들이 좋아하고 사랑한다는 걸 알아줬으면 해, 다시한번 생일축하하고 다음에도 이런 자리 많이 해줘 그만큼 널 진짜 사랑해ㅜ..","Dessert/Bakery, Coffee/Drink, Vibe",keyword
공식쇼핑몰에서 한교동도 사고싶고 정말 바라는게ㅜ많지만 이렇게 너가 성공해서ㅠ̑̈ 카페도 연다는 자체가 너무 행복해,"Dessert/Bakery, Coffee/Drink, Vibe",keyword
이제ㅜ메이저로 가자 교동아ㅜ..,"Vibe, Coffee/Drink",keyword
내년에도 기대할께,"Dessert/Bakery, Coffee/Drink",keyword
처음에 줄이 두 줄이라서 무슨 줄인지 모르고 그냥 서있었는데 와서 설명해 주셔서 너무 감사했습니다!,"Service, Dessert/Bakery, Coffee/Drink, Vibe",keyword
직원분들도 친절하셔서 잘 즐기고 올 수 있었던 것 같아요,"Service, Dessert/Bakery, Coffee/Drink, Vibe",keyword
교동아 생일 축하해,"Dessert/Bakery, Coffee/Drink",keyword
덕분에 나도 재미있는 하루를 보낼 수 있었어~,"Vibe, Coffee/Drink",keyword
너무 귀여운 교동이가 가득해서 너무 좋았어요,"Dessert/Bakery, Coffee/Drink",keyword
"🩵
굿즈가 많이 없어서 아쉽기는 했지만 너무 귀여운 공간에서 행복한 시간 보냈습니다!","Dessert/Bakery, Coffee/Drink, Vibe",keyword
"🩵
교동아 생일 미리 축하해","Dessert/Bakery, Coffee/Drink",keyword
교동이 생일카페 와따구~,Coffee/Drink,keyword
교동아 사랑해,"Dessert/Bakery, Coffee/Drink",keyword
진짜ㅜㅜ진심으로 교동이 너무 귀엽고 직원분들이 전부 친절해서 좋은추억만들고 갔습니다!!!!!,"Service, Dessert/Bakery, Coffee/Drink",keyword
이런 생일파티 만들어주셔서 감사합니다!!!!!!!!!!,"Dessert/Bakery, Coffee/Drink, Vibe",keyword
특전으로 방향제받은거 계산하다가 그것도 포함시켜서 계산됐네요ㅠ,"Dessert/Bakery, Coffee/Drink",keyword
특전도 같이 넣어드릴게요라서 말하셔서 당연히 계산 따로 안한줄 알았는데 계산이 됐습니다.,"Service, Dessert/Bakery, Coffee/Drink",keyword
이미 나온 상태라 전화했는데 안받아서 그냥 쓰겠지만 좀 어수선하고 굿즈들도 살만한거 거의없고 인생네컷도 퀄리티 별로입니다.,"Dessert/Bakery, Coffee/Drink",keyword
기분좋게가서 언짢은 채로 나왔네요.,"Vibe, Coffee/Drink",keyword
산리오 최애 한교동이 생일기념카페 가서 좋았어요,Coffee/Drink,keyword
여행 다녀온 후 급 알게 되서 예약 매진이어서 ㅠㅠ였는데 취소표 은근 생겨서 두번이나 다녀와서 좋았어요,Position,keyword
혼자 가서 사진찍는 곳에서 걱정했는데 요청 후 직원분들께서 친절하게 사진 찍어주셔서 감사했어요:),"Service, Dessert/Bakery, Coffee/Drink, Vibe",keyword
"포토존 너무 너무 이뻤습니다 ,,,
안내해주시는 분들도 다들 너무 친절하시구 좋았어요 !","Service, Dessert/Bakery, Coffee/Drink, Vibe",keyword
산리오 최애 캐릭터인 교동이의 생일카페 방문 할 수 있어 너무 영광이었습니다 ㅎㅎㅎ,"Service, Dessert/Bakery, Coffee/Drink, Vibe",keyword
교동이 생일축하해~~~,"Dessert/Bakery, Coffee/Drink",keyword
메뉴 고를때 가격이 없어서 그냥 골랐는데 비싸요 ㅠ,Price,keyword
앉아서 음료수 마시는 공간도 없고 전부 테이크아웃이라서 병에 음료수 담은것과 종이컵만 주시네요...,Vibe,keyword
비싼 돈 내고 호구 된 느낌입니다.,Price,keyword
굿즈도 그다지 살만한게 없었어요.,"Dessert/Bakery, Coffee/Drink",keyword
생일파티는 4일 굿즈는 떨어진지 오래라고 안내하시는 직원분 그러면 늦은시간까지 예약을 하고 방문하는 이유가 없는거 같습니다,"Service, Dessert/Bakery, Coffee/Drink",keyword
굿즈도 별로 없고 인기있는건 다시 재고가 들어오지도 않고 너무 실망 했어요,"Dessert/Bakery, Coffee/Drink, Vibe",keyword
교동해 사랑아~~!!,"Dessert/Bakery, Coffee/Drink",keyword
생일카페 처음 가봤는데 혼자가도 상관없을정도로 재밋게 잘 되어있어요,"Dessert/Bakery, Coffee/Drink, Vibe",keyword
다행히 직원분이 사진을 찍어주셔서 ㅠㅠ 좋았습니다!,Service,keyword
우리 교동이 생일주간이라 축하해 주러 다녀왔어요,"Dessert/Bakery, Coffee/Drink",keyword
오랜만에 동심으로 돌아간 날 같아 좋았어요!,Dessert/Bakery,keyword
교동이 생일축하하고 박수치고 입장하는데 너무 웃겼어요ㅋㅋㅋ,"Dessert/Bakery, Coffee/Drink",keyword
실망이란 리뷰도 있지만 무엇보다 그냥 무언가를 좋아해서 그거 하나만 꽂혔다 라는 공통점을 가진 사람들의 모임 같아서 충분히 잘 즐길 수 있었어요!,"Dessert/Bakery, Coffee/Drink, Vibe",keyword
별거 아닌 거 같았는데도 힐링됐고요 앞으로 꾸준히 한교동 생일파티 열어줬으면 좋겠어요ㅋㅋㅋ,"Dessert/Bakery, Coffee/Drink",keyword
동생이 한교동좋아해서 예약 성공해서 같이 방문하게 되었어용!!,"Service, Dessert/Bakery, Coffee/Drink",keyword
이렇게 캐릭터 생일카페를 열어서 예약해서 방문은 처음인데 신기하고 교동씨가 볼수록 매력적인데 사유리가 더 끌리더라구요 ｡^‿^,"Service, Dessert/Bakery, Coffee/Drink",keyword
"｡ 
저희는 세가지 디저트가 궁금해서 각자 사서 먹었는데 우선 민트초코라떼가 너무 맛있어서 예약을 또 해서 오늘 사서 왔습니다,, 행복>< 
디저트는 크게 맛있다","Service, Dessert/Bakery, Coffee/Drink, Vibe",keyword
느낌은 아니였지만 음료가 너무 취저…💛 교동씨가 인기가 이렇게 많은지 새삼 느끼는 날들이였고 즐거운 추억이 된거 같아용!!,"Dessert/Bakery, Coffee/Drink",keyword
직원분들도 다 친절하시더라구요 ㅎㅎ,"Service, Dessert/Bakery, Coffee/Drink",keyword
비데이 카페에서 민트초코라떼를 판매해주시면 좋겠어요… 🥺,"Dessert/Bakery, Coffee/Drink",keyword
분위기 좋고 깔끔합니다,"Dessert/Bakery, Coffee/Drink, Vibe",keyword
"엄청난 경쟁률을 뚫고
드디어 와 본 교동이 생일카페🥳
공간도 너무 예쁘고,
MD귀여운게 너무 많아서
고르다 시간이 다 갔네요;ㅂ;ㅋㅋㅋ","Dessert/Bakery, Coffee/Drink, Vibe",keyword
"포토존도 귀엽고 맘에드는 상품들
데려와서 좋았어요!",Price,keyword
한교동 생일카페로 예약 후 방문했습니다!!,"Service, Dessert/Bakery, Coffee/Drink, Vibe",keyword
카페+굿즈 공간과 사진 찍는 공간이 나눠져있어서 편했고 음료수도 맛있었어요!!,"Vibe, Coffee/Drink",keyword
교동이 생파가 열려서 다녀왔습니다~~,Dessert/Bakery,keyword
입장 전 직원분이 기분 좋게 해주시고 다들 친절하셔서 좋았어요!,"Service, Dessert/Bakery, Coffee/Drink, Vibe",keyword
일찍 도착해도 타임 별로 시간이 나눠져 있어서 정시 에 입장합니다.,"Dessert/Bakery, Coffee/Drink, Vibe",keyword
"입장 전에 스탭의 설명을 잠깐 듣고 그 시간대 예약자들이 한번에 들어가더라고요,",Service,keyword
구경할 것도 많고 사진 찍기 좋습니다.,"Dessert/Bakery, Coffee/Drink",keyword
사람이 많이 모여있어서 더운 건 감안하고 즐겼습니다,"Dessert/Bakery, Coffee/Drink, Vibe",keyword
혼자 가서 사진찍는 곳에서 걱정했는데 요청 후 직원분들께서 친절하게 사진 찍어주셔서 감사했어요^^,"Service, Dessert/Bakery, Coffee/Drink, Vibe",keyword
한교동 카페 리뷰 이제야 쓰기...,Coffee/Drink,keyword
장소도 쾌적하고 디저트도 맛있고 음료도 맛있었어요 !!,"Dessert/Bakery, Coffee/Drink",keyword
"오후 1시에 갔는데도 증정 기프트도 재고 없다는 이유로 못 받구, 굿즈도 거의 다 솔드아웃이구..",Vibe,keyword
포토존에서도 사람들도 너무 많아서 눈치 보느라 사진도 제대로 못 찍구 돌아왔어요.,"Dessert/Bakery, Vibe",keyword
교동이를 만나러 갔었는데 공간이 무척 좋았어요!,Vibe,keyword
내부도 아기자기하게 잘 꾸며져 있었고 직원 분들도 정말 친절하셨어요!,"Service, Dessert/Bakery, Coffee/Drink, Vibe",keyword
한교동 생일카페때문에 갔는데 예쁘게 꾸며져있고 생각보다 커서 좋았습니다!,"Service, Vibe, Coffee/Drink",keyword
직원분들도 다 너무 친절하시고 제가 여지까지 먹었던 민초라떼 중에 제일 맛있었어용!,"Service, Dessert/Bakery, Coffee/Drink",keyword
무엇보다 교동이 생일 축하 해줄수있는게 좋았어요:),"Dessert/Bakery, Coffee/Drink, Vibe",keyword
저희애가  제아이디로예약을하고친구랑갔는데..,"Dessert/Bakery, Coffee/Drink, Vibe",keyword
가족관계증명서를보여달라고했다는데제가같이간게아닌데증명서를사진보내줬더니직접가지고오라고했다고어이가없어서..,"Dessert/Bakery, Coffee/Drink",keyword
입장도못하고..,"Dessert/Bakery, Coffee/Drink",keyword
근데무슨리뷰를쓰라고하는지..ㅡㅡ,"Dessert/Bakery, Coffee/Drink",keyword
교동이 생일도 축하해주고 좋은 경험이었어요,"Dessert/Bakery, Coffee/Drink",keyword
"한교동 생일카페🎂❣️
사진 찍으러 가기 좋았어요..!",Coffee/Drink,keyword
굿즈 종류가 더 많았으면 했지만 그 아쉬운 점 빼고 다 만족해요!,"Dessert/Bakery, Coffee/Drink, Price",keyword
잘 보고왔습니다!,"Dessert/Bakery, Coffee/Drink",keyword
교동이프레임사진도 있어서 찍었어요><,"Vibe, Coffee/Drink",keyword
사람이 많아서 정신 없었지만 생각보다 포토부스들도 너무 잘되어있었고 축전이 너무 귀여웠어요 ㅋㅋㅋ,"Dessert/Bakery, Coffee/Drink, Vibe",keyword
교동이 굿즈들도 꽤 많았고 직원분들이 친절하셔서 너무 좋았습니당,"Service, Dessert/Bakery, Coffee/Drink",keyword
한교동 생일 축하해,"Dessert/Bakery, Coffee/Drink",keyword
교동아 생일축하해,"Dessert/Bakery, Coffee/Drink",keyword
넘귀엽잔아.,Coffee/Drink,keyword
줄은 대기시간 너~~~~무 길고 .,Service,keyword
간식꺼리도 먹고갈 공간따위 없으며 ㅋㅋㅋㅋ 좀 많이 어이없는 행사장...,"Dessert/Bakery, Coffee/Drink, Vibe",keyword
한교동 생일축하해,"Dessert/Bakery, Coffee/Drink",keyword
한교동 을 처음 듣고는 성수동 근처에 새로뜨는 분당의 판교같은 뉴성수인가?,Dessert/Bakery,keyword
라고 혼자 생각했습니다.,"Dessert/Bakery, Coffee/Drink",keyword
캐릭터의 생일을 축하하기 위한 기간 한정 이벤트카페라는 것을 알고 무릎을 치고 놀라 쓰러졌죠.,"Dessert/Bakery, Coffee/Drink",keyword
정말 젊은이들의 감각이린…!!,Vibe,keyword
"창의력과 좀 놀 줄 아는 에너지는 AI가 범접하지 못하는 영역임을 재확인하고 고개를 혼자 끄덕이며, 10대 20대 찐팬들 사이에서 우리 애들 옷걸이 내지는 보디가드를 하다가 왔습니다.","Service, Dessert/Bakery, Coffee/Drink, Vibe",keyword
교동이와 전화 ㅇ통화를 우연히 하게되었어요.,"Dessert/Bakery, Coffee/Drink",keyword
나도 으험..,Coffee/Drink,keyword
교동아 사랑해..!,"Dessert/Bakery, Coffee/Drink",keyword
아니 사랑아 교동해 던가!! ㅎㄷㄷ,"Dessert/Bakery, Coffee/Drink, Vibe",keyword
교동이 생일카페 내년에도 꼭 열렸으면 좋겠어요,Coffee/Drink,keyword
스탶분들도 다 친절하고 좋았습니다,"Service, Dessert/Bakery, Coffee/Drink",keyword
"카페 직원인지, 행사 스태프인지 모르겠지만 친절하고 유쾌해서 좋았어요","Service, Dessert/Bakery, Coffee/Drink",keyword
딸과 함께 방문했는데 아이가 아주 좋아하네요,"Service, Dessert/Bakery, Coffee/Drink",keyword
한교동 생일 축하행,"Dessert/Bakery, Coffee/Drink",keyword
한교동 생일 카페로 다녀왔어요!,"Vibe, Coffee/Drink",keyword
"카페에서 직접 마시지는 못했지만
잘 꾸며 놓았더라구요!","Dessert/Bakery, Coffee/Drink, Vibe",keyword
가격은 사악…!!,Price,keyword
그래도 이벤트성으로 한 번 가기 괜찮은 거 같아요!,Dessert/Bakery,keyword
굿즈도 귀여운게 많았구 포토존도 예뻤답니다!!,Vibe,keyword
직원분들도 많이 계셨는데 다 정말 친절하셔서 좋았어요,"Service, Dessert/Bakery, Coffee/Drink",keyword
🥳 교동아 생일축하하고 2025 산리오 인기투표 1위 가즈아!!!!,"Dessert/Bakery, Coffee/Drink",keyword
한교동 생일카페로 다녀왔습니다~,"Vibe, Coffee/Drink",keyword
한교동 생일카페때문에 방문했는데 아기자기하게 잘꾸며놨더라구요,"Service, Dessert/Bakery, Coffee/Drink, Vibe",keyword
예뻤어요!!,Vibe,keyword
너무 귀엽고 예뻐요 ㅋㅋㅋ,Vibe,keyword
교동이매력있어요,"Vibe, Coffee/Drink",keyword
담에는 더 크게해주세여!!,"Service, Dessert/Bakery, Coffee/Drink",keyword
교동이 첫 공식 생일카페라 바로 달려왔어요ㅜㅠ,Coffee/Drink,keyword
"너무 복잡할까봐 걱정 되게 많이 했는데, 예약제로 운영해서 천천히 잘 구경하고 사진도 눈치 안보고 예쁘게
찍고 왓어요","Dessert/Bakery, Coffee/Drink, Vibe",keyword
"💕 한교동 잠옷 인형이 없어서 아쉬웠지만
그래도 다른 귀여운 인형으로 잘 입양해갑니당","Dessert/Bakery, Coffee/Drink",keyword
"😎🫶
내년에 또 생카 열어줘 교동아ㅏ😭🩷","Dessert/Bakery, Coffee/Drink",keyword
교동아 생일 축하 한다!,"Dessert/Bakery, Coffee/Drink",keyword
매장이 귀엽고 좋았습니다^^,Vibe,keyword
한교동 생일카페때문에 힘들게 예약해서 다녀왔는데 아주 만족스러워요..,"Dessert/Bakery, Coffee/Drink, Price",keyword
직원분들도 다 친절하셨고 교동이로 채워진 공간이 매우매우 귀여웠습니다!,"Service, Dessert/Bakery, Coffee/Drink, Vibe",keyword
사람으로 북적거리긴 했지만 안내를 잘해주셔서 좋았어요,"Dessert/Bakery, Coffee/Drink, Vibe",keyword
✍️한교동이 성수동에 생일카페를 열었다고해서 다녀왔어요,"Dessert/Bakery, Coffee/Drink",keyword
"📍서울숲역 2번 출구 기준, 도보 19분
🛋️굿즈존, 포토존 나뉘어 있어 좋았어요","Position, Vibe, Coffee/Drink",keyword
☺️직원분들 친절하시고 안내도 잘해주세요,"Service, Dessert/Bakery, Coffee/Drink",keyword
"💰비싼 것도 있었지만, 전반적으로 가격대 나쁘지 않았어요","Vibe, Coffee/Drink, Price",keyword
"⏳네이버 예약으로 아이디1개당 최대2인 예약 가능, 타임별 50분 이용, 생각보다 시간이 촉박했는데 다행히 네컷사진은 밖에 있어서인지 시간 초과해도 이용할 수 있었어요!","Price, Dessert/Bakery, Coffee/Drink, Vibe",keyword
"💃🏻굿즈,포토존,테이크아웃카페,럭키드로우,DIY키링만들기,네컷사진으로 알차게 구성되어 있어요","Service, Vibe, Coffee/Drink",keyword
오랜만에 귀여운 거 보면서 힐링하고 온 시간이었어요,"Dessert/Bakery, Coffee/Drink",keyword
음식은 기대를 안하긴 했지만 별로에요...,"Dessert/Bakery, Coffee/Drink",keyword
그래도 귀엽게 잘 꾸며졌더라고요.,"Vibe, Coffee/Drink",keyword
직원분들은 친절하심,"Service, Dessert/Bakery, Coffee/Drink",keyword
치명적인 문제가 하나 있는데 굿즈 종류가 너무 없음..,"Vibe, Coffee/Drink",keyword
같은 인형이 여기 저기 깔려있고 굿즈도 마찬가지임..,"Dessert/Bakery, Coffee/Drink, Vibe",keyword
돈 쓸 생각 갖고 들어갔는데 죄다 파우치밖에 없어서 살게 없음....,Price,keyword
교동이 생일카페가 있데서  우연히 알게되가지고 둘째날 다녀왔는데 새롭고 좋았습니다 :),"Vibe, Coffee/Drink",keyword
한교동 생일카페 다녀왔는데 직원분들도 너무 친절하시고 카페 외부와 내부도 좋았습니다,"Service, Dessert/Bakery, Coffee/Drink",keyword
시간 되자마자 바로 입장할 수 있어서 좋았고 직원분들도 친절하게 설명해 주셔서 편하게 구경할 수 있었습니다!!,"Service, Dessert/Bakery, Coffee/Drink, Vibe",keyword
교동이 생파로 가서 교동이 많이봣어요,"Dessert/Bakery, Vibe",keyword
"사랑아,,교동해!","Dessert/Bakery, Coffee/Drink",keyword
교동아 생일추카해,"Dessert/Bakery, Coffee/Drink",keyword
한교동 생일카페로 방문했는데 매장도 넓고 깨끗하고 직원분들도 너무 친절하셔서 좋은 기억만 남았네요!,"Service, Dessert/Bakery, Coffee/Drink, Vibe",keyword
기대 이상으로 훨씬 아기자기하게 잘 꾸며져있어서 사진도 잔뜩 남겼습니다.. ♡,"Dessert/Bakery, Coffee/Drink, Vibe",keyword
직원분 넘 친절하셔서 디즈니랜드에 온것같았어요 !!,"Service, Dessert/Bakery, Coffee/Drink",keyword
"🩵
사진 계속 찍어주시고 사탕 떨어트린것도 괜찮다고 했는데 제가 안괜찮다며 바꿔주시고 넘 감사해요!!!","Dessert/Bakery, Coffee/Drink",keyword
제인생 팝업스토어 처음인데 너무너무 좋은 추억이었어요..!!,Coffee/Drink,keyword
교동이와 생일을 같이 보낼수 있어서 좋았어요 ..,"Vibe, Coffee/Drink",keyword
정말 이런 아이디어는 누가만들었는지 심형탁이 도라에몽 전화받고 왜 우나 했는데 그맘을 알게되었던 ....,"Dessert/Bakery, Coffee/Drink, Vibe",keyword
많이 준비하신거 같더라구용,"Dessert/Bakery, Coffee/Drink, Vibe",keyword
"요 카페는 정구기, 석지니 생일 때 가고 이번이 3번째 방문인데","Service, Coffee/Drink",keyword
💜 생카때랑 다르게 사전 예약제라서 편하구 좋네욤,Dessert/Bakery,keyword
기다리기 힘들었는뎅,Service,keyword
"카페도 엄청 크고 딱 들어가면 우리 꾹뚜기이랑 밤ㅇㅣ가 반겨주는데 진짜 세상 귀엽 🥹💜💜💜
진짜 너무너무너무너무너무너무너무너무 귀여움","Service, Coffee/Drink",keyword
우리 구름이도 있구,"Vibe, Coffee/Drink",keyword
카페도 예쁘고 정성스럽게 잘 꾸며져있어서 좋았어욤,"Vibe, Coffee/Drink",keyword
"🫶
직원분도 친절하시구 이번엔 굿즈 넉넉해서 사고 싶은 거 다 산ㅋㅋㅋ","Service, Dessert/Bakery, Coffee/Drink",keyword
"올해 크리스마스는 군 복무 중인 우리 정구기랑 못 보내는 대신 귀여운 꾹뚜기와 함께 🌲❄️
특전도 너무 예쁨",Vibe,keyword
진 생일 카페라 왔는데 너무 이쁘네요,"Dessert/Bakery, Coffee/Drink, Vibe",keyword
석진이 생일 파티 왔음~,"Dessert/Bakery, Coffee/Drink",keyword
"석진이 생일 이벤트 한다고 해서 방문했는데, 매장도 넓고 깨끗한데 해가 들어서 더 밝은 느낌을 주네요","Service, Dessert/Bakery, Coffee/Drink, Vibe",keyword
"☘️ 소다맛이요도 맛있고, 특전이 넘 좋아요오","Dessert/Bakery, Coffee/Drink",keyword
처음 와 본 카페인데 넓고 깔끔해서 친구들과 어울리기 너무 좋아요,"Dessert/Bakery, Coffee/Drink, Vibe",keyword
분우기 좋아요,Dessert/Bakery,keyword
"석진이 생일을 맞아 생일카페를 찾다가 너무 예뻐서
여기로 오게 됐어요!!","Service, Dessert/Bakery, Coffee/Drink, Vibe",keyword
내부도 특전도 최고입니다ㅠㅠ,Dessert/Bakery,keyword
"김석진 생일카페 방문
여기 너무 이쁨","Service, Vibe, Coffee/Drink",keyword
"뷰도 좋고 인테리어도 
세련됨",Vibe,keyword
진님 생일 이벤트카페 다녀가요~,Coffee/Drink,keyword
준비해주신 아미님들께 감사합니다~,"Dessert/Bakery, Coffee/Drink, Vibe",keyword
보라합니다~,"Dessert/Bakery, Coffee/Drink",keyword
💜 카페도 예쁘고 이벤트 물품도 넘 예뻐요~,"Vibe, Coffee/Drink",keyword
석진이 생카열려서 찾아왔어요.,Dessert/Bakery,keyword
공간도 넓고 스피커도 좋아욯ㅎㅎㅎ,Vibe,keyword
친구랑 놀러 오기 좋네영,"Dessert/Bakery, Coffee/Drink, Vibe",keyword
잘생긴 공주 석지니 볼 수 있어서 너무 좋았어요ㅠㅠㅠ,"Vibe, Coffee/Drink",keyword
중간중간 깨알 소품 찾아보는 재미도 있었고 요번 HAPPY 테마로 소다맛 음료까지 준비해주셔서 맛있게 잘 마시고 가용,"Service, Dessert/Bakery, Coffee/Drink, Vibe",keyword
세상 홀리한곳이었습니다,"Dessert/Bakery, Coffee/Drink, Vibe",keyword
넓어서 쾌적합니다,"Dessert/Bakery, Coffee/Drink, Vibe",keyword
너무 환상적인 공간입니다,"Dessert/Bakery, Vibe",keyword
석진이 생일카페 진행하셔서 다녀왔어요,"Dessert/Bakery, Coffee/Drink",keyword
깔끔하고 엄청 신경써서 준비해주신게 느껴지는 곳입니다,"Dessert/Bakery, Coffee/Drink, Vibe",keyword
특전도 예쁘고 커피도 디저트도 맛있었어요,"Dessert/Bakery, Coffee/Drink, Vibe",keyword
"진이 생일로 다녀온 비데이카페
너무나 잘 꾸며져있어서 만족함","Price, Dessert/Bakery, Coffee/Drink, Vibe",keyword
커피도 맛나고 매장도 넓고 무엇보다 석진이로 가득찬 공간,"Vibe, Coffee/Drink",keyword
"카페인 충전도 하고, 즐거운 시간 보내다 가요♡","Dessert/Bakery, Coffee/Drink",keyword
석진이 생카를 진행하고 있네요.,"Dessert/Bakery, Coffee/Drink, Vibe",keyword
이뻐요!!,Vibe,keyword
석진이 생일카페 나들이왔어요!,"Dessert/Bakery, Coffee/Drink",keyword
특별한 공간 속 분위기도 좋고 깨끗해서 더 좋아요:),"Dessert/Bakery, Coffee/Drink, Vibe",keyword
석진아 생일 축하해,"Dessert/Bakery, Coffee/Drink",keyword
따틋한 분위기에 밝은   장소고 커피도 맛있어요!!!,"Dessert/Bakery, Coffee/Drink, Vibe",keyword
너무 귀여운 석찌 생카!,Dessert/Bakery,keyword
"🥰
타로 버블티 음료도 맛있고 (공차에서 먹던 바로 그 맛!!) 카페 내부도 너무 귀엽게 꾸며져있어요!!","Dessert/Bakery, Coffee/Drink, Vibe",keyword
음료특전으로 받은 굿즈도 귀엽고 예뻐요,"Vibe, Coffee/Drink",keyword
😍 그리고 석찌 생일 축하해:)💜,"Dessert/Bakery, Coffee/Drink",keyword
석진이 생일카페를 열어서 다녀왔는데 너무너무 귀여웠어요.,Coffee/Drink,keyword
음료랑 마카롱도 너무 맛있어요!!,Coffee/Drink,keyword
석진이 생일맞이 놀러왔어요~,"Dessert/Bakery, Coffee/Drink",keyword
석진이가 잘생겼고 잘생겼고 잘생겼어요 비데이는 공간이 넓어서 넘 쥬아요 ..,Vibe,keyword
또 올께요,"Dessert/Bakery, Coffee/Drink",keyword
방탄 진 생카에 왔어요,"Dessert/Bakery, Coffee/Drink",keyword
귀여운 벌룬과 멋진 석진오빠로 가득한 곳 커피도 맛있고 깔끔한 인테리어로 예쁜 성수 비데이  담에도 또 올거에요~~,"Dessert/Bakery, Coffee/Drink, Vibe",keyword
생카 방문 즐거운 추억💕,"Service, Dessert/Bakery, Coffee/Drink",keyword
"김우석 생일카페 방문
매장이 넓고 쾌적해요","Service, Dessert/Bakery, Coffee/Drink, Vibe",keyword
음료나 디저트도 맛있었어요,"Dessert/Bakery, Coffee/Drink",keyword
생카 구경하러 왔는데 커피도 맛있고 분위기도 좋아요~,"Dessert/Bakery, Coffee/Drink, Vibe",keyword
언니 생일축하해요,"Dessert/Bakery, Coffee/Drink",keyword
"썸머 생축해요
핑크핑크 아름답고 즐거웠어요","Dessert/Bakery, Coffee/Drink",keyword
재방문할 예정!!,"Service, Dessert/Bakery, Coffee/Drink",keyword
공간도 넓고 쾌적해서 필릭스 생일 축하 즐거웠어요!,"Dessert/Bakery, Coffee/Drink, Vibe",keyword
필릭스 생일카페 왔는데 넓고 예쁘고 쾌적해요,"Dessert/Bakery, Coffee/Drink, Vibe",keyword
생카 땜에 왔는데 생각보다 디저트랑 음료가 맛있어서 놀랐어요,"Dessert/Bakery, Coffee/Drink",keyword
직원분들 친절해요,"Service, Dessert/Bakery, Coffee/Drink",keyword
망고 아이스티 음료가 진짜 맛잇어여,Coffee/Drink,keyword
"아망추가 맛있고 
카페도 넓고 쾌적하구
용복이가 넘이뻐용","Dessert/Bakery, Coffee/Drink, Vibe",keyword
카페가 무척 넓어 쾌적하게 즐길 수 있었어요!!,"Dessert/Bakery, Coffee/Drink, Vibe",keyword
넓고 너무 좋아요!,Vibe,keyword
음료도 맛있어요~!!,Coffee/Drink,keyword
스트레이키즈 필릭스 생일이카 생일크페 다녀왔습니다!,Dessert/Bakery,keyword
음료 맛도 맛있고 공간도 넓고 아기자기 정말 이뻤어요!,"Vibe, Coffee/Drink",keyword
카페가 좋아요~~!!,Coffee/Drink,keyword
커피도 맛있고 직원분도 친절해요,"Service, Dessert/Bakery, Coffee/Drink",keyword
장소가 넓찍해서 셀카하기 좋고 커피가 맛있어요,"Dessert/Bakery, Coffee/Drink, Vibe",keyword
공간도 넓고 커피랑 마카롱까지 다 맛있었어요!,"Vibe, Coffee/Drink",keyword
생일 카페로 방문했습니다!,"Service, Dessert/Bakery, Coffee/Drink, Vibe",keyword
넓고 쾌적하고 너무 잘 되어있어서 즐겁게 있다가 갑니당,"Dessert/Bakery, Coffee/Drink, Vibe",keyword
필릭스 생일 카페로 방문했어요,"Service, Dessert/Bakery, Coffee/Drink, Vibe",keyword
🥰너무 잘 꾸며져 있어요!!,"Vibe, Coffee/Drink",keyword
입구부터 넓고 예뻐서 좋았어요,Vibe,keyword
직원분들고 친절하시고 내부도 넓어서 여유롭게있기 좋은것같아요,"Service, Dessert/Bakery, Coffee/Drink, Vibe",keyword
커피도맛있고 분위기도 너무 좋아요!!!!,"Vibe, Coffee/Drink",keyword
직원분들도 친절하시고 곳곳이 예뻐요,"Service, Dessert/Bakery, Coffee/Drink, Vibe",keyword
용복이 생일카페로 방문했는데 카페가 크고 예뻐서 잘 쉬다 갑니다!,"Service, Dessert/Bakery, Coffee/Drink, Vibe",keyword
커피도 맛있어요,Coffee/Drink,keyword
분위기조아용!!,"Vibe, Coffee/Drink",keyword
커피도 마싯어용,Coffee/Drink,keyword
시설도 깔끔하고 디저트도 맛있어요!!!,"Dessert/Bakery, Coffee/Drink",keyword
용복이 얼굴감상 잘하구 갑니당 :)),"Dessert/Bakery, Coffee/Drink",keyword
정국이 생일카페 방문😘 넘 이쁘게 꾸며놓으서서 좋았어용,"Service, Vibe, Coffee/Drink",keyword
정국이 생일 기념카페 놀러왔어요~,"Dessert/Bakery, Coffee/Drink",keyword
당근농장 컨셉 너무 좋은거 같아요~,Dessert/Bakery,keyword
카페가 넓고 쾌적해서 좋습니다~,"Dessert/Bakery, Coffee/Drink, Vibe",keyword
카페 분위기 너무 좋아요!!,"Vibe, Coffee/Drink",keyword
예쁘고 귀여운 카페라서 즐겁게 디저트 먹었어요,"Dessert/Bakery, Coffee/Drink, Vibe",keyword
정국이 생일 기념으로 왔는데 분위기 있고 좋네요.,"Dessert/Bakery, Coffee/Drink, Vibe",keyword
정국이 생일 기념으로 방문해서 즐거운 시간 보냈습니다♡♡,"Service, Dessert/Bakery, Coffee/Drink",keyword
직원분들 친절하고 카페가 넓어서 좋아요,"Service, Dessert/Bakery, Coffee/Drink, Vibe",keyword
"카페 진짜 너무너무 예쁘고, 사진 찍을 곳도 많아요!","Vibe, Coffee/Drink",keyword
직원분들도 정말 친절하십니당.,"Service, Dessert/Bakery, Coffee/Drink",keyword
생카전문(?),Dessert/Bakery,keyword
카페라 그런지 착착 진행해주셔서 좋네요 ㅋㅋㅋㅋㅋ,"Dessert/Bakery, Coffee/Drink",keyword
진짜 너무 아기자기 이쁘게 꾸며놓으셨어요!!,"Vibe, Coffee/Drink",keyword
인테리어도 너무 깔끔하고 나중에 또 오고싶어요,"Dessert/Bakery, Coffee/Drink, Vibe",keyword
매장도 넓고 깨끗하고 직원분도 친절하시고 커피도 맛있습니다.,"Service, Dessert/Bakery, Coffee/Drink, Vibe",keyword
케이크가 맛있었어요~,Dessert/Bakery,keyword
가게가 넓어서 좋았어요,Vibe,keyword
고구마케이크 부들부들하고 맛있어요,"Dessert/Bakery, Coffee/Drink",keyword
꾹뚜기와 함께 정구기 당근농장 생카 잘보고 가여!,Dessert/Bakery,keyword
케이크랑 음료 너무 맛있게 잘먹고 갑니다!,"Dessert/Bakery, Coffee/Drink",keyword
생카 열어주셔서 감사합니다!,"Dessert/Bakery, Coffee/Drink",keyword
적게 일하고 많이 버세요!,"Dessert/Bakery, Coffee/Drink",keyword
공간이 넓어서 사람이 많아도 크게 북적거리는 느낌이 없어요.,"Service, Dessert/Bakery, Vibe",keyword
너무 공간도 넓고 예뻐요!!,Vibe,keyword
정국이 생카로 들렸는데 음료도 케잌도 맛있어요!,"Dessert/Bakery, Coffee/Drink, Vibe",keyword
너무 예쁘게 꾸며주신 운영진분들 감사해요,"Dessert/Bakery, Coffee/Drink, Vibe",keyword
"💜
기다림은 힘들었지만 덕분에 넘 행복한 정국절💜💜","Service, Dessert/Bakery, Coffee/Drink, Vibe",keyword
넓고 귀엽고 좋아용,Vibe,keyword
꾹뚜기 샹카로 오게되었는데 직원?,"Service, Dessert/Bakery, Coffee/Drink, Vibe",keyword
스탭분들 모두 친절하시고 대기줄 정리두 잘 해주셔서 정말 좋았습니다!!,"Service, Dessert/Bakery, Coffee/Drink",keyword
음료 정말 맛있어요,Coffee/Drink,keyword
꾸기데이 놀러왔는데 장소가 예쁩니다^_^♡,"Dessert/Bakery, Coffee/Drink, Vibe",keyword
"케이크랑 커피가 맛있고,
카페도 이쁘게 꾸며져있어용","Dessert/Bakery, Coffee/Drink, Vibe",keyword
공간도 넓고 좋아요~,Vibe,keyword
이벤트 많구 커피 맛있구 최고에요오,"Dessert/Bakery, Coffee/Drink",keyword
맛있고 즐거운 카페입니다ㅎㅎ,Coffee/Drink,keyword
다음번에도 이런 이벤트 참여할 수 있으면 좋겠어요 :),"Dessert/Bakery, Coffee/Drink, Vibe",keyword
#꾸꾸의_당근농장 뱅문하러 들렀습니다!!,"Dessert/Bakery, Coffee/Drink",keyword
공간도 다양하게 넓고 너무 좋아요!!!!,"Dessert/Bakery, Coffee/Drink, Vibe",keyword
"매장 자체가 넓고 깨끗하고, 음료도 맛있어요..ㅠㅠㅠ","Dessert/Bakery, Coffee/Drink, Vibe",keyword
"🥲💖
매장이 넓다 보니 사진도 많고 볼거리도 너무 많았어요...",Vibe,keyword
정국이 생일기념으로 방문했어요,"Service, Dessert/Bakery, Coffee/Drink",keyword
커피는 여젆 맛있네요,Coffee/Drink,keyword
놀러오세요~~,"Dessert/Bakery, Coffee/Drink",keyword
생일카페로 방문했어요~,"Service, Dessert/Bakery, Coffee/Drink, Vibe",keyword
입구에 정원이 있어서 좋아요:),"Vibe, Coffee/Drink",keyword
정구기 생일기념으로 방문했어요.,"Service, Dessert/Bakery, Coffee/Drink",keyword
"매장 널찍하고, 망고아이스티 먹었는데 맛있었습니다.","Dessert/Bakery, Coffee/Drink, Vibe",keyword
"내부가 꽤 넓고, 푸른 정원도 있어서 계절을 만끽하기도 좋을것 같아요!","Dessert/Bakery, Coffee/Drink, Vibe",keyword
또 올께요 :),"Dessert/Bakery, Coffee/Drink",keyword
이벤트로 처음 왔는데 마카롱도 맛있고 분위기도 좋고 친절하세요~^^,"Service, Dessert/Bakery, Coffee/Drink, Vibe",keyword
정국이생일이벵 방문했어요,"Service, Dessert/Bakery, Coffee/Drink",keyword
꾹뚜기 생일파티 축하해주려고 왔어요,"Dessert/Bakery, Coffee/Drink",keyword
곳곳에 귀여운 꾹뚜기로 한가득!!,Vibe,keyword
힐링하고 갑니다,"Dessert/Bakery, Coffee/Drink",keyword
이벤트가 있어서  방문했는데 커피도  디저트도 맛있어요!!,"Service, Dessert/Bakery, Coffee/Drink, Vibe",keyword
케이크도 맛있다,Dessert/Bakery,keyword
생일카페로 꾸며져서 내.,"Vibe, Coffee/Drink",keyword
외부 다 예쁨,"Vibe, Coffee/Drink",keyword
디저트도 맛있어요!!,Dessert/Bakery,keyword
재민아 생일추카해~^^,"Dessert/Bakery, Coffee/Drink",keyword
달달한 초코라떼 마시구 갑니다,Coffee/Drink,keyword
아🐰😺💚🩷,Coffee/Drink,keyword
공간도 쾌적하고 너무 시끄럽지않아서 대화하기 좋아요,"Dessert/Bakery, Coffee/Drink, Vibe",keyword
여기는 예쁘고 생카하는것도 최고이다.,"Dessert/Bakery, Coffee/Drink, Vibe",keyword
"다음에 다시
올게요^^","Dessert/Bakery, Coffee/Drink",keyword
좋아하는 아이돌 생일카페때문에 오게됬는데 카페가 넓고 깨끗해서 너무 좋았어요 !!,"Dessert/Bakery, Coffee/Drink, Vibe",keyword
핑크 레몬에이드도 맛있었습니다,Coffee/Drink,keyword
🌟 사진도 완전 잘나옴💫💫,Coffee/Drink,keyword
"매장 자체가 넓고 쾌적하고
아망추가 있어요 ㅜㅜㅜ 💕
재민이 생카로 갔다왔는데 진짜 최고였어요","Dessert/Bakery, Coffee/Drink, Vibe",keyword
매장이 넓고 시원해요,Vibe,keyword
커피도 맛있고 마카롱도 맛있습니당,Coffee/Drink,keyword
너무 이뻐요,Vibe,keyword
오 음료도 맛닜어욤,"Dessert/Bakery, Coffee/Drink",keyword
인테리어 넘 이뻐요,Vibe,keyword
재민아 사랑해 ♡,"Dessert/Bakery, Coffee/Drink",keyword
카페 넘 예뻐여,"Vibe, Coffee/Drink",keyword
인테리어가 정말 이쁘고 음료가 진짜 맛있어요,"Vibe, Coffee/Drink",keyword
디저트 너무 맛있었어요,Dessert/Bakery,keyword
재민이 생카 선착특전 못받아서 당일특전이라도 받으려고 이틀내내 왔슴니다ㅠㅠㅠ,"Dessert/Bakery, Coffee/Drink",keyword
재민이 생카 다녀왔습니다,Dessert/Bakery,keyword
2번째 방문했어요!,"Service, Dessert/Bakery, Coffee/Drink",keyword
재민이 생카로 왔지만 매장이 넓고 쾌적하고 영상을 틀어놓는 곳이 정말 이쁘고 음료와 디저트도 맛있어요!!,"Dessert/Bakery, Coffee/Drink, Vibe",keyword
생일 축하해,"Dessert/Bakery, Coffee/Drink",keyword
"들어오는 입구부터 인테리어가 너무 예쁘고, 안에도 넓고 쾌적해서 최고였습니다","Dessert/Bakery, Coffee/Drink, Vibe",keyword
매장이 넓구 에어컨 시원해서 조았습니다 ➰,"Dessert/Bakery, Coffee/Drink, Vibe",keyword
😎 커다란 모니터에 나오는 영상도 틀어져 있어서 최고였어요,"Vibe, Coffee/Drink",keyword
재민이 생일 카페 한다고 해서 처음 방문 했어용!,"Service, Dessert/Bakery, Coffee/Drink",keyword
공간두 넓고 시원해서 좋아용,"Dessert/Bakery, Coffee/Drink, Vibe",keyword
NCT 재민 생일카페 해서 왔습니다!,"Dessert/Bakery, Coffee/Drink",keyword
망고 아이스티 맛있어여..,Coffee/Drink,keyword
매장 완전 깨끗하고 사장님이 너무 친절해여,"Service, Dessert/Bakery, Coffee/Drink, Vibe",keyword
💓💓 다음에 또 오고싶어요,"Dessert/Bakery, Coffee/Drink",keyword
마카롱이랑 음료가 너무 예뻐요,"Vibe, Coffee/Drink",keyword
카페가 깨끗하구 직원분도 친절하셔서 좋았어요!!,"Service, Dessert/Bakery, Coffee/Drink",keyword
조명도 예뻐서 사진찍기 좋았습니다,Vibe,keyword
음료랑 디저트도 맛있고 다 친절하셨어요!,"Service, Dessert/Bakery, Coffee/Drink",keyword
"재민이 생일기념으러 왔는데 너무 이쁘고 
음료도 너무 맛있습니다ㅠㅠ","Dessert/Bakery, Coffee/Drink, Vibe",keyword
음료도 맛있고 이쁘게 꾸며져있어서 좋았어요!!,"Vibe, Coffee/Drink",keyword
사장님이 친절하시고 내부가 넓고 예뻐서 좋았어요,"Service, Dessert/Bakery, Coffee/Drink, Vibe",keyword
음료도 시원하고 사장님도 친절하세요!,"Service, Dessert/Bakery, Coffee/Drink",keyword
영업전에 도착했는데 밖에 더워서 카페 안에 기다릴 수 있어요,"Service, Dessert/Bakery, Coffee/Drink, Vibe",keyword
직원분들이 너무 친절하시구 카페 내부도 넓어서 좋아요,"Service, Dessert/Bakery, Coffee/Drink, Vibe",keyword
일찍 도착 했는데 매장 안에서 대기 할 수 있었어요,"Service, Dessert/Bakery, Coffee/Drink, Vibe",keyword
매장도 청결하고 아주 좋아요,"Dessert/Bakery, Coffee/Drink, Vibe",keyword
깔끔하고 친절해용,"Service, Dessert/Bakery, Coffee/Drink",keyword
음료도 맛있어서 체고🩷🩷,Coffee/Drink,keyword
친절하시구 공간이 너무너무 예뻐용!,"Service, Dessert/Bakery, Coffee/Drink, Vibe",keyword
케이크 진짜 맛있어요…🤭,Dessert/Bakery,keyword
"재민  군^^
 내 딸 덕분에  호강하고갑니다^^","Dessert/Bakery, Coffee/Drink",keyword
"맛난커피와 케잌,그리고 재민   군의 멋진 얼굴까지~ 
좋은 시간  보내고갑니다.",Coffee/Drink,keyword
생일 축하합니다 ^^~♡,"Dessert/Bakery, Coffee/Drink",keyword
재민이 생일날이라서 방문했는데 너무 귀엽고 예쁜게 많아서 좋았어용!!!,"Service, Dessert/Bakery, Coffee/Drink, Vibe",keyword
다음에 다른 멤버들 생일카페도 있으면 좋겠어요!!!,"Vibe, Coffee/Drink",keyword
귀엽고 깔끔한 카페!,"Dessert/Bakery, Coffee/Drink",keyword
다음에 또 올게용,"Dessert/Bakery, Coffee/Drink",keyword
재민이 생일 카페 재밌게 즐기다 가용,Coffee/Drink,keyword
카페 넓고 예뻐서 사진 찍기도 좋고 편히 있다 갈 수 있어요!,"Vibe, Coffee/Drink",keyword
아이스티가 달고 진짜 맛있어요!,Coffee/Drink,keyword
"매장이 넓고 쾌적해서 있기도 편했고,디저트도 적당히 달고 맛있었어요","Dessert/Bakery, Coffee/Drink, Vibe",keyword
저는 아이돌 생일카페로 인해서 방문하게 되었는데 카페 직원 분들도 친절하시고 좋았어서 사적으로도 재방문 의사가 있어욥!,"Service, Dessert/Bakery, Coffee/Drink, Vibe",keyword
마카롱 진짜 맛있고 카페 너무 귀여워용,Coffee/Drink,keyword
너무 귀여운 버니잼이 입구부터!,Vibe,keyword
내부도 너무 넓고 분위가 좋았어요:) 커피도 맛있고 깔끔했습니다٩(ˊᗜˋ)و,"Dessert/Bakery, Coffee/Drink, Vibe",keyword
처음와봣는데 볼걸이도 많고 받을 수 있는 상품도 있어서 좋았어요!,"Price, Dessert/Bakery, Coffee/Drink, Vibe",keyword
카페도 넓어서,"Vibe, Coffee/Drink",keyword
"생일카페 때문에 방문하게 되었는데
매장 외부부터 너무 예쁘게 꾸며져있어서 좋았고
매장 안은 되게 넓고 깔끔했어요!!","Service, Dessert/Bakery, Coffee/Drink, Vibe",keyword
"메뉴도 맛있어보여서 생일카페 안 할 때도 나중에 또 
재방문 의사 있습니다","Service, Dessert/Bakery, Coffee/Drink, Vibe",keyword
재민이 생일을 맞이하여 온 B-DAY!,"Dessert/Bakery, Coffee/Drink",keyword
마카롱도 음료도 너무 맛있었습니다 ◡̎,Coffee/Drink,keyword
매장도 너무 쾌적하고 미리 재민날 즐겁게 보내고 가욧!,"Dessert/Bakery, Coffee/Drink, Vibe",keyword
재민이 생일기념 방문한 카페 !!,"Service, Dessert/Bakery, Coffee/Drink",keyword
음료랑 디저트도 맛있고 너무 귀여워요,"Dessert/Bakery, Coffee/Drink",keyword
음료가 맛있고 인테리어가 너무 예뻐요!,"Vibe, Coffee/Drink",keyword
재민이 생일 예쁘게 축하해주셔서 감사합니다.,"Dessert/Bakery, Coffee/Drink, Vibe",keyword
재민아 생일 미리 축하해,"Dessert/Bakery, Coffee/Drink",keyword
넓고 사진찍기좋아요ㅎㅎ,Vibe,keyword
처음와봤는데 인테리어가 이쁘도 음료도 맛있었습니다,"Dessert/Bakery, Coffee/Drink, Vibe",keyword
좋아하는 노래들도 계속 나와서 좋았고 카페 깔끔하고 분위기도 좋아요!,"Dessert/Bakery, Coffee/Drink, Vibe",keyword
음료도 맛있었습니다:) 재밌게 즐기다가 가요!,Coffee/Drink,keyword
내부 넓고 깔끔하고 시원해요!,"Dessert/Bakery, Coffee/Drink, Vibe",keyword
음료도 맛있어요^^,Coffee/Drink,keyword
"사장님 너므ㅡ 친절하셔요ㅠㅠㅠㅠ
재민이도...","Service, Dessert/Bakery, Coffee/Drink",keyword
재민이 생카 찾아왔어요,Dessert/Bakery,keyword
카페가 넓고 쾌적해서 우리핑크공주 재민이 생일파티랑 찰떡인 느낌이예요,"Dessert/Bakery, Coffee/Drink, Vibe",keyword
인기카페답게 사람도 많네요,"Dessert/Bakery, Coffee/Drink, Vibe",keyword
음료가 너무 예뻐서 먹기가 아까워요,"Vibe, Coffee/Drink",keyword
재민아 생일추카해!!,"Dessert/Bakery, Coffee/Drink",keyword
카페 짱이쁘고 음료가 맛있어요,"Vibe, Coffee/Drink",keyword
생카 아니어두 오고싶어욤><,"Dessert/Bakery, Coffee/Drink",keyword
매장 너무 예쁘구 귀여워요!,Vibe,keyword
안에 공간도 넓어서 쾌적하고 좋네요!,"Dessert/Bakery, Coffee/Drink, Vibe",keyword
공간 예쁘게 꾸며주셔서 감사합니다 :),"Dessert/Bakery, Coffee/Drink, Vibe",keyword
음료도 맛있고 마카롱도 맛있어요,Coffee/Drink,keyword
재민이 생일 덕분에 좋은 카페 알게 됐어요! ◡̈,Coffee/Drink,keyword
음료도 맛있습니다,Coffee/Drink,keyword
재민이가 잘생기구 음료가 맛있어용,Coffee/Drink,keyword
내부 깔끔하고 귀엽고 좋아요!,"Dessert/Bakery, Coffee/Drink",keyword
재민이 생카 왔다갑니당✨,"Dessert/Bakery, Coffee/Drink",keyword
완전 넓고 좋아요!,Vibe,keyword
😍😍 특전 도안이 다 예쁘고 귀여웠어요,Vibe,keyword
매장이 넓고 인테리어도 깔끔해요,"Dessert/Bakery, Coffee/Drink, Vibe",keyword
커피도 디저트도 굿굿👍,"Dessert/Bakery, Coffee/Drink",keyword
"BTS 지민의 컴백 축하 기념으로 다녀왔어요
전반적으로 화이트톤이라 깔끔한 인테리어라서 넓고 쾌적한 느낌이었어요","Dessert/Bakery, Coffee/Drink, Vibe",keyword
기념일에 맞는 음료를 판매해주셔서 주문했는데 기대 이상의 맛이어서 감동했어요,"Service, Dessert/Bakery, Coffee/Drink",keyword
😍 같이 주문한 케이크도 넘 맛있었어요,"Service, Dessert/Bakery, Coffee/Drink",keyword
묵직한 식감이라서 점저겸 먹는데도 배불러서 다 못 먹었습니다ㅎㅎ,"Dessert/Bakery, Coffee/Drink",keyword
진하지만 많이 달지 않은 치케 찾으신다면 이걸로 비데이 바스크치케 드셔보세요,"Service, Dessert/Bakery, Coffee/Drink, Vibe",keyword
처음 방문했는데 음료랑 디저트 너무 맛있어요.,"Service, Dessert/Bakery, Coffee/Drink",keyword
카페 공간이 넓어서 휴식하면서 커피 한 잔 하기 좋은 거 같아요.,"Dessert/Bakery, Coffee/Drink, Vibe",keyword
방탄 지민 뮤즈발매 이벤트로 여기 처음왔는데 화이트 실내인테리어에 작은 정원도 있고 너무 예쁘네요,"Dessert/Bakery, Coffee/Drink, Vibe",keyword
치즈케이크도 맛있고 보라에이드 음료도 맛있어요,"Dessert/Bakery, Coffee/Drink",keyword
담에 또 와야겠어요~~,"Dessert/Bakery, Coffee/Drink",keyword
보라에이드 너무 예뻐요!,"Vibe, Coffee/Drink",keyword
지민 이벤트 중이라 여기저기 지민이 가득해서 좋았습니당,"Dessert/Bakery, Coffee/Drink",keyword
복잡한 다른 성수역 카페들이랑은 분위기가 달라요.,"Dessert/Bakery, Coffee/Drink, Vibe",keyword
채광에 나무들까지… 교외에 있는 느낌이었어요,"Vibe, Coffee/Drink",keyword
카페 인테리어가 너무 취향저격이라 여기있는 내내 기분이 너무좋고 커피랑 디저트도 너무 맛있어요,"Dessert/Bakery, Coffee/Drink, Vibe",keyword
다음에 꼭 또 방문할게요,"Service, Dessert/Bakery, Coffee/Drink",keyword
성수에 이렇게 야외테라스까지 있고 여유로운 공간이 있다니 놀랐어요!,"Dessert/Bakery, Coffee/Drink, Vibe",keyword
외곽에 놀러 온 듯한 한적한 느낌과 함께 공간도 넓고 심플 세련된 공간이에요.,"Dessert/Bakery, Coffee/Drink, Vibe",keyword
🤩 아이돌 생일카페로도 운영한다고 했는데 그래서 인지 한쪽에서 행사 준비 중이시더라구요|~,"Dessert/Bakery, Coffee/Drink, Vibe",keyword
신기했어요!,"Dessert/Bakery, Coffee/Drink",keyword
"😀 
메뉴도 다양하고 여름을 맞이하여 애플망고빙수 먹었는데 망고도 듬뿍 아낌없이 주셔서!","Dessert/Bakery, Coffee/Drink",keyword
빙수 먹는 내내 망고 부족함 없이 시원하게 넘 맛있게 잘 먹었습니당,"Dessert/Bakery, Coffee/Drink",keyword
인테리어가 너무 힙하고 예뻐요!,"Dessert/Bakery, Coffee/Drink, Vibe",keyword
성수동 대형카페가 하나 더 생겼네요,Coffee/Drink,keyword
아이돌 생일카페라는데 매장 깨끗하고 시원해서 또 가야겠어요,"Dessert/Bakery, Coffee/Drink, Vibe",keyword
"음료랑 디저트 맛있고 공간도 넓어서 대관하거나
아이돌 생일카페로 활용하기에 딱 좋을것 같아요!","Dessert/Bakery, Coffee/Drink, Vibe",keyword
비데이에서 힐링하다 갑니다,"Dessert/Bakery, Coffee/Drink",keyword
세 공간으로 나눠져있어서 많이 북적거리지도 않고 힐링되는 분위기였어요ㅎㅎㅎ,"Vibe, Coffee/Drink",keyword
이번 여름 빙수로 추천합니다!!,"Dessert/Bakery, Coffee/Drink, Vibe",keyword
너무맛있게먹고갑니다 번창하세요,"Dessert/Bakery, Coffee/Drink",keyword
인테리어도 예쁘고 엄청 넓어요ㅎㅎ,Vibe,keyword
입구부터 너무 예쁘네요ㅠ,Vibe,keyword
프레임 찍을 수 있는 곳도 있고 넘 좋아요ㅠ!,"Vibe, Coffee/Drink",keyword
티라미수랑 커피 맛았어요!,"Dessert/Bakery, Coffee/Drink",keyword
"커피도 고소한커피라 산미없는거 좋아하시는 분들 추천,,,카페도 넓고 쾌적해요!!","Dessert/Bakery, Coffee/Drink, Vibe",keyword
성수핫플에서 가장 쾌적한 카페가 아닐까 싶어요..(찐심),"Dessert/Bakery, Coffee/Drink",keyword
"역이랑 약간 떨어져있지만 괜찮은,,걸을정도?","Position, Vibe, Coffee/Drink",keyword
신유 카페 너무 예뻐요오!!,"Dessert/Bakery, Coffee/Drink, Vibe",keyword
"🤩💗
기본 특전도 이쁘고 신유 포스터는 더 예뻐요!!","Vibe, Coffee/Drink",keyword
내부 너무 예쁘게 꾸며져 있어요,"Dessert/Bakery, Coffee/Drink, Vibe",keyword
공간도 넓어서 더 좋아요,Vibe,keyword
음료랑 디저트도 맛있어요,"Dessert/Bakery, Coffee/Drink",keyword
너무 예뻐요!!!,Vibe,keyword
예쁜 유 사진으로 해주셔서 너무 감사해요!!!!!!,"Dessert/Bakery, Coffee/Drink, Vibe",keyword
이쁘고 맛있고 행복하고~ 또올께용,"Dessert/Bakery, Coffee/Drink, Vibe",keyword
"가게가 넓찍넓찍하고
야외자리도 햇살좋은날 딱이에요!","Dessert/Bakery, Coffee/Drink, Vibe",keyword
또 오고 싶습니다!!,"Dessert/Bakery, Coffee/Drink",keyword
장소도 넓고 쾌적하고 커피도 맛있어요!!!,"Dessert/Bakery, Coffee/Drink, Vibe",keyword
너무 친절하십니다~~,"Service, Dessert/Bakery, Coffee/Drink",keyword
쇼케가기전에 들렀는데 매장 완전청결하구 이뻐요,"Dessert/Bakery, Coffee/Drink, Vibe",keyword
데뷔기념카페 다녀왔어요!,Coffee/Drink,keyword
디저트 양도 많고 커피도 맛있어요!,"Dessert/Bakery, Coffee/Drink",keyword
정환이 예쁘게 꾸며져있어서 좋았어요!,"Vibe, Coffee/Drink",keyword
투어스 컴백카페로 방문했는데 매장도 넓고 깔끔하고너무 좋아요!!,"Service, Dessert/Bakery, Coffee/Drink, Vibe",keyword
"v  이벤트 참여겸 왔는데 
아이스 아메리카도 맛나네요~","Dessert/Bakery, Coffee/Drink",keyword
이벤트가 잇어서 카페에  찾아서 왔는데  하얀  인테리어에  깔끔하고 좋앗습니당,"Service, Dessert/Bakery, Coffee/Drink, Vibe",keyword
태태보러왔다가 달콤한 케이크도 먹고 좋았어요,"Dessert/Bakery, Coffee/Drink",keyword
우연히 방문했는데 야외공간도 예쁘고 내부도 넓고 깨끗해서 좋았습니다,"Service, Dessert/Bakery, Coffee/Drink, Vibe",keyword
망고 아이스티를 처음 먹어봤는데 너무 맛있었어요!,Coffee/Drink,keyword
직원분들더 친절하고 좋았습니다!,"Service, Dessert/Bakery, Coffee/Drink",keyword
음료가 맛있고 디저트가 너무 귀여워요!,"Dessert/Bakery, Coffee/Drink",keyword
카페 예뻐요,"Vibe, Coffee/Drink",keyword
이벤트 카페 너무 좋아요,Coffee/Drink,keyword
성수에 이렇게 큰 매장이 있었나 싶을정도로 큰 카페라서 놀랐습니다.,"Service, Dessert/Bakery, Coffee/Drink, Vibe",keyword
들어가보니 인테리어도 너무 예쁘고 사진도 잘나오는 분위기라 더 좋았습니다.,"Vibe, Coffee/Drink",keyword
커피도 맛있고 생긴지 얼마 안됐는지 전체적으로 깔끔했어요.,"Dessert/Bakery, Coffee/Drink",keyword
"방탄소년단 뷔 데뷔 11주년 기념 전시회
카페 다녀왔어요
귀여운 곰돌이 케잌 넘 이뻐요","Vibe, Coffee/Drink",keyword
방탄소년단 뷔 카페 이벤트로 방문하게 되었는데 야외 좌석도 있고 안에도 넓고 너무 좋아요!,"Service, Dessert/Bakery, Coffee/Drink, Vibe",keyword
직원들도 너무 친절했습니다.,"Service, Dessert/Bakery, Coffee/Drink",keyword
😀 안에도 들어가니 태형이로 가득 꾸며져있어서 너무나 행복💜 태태 사랑해🥰 음료는 보라에이드 마셨는데 색깔도 이쁘고 맛있었어요.,"Dessert/Bakery, Coffee/Drink, Vibe",keyword
매장이 넓고 깨끗하고 분위기도 좋았어요,"Dessert/Bakery, Coffee/Drink, Vibe",keyword
"매장도 진짜크고 인테리어도 너무 예뻐요:)
오늘은 날씨가 너무 좋아서 야외 그늘테이블에 앉아서 편히쉬다가요
성수에 이렇게 예쁜카페가있는지 몰랐어요","Service, Vibe, Coffee/Drink",keyword
가켝이 헙리적인듯 서울 카페치고는~~~,Coffee/Drink,keyword
성수동 카페거리에 신상 대형카페가 생겨서 갔는데 분위기도 좋고 깨끗하고 넓어서 좋았어요.,"Dessert/Bakery, Coffee/Drink, Vibe",keyword
음료도 맛있었고 아포가토 카스테라는 진짜 맛있으니 주문해보세요.,"Service, Dessert/Bakery, Coffee/Drink",keyword
커피는 잘 부우셔야 돼요.,"Dessert/Bakery, Coffee/Drink",keyword
대관도 하고 아이돌생파이벤트도 한다고해서 재방문 예정이에요.,"Service, Dessert/Bakery, Coffee/Drink",keyword
성수역 3출구에서 11분거리 있는 아이돌 생일카페인 B DAY 에 다녀왔는데요,"Position, Vibe, Coffee/Drink",keyword
성수동에 새로 오픈한 카페이며 카페 외관부터 청량한 느낌이 들어서 정말 이쁘더라구요,"Dessert/Bakery, Coffee/Drink, Vibe",keyword
입구로 들어가면 왼쪽과 오른쪽으로 공간이 구분되있고 내부가 넓은 편이에요,"Service, Dessert/Bakery, Coffee/Drink, Vibe",keyword
전체적으로 화이트톤으로 된 느낌이며 의자가 포인트를 준 느낌이라는 점이죠,Vibe,keyword
"천장부분이 유리로 되있어 자연광이 들어와서 포토존으로 쓰기도 좋고 전신거울도
있어 사진찍기도 좋았어요","Vibe, Coffee/Drink",keyword
"커피를 비롯하여 라떼, 스무디 ,티, 주스,케이크, 와플, 빵 등의 다양한 메뉴가 있네요","Dessert/Bakery, Coffee/Drink, Vibe",keyword
직원분이 친절하게 물어봐주시고 더운날에 방문했는데 물도 따로 주셔서 고마웠어요,"Service, Dessert/Bakery, Coffee/Drink",keyword
저희는 아이스아메리카노랑 애플망고빙수를 시켰는데 시즌별로 바뀐다고 하더라구요,"Dessert/Bakery, Coffee/Drink, Vibe",keyword
우유얼음이 시원하면서 달달한 애플망고가 씹히는 맛!!,"Dessert/Bakery, Coffee/Drink",keyword
카페 너무 예뻐요!,"Vibe, Coffee/Drink",keyword
우연히 왔는데 진짜 카페 찐으로 예뻐요.,"Dessert/Bakery, Coffee/Drink, Vibe",keyword
대관하면 너무 좋을 것 같아요!,"Dessert/Bakery, Coffee/Drink",keyword
디저트도 맛있고 커피도 맛있네요,"Dessert/Bakery, Coffee/Drink",keyword
사진도 엄청 잘 나와요,Coffee/Drink,keyword
완전 강추해요,"Dessert/Bakery, Coffee/Drink",keyword
새로 생긴 거 같아서 가봤는데 인테리어가 엄청 하얗고 깔끔했어요!!!,"Dessert/Bakery, Coffee/Drink, Vibe",keyword
천장에 창문이 있는데 날씨 좋은 날 와서 그런가 액자 같고 예뻤어요,"Dessert/Bakery, Coffee/Drink, Vibe",keyword
콜드브루 마셨구 살짝 산미 도는게 완전 제취향🥹🥹 안에 남자아이돌 이벤트를 하고 있더라구용,"Dessert/Bakery, Coffee/Drink, Vibe",keyword
야외공간도 넓고 해서 이벤트 같은 거 하기 좋아보였어요ㅋㅋㅋ,"Dessert/Bakery, Coffee/Drink, Vibe",keyword
손님이 많았는데 커피가 엄청 빨리 나와서 너무 잘 마시고 갑니다,Coffee/Drink,keyword
💓 번창하세용!,"Dessert/Bakery, Coffee/Drink",keyword
제베원 컴백 기념 카페!,Coffee/Drink,keyword
너무 예쁨ㅠㅠㅠㅠㅠㅠㅠㅠ,Vibe,keyword
생카도 여기서 해주세여,"Dessert/Bakery, Coffee/Drink",keyword
너무 예쁜 카페에요!,"Vibe, Coffee/Drink",keyword
커피도 맛있고 분위기도 좋았습니다.,"Vibe, Coffee/Drink",keyword
직원분들 너무 친절~ 😻,Service,keyword
분위기 좋고 성수동 분좋카 에요,Vibe,keyword
디저트들 스콘 다 맛있어요 ㅎㅎ,Dessert/Bakery,keyword
프렌치 토스트 넘 맛있고 스콘도 맛있어요ㅠㅠ!!,Dessert/Bakery,keyword
위에 앉을 곳이 따로 있고 넓어요,"Dessert/Bakery, Coffee/Drink, Vibe",keyword
인테리어도 넘 예쁘네요,Vibe,keyword
영국감성을 그대로 성수동에서 느낄 수 있는 유일한 공간인 헨리스플랏!!!,"Dessert/Bakery, Coffee/Drink, Vibe",keyword
"맛있고 특별한 프렌치토스트를 맛볼 수 있다고 해서 찾아온 성수 브런치 카페 헨리스플랏인데요, 스콘도 정말 맛있어서 추천 드리고 싶어요.","Dessert/Bakery, Coffee/Drink, Vibe",keyword
"다른 베이커리류도 아침에 구워 나와서 정말 먹음직스러웠는데요, 혼자 다 못먹는게 아쉬울정도더라고요.",Coffee/Drink,keyword
"같이 곁들인 커피도 정말 고소하고 깊이감이 있어서 맛있고요, 사실 인테리어가 너무 예뻐요.","Vibe, Coffee/Drink",keyword
따뜻하고 포근한 감성이 있어서 다가오는 크리스마스에도 여기 생각날것 같아요!!,"Dessert/Bakery, Coffee/Drink, Vibe",keyword
너무 맛있게 즐겁게 즐기다가 왔어요.,"Dessert/Bakery, Coffee/Drink",keyword
인테리어에 공들이느라 커피는 종이컵에 주시는 곳!,"Vibe, Coffee/Drink",keyword
제대로된 스콘이 너무 먹고싶어 일부러 검색해서 찾아왔다.,"Dessert/Bakery, Coffee/Drink",keyword
골목골목 안쪽에 조용한 곳에 멋드러진?,"Position, Dessert/Bakery, Coffee/Drink, Vibe",keyword
독특한 외관과 영국국기가 맛에 대한 기대를 잔뜩 올린다.,"Dessert/Bakery, Coffee/Drink, Vibe",keyword
"스콘은 평범하고 뜨거운 커피를 종이컵에 준다.
ㅠㅠ","Dessert/Bakery, Coffee/Drink",keyword
5천500원이나 냈는데 이건모 믹스커피도 아닌데.,Coffee/Drink,keyword
5.5천원이 큰돈은 아니나...,"Service, Coffee/Drink, Price",keyword
식음하는 기분이 전혀안남.,"Dessert/Bakery, Coffee/Drink, Vibe",keyword
배경음악도 경쾌한 팝이 흘러나오는데 고전적인 인테리어랑 약간 미스매칭되는 느낌.,"Dessert/Bakery, Coffee/Drink, Vibe",keyword
스콘은 평범하나 이것도 데우거나 접시에 주지않음.,"Dessert/Bakery, Coffee/Drink",keyword
잼과 버터가 녹을까봐 데우지 못해서 평범한 맛인지도...,"Dessert/Bakery, Coffee/Drink",keyword
암튼 재방문각은 아니나 조용한 곳이 필요하면 찾게될지도.,"Service, Dessert/Bakery, Coffee/Drink, Vibe",keyword
공간이 집을 개조해서 방마다 테이블이 한두개밖에 없다.,"Dessert/Bakery, Coffee/Drink, Vibe",keyword
프렌치토스트 진짜 퀄리티 미쳤네요.,Dessert/Bakery,keyword
크림브륄레처럼 겉면이 파삭해서 기분 좋고 속은 촉촉해요♡,"Dessert/Bakery, Coffee/Drink, Vibe",keyword
와 이렇게 퀄 좋은 단호박스프를 카페에서 먹는게 말이 돼?! ㅋㅋㅋㅋ,Coffee/Drink,keyword
진짜 여기 요리 잘하는 듯~~,"Dessert/Bakery, Coffee/Drink",keyword
겉바속촉 프렌치토스트 대박 맛있어요!,Dessert/Bakery,keyword
무화과랑 함께 먹으니까 최고네요.,Coffee/Drink,keyword
"👍🏻
디저트 메뉴 정말 다양한데 하나하나 다 맛보고 싶어요.","Dessert/Bakery, Coffee/Drink",keyword
그리고 인테리어 대박!,Vibe,keyword
고개를 돌리는 곳마다 포토존이에요.,Vibe,keyword
성수 올 때마다 꼭 들려야겠어요.,"Dessert/Bakery, Coffee/Drink",keyword
브런치로 프렌치토스트 + 수프+ 아멜카노 조합 환상적!,"Dessert/Bakery, Vibe",keyword
일단 분위기 넘 감성적이고 예뻐서 아이들도 좋아할것 같아요,"Dessert/Bakery, Vibe",keyword
나즁에 조카데리고 오려고요,"Dessert/Bakery, Coffee/Drink",keyword
클래식 프렌치토스트가 너무 맛있어요 ♥,Dessert/Bakery,keyword
분위기가 너무 좋아요~~!,Vibe,keyword
"디저트맛집
인테리어가 너무이뻐요ㅎㅎㅎ","Dessert/Bakery, Vibe",keyword
또올게요,"Dessert/Bakery, Coffee/Drink",keyword
"커피 음료 디저트 모두 만족^^
자두에이드는 넘 달지 않아 좋고
아보카도 토스트는 건강한 맛~
오픈한지 얼마 안되서 그런지
카페도 깨끗하고^^
여기저기 안 예쁜곳이
없네요..","Price, Dessert/Bakery, Coffee/Drink, Vibe",keyword
사장님도 넘 친절요~,Service,keyword
카페가 너무 예쁘고 디저트도 너무 맛있어요ㅠㅠ♡♡,"Dessert/Bakery, Coffee/Drink, Vibe",keyword
전부터 너무나 와보고싶었던 곳이에요!,"Dessert/Bakery, Coffee/Drink, Vibe",keyword
연휴에 시간이 딱 맞아서 방문했는데 역시 기대한만큼 예쁘군뇨,"Service, Dessert/Bakery, Coffee/Drink, Vibe",keyword
🫢 매장 전체가 거대한 포토존같음..,"Dessert/Bakery, Coffee/Drink, Vibe",keyword
죵말 예쁘고요🫶🏻 커피랑 베이커리도 생각보다 저렴해서 놀랐어요 성수동에 이런 규모와 인테리어에 가성비까지..?,"Price, Dessert/Bakery, Coffee/Drink, Vibe",keyword
저만 알고싶은데 흑흑 아주 조금만 유명해졌으면 좋겠어요,"Dessert/Bakery, Coffee/Drink",keyword
성수 카페 헨리스플랏!,Coffee/Drink,keyword
프렌치토스트 맛집이라는 소문을듣고 방문해봤습니당>_<,"Service, Dessert/Bakery, Coffee/Drink",keyword
살살녹는 겉바속촉 프렌치토스트와 푸딩스콘이 너무너무 맛있었던...,Dessert/Bakery,keyword
❤️ 영국 가정집 느낌의 카페 인테리어도 너무 이뻐서 곳곳이 다 포토존이고 사진도 너무 잘나옵니다!!!,"Vibe, Coffee/Drink",keyword
성수 카페로 추천해요,"Dessert/Bakery, Coffee/Drink, Vibe",keyword
토스트 넘 맛있고 포장해온 푸딩스콘도 색다르고 맛있었어요✨,"Dessert/Bakery, Coffee/Drink, Price",keyword
직장이근처라서 왔는데 분위기 너무 좋아요,"Dessert/Bakery, Coffee/Drink, Vibe",keyword
영국식,Vibe,keyword
"지난 크리스마스때 오고 오랜만에 방문했는데, 여전히 인테리어가 너무 이뻐요.","Service, Dessert/Bakery, Coffee/Drink, Vibe",keyword
그때보다 디저트 종류가 더 다양해졌어요.,"Dessert/Bakery, Coffee/Drink",keyword
프렌치토스트 이번 신메뉴라 시켜봤는데 너무 이쁜데 너무 맛있어요.,"Dessert/Bakery, Vibe",keyword
가까우면 자주 오고 싶어요!,"Dessert/Bakery, Coffee/Drink",keyword
분위기가 좋은데 너무 외진 곳에 있어 접근성이 약간 떨어지는 점이 아쉽네요,"Position, Vibe, Coffee/Drink",keyword
ㅋㅋㅋ 카페서 먹은 건 찍지도 못하고 포장해서 사온 스콘!!!,"Dessert/Bakery, Coffee/Drink, Price",keyword
카페 분위기가 너~~~무 예뻐요,"Vibe, Coffee/Drink",keyword
😍 커피랑 디저트도 넘 맛있고 디저트 종류가 다양해서 좋아요~!!,"Dessert/Bakery, Coffee/Drink",keyword
남자친구분들 여기서 여자친구분 인생샷 찍어주세요,Vibe,keyword
공간이 너무 예쁨,Vibe,keyword
"스튜디오 그자체
평일 방문 기준 여유로웠음",Service,keyword
잠시나마 런던 여행온 느낌 💕💕,"Dessert/Bakery, Coffee/Drink",keyword
"너무 와보고 싶었던 곳이였는데 와보니
생각했던 것 보다 너무 예뻐요","Dessert/Bakery, Coffee/Drink, Vibe",keyword
"공간도 넓어
혼자서도 친구랑도 단체로도 너무 좋을 것 같아요","Dessert/Bakery, Vibe",keyword
"커피도 고소하니 맛있고 디저트들이
정말 최고에요~~","Dessert/Bakery, Coffee/Drink",keyword
"카페도 예쁘고 영국 여행온느낌:) 
커피도 디저트도 맛있어요","Dessert/Bakery, Coffee/Drink, Vibe",keyword
힐링하러 오기 딱 좋은 예쁜카페,"Dessert/Bakery, Coffee/Drink, Vibe",keyword
"저 초코에 소금 올라간 휘낭시에가
 진짜 맛있어요 !",Dessert/Bakery,keyword
겉은 바삭하고 속은 촉촉하니 휘낭시에의 정석을 먹는듯한 느낌이라추천합니다요!!,"Dessert/Bakery, Coffee/Drink, Vibe",keyword
카페 분위기도 좋고 조용해서 너무 좋습니다,"Dessert/Bakery, Coffee/Drink, Vibe",keyword
영국가정식 인테리어가 밝고 편안한 느낌을 주는 예쁜 까페에요~,"Dessert/Bakery, Coffee/Drink, Vibe",keyword
플랫화이트 커피 진하고 맛있어서 순삭이네요^^,Coffee/Drink,keyword
추가로 티를 더 마셨답니다 ㅎㅎ,"Vibe, Coffee/Drink",keyword
분위기 완전 영국이에요🇬🇧,Vibe,keyword
"1층, 2층으로 매장이 매우 넓어요.",Vibe,keyword
그리고 디저트도 완전 맛있어요..!!,Dessert/Bakery,keyword
휘낭시에 셈라 전부 최고에요!!,Dessert/Bakery,keyword
다음에 스콘도 먹어보려고요.,"Dessert/Bakery, Coffee/Drink",keyword
"분위기 좋은 곳에서 맛있는 디저트,, 최고입니다","Dessert/Bakery, Vibe",keyword
디저트도 맛있고 영국 감성 낭낭하게 나서 넘 좋았습니다!,"Dessert/Bakery, Coffee/Drink, Vibe",keyword
성수동에 이렇게 쾌적한 곳 찾기 힘든데 잘 놀다가용 ~!,"Service, Dessert/Bakery, Coffee/Drink, Vibe",keyword
성수에 위치한 영국 느낌의 분위기 좋은 카페에요.,"Position, Dessert/Bakery, Coffee/Drink, Vibe",keyword
디저트 라인업도 다양하고 모두 맛있어요.,"Dessert/Bakery, Coffee/Drink",keyword
특히 셈라를 강력 추천합니다.,"Dessert/Bakery, Coffee/Drink, Vibe",keyword
커피도 달달하고 맛있어서 완벽한 카페에요~,"Dessert/Bakery, Coffee/Drink",keyword
"영국 가정집 느낌 제대로~ 이국적인 인테리어, 편안한 분위기와 배경 음악도 감미롭고 좋아요.","Dessert/Bakery, Coffee/Drink, Vibe",keyword
"커피랑 음료, 디저트도 정말 맛있네요 :)","Dessert/Bakery, Coffee/Drink",keyword
"셈라 처음 먹어 봤는데, 특히 커스터드 셈라가 별미입니다~~","Dessert/Bakery, Coffee/Drink",keyword
"부드럽고 적당한 달콤한 크림, 담백한 빵, 바삭한 시리얼과 같은 과자랑 넘 잘어울려요.","Dessert/Bakery, Coffee/Drink",keyword
빵이 부드럽고 크림도 느끼하지않은 진짜 맛있는 크림이라 좋았어요!ㅎㅎ,Dessert/Bakery,keyword
너무 분위기도 좋고 귀여운 카페에요~~,"Vibe, Coffee/Drink",keyword
"휘낭시에랑 샘라 디저트 다 맛있고
시그니처인 헨리라떼도 크림이 달달하니 너무 맛있네요!",Dessert/Bakery,keyword
디저트 먹으러 자주 방문할 것 같아요,"Service, Dessert/Bakery, Coffee/Drink",keyword
라떼 연하게 시켰는데 너무 꼬소하고 달달해요,"Dessert/Bakery, Coffee/Drink",keyword
셈라에 그래놀라 뿌려먹으니 진짜 대존맛!!,"Dessert/Bakery, Coffee/Drink",keyword
근데 인테리어 구경하느라 시간 가는 줄 모릅니닿ㅎ,"Service, Dessert/Bakery, Coffee/Drink, Vibe",keyword
나중에 친구들 데려오고 싶어요,Vibe,keyword
"💗 
다른 맛의 셈라도, 소금번도!",Dessert/Bakery,keyword
에그스콘.?..,Dessert/Bakery,keyword
"도 엄청 맛있게 생겼던데
다음에 도장깨기 하러 오겟음","Dessert/Bakery, Coffee/Drink",keyword
"말돈소금초코휘낭시에 , 헨리라떼 추천해요!","Dessert/Bakery, Coffee/Drink, Vibe",keyword
😀 휘낭시에에 초콜렛 코팅이 되어있는데 초코부분이 완전 빠삭!,"Vibe, Coffee/Drink",keyword
하고 소금의 짭잘한 맛이랑도 넘 잘어울려요,"Dessert/Bakery, Coffee/Drink",keyword
헨리라떼 달달하니 맛있네요,Coffee/Drink,keyword
사진찍을만한곳들도 넘 많아서 좋아요!,"Dessert/Bakery, Coffee/Drink, Vibe",keyword
지난 번에 먹었던 셈라 먹고 싶어서 다시 왔어요!!!,"Dessert/Bakery, Coffee/Drink",keyword
제가 예쁜 데 갔다왔다고 친구한테 자랑하니깐 친구도 가보고 싶다고 해서 이번엔 함께 왔는데 친구도 예쁘다고 좋아하구 공간도 좋고 맛있어서 다음에 또 오기로 했습니닷,"Dessert/Bakery, Coffee/Drink, Vibe",keyword
올 때마다 넘 좋네용:),"Dessert/Bakery, Coffee/Drink",keyword
커스터드 셈라 진짜 완전 추천합니다,"Dessert/Bakery, Coffee/Drink, Vibe",keyword
👍🏻👍🏻어쩜 이렇게 맛있냐를 연발하며 먹었네요,"Dessert/Bakery, Coffee/Drink",keyword
🥹 공간도 1-2층 전부 예쁘게 꾸며져 있어서 아주 훌륭하고용… 머물다 갈 맛이 나는 곳입니다,"Dessert/Bakery, Coffee/Drink, Vibe",keyword
음료 특이하고 맛있었어요!,"Dessert/Bakery, Coffee/Drink",keyword
"1층, 2층 있어서 넓고 대화하기 좋아요!","Dessert/Bakery, Coffee/Drink, Vibe",keyword
카페도 이쁘게 꾸며져있어요~!,"Vibe, Coffee/Drink",keyword
이쁜 사진 많이 찍고 갑니당~,Vibe,keyword
성수의 이렇게 분위기 좋고 런던 느낌 물씬나는 카페가 생겼다니!!!!,"Vibe, Coffee/Drink",keyword
2층까지 테이블도 많아 자리도 충분하고 눈길닿는 구석구성 눈호강이에요,"Dessert/Bakery, Coffee/Drink",keyword
🧡 알려지면 웨이팅있을거같은데 아직 신상카페라 소문나기전에 와서 다행이에요.,"Service, Dessert/Bakery, Coffee/Drink, Vibe",keyword
휘낭시에들 크고맛있구 셈라는 대체뭘까 궁금했는데 그래놀라랑 커스타드크림과 생크림이 섞여서 달콤한 고급스러운 디저트였네요.,"Service, Dessert/Bakery, Coffee/Drink",keyword
커피도 찐하고 맛있네요.,Coffee/Drink,keyword
와 진짜 성수에 이런 대형카페가...!,Coffee/Drink,keyword
주택개조 카페같은데 진짜 크구,"Service, Dessert/Bakery, Coffee/Drink",keyword
"넘 저아요
그리고 여기만 있는 디저트같은데 셈라 맛있어요","Dessert/Bakery, Coffee/Drink, Vibe",keyword
성수카페 분위기도 좋고 맛도 좋아요.,"Vibe, Coffee/Drink",keyword
커피도 맛있고 휘낭시에와 스콘 모두 맛있는데 특히 셈라가 최고였답니다,"Dessert/Bakery, Coffee/Drink",keyword
성수동에 위치한 영국 감성 카페인 헨리스플랏 방문했어요!!,"Vibe, Service, Position, Coffee/Drink, Dessert/Bakery",keyword
분위기가 유럽의 영국을 연상케하는 따듯한 분위기고 좌석도 넉넉해서 좋더라구요 ㅎㅎ,"Dessert/Bakery, Coffee/Drink, Vibe",keyword
"디저트로 스콘, 셈라 시켜먹었는데
달콤하면서 부드러운게 넘 맛났어요","Dessert/Bakery, Coffee/Drink, Vibe",keyword
그리구 밀크티 진짜 맛있네요,Coffee/Drink,keyword
인테리어가 너무 예쁜 카페예요.,"Vibe, Coffee/Drink",keyword
"성수역에서 조금 떨어져있지만
빵도 맛있고 1.2층 좌석도 넓고, 포토존도 있고
대화하기 좋아요","Dessert/Bakery, Coffee/Drink, Vibe",keyword
성수동카페로 가기 좋은 느좋카페에요 !,"Vibe, Coffee/Drink",keyword
"디저트도 다양하게 있고 
건물 외관부터 내부까지
영국 가정집 분위기를 느낄 수 있는
소품부터 인테리어가 정말 예뻤어요","Dessert/Bakery, Coffee/Drink, Vibe",keyword
"크림가득한 셈라, 겉바속촉 휘낭시에
버터풍미가 느껴지는 스콘과
촉촉 부드러운 번까지 다양하게 먹어봤는데
하나 같이 다 맛있었어요ㅎ","Dessert/Bakery, Coffee/Drink",keyword
디저트도 맛있고 카페 넘 예뻐요!,"Dessert/Bakery, Coffee/Drink, Vibe",keyword
성수역 근처 디저트맛집 찾다가 발견한 곳..★☆,"Service, Dessert/Bakery, Coffee/Drink, Vibe",keyword
"스콘, 휘낭시에, 번 등 디저트가 다양한데다 셈라라는 특이한 디저트가 있어서 이것도 먹어봤어요!","Dessert/Bakery, Coffee/Drink, Vibe",keyword
가나슈 셈라라서 시트 사이에 가나슈 초콜릿과 휘핑크림이 샌딩되어 있고 크럼블도 뿌려먹을 수 있어서 특이했던 디저트예요.,"Service, Dessert/Bakery, Coffee/Drink, Vibe",keyword
셈라 종류가 진짜 많던데,Dessert/Bakery,keyword
다음에는 카스테라 셈라도 먹어보려고요..,"Dessert/Bakery, Coffee/Drink",keyword
"가게도 B1카운터부터 1,2층까지 있어서 넓고 편하게 앉아서 쉬다가기 좋았어요!","Vibe, Coffee/Drink",keyword
유럽풍 인테리어도 예쁘고 분위기도 차분하니 감성 가득이에요 ㅠㅠ,"Dessert/Bakery, Coffee/Drink, Vibe",keyword
디저트 종류도 다양한데 하나하나 다 맛있고 분위기가 좋아서 데이트하기에도 딱이에요 ..,"Dessert/Bakery, Coffee/Drink, Vibe",keyword
🤍 셈라라는 디저트는 처음 먹어보는데 너무 맛있어서 앞으로 먹으러 자주 오려구요 ㅎㅎㅎ,"Dessert/Bakery, Coffee/Drink",keyword
여기 디저트 카페 진짜 귀여워요!!!,"Dessert/Bakery, Coffee/Drink",keyword
"🐻💕 곰돌이 모양 디저트가 너무너무 귀엽고, 2층 분위기도 완전 좋고 아늑해요~","Dessert/Bakery, Coffee/Drink, Vibe",keyword
"디저트도 맛있고, 녹두 앙버터 꼭 먹어봐야 해요!!","Dessert/Bakery, Coffee/Drink",keyword
😊✨ 다음에 또 가고 싶은 카페예요!!,Coffee/Drink,keyword
빵 종류도 다양하고 셈라는 처음 먹어보는데 맛있어요.,"Dessert/Bakery, Coffee/Drink",keyword
카페 분위기도 좋고 포토존이 있어서 사진 찍기도 좋아요.,"Vibe, Coffee/Drink",keyword
성수 신상 카페찾다가 발견했는데 영국바이브 느낄수 있을 것 같아서 방문했어요.,"Service, Dessert/Bakery, Coffee/Drink, Vibe",keyword
성수동에 큰 카페는 별로 없는데 여기는 생각보다 카페규모가 큽니다,"Service, Coffee/Drink",keyword
"😍 번으로 만든 디저트, 스콘, 휘낭시에 진짜 넘 맛있구요 포토존도 많아서 여기저기 사진찍어도 넘 예쁘게 나와요~","Dessert/Bakery, Coffee/Drink, Vibe",keyword
간만에 마음에 드는 카페 발견해서 기분좋습니당,"Dessert/Bakery, Coffee/Drink, Vibe",keyword
"맛있는 디저트와 커피가있는이곳
성수 원픽입니다","Dessert/Bakery, Coffee/Drink, Vibe",keyword
성수동 골목에 이런 공간이 있다니!,"Position, Vibe, Coffee/Drink",keyword
너무 예뻐요,Vibe,keyword
"디저트도 맛있고요 :)
집 앞 최애 카페 등극!","Dessert/Bakery, Coffee/Drink, Vibe",keyword
진짜 분위기 좋고 셈라 너무 맛있어요!!,"Dessert/Bakery, Vibe",keyword
새로 오픈해서 인테리어가 완전 세련됨 ㅠㅠ,"Dessert/Bakery, Coffee/Drink, Vibe",keyword
"성수에서 영국식 디저트가 먹고 싶어서 방문했는데, 너무 잘 찾아온 것 같아용!","Service, Dessert/Bakery, Coffee/Drink",keyword
직원분들도 친절하고 디저트와 음료도 너무 맛있어서 성수에 다시 온다면 재방문할 것 같아요.,"Service, Dessert/Bakery, Coffee/Drink",keyword
성수동 데이트 중에 방문했는데 2층 규모 대형 카페고 인테리어도 예뻐서 좋은 시간보냈습니다!,"Service, Dessert/Bakery, Coffee/Drink, Vibe",keyword
디저트도 다른 곳에서 찾기 어려운 셈라 같은 디저트가 있어서 유니크했어요.,"Service, Dessert/Bakery, Coffee/Drink, Vibe",keyword
셈라는 이번에 처음 먹어봤는데 맛있더라구요,"Dessert/Bakery, Coffee/Drink",keyword
😋 성수동 데이트 카페로 완전 추천합니당,"Dessert/Bakery, Coffee/Drink, Vibe",keyword
영국스타일의 카페입니다.,"Vibe, Coffee/Drink",keyword
건물외관부터 느껴지시죠?,Vibe,keyword
성수역 3번 출구를 따라 골목골목 걸으니 곰돌이 벽이 딱 보이더라고요.,"Position, Coffee/Drink",keyword
경수중학교 정문에서 100m가 안되니 1분이면 바로 카페입니다.,Coffee/Drink,keyword
오픈시간에 도착을 했는데 갓구운 디저트들이 나오고 있었어요.,"Dessert/Bakery, Coffee/Drink, Vibe",keyword
"저는 휘낭시에, 블루베리잼 스톤, 아메리아노 주문했어요.","Service, Dessert/Bakery, Coffee/Drink",keyword
"매장은 깔끔, 청결해서 좋았고 소품 하나하나와 매장 인테리어가 잘 어울려서 카페에 있는 시간 동안 행복했어요.","Dessert/Bakery, Coffee/Drink, Vibe",keyword
"커피도 맛있고 스콘도 촉촉하고 부드러워서 먹기 편했어요. ""헨리스 플랏""","Dessert/Bakery, Coffee/Drink",keyword
영국 느낌 유럽 느낌 낭낭한 예쁜 카페에요!,"Dessert/Bakery, Coffee/Drink, Vibe",keyword
이렇게 예쁜 카페가 생기다니 넘 좋네용....!,"Vibe, Coffee/Drink",keyword
와중에 빵들도 다 맛있답니닷,Dessert/Bakery,keyword
특히 바스번이랑 스콘이 맛있어요!!!!,Dessert/Bakery,keyword
"영국도 맛잘알 국가였다,,",Vibe,keyword
"인테리어만 보러 가도 좋은 곳
디저트는 못 먹어봤는데 라테는 좀 애매한 맛입니다","Dessert/Bakery, Coffee/Drink, Vibe",keyword
분위기도 좋고 너무 맛있어요!,Vibe,keyword
영국 여행 온거 같은 아늑한 분위기라 너무 좋아요.,"Dessert/Bakery, Coffee/Drink, Vibe",keyword
빵 냄새도 좋고 맛있는 빵도 정말 많네요 ㅎㅎ,Dessert/Bakery,keyword
카스테라 + 크림 조화 최고!!,Dessert/Bakery,keyword
성수 느좋 카페 🫶😆😆,Coffee/Drink,keyword
스콘!,Dessert/Bakery,keyword
먹고 포장하고 이동!!,"Dessert/Bakery, Coffee/Drink, Price",keyword
다시 찾아갈 수 있을까? ㅋㅋ,"Vibe, Coffee/Drink",keyword
성수동에서 이쁜카페 찾다가왔는데 인테리어도 너무 이쁘고 좌석도 편해요!,"Service, Dessert/Bakery, Coffee/Drink, Vibe",keyword
디저트 종류도 다양하고 많아서 추천합니다,"Dessert/Bakery, Coffee/Drink, Vibe",keyword
👍👍 주택개조카페라 분위기 완전좋아요,"Vibe, Coffee/Drink",keyword
❣️ 사진찍기에도 좋은 카페입니다 :),Coffee/Drink,keyword
인테리어가 미쳤어요 ㅠㅠㅠㅠㅠ,Vibe,keyword
"작은 소품 하나하나 다 너무 귀엽고 카페에 
사장님의 마음이 느껴집니다","Service, Dessert/Bakery, Coffee/Drink, Vibe",keyword
"🥰
음료와 베이커리도 너무 맛있었고 
사진 백만장 찍고 가요",Coffee/Drink,keyword
다양한 디저트가 있어요,"Dessert/Bakery, Coffee/Drink, Vibe",keyword
"커피도 맛있고 공간이
너무 예쁘네요","Vibe, Coffee/Drink",keyword
빵과 커피가 너무 맛있어서 재방문하고 싶은 곳입니다,"Service, Dessert/Bakery, Coffee/Drink, Vibe",keyword
카페도 크고 영국가정집 스타일 컨셉이라 아늑해요,"Service, Dessert/Bakery, Coffee/Drink, Vibe",keyword
사진보고 기대하고 왔는데 실물이 훨~~~씬 예쁘고 상상 이상입니다.,"Dessert/Bakery, Coffee/Drink, Vibe",keyword
따뜻한 분위기에 예쁜 소품들!,Vibe,keyword
1.2 층과 다른 분위기에 더욱 놀라구요!!,"Dessert/Bakery, Vibe",keyword
커피와 빵  넘 맛있고 특히 셈라는 씹히는 맛이 넘 잘 어울려 계속 손이가요!,"Dessert/Bakery, Coffee/Drink",keyword
인테리어에 반하고 맛에 또!,Vibe,keyword
반해버린 곳이에용 ♥,"Dessert/Bakery, Coffee/Drink, Vibe",keyword
"가오픈 때 인테리어에 반해 방문했는데 
다양한 디저트면 디저트, 커피면 커피까지 하나같이
다 맛나서 바로 저장해버렸어용><","Service, Dessert/Bakery, Coffee/Drink, Vibe",keyword
"헤헤
언제봐도 좋은 크리스마스 데코에
포토존도 넘쳐나서 너무 좋았어용 ㅎ-ㅎ",Coffee/Drink,keyword
"💖
성수에서 핫한 신상 카페 찾으시는 분들은 꼬-옥
도전해보세용~~!~!","Service, Dessert/Bakery, Coffee/Drink",keyword
"특히 낭낭한 크림과
생망고가 듬-쁙 둘어간 셈라는 먹자마자 행복해지는
맛이여서 꼬-옥 머스트에용","Dessert/Bakery, Coffee/Drink, Vibe",keyword
"달콤한 휘핑크림, 부드러운 밀크 번으로 영국과 북유럽 감성 그대로 즐길 수 있던 셈라는 부드럽고 촉촉하면서도 달콤한 맛이 완전 중독인데, ﻿특히 헨리스플랏의 셈라는 애플망고를 넣어 상큼달달한 맛과 식감까지 더해진 것이 특징이더라구요.","Dessert/Bakery, Coffee/Drink, Vibe",keyword
"먹기 좋은 방법 알려주신대로 빵 속을 살짝 파낸 후, 별도로 챙겨주신 크럼블을 안에 부어 함께 먹으면 달콤하고 고소한 견과류의 깊은 풍미까지 더해준 덕에 계속 퍼먹게 되던 디저트로 단연 이 날의 원픽!","Dessert/Bakery, Coffee/Drink, Vibe",keyword
"단독 전체 공간 포토존부터 햇살까지 제대로 맛집인데, 테이블 구성도 다양하고, 셈라뿐만 아니라 번, 스콘까지 찐 맛집이라, 여긴 완전 단골각이지 싶어요.","Dessert/Bakery, Coffee/Drink, Vibe",keyword
"정식 오픈 되면, 브런치 메뉴 오픈이라하니, 무조건 재방문각입니다.","Service, Dessert/Bakery, Coffee/Drink",keyword
"성수에 유니크한 카페 정말 많지만, 헨리스플랏이 그중 젤 예뻐요","Dessert/Bakery, Coffee/Drink, Vibe",keyword
크리스마스 인테리어 구경하는 재미가 아주 쏠쏠했어요!,"Dessert/Bakery, Coffee/Drink, Vibe",keyword
디저트 종류도 다양해서 디저트 좋아하는 분들에게 완전 추천하고싶은 카페!,"Dessert/Bakery, Coffee/Drink, Vibe",keyword
"스콘도 종류별로 있고, 번도 크림번부터 다양하게 있어요.","Dessert/Bakery, Coffee/Drink, Vibe",keyword
케이크도 정말 맛있어보이더라구요 ㅎㅎ,"Dessert/Bakery, Coffee/Drink",keyword
초콜릿 라떼도 다크초콜릿라떼가 있어서 좋았어요,"Vibe, Coffee/Drink",keyword
추운 겨울 방문하기 좋은 성수카페예요.,"Service, Dessert/Bakery, Coffee/Drink",keyword
내부 좌석도 많고 분위기도 정말 좋았던 헨리스플랏!,"Dessert/Bakery, Vibe",keyword
주택을 개조해서 만든 카페라고 하는데 인테리어 하나하나 너무 아기자기하고 좌석도 편해요!,"Dessert/Bakery, Coffee/Drink, Vibe",keyword
"근래 방문했던 성수 카페 중에서 맛도, 분위기도 제일 만족스러웠어요!","Vibe, Service, Coffee/Drink, Price, Dessert/Bakery",keyword
셈라가 진짜 너어무 맛나고 특별해서 강추!!,"Dessert/Bakery, Coffee/Drink",keyword
커피 진짜 맛있어요,Coffee/Drink,keyword
"👍
스콘이랑 소금번도 단백하니 맛있고
셈라를 처음 먹어봤는데 바삭한 그래롤라랑 먹는데 신기하고 맛있었어요","Dessert/Bakery, Coffee/Drink",keyword
"😁👍
다음엔 다크초코 먹으러 올듯😆","Dessert/Bakery, Coffee/Drink",keyword
진짜 사진찍기 바쁜 성수카페예요..,Coffee/Drink,keyword
❤️ 포토존 이렇게 많은 곳 너무너무 오랜만인데 웬만한 스튜디오보다 더 아름다운곳🥺 디저트랑 음료도 비주얼 장난아닌데 맛 더 미쳐버림..,"Dessert/Bakery, Coffee/Drink, Vibe",keyword
"바스번, 후룻츠셈라, 라즈베리잼 스콘 디저트 죄다 맛났고 헨리라떼랑 스트로베리 퐁듀라떼도 최고임","Dessert/Bakery, Coffee/Drink",keyword
당 글고 꼭 크림류 음료랑 바스번 같이 주문해서 크림에 찍먹하세요 극락갑니다,"Service, Dessert/Bakery, Coffee/Drink",keyword
😇 사장님??!,Service,keyword
이신거 같은데 직원분들도 다 친절하셔요,"Service, Dessert/Bakery, Coffee/Drink",keyword
"🙆🏻장점
1⃣어디든지 포토스팟인 성수동카페📸
2⃣유럽 그 자체를 그대로 옮겨놔 여권없이 영국여행 쌉가넝🇬🇧
3⃣특색 넘치는 영국식 디저트가 많은 성수역카페✨
4⃣1층, 2층 모두 넓고 좌석 많아","Dessert/Bakery, Coffee/Drink, Vibe",keyword
성수데이트코스로 찰떡🫶🏼,Vibe,keyword
여러 성수동 카페들 중에 인테리어 제일 예쁘고 아늑한 카페에요!,"Dessert/Bakery, Coffee/Drink, Vibe",keyword
😊 처음 와봤는데 분위기도 정말 좋고 음료랑 디저트로 넘 맛있어서 자주 오게 될 것 같아요!,"Dessert/Bakery, Coffee/Drink, Vibe",keyword
재방문의사 100%❤️,Service,keyword
"커피, 빵 맛, 분위기 모두 실망스러워요.","Dessert/Bakery, Coffee/Drink, Vibe",keyword
자리가 많지 않은데 관리도 제대로 안 되고 지하에서 주문하고 올라왔다 내려갔다 하는 게 불편했습니다.,"Service, Dessert/Bakery, Coffee/Drink",keyword
영국 분위기의 인테리어가 예쁜 카페였어요!,"Vibe, Coffee/Drink",keyword
"🧸
빵 종류도 많았는데 메론빵 적당히 달콤해서 맛있었어요!!","Dessert/Bakery, Coffee/Drink",keyword
"🍈 1,2층이 다른 분위기의 인테리어여서 구경하기 좋았어요","Dessert/Bakery, Coffee/Drink, Vibe",keyword
가오픈한 카페에요.,"Dessert/Bakery, Coffee/Drink",keyword
디저트들이 쫄깃해 맛있어요!,Dessert/Bakery,keyword
성수 신상 카페 핸리스플랏😍여기 인테리어 진짜 너무 예뻐요,"Vibe, Coffee/Drink",keyword
영국 안가봤는데 안가도될듯 ㅠㅠ 소품 하나하나 다 너무 귀여워서 훔쳐가고 싶었어요,Vibe,keyword
"진심 ㅎㅎ
1층이랑 2층 있는데 2층이 더 넓고 예뻐욤","Vibe, Coffee/Drink",keyword
근데 포토존은 또 1층도 너무 예쁨,Vibe,keyword
"배불러가지고 빅토리아 케이크랑 커피만 먹었는데 진짜 케이크 맛있었구오
오늘은 친구들이랑 갔는데 다음에 남편 델꼬 한번 더 재방문 예정입니다 ㅎㅎㅎ","Service, Dessert/Bakery, Coffee/Drink, Vibe",keyword
스콘이랑 번이랑 휘낭시에 등등 디저트 종류 많아요,Dessert/Bakery,keyword
셈라도 너무 궁금했는데 배불러서 못 먹었어여ㅠㅜ,"Dessert/Bakery, Coffee/Drink",keyword
다음에 셈라 먹으러 갑니다,"Dessert/Bakery, Coffee/Drink",keyword
대박나세요,Coffee/Drink,keyword
번이랑 스콘이 젤 맛있었어요.,Dessert/Bakery,keyword
😄😄😄 백화점에서 스콘 유명한 곳 다 가봤는데 여기가 더 맛있는 거 같아요!,"Dessert/Bakery, Coffee/Drink, Vibe",keyword
영국 가정집 느낌 인테리어도 취향저격..,Vibe,keyword
🫡🫡 맛있어서 포장도 해갔습니당 ㅎㅎ,"Dessert/Bakery, Coffee/Drink, Price",keyword
성수동에서 영국 분위기 + 주택 개조 카페 너무 이뻐요,"Vibe, Coffee/Drink",keyword
"🤍 
디저트 종류가 많아서 오늘은 일단 바질소금번이랑 스콘 먹엇는데 정말 맛있어요!","Dessert/Bakery, Coffee/Drink",keyword
그래서 담엔 다른 디저트 먹으러 갈거에요 ㅎㅎㅎ,"Dessert/Bakery, Coffee/Drink",keyword
"가게에 겨울소품이랑 영국 관련 소품 진짜 많고, 사장님의 가게에 애정이 느껴집니다","Service, Vibe, Coffee/Drink",keyword
🎄💕 자리도 1층이랑 2층 있는데 자리 간격도 안좁아서 친구들이랑 얘기하기도 괜찮고 데이트로 가는것도 추천합니다 ㅎㅎㅎㅎ,"Dessert/Bakery, Coffee/Drink, Vibe",keyword
"성수동 로우어가든이 헨리스플랏으로 바뀌어 1월
동안 가오픈한다고하여 가보았어요.","Dessert/Bakery, Coffee/Drink",keyword
성수동에서 가본 카페 중 가장 예쁜 것 같아요.,"Dessert/Bakery, Coffee/Drink, Vibe",keyword
성수동 데이트 여자친구와 가볼만한 곳으로 추천드려요.,"Dessert/Bakery, Coffee/Drink, Vibe",keyword
번으로 이리 맛난 디저트 베이커리류를 만들 수 있다니 놀라워요.,"Dessert/Bakery, Coffee/Drink, Vibe",keyword
딸기크림 대파크림치즈 앙버터 번 담백하니 커피와 즐기면 조합이 좋습니다.,"Dessert/Bakery, Coffee/Drink",keyword
남자친구도 너무 만족했어요,"Price, Dessert/Bakery, Coffee/Drink, Vibe",keyword
로우어가든 시절부터 너무 좋아했던 카페라 새로 오픈하셨다는 이야기듣고 찾아왔는데 메뉴 뭔가 업그레이드되고 인테리어 진짜 영국감성 제대로에요,"Dessert/Bakery, Coffee/Drink, Vibe",keyword
"😭👍🏻
집이랑 가까우면 매일 오고싶은데 아쉽..","Dessert/Bakery, Coffee/Drink, Vibe",keyword
성수오면 또올게요!!!!!,"Dessert/Bakery, Coffee/Drink",keyword
"정말 분위기 좋은 신상 성수카페❤️
커피도 디저트도 다 너무 맛있고 포토존이 가득해서 추억 남기기도 좋아요","Dessert/Bakery, Coffee/Drink, Vibe",keyword
😍 성수동데이트 장소로 최고~!!,Vibe,keyword
대형카페라 이용하기도 편안하고 직원분들도 친절하셔서 좋았어요~,"Service, Dessert/Bakery, Coffee/Drink",keyword
브런치 메뉴 오픈하면 또 갈 거예요,"Dessert/Bakery, Coffee/Drink",keyword
재방문 의사 100%👍🏻👍🏻👍🏻,Service,keyword
맛있는 디저트들이 많아서 고르기 힘들었어요ㅋㅋ,Dessert/Bakery,keyword
공간도 너무 예쁘고 커피랑 빵 다 맛있네요!,"Dessert/Bakery, Coffee/Drink, Vibe",keyword
스콘 먹으러 또 와야겠어요^^,"Dessert/Bakery, Coffee/Drink",keyword
성수 핫플 카페 검색해서 왔는데 인테리어 너무 예뻐요^^,"Dessert/Bakery, Coffee/Drink, Vibe",keyword
빵도 맛있구 헨리라떼 마셨는데 짱맛!!,Dessert/Bakery,keyword
제가 애정하는 로우어가든에서 성수동에 새로운 카페를 오픈한다고해서 방문했어요,"Service, Dessert/Bakery, Coffee/Drink",keyword
건물 외관부터 영국에 온 듯한 느낌이었는데 인테리어가 정말 멋지더라구요,"Dessert/Bakery, Coffee/Drink, Vibe",keyword
1층에 위치한 크리스마스 트리가 포토존으로 인기가 많았어요,"Position, Dessert/Bakery, Coffee/Drink, Vibe",keyword
"바스번, 스콘, 빅토리아 케이크를 주문했는데 바스번은 촉촉하고 부드러운 식감이라 브런치 메뉴로도 잘 어울릴 것 같아요","Service, Dessert/Bakery, Coffee/Drink, Vibe",keyword
스콘은 다양한 종류를 맛볼 수 있었는데 오리지널을 주문하면 클로티드 크림과 딸기잼을 추가할 수 있다고 해요,"Service, Dessert/Bakery, Coffee/Drink, Vibe",keyword
스콘은 영국에서 유학한 친구도 현지맛과 가깝다고 하더라구요,"Dessert/Bakery, Coffee/Drink, Vibe",keyword
디저트도 정말 맛있었어요,Dessert/Bakery,keyword
맛있고 친절합니다,"Service, Dessert/Bakery, Coffee/Drink",keyword
또오고싶어요!!,"Dessert/Bakery, Coffee/Drink",keyword
북유럽 여행하다가 잠깐 디저트 먹으러 온 기분이에요,"Dessert/Bakery, Coffee/Drink, Vibe",keyword
인테리어 단연코 성수동에서 손에 꼽습니다,Vibe,keyword
빈티지한 분위기 좋아하시면 여기 추천드려요,"Dessert/Bakery, Coffee/Drink, Vibe",keyword
너무너무 예쁜 공간에다가 딸기생크림케이크 맛도리맛❤️👍 디저트도 맛있었고 아아는 말모😆 특별한 메뉴로 과일주스 주문했는데 완전 상큼달콤 맛있었어요,"Service, Dessert/Bakery, Coffee/Drink, Vibe",keyword
제 최애 단골카페 찜입니다,Coffee/Drink,keyword
용 포토존이랑 비지엠도 내 취저이지뭐에요,"Vibe, Coffee/Drink",keyword
성수에 너무 북적이지않은 조용한곳에 새로생긴 대형카페가 있다고해서 가봤는데 입구부터 커다란 크리스마스트리가 너무 이쁘더라구요!,"Dessert/Bakery, Coffee/Drink, Vibe",keyword
지하에서 주문하는 시스템인데 빵도 너무 다양하고 케잌도 너무 맛있는게 많아서 선택장애가 왔어요ㅜㅜㅋㅋ,"Service, Dessert/Bakery, Coffee/Drink",keyword
1층 2층까지 자리가 있어서 넓고 인테리어도 너무 마음에쏙!,"Vibe, Coffee/Drink",keyword
번잡스러운 분위기아니고 차분하고 조용한분위기라 자주 찾게될것같아요!,"Service, Dessert/Bakery, Coffee/Drink, Vibe",keyword
진짜 제 인생카페 중에 0순위가 될것같아요✨,"Dessert/Bakery, Coffee/Drink",keyword
영국감성의 아늑한 느낌!,"Dessert/Bakery, Coffee/Drink, Vibe",keyword
인테리어 소품 하나가 너무 기엽고 따뜻한 느낌이 너무 좋아서 몇시간 동안 안에서 보고만 있어도 힐링 되는 기분🌿 (인생사진도 백만장 건졌어요,"Dessert/Bakery, Coffee/Drink, Vibe",keyword
🫶🏻)디저트 종류도 다양하고 개인적으로 스콘이랑 케이크가 진짜 너무 맛있어서 계속 손이 가는맛!,"Dessert/Bakery, Coffee/Drink",keyword
커피는 헨리라떼 직원분한테 물어보고 추천 받아서 마셨는데 백번 마시세요!!!!,"Service, Vibe, Coffee/Drink",keyword
위에 크림이 너무 부드럽고 밑에는 달달구리 진짜 라떼 좋아하시면 핵추천✨ 진짜 다음에도 친구들 데리고 또 방문하겠습니다!,"Service, Dessert/Bakery, Coffee/Drink, Vibe",keyword
"성수카페 중 넘예쁘고 사랑스러운 헨리스플랏~
영국가정식 카페라는데  인테리어가 멋져서 사진찍기에도 좋고 데이트하기 좋은곳 이에요ㅎ","Dessert/Bakery, Coffee/Drink, Vibe",keyword
맛난 번 이랑 디저트도 많아요~,Dessert/Bakery,keyword
성수에 이렇게 분위기 좋고 이쁜 카페가 있는지 몰랐어요!,"Vibe, Coffee/Drink",keyword
역이랑 조금 먼데 걸어올만 하고 성수에서 꼭 가봐야 될 카페에요!!,"Position, Dessert/Bakery, Coffee/Drink",keyword
"😍😍
영국식 디저트들 종류가 굉장히 많고 맛도 있어서 여러번 와야할 것 같아요 ㅎㅎ","Dessert/Bakery, Coffee/Drink, Vibe",keyword
"무엇보다 1,2층 분위기가 장난아니에요",Vibe,keyword
"🥰
잠시 영국에 온 느낌이랄까요!!","Dessert/Bakery, Coffee/Drink, Vibe",keyword
완전 추천 합니다,"Dessert/Bakery, Coffee/Drink, Vibe",keyword
사장님이 영국 유학 시절 즐겨 먹었던 영국식 베이커리를 즐길 수 있는 카페라고 해요🇬🇧,"Service, Dessert/Bakery, Coffee/Drink, Vibe",keyword
"특히, 영국 ‘바스’ 지역을 대표하는 ‘바스번’은 서울에선 여기에서만 맛볼 수 있답니다","Dessert/Bakery, Coffee/Drink, Vibe",keyword
😋 포근포근한 식감과 고급스러운 버터의 풍미가 굉장히 풍부해요.,"Dessert/Bakery, Coffee/Drink",keyword
오이 넣은 바스번은 오이의 산뜻한 맛과 새콤한 소스가 조화로워 맛있게 먹었습니다,"Dessert/Bakery, Coffee/Drink",keyword
"👍🏻 주택 한 채를 전체로 운영하고, 1, 2층 전부 인테리어가 예뻐서 눈길 가는 곳마다 포토존 그 자체예요.","Dessert/Bakery, Coffee/Drink, Vibe",keyword
성수동에서 아늑한 영국 감성을 제대로 느꼈어요,Vibe,keyword
빵도 다양하고 케이크도 정말 맛있어보였어요 :) 커피도 맛있구 •• 무엇보다 인테리어가 정말 정말 예뻐서 성수 오면 꼭 다시 올 것 같아요 ㅠㅠ,"Dessert/Bakery, Coffee/Drink, Vibe",keyword
💓 유럽 가정집 인테리어인데 사장님이 정말 섬세하게 꾸며놓으셨다고 느꼈답니다 :),"Service, Dessert/Bakery, Coffee/Drink, Vibe",keyword
핫해질 것 같아요,Dessert/Bakery,keyword
성수에 이런 분위기 좋은 카페가 있다니!!,"Vibe, Coffee/Drink",keyword
"매장도 넓고 볕 맛집인것도 너무 좋은데
커피도 맛있고 주문한 디저트 다 맛있었어요!!!!","Service, Dessert/Bakery, Coffee/Drink, Vibe",keyword
재방문의사 500% 카페입니다!,"Service, Coffee/Drink",keyword
분위기가 어마어마하게 좋네요.,Vibe,keyword
오전에 방문했는데 아직 소문 안나서 한적해서 좋았어요.,"Service, Dessert/Bakery, Coffee/Drink",keyword
커피맛도 좋고 디저트들도 다 맛있었어요.,"Dessert/Bakery, Coffee/Drink",keyword
성수동 최애카페😍 3층짜리 단독건물인데 층마다 인테리어가 다 달라서 포토스팟도 엄청 많고 따뜻하고 아늑한 분위기라 친구들과 오기도 좋고 혼자 힐링하러 오기도 좋더라구요!,"Dessert/Bakery, Coffee/Drink, Vibe",keyword
"거기에 달달한 디저트들까지 완벽,, 꾸덕하고 달달한 바노피케이크 완전 취저구요!","Dessert/Bakery, Coffee/Drink",keyword
딥초코+스팀우유 조합은 먼저 딥초코에 디저트 콕 찍어서 먹고 나중에 스팀우유 부어서 핫초코로 먹으면 극락입니다,"Dessert/Bakery, Coffee/Drink, Vibe",keyword
영국가정식분위기의 주택개조카페인데 가오픈기간에도 사람들이 꽤 많았다,"Dessert/Bakery, Coffee/Drink, Vibe",keyword
아기자기하고 깔끔한분위기에 영국 공주집에 놀러온 거 같다!,"Dessert/Bakery, Coffee/Drink, Vibe",keyword
2층 3층 공간이 다른 분위기인듯 이국적이라 두곳다 사람들이 많았다,"Dessert/Bakery, Vibe",keyword
공간이며 디저트며 다 여김,"Dessert/Bakery, Vibe",keyword
저격하는 카페!,"Dessert/Bakery, Coffee/Drink",keyword
디저트 메뉴도 많은데 갠적으로 레몬 세몰라 추천이다!,"Dessert/Bakery, Coffee/Drink, Vibe",keyword
오랜만에 콧바람 쐴 겸 당충전하려고 와봤어요,"Dessert/Bakery, Coffee/Drink",keyword
잠봉뵈르 번은 오늘 새로 나왔다고 하시더라구요,"Dessert/Bakery, Coffee/Drink",keyword
버터를 크게 좋아하진 않는데 얘는 미쳤어요,"Service, Dessert/Bakery",keyword
빵이랑 잠봉이랑 버터랑 홀그레인까지 완벽한 조별과제👍 메뉴 정착해주세요,"Dessert/Bakery, Coffee/Drink",keyword
사장님ㅠㅠ겉은 단단하지만 속은 쫀쫀한 초코 휘낭시에!!,"Service, Dessert/Bakery, Coffee/Drink",keyword
뻑뻑하긴만한 휘낭시에가 아닙니다.,"Dessert/Bakery, Coffee/Drink",keyword
초코🍫 위에 소금까지 단짠단짠ㅎㅎ갈 때 더 사갈려구요,Dessert/Bakery,keyword
레몬은 새콤달콤한 거 좋아하시는 분들께 추천이요!!,"Dessert/Bakery, Coffee/Drink, Vibe",keyword
입에 딱 들어가는 순간 새콤한 맛이 침샘을 자극합니다,"Dessert/Bakery, Coffee/Drink",keyword
🍋 달달한 헨리라떼는 다른 라떼처럼 마지막에 텁텁한 맛이 안 남아서 좋았어요,"Dessert/Bakery, Coffee/Drink",keyword
"크림도 맛있으니 꼭 마셔보세요 꼭☕️ 반지하층에서 주문하고 1,2층으로 올라가면 됩니다","Service, Dessert/Bakery, Coffee/Drink",keyword
넓어서 좋아요!!,Vibe,keyword
스콘먹으러 왔다가 예쁘고 맛있게생긴 번들에 사로잡혔어요.,"Dessert/Bakery, Coffee/Drink, Vibe",keyword
너무 먹고싶었어서 바로 먹어버리느냐고 진열되어있던 딸기번 사진밖에없네요ㅠㅠ,"Vibe, Coffee/Drink",keyword
가게가 신논현에 있을 때 부터 다녔던 디저트맛집인데 인테리어마저 예뻐서 조금 멀어졌지만 또 오려고요!!,"Dessert/Bakery, Coffee/Drink, Vibe",keyword
다음에 또 와서 먹으면 되니까 손에 닿는것 먼저 드셔보세요,"Dessert/Bakery, Coffee/Drink",keyword
찐찐 추천합니다!!!,"Dessert/Bakery, Coffee/Drink, Vibe",keyword
근데 맛집인데 진짜 매장 예뻐요ㅠㅠㅠㅠ,Vibe,keyword
할말 너무많지만 다음에 리뷰 또 쓰려고요.,"Dessert/Bakery, Coffee/Drink",keyword
여기때문에 블로그 해야할판..,"Dessert/Bakery, Coffee/Drink",keyword
일본 맛집에서 먹은 빵이랑 퀄이 비슷하네요,"Dessert/Bakery, Coffee/Drink, Vibe",keyword
"네이버카페에서 보고
곧, 핫플 될 것 같아서
가오픈 기간에 후딱왔어요~^^","Dessert/Bakery, Coffee/Drink",keyword
"공간도 넓고,
조용하고,
인테리어나 소품도 이쁘고 멋있어요.","Dessert/Bakery, Coffee/Drink, Vibe",keyword
"라떼는 맛있고,
블루베리 타르트는 
치즈타르트인 줄 알았는데
비주얼에 비해 안쪽이 빵부분이 무슨맛인지
잘 모르겠어요~^^;;","Service, Dessert/Bakery, Coffee/Drink",keyword
"영국식이니 
스콘이나
빅토리아 케이크 드셔보세요~^^",Dessert/Bakery,keyword
"📸
아직 가오픈 중인데, 분위기부터 완벽해요.","Dessert/Bakery, Coffee/Drink, Vibe",keyword
이름에서 알수있듯이 영국의가정집의 느낌이 물씬 납니다!,"Vibe, Coffee/Drink",keyword
2층 3층 느낌이 다른데 둘다 너무 예쁩니다 ㅠㅠ,Vibe,keyword
"사실 인테리어도 너무 예쁘지만 
디저트와 음료도 맛있었어요","Dessert/Bakery, Coffee/Drink, Vibe",keyword
"가오픈 기간에 방문했었는데 정식오픈하면 
무조건 다시 가볼거에요~~~~","Service, Dessert/Bakery, Coffee/Drink",keyword
"더 많이 종류들의
디저트기 기대됩니다!",Dessert/Bakery,keyword
포장해 가서 데워서 먹어봤는데 너무 맛있어요!,"Dessert/Bakery, Coffee/Drink, Price",keyword
1층이랑 2층도 너무 이쁘게 꾸며놔서 올라가고 싶었는데 시간이 없어서 못올라 가봐서 아쉬웠어서 다음에 가면 꼭 시간 보내고 싶어요!,"Vibe, Coffee/Drink",keyword
분위기도 연말에 맞게 너무 이쁘고 포토존도 있어서 사진찍기 좋았어요.,"Vibe, Coffee/Drink",keyword
일반 아메리카노도 맛있고 특히 라떼가 너무 맛있어요!!,Coffee/Drink,keyword
디저트도 특히 허니버터번 추천합니다~,"Dessert/Bakery, Coffee/Drink, Vibe",keyword
오픈한지 얼마 안돼서 복잡스럽지 않게 사진 찍을 수 있었어용,"Dessert/Bakery, Coffee/Drink, Vibe",keyword
성수에서 이렇게 예쁜곳 처음봤네요,Vibe,keyword
빵도 너무 맛있어요,Dessert/Bakery,keyword
"유명 인플루언서분들이
매장 너무 예쁘다고 사진 올리셨는데
집 근처더라구요!",Vibe,keyword
직접와서 보니 더 예쁘네요 ㅠㅠ,"Dessert/Bakery, Coffee/Drink, Vibe",keyword
성수오시면 헨리스플랏 강추합니다,"Dessert/Bakery, Coffee/Drink",keyword
카페도 예쁘고 커피도 맛있어요~,"Vibe, Coffee/Drink",keyword
친절하시고 인테리어도 예쁨.,"Service, Dessert/Bakery, Coffee/Drink, Vibe",keyword
커피도 맛있고 빵종류도 다양해요.,"Dessert/Bakery, Coffee/Drink",keyword
입구부터 크리스마스 느낌 물씬 나서 더 만족!,"Vibe, Coffee/Drink, Price",keyword
인테리어 넘 예쁨!,Vibe,keyword
푸딩스콘이란 걸 판매하는데 유명하고 맛있어 보여 찾아갔어요.,"Dessert/Bakery, Coffee/Drink",keyword
맛 별로 다 먹어보고 싶었으나 우선 애플크럼블 하나만 구매해봤는데요.,"Service, Dessert/Bakery, Coffee/Drink",keyword
재료도 다양하게 꽉 차 있고 달달하고 식감 좋고 완전 제 스타일이었어요.,"Dessert/Bakery, Coffee/Drink, Vibe",keyword
이 정도 양에 이 가격이면 합리적인 것 같아요.,"Dessert/Bakery, Price",keyword
다음에 또 구매하러 오려구요.,"Dessert/Bakery, Coffee/Drink",keyword
스콘 먹으러 또 가려고요!!,"Dessert/Bakery, Coffee/Drink",keyword
빅토리아 먹고싶었는데 품절이라 바노피 먹었어요,Coffee/Drink,keyword
논현역 왔다가 들러봤어용!,"Dessert/Bakery, Coffee/Drink",keyword
쑥 블렌디드는 처음 먹어봤는데 맛있어요~~,Coffee/Drink,keyword
로우어크림라떼는 맛이 특이합니당 ㅎㅎㅎㅎ,"Dessert/Bakery, Coffee/Drink",keyword
맛있어보이는 디저트류 사이에서 푸딩 2개를 골랐는데 진한 맛에 모처럼 당충전되고 좋네요~.~,"Dessert/Bakery, Coffee/Drink",keyword
참고로 파운드케잌은 한동안 안한데유!,"Dessert/Bakery, Coffee/Drink, Vibe",keyword
용산 아이파크몰 지나가다 익숙한 가게여서 봤는데 로우어가든이 팝업으로 하고있다니 너무반가웠습니다!,"Dessert/Bakery, Coffee/Drink, Vibe",keyword
유행인 두바이를 이곳의 방식으로 재구성해서 판매하길래 고민안하고 사먹었습니다ㅎㅎ,"Dessert/Bakery, Coffee/Drink",keyword
본점에서도 하실지 궁금하네요~,"Dessert/Bakery, Coffee/Drink",keyword
재료를 아끼지않고 맛있게 듬뿍 넣으신게 느껴졌습니다.,Coffee/Drink,keyword
푸딩과 스콘 포장했습니다~,"Dessert/Bakery, Coffee/Drink, Price",keyword
다음에는 매장 이용 해볼게요,"Dessert/Bakery, Coffee/Drink, Vibe",keyword
자리가 많지는 않지만 충분히 앉아서 이야기 나누기 좋은 분위기고 쿠키푸딩(?)이 너무 맛있어요,"Dessert/Bakery, Vibe",keyword
아늑하고 분위기 좋아요,"Dessert/Bakery, Coffee/Drink, Vibe",keyword
푸딩 맛잇어요,Dessert/Bakery,keyword
"일반 탱글 푸딩이 아닌
떠먹는 영국식 푸딩을 파는곳","Dessert/Bakery, Vibe",keyword
"약간 반죽 같은 식감이라 생각할수도 있지만
먹다보면 다 먹게되는 맛","Dessert/Bakery, Coffee/Drink, Vibe",keyword
스콘 커피 다 맛있어요~~,"Dessert/Bakery, Coffee/Drink",keyword
특이한 메뉴가 많아요!,"Dessert/Bakery, Coffee/Drink",keyword
쑥티가 넘 맛있었어요,Coffee/Drink,keyword
다음엔 푸딩도 먹으러갈게요!,"Dessert/Bakery, Coffee/Drink",keyword
맛은 있는데 가격이 좀 있네요.,"Vibe, Coffee/Drink, Price",keyword
스콘 맛있어요,Dessert/Bakery,keyword
여기 조용한 분위기에 스콘 맛있어요!,"Dessert/Bakery, Coffee/Drink, Vibe",keyword
는 좀 빨아주셔야될듯 ㅠㅠ 얼룩이 있어서 좀 더러워보여요,"Vibe, Coffee/Drink",keyword
말차 푸딩 진하고 맛있었습니다,Dessert/Bakery,keyword
푸딩스콘 맛나구 시그니처음료도 맛나요,"Dessert/Bakery, Coffee/Drink",keyword
얼그레이스콘도 짱맛 커피 다른곳이랑 맛이 많이다릅니당..,"Vibe, Coffee/Drink",keyword
제가 먹어본 크림 커피 세손가락 안에 드는것같아요,"Dessert/Bakery, Coffee/Drink",keyword
오랜만에 갔는데도 디저트 여전히 맛있어요,Dessert/Bakery,keyword
"수원 스타필드에서 먹어보고 반해서 본점까지 왔습니다
빅토리아가 없어서 어쩔수 없이 황치즈를 시켰어요","Dessert/Bakery, Coffee/Drink",keyword
빅토리아의 소중함을 다시 깨닫습니다....ㅠ,"Dessert/Bakery, Coffee/Drink",keyword
바나나푸딩이 진짜 맛있어용!,Dessert/Bakery,keyword
😝 신논현 근처에서 저녁먹게되면 자주 들르는 곳이에요~,"Vibe, Coffee/Drink",keyword
분위기도 좋고 디저트 종류도 많아용,"Dessert/Bakery, Vibe",keyword
☺️☺️ 다음에 또 올게요!,"Dessert/Bakery, Coffee/Drink",keyword
"아담하고 분위기 좋아요:)
푸딩스콘 맛집인데 스콘도 진짜 맛있어요!","Dessert/Bakery, Coffee/Drink, Vibe",keyword
"최근 수원스타필드에도 팝업매장 운영중인가봐요:)
커피도 고소하고 스콘과 잘어울리는 맛이였습니다ㅎㅎ","Dessert/Bakery, Coffee/Drink, Vibe",keyword
재방문의사 완전완전 있습니다!,"Service, Vibe, Coffee/Drink",keyword
아늑하고 좋아요,"Dessert/Bakery, Coffee/Drink",keyword
일단 푸딩 종류가 많고 아주 맛있음 !,Dessert/Bakery,keyword
잼종류 기피하는 쓰니도 라즈베리잼 들어간 빅토리아 푸딩 포크로 싹 긁어먹음 !,"Dessert/Bakery, Coffee/Drink, Vibe",keyword
초코칩스콘 아주 맛있고 !,Dessert/Bakery,keyword
밀크티순인데 밀크티 적당히 달고 맛있게 잘함 !,"Dessert/Bakery, Coffee/Drink",keyword
2시 좀 넘어서 방문했는데 푸딩이 아예 없어서 1시간 뒤 기대를 안고 재방문.....,"Service, Dessert/Bakery, Coffee/Drink",keyword
근데 맛이 딱 2가지만 있어서 당황;;그냥 나갈려다가 기다린 시간이 아까워서 빅토리아 두개만 사왔음,"Service, Dessert/Bakery, Coffee/Drink, Vibe",keyword
원래는 파운드 케이크도 먹고싶어서 간거였는데 그것도 없어서 아쉬웠어요.,"Dessert/Bakery, Coffee/Drink",keyword
워낙 핫해서 그런지 방문할려면 12시 오픈시간에 딱 맞춰가야 할듯!!,"Service, Dessert/Bakery, Coffee/Drink",keyword
안그러면 커피만 마시고 빈손으로 나올 수도ㅠㅠ,Coffee/Drink,keyword
초코칩이 무첫잔아??,Coffee/Drink,keyword
다음에는 푸딩스콘 딱 대,Dessert/Bakery,keyword
"그릭망고랑 바노파
그릭망고는 망고요플레 생각나는맛.",Dessert/Bakery,keyword
"아무래도 안에 부재료가 눅눅한건 어쩔 수 없는듯
바노파는 딱 카라멜8에 바나나2정도의 맛으로 카라멜 좋아한다면 추천","Dessert/Bakery, Coffee/Drink, Vibe",keyword
다음번에는 밀크티랑 우지말차푸딩 먹으러 와야징,"Dessert/Bakery, Coffee/Drink",keyword
분위기가 좋고 사장님 친절하십니당!,"Service, Dessert/Bakery, Coffee/Drink, Vibe",keyword
휘낭시에 예쁘고 맛도 좋아요,Vibe,keyword
황치즈 푸딩은 제 취향은 아닌듯합니당 ㅜㅠ,"Dessert/Bakery, Coffee/Drink",keyword
"눅눅한게 약간 반죽 맛이랄까용 ㅠ,,","Dessert/Bakery, Coffee/Drink",keyword
딸들이 사다준 빵과 푸딩스콘!!,Dessert/Bakery,keyword
생각보다 푸딩스콘 포크로 떠 먹기 편했어요,"Dessert/Bakery, Coffee/Drink, Vibe",keyword
갠적으로 저는 말차맛이 더 맛있었어요,Dessert/Bakery,keyword
푸딩스콘 맛집!!,Dessert/Bakery,keyword
신논현에 이런공간이 있었다니 싶어요!!,"Vibe, Coffee/Drink",keyword
"매장도 너무 예쁘고
쑥라떼 정말 맛있어요","Vibe, Coffee/Drink",keyword
아담하지만.,"Dessert/Bakery, Coffee/Drink",keyword
주차 가능해서 넘 좋았어요!,"Position, Dessert/Bakery, Coffee/Drink, Price",keyword
"시그니처라떼 추천해주셨는데, 크림이 느끼하지 않고 맛있네요 :)","Dessert/Bakery, Coffee/Drink, Vibe",keyword
"배불러서 빵류는 안먹었지만, 맛있어 보이더라고요~","Dessert/Bakery, Coffee/Drink",keyword
남녀 화장실이 구분되어 실내에 있어 좋아요.,"Vibe, Coffee/Drink",keyword
자세한 리뷰는 _  https://m.blog.naver.com/witchfactory/223302735600,"Dessert/Bakery, Coffee/Drink",keyword
디저트가 예술이에요....,Dessert/Bakery,keyword
신논현역 근처에 이런 디저트 맛집이 있다니 ㅜㅜ 푸딩 스콘에 맛있는 건 다 넣어서 맛 없을 수 없는 맛도리 조합이고요!,"Dessert/Bakery, Coffee/Drink, Vibe",keyword
양이 많아서 식사대용으로 먹을 수 있어요!,"Vibe, Coffee/Drink",keyword
그리고 다른 디저트들도 진짜 너무 맛있고 빵이 완전 촉촉 부드럽고 넘 좋아요!!!,Dessert/Bakery,keyword
매장 내부도 유럽감성으로 예쁘고 사진 어떻게 찍어도 잘 나오고 취향저격 탕탕탕...,"Dessert/Bakery, Coffee/Drink, Vibe",keyword
현지 유럽 느낌의 디저트 먹고 싶다면 로우어가든 강추입니다..,"Dessert/Bakery, Coffee/Drink, Vibe",keyword
한번 갔다가 디저트에 반해서 단골예약이요...♡,Dessert/Bakery,keyword
분위기 너무 조용하고 대화하거나 집중하기 좋을 것 같아요!,"Dessert/Bakery, Coffee/Drink, Vibe",keyword
푸딩 맛집 커피 맛집 인정입니다!!,"Dessert/Bakery, Coffee/Drink",keyword
디저저트가 진짜 넘 맛있고 푸딩 부드럽고 케이크 살살 녹아요,Dessert/Bakery,keyword
애플크럼블 푸딩은 과육?,"Service, Dessert/Bakery",keyword
잼 씹히는 맛이 좋고 빅토리아 케이크는 크림이 부드러워요,Dessert/Bakery,keyword
빵시트도 안 퍽퍽하구요,Dessert/Bakery,keyword
다른 맛도 궁금해지는...,"Dessert/Bakery, Coffee/Drink",keyword
커피가 진짜 맛났어요,Coffee/Drink,keyword
인테리어도 너무 예쁘고 디저트도 맛있었던 신논현역 카페에요 :) 황치즈 파운드케이크와 우지말차 푸딩스콘 두 가지 먹었는데 둘다 넘 맛있고 매력있어서 만족스럽습니당,"Price, Dessert/Bakery, Coffee/Drink, Vibe",keyword
특히 푸딩스콘 넘 맛나게 먹어서 또 먹으러 갈 예정이에요!!,"Dessert/Bakery, Coffee/Drink",keyword
여기 푸딩맛집..,Dessert/Bakery,keyword
당떨어질때 가나슈푸딩 순삭하니까 당충전도 되고 너무 행복해요,"Dessert/Bakery, Coffee/Drink, Vibe",keyword
시원하게 먹으니 더 맛도리!!!!!,Coffee/Drink,keyword
황치쥬 좋아하시면 무조건 먹기로 해요,"Dessert/Bakery, Coffee/Drink, Vibe",keyword
🧡 황치쥬는 사랑입니다!!!,Dessert/Bakery,keyword
사랑입니다,Dessert/Bakery,keyword
"🧡
디저트맛집🤎🧡 디저트도장깨기하러 또 가께요오!","Dessert/Bakery, Coffee/Drink",keyword
"스콘 푸딩 디저트류 좋아하시는분들께
추천해요!","Dessert/Bakery, Coffee/Drink, Vibe",keyword
"분위기도좋고 전체적으로 깔끔하고
푸딩이 맛있어요~~~","Dessert/Bakery, Coffee/Drink, Vibe",keyword
바노피 아주 혈당 차오르고 훌륭한 맛이네요,"Dessert/Bakery, Coffee/Drink, Vibe",keyword
갓 나온 아이를 먹어서인지 숙성이 조금만 더 됐더라면 싶었지만 조용히 흡입했습니다,"Dessert/Bakery, Coffee/Drink",keyword
너무 자주 먹으면 죄의식 들 것 같아요,"Dessert/Bakery, Coffee/Drink",keyword
푸딩스콘 맛집이라해서 들렀는데 달달하고 맛나요!,"Dessert/Bakery, Coffee/Drink",keyword
"친구들이랑 모임할때 또 올거에요, 인테리어가 예뻐서 구경하는 재미가 쏠쏠하네용","Dessert/Bakery, Coffee/Drink, Vibe",keyword
😍 스콘도 맛나보여서 포장했어요!,"Dessert/Bakery, Coffee/Drink, Price",keyword
쑥 블랜디드 진짜 존맛탱이에요!!,Coffee/Drink,keyword
저는 얼어죽어도 얼죽아라서 블랜드디로 시켰는데 라떼로 먹어도 존맛일거같아요ㅠㅠ,"Dessert/Bakery, Coffee/Drink, Vibe",keyword
게다가 푸딩스콘은 바삭함이 살아있어 맛있고 페레로파운드케이크도 견과류가 넘 맛있었어요ㅠㅠ !,"Dessert/Bakery, Coffee/Drink, Vibe",keyword
스콘 진짜 맛있어요!!!,Dessert/Bakery,keyword
날씨가 추워졌는데 쑥라떼 한잔하니 좋네요 ㅎ,"Dessert/Bakery, Coffee/Drink",keyword
분위기도 밝고 좋아요 ~,Vibe,keyword
푸딩스콘 진짜 이렇게 맛있는 곳이 있다니..?ㅠ,"Dessert/Bakery, Coffee/Drink, Vibe",keyword
🥹그릭망고맛 포장해왔는데 꾸덕하고 퐁신하고 달콤상큼 그냥 맛있는거 다해요!,"Dessert/Bakery, Coffee/Drink, Price",keyword
👏🏻완전 맛있오 말차파운드케이크 이렇게 크림 왕창 넣어주다니ㅎㅎ 말차 딱 제가 좋아하는 맛이에용,"Dessert/Bakery, Coffee/Drink",keyword
🫶🏻헤헤 찾았다,Service,keyword
"내가누울곳,,❣️디저트 짱짱 최고 힣 유럽갬성의 카페 넘 예뻤어요","Dessert/Bakery, Coffee/Drink, Vibe",keyword
담에 커피먹으러 들려야겠어요,Coffee/Drink,keyword
완전 추천!!!,Vibe,keyword
푸딩 스콘 진짜 너무 맛있어요ㅠㅠ,Dessert/Bakery,keyword
재방문 계속하신다는 이유를 알 것 같은 곳.,"Service, Dessert/Bakery, Coffee/Drink, Vibe",keyword
고민하다 추천받아서 먹게된 게 빅토리아스콘이었는데 진심 꼭 드샤보시길 바라는 마음.,"Dessert/Bakery, Coffee/Drink, Vibe",keyword
디저트 아껴먹고 싶었던 적은 처음이에요..!,"Dessert/Bakery, Coffee/Drink",keyword
"스콘 특유의 퍼석거리면서 휘날리는 느낌을 케이스에 담아서 깔끔하게 먹을 수 있는 것도 좋고 로투스, 계란과자 등 온겆 토핑에 빅토리아 스콘 자체도 밸런스가 아주 잘 맞아요,,❤️ 신논현 카페들 중에서는 정말 꼭 와봐야 되는 곳이라고 생각해요 !","Dessert/Bakery, Coffee/Drink, Vibe",keyword
뒷골목으로 조금 나왔는데 신의한수.,Coffee/Drink,keyword
아늑하고 편안한 티로 준비되는 민들레차 따뜻하게도 꼭 드셔보세요,"Dessert/Bakery, Coffee/Drink, Vibe",keyword
🌼 꽃을 만드시는 샵이 샵인샵처럼 있어서 꽃차 시켜봤는데 종류 더 늘려주셨으면 좋겠어요..,"Vibe, Coffee/Drink",keyword
넘 맛있는 곳.,Vibe,keyword
음료랑 디저트 다 맛있어요!,"Dessert/Bakery, Coffee/Drink",keyword
작지만 아늑하고 노래 선율도 좋아서 머무르는 동안 행복한 곳이에요 ㅎㅎ,"Dessert/Bakery, Coffee/Drink, Vibe",keyword
다음엔 와서 밀크티 먹어봐야겠어요!,"Dessert/Bakery, Coffee/Drink",keyword
디저트 너무 예쁘고 푸딩스콘 최고에요,"Dessert/Bakery, Vibe",keyword
로우어 가든 최애 카페예요,Coffee/Drink,keyword
"커피도 디저트도 맛있고 
분위기도 좋고 사장님 친절해요","Service, Dessert/Bakery, Coffee/Drink, Vibe",keyword
자주 갈것 같아요,Dessert/Bakery,keyword
신논현 근처에 있는 로우어가든에서 빅토리아 푸딩스콘이랑 맘모스 파운드 케이크 테이크아웃 했어요!,"Service, Dessert/Bakery, Coffee/Drink, Vibe",keyword
"한강 피크닉 하느라 테이크아웃 했는데, 매장 내부 분위기가 좋아서 날이 좀 추워지면 먹고 가도 좋을 것 같아요!","Service, Dessert/Bakery, Coffee/Drink, Vibe",keyword
"디저트 종류도 다양하고 타 카페 대비 양과 가격+맛까지 합리적이라 만족합니다,,👍🏻👍🏻","Dessert/Bakery, Coffee/Drink, Price",keyword
푸딩디저트가 신기했고!,"Dessert/Bakery, Coffee/Drink",keyword
과자 스콘 모두 맛있어요~,Dessert/Bakery,keyword
사장님조 친절하셔서 담에 또 방문하겠습니다~!,"Service, Dessert/Bakery, Coffee/Drink",keyword
바노피 푸딩스콘은 바나나푸딩맛이 나서 맛있어요!!!,"Dessert/Bakery, Coffee/Drink",keyword
위에 여러 토핑이 올라가 먹는데 질리지않고 맛있게 먹기 좋았습니다 ㅎㅎ,"Dessert/Bakery, Coffee/Drink",keyword
티랑 에이드도 짱맛!,Coffee/Drink,keyword
노래랑 조용한 카페 분위기가 좋았습니다 !!,"Dessert/Bakery, Coffee/Drink, Vibe",keyword
흑임자라떼 크림 이렇게 가득 주는곳은 처음이에요..,"Vibe, Coffee/Drink",keyword
흑임자크림 먹으려고 마시는건데 ..,Coffee/Drink,keyword
위에만 조금 올려주는 커피집도 많은데 정말 만족스럽게 마셨습니다,"Dessert/Bakery, Price",keyword
좌석이 많지는 않지만 편안한 분위기라 오래 대화하기 좋아요~!,"Dessert/Bakery, Coffee/Drink, Vibe",keyword
작은 카페 커피 맛있어요,"Dessert/Bakery, Coffee/Drink",keyword
매장이 (꽃꽃이로 어수선 하고 지저분 해서 안타깝네요~,"Dessert/Bakery, Coffee/Drink, Vibe",keyword
좌석도 불편 했어요,"Dessert/Bakery, Coffee/Drink",keyword
정리좀 해주세요 ~ㅜ,"Service, Dessert/Bakery, Coffee/Drink",keyword
카페 분위기좋고 디저트 커피 맛있어요,"Dessert/Bakery, Coffee/Drink, Vibe",keyword
친절하세요,"Service, Dessert/Bakery, Coffee/Drink",keyword
말차라떼도 맛있었어요.,"Dessert/Bakery, Coffee/Drink",keyword
스콘맛집!,Dessert/Bakery,keyword
종류별로 맛보는 재미가 있어요,"Vibe, Coffee/Drink",keyword
근처에 볼일 있을때 종종 들러 사먹어요,"Vibe, Coffee/Drink",keyword
스콘은 버터향 낭낭하고 촉촉바삭 최고입니다,"Dessert/Bakery, Coffee/Drink",keyword
새로생긴 스콘류를 인스타그램으로 보고 너무 신기하고 궁금해서 오랜만에 들렸어요!!,"Dessert/Bakery, Coffee/Drink",keyword
예전부터 주기적으로 신메뉴를 만들어주시는것같아서 자주 와야할것같아요~~,"Dessert/Bakery, Coffee/Drink, Vibe",keyword
못먹어본 메뉴들이 그새 또 많이 생겨서 먹고싶은건 많은데 양에 한계가 있어서 아쉬운 마음에 나중에 스콘만 따로 포장해왔어요 ㅠ,"Price, Dessert/Bakery, Coffee/Drink, Vibe",keyword
근데 로우어가든 진짜 스콘 맛집인거 모르는분들 없으시져...?,Dessert/Bakery,keyword
여기스콘 꼭 먹어야해요...,"Dessert/Bakery, Coffee/Drink",keyword
진짜 이만한 스콘 먹어본적 없어요.,"Dessert/Bakery, Coffee/Drink",keyword
근데 신메뉴도 진짜 신기하고도 달달한게 양도 많아서 다른 메뉴들도 먹어보고싶어요!,"Dessert/Bakery, Coffee/Drink",keyword
그거랑 오늘 로우어가든 시그니처메뉴라고 추천해주셔서 로우어가든 크림라떼 처음먹어봤는데 진짜맛있었어요,"Dessert/Bakery, Coffee/Drink, Vibe",keyword
크림 추가 만들어주세요...,Vibe,keyword
원래 아아충인데 여기만오면 단거를 자꾸 찾네요,"Service, Dessert/Bakery, Coffee/Drink",keyword
엉엉 조만간 또올게요,"Dessert/Bakery, Coffee/Drink",keyword
가게 대화하기 좋고 인테리어도 너무 예뻐요!,"Dessert/Bakery, Coffee/Drink, Vibe",keyword
디저트랑 음료 종류도 다양하고 맛있네요!,"Dessert/Bakery, Coffee/Drink",keyword
북적이는 도로 안쪽 골목에 있는 작은 카페.,"Position, Dessert/Bakery, Coffee/Drink, Vibe",keyword
베이커리류도 다양하고 음료도 괜찮고.,"Dessert/Bakery, Coffee/Drink",keyword
꽃집을 같이 하시는 건지 매장에 꽃이 가득해서 더 예쁘고 좋은 공간이었어요.,"Dessert/Bakery, Coffee/Drink, Vibe",keyword
맛&분위기 모두 굿,Vibe,keyword
골목 안에 있는 조용하고 아늑한 분위기의 카페입니다.,"Position, Dessert/Bakery, Coffee/Drink, Vibe",keyword
커피도 맛있고 사장님도 친절하세요.,"Service, Dessert/Bakery, Coffee/Drink",keyword
강남 최고의 카페...♡♡♡,Coffee/Drink,keyword
생일날 갔는데 너무 맛있어서 생일산물 받은 기분이에요,"Vibe, Coffee/Drink",keyword
❤️ 쑥라떼랑 크림라떼 최고!!!!,Coffee/Drink,keyword
꽃집도 같이 운영하는 카페에요!,"Dessert/Bakery, Coffee/Drink",keyword
디저트가 맛있어요!,Dessert/Bakery,keyword
커피가 맛있고 친절하시고 분위기도 좋습니다.,"Service, Dessert/Bakery, Coffee/Drink, Vibe",keyword
다만 직접 만든 스콘 및 디저트는 아쉽습니다.,"Dessert/Bakery, Vibe",keyword
확신의 스콘맛집.,Dessert/Bakery,keyword
스콘이 진짜 맛있어요.,Dessert/Bakery,keyword
분위기 좋네요!,Vibe,keyword
빵이 맛있어요,Dessert/Bakery,keyword
특별한 메뉴가 있고 친절합니다!,"Service, Dessert/Bakery, Coffee/Drink, Vibe",keyword
로우어가든 디저트를 너무 좋아해서 종종 포장해와서 먹어요!,"Dessert/Bakery, Coffee/Drink, Price",keyword
제가 제일 좋아하는 디저트는 게랑드 솔티 휘낭시에(?)인데 하나씩 포장되어 있어서 이미 포장해오는 길에 하나 순삭했습니다.,"Price, Dessert/Bakery, Coffee/Drink, Vibe",keyword
순삭하느라 사진이 없어서 가게에서 올리신 사진 크롭해서 첨부했어요!,"Dessert/Bakery, Coffee/Drink, Vibe",keyword
또 너무 좋아하는 디저트가 너무 많은데 얼그레이 가뚀 쇼콜라도 너무 좋아합니다.,Dessert/Bakery,keyword
"솔티카라멜 휘낭시에도 오랫동안 좋아했기 때문에 데려왔고, 사장님 추천으로 띠그레(?)","Service, Vibe, Coffee/Drink",keyword
주말 내내 먹으려고 잔뜩 사왔는데 너무 맛있어서 지금도 순삭중입니다!,"Dessert/Bakery, Coffee/Drink",keyword
😀 오래오래 맛있는 디저트 많이 팔아주세요!,Dessert/Bakery,keyword
조만간 또 올게요!,"Dessert/Bakery, Coffee/Drink",keyword
디저트 맛집인데 아파서 차만 마신 내 자신 슬퍼요,"Dessert/Bakery, Coffee/Drink",keyword
깔끔하고 청결한 매장!,"Dessert/Bakery, Coffee/Drink, Vibe",keyword
"맛나보이는 디저트들 ~~~ 😙😗😙😗
담에 오면 디저트를 꼭 먹어보려구요~!","Dessert/Bakery, Coffee/Drink",keyword
(커피 원두는 다크하네요 ),"Dessert/Bakery, Coffee/Drink",keyword
스콘 너무너무 맛있어요!!!!!!,Dessert/Bakery,keyword
"로우어 크림 라떼
완전 강추‼️
신논현 왔을 때 꼭 방문해 보세요!","Service, Dessert/Bakery, Coffee/Drink",keyword
사장님도 너무 친절하시고 무엇보다 커피 맛이랑 분위기가 미쳤습니다,"Service, Dessert/Bakery, Coffee/Drink, Vibe",keyword
귀여운 양초랑 디저트도 준비되어 있어서 간단하게 기분 내기도 좋을 것 같아요,"Dessert/Bakery, Coffee/Drink, Vibe",keyword
"🧸❣️
그리고 한쪽에는 생화도 판매하고 있는 것 같으니 기념일에 방문해서 꽃도 사고 커피도 맛보면 좋을 것 같습니다!","Service, Dessert/Bakery, Coffee/Drink, Vibe",keyword
크림라떼 맛있어요:),Coffee/Drink,keyword
"쑥 라떼가 너무 달지 않고 쑥맛이 많이 나서 좋고
버터바도 엄청 크기도 크고 꾸덕하니 맛있어요.","Service, Dessert/Bakery, Coffee/Drink",keyword
다음에 방문하게 되면 약과휘낭시에도 먹어보고 싶어요~,"Service, Dessert/Bakery, Coffee/Drink",keyword
굳굳 친절하고 빵이랑 커피 다 맛잇어요,"Service, Dessert/Bakery, Coffee/Drink",keyword
디저트도 맛있고 조용하고 예쁜 카페에요,"Dessert/Bakery, Coffee/Drink, Vibe",keyword
지나가다 카페에서 멋진않고 사왔는데 스콘맛집이라는 말이 맞네요.,"Dessert/Bakery, Coffee/Drink",keyword
스콘 맛있게 먹었어요.,"Dessert/Bakery, Coffee/Drink",keyword
가게도 예쁘던데,Vibe,keyword
다음엔 여기서 먹어보고싶네요,Coffee/Drink,keyword
사람이 꽤 많더라구요,"Dessert/Bakery, Vibe",keyword
말차 파운드 포장했고 작았지만 맛있었어요,"Dessert/Bakery, Coffee/Drink, Price",keyword
밀도 적당하고 촉촉해요,"Dessert/Bakery, Coffee/Drink",keyword
앙쑥이라는 쑥스콘앙버터가 궁금해서 갔는데 2년전 글이라 이제 없는건지 솔드아웃인지는 모르겠어요ㅠ,"Dessert/Bakery, Coffee/Drink",keyword
그냥 나오긴 아쉬운참에 약과맛 처음봐서 구매했어요.,"Dessert/Bakery, Coffee/Drink",keyword
빵표면도 약과처럼 끈적하고 계피맛이 살짝 나는듯해요.,"Dessert/Bakery, Coffee/Drink",keyword
약과는 구워져서인지 바삭하거나 단단한 편이라 조금 의외였어요.,"Dessert/Bakery, Coffee/Drink",keyword
음료도 디저트도 맛있어요,"Dessert/Bakery, Coffee/Drink",keyword
나만 알고싶군여..,Coffee/Drink,keyword
스콘 맛있다고해서 왔는데 티라미수크림쿠키에 훌렸어욬ㅋㅋㅋ,"Dessert/Bakery, Coffee/Drink",keyword
쿠키가 적당히 바삭하고 쿠키사이에 초코칩 들어가서 너어어무 맛있어요,"Dessert/Bakery, Coffee/Drink",keyword
크림치즈 없이 먹어도 맛있을거에요!,Coffee/Drink,keyword
디저트들이 아기자기해요!,"Dessert/Bakery, Coffee/Drink",keyword
카페에서 직접 디저트를 구워서 빵 냄새가 너무 좋아요!,"Dessert/Bakery, Coffee/Drink",keyword
조용하고 아늑한 분위기❤️ 디저트 종류도 많고 커피도 많고 휘낭시에 맛있어서 다음에 또 오고 싶어요!!,"Dessert/Bakery, Coffee/Drink, Vibe",keyword
로우어크림라떼 대박 !!,Coffee/Drink,keyword
크림라떼들 많이 마셔봐서 거기서 거기겠지 했는데 여기꺼 라떼 고소하고 크림은 달달하고 넘 맛!!,"Dessert/Bakery, Coffee/Drink",keyword
"디저트가 맛집,,,진짜 최고,,,",Dessert/Bakery,keyword
레몬 아이싱이 얹어진 위크엔드가 맛있는 집.,"Vibe, Coffee/Drink",keyword
초코칩 스콘의 초코칩이 칩 보다는 초코 느낌이다.,Dessert/Bakery,keyword
몽블랑 등의 케이크가 있는집,"Dessert/Bakery, Coffee/Drink, Vibe",keyword
감사합니다!,"Dessert/Bakery, Coffee/Drink",keyword
초코스콘이랑 피스타치오 휘낭시에 맛있어요!,Dessert/Bakery,keyword
지방에서 올라갔는데 흑임자스콘 만들어진거는 있지만 내가 사는 그 순간엔 판매 안한대서 넘넘 아쉽 ㅜ 언제 또 서울 갈지 모르겠지만 가면 먹어볼게요....,"Dessert/Bakery, Coffee/Drink, Vibe",keyword
크기가 작아서 테이블이 몇개 없어요!,"Dessert/Bakery, Coffee/Drink",keyword
조용해서 좋고 사장님도 친절하세요.,"Service, Dessert/Bakery, Coffee/Drink",keyword
지난번에 없어서 못먹은 스콘 드디어!,"Dessert/Bakery, Coffee/Drink",keyword
"너무 부드럽고 고소하고 맛있다
약과휘낭시에도 끈적 쫀득 달달
커피랑 너무 달어울린다",Coffee/Drink,keyword
솔티카라멜휘낭시에가 진짜 맛있음...,Coffee/Drink,keyword
쫀득쫀득하구 아메랑도 찰떡... ㅠㅁ ㅠ,"Dessert/Bakery, Coffee/Drink",keyword
음료랑 빵 다 맛있어요!,"Dessert/Bakery, Coffee/Drink",keyword
예쁘고 좋아요,Vibe,keyword
좋아하는 곳이에요,Vibe,keyword
"사장님도 친절하시고, 스무디도 진짜 맛있어요!!","Service, Dessert/Bakery, Coffee/Drink",keyword
크림라떼 너무너무 맛있어요,Coffee/Drink,keyword
"신논현 뒷쪽이라 그런지
아늑하고 조용한 공간에 꽃보면서
커피와 디저트 먹을 수 있어
힐링되는 공간","Dessert/Bakery, Coffee/Drink, Vibe",keyword
"가려던 곳이 자리가 없어서
급하게 검색해서 갔는데.","Dessert/Bakery, Coffee/Drink, Vibe",keyword
대만족. ♡,Price,keyword
스콘맛집으로 유명하다기에 들려봤어요!,"Dessert/Bakery, Coffee/Drink",keyword
"신논현역에서 가깝고 한가진 거리에 있어서
좌석은 몇 없지만 조용히 즐기기에 좋았어요.","Vibe, Coffee/Drink",keyword
"시간이 없어서 음료는 못먹어보구ㅠㅠ
스콘이랑 휘낭시에 맛있어여","Dessert/Bakery, Coffee/Drink",keyword
조용하고 커피도 스콘도 맛잇어요!,"Dessert/Bakery, Coffee/Drink",keyword
쑥스콘💚,Dessert/Bakery,keyword
크림라때 부드럽고 고소한것이 맛있네욤,"Dessert/Bakery, Coffee/Drink",keyword
빵종류도 은근 많고 촉촉하니 다 맛있었어요,Dessert/Bakery,keyword
"아인슈페어 크림도 맛있고 커피도 맛나고
힐링이되는 장소 입니다",Coffee/Drink,keyword
맛있고 분위기 짱이에요,Vibe,keyword
신논현 가면 꼭 가는곳!,Vibe,keyword
디저트가 맛있어요!!!!!,Dessert/Bakery,keyword
주말엔 꽃집을 안하는거같아요 ㅎㅎ,"Dessert/Bakery, Coffee/Drink",keyword
매장이 작지만 카피 맛나고 대화하기 좋아요,"Dessert/Bakery, Coffee/Drink, Vibe",keyword
스콘 비스킷 느낌이에요,Dessert/Bakery,keyword
커피도 고소하고 맛있어요,Coffee/Drink,keyword
분위기도 편하고 차분하고 좋아요~,"Dessert/Bakery, Coffee/Drink, Vibe",keyword
깨끗했어요,"Dessert/Bakery, Coffee/Drink",keyword
내부가,Dessert/Bakery,keyword
담에 또오고 싶네요!,"Dessert/Bakery, Coffee/Drink",keyword
디저트는 리뷰 대비 쏘쏘 커피가 괜찮아요,"Dessert/Bakery, Coffee/Drink",keyword
초코칩스콘이 지존인디 오늘 없음 ...ㅠ,"Dessert/Bakery, Coffee/Drink",keyword
사장님 친절하시구 디저트 넘마싯⚘️,"Service, Dessert/Bakery, Coffee/Drink",keyword
분위기좋아요,Vibe,keyword
"음료는 평범
디저트는 부드럽고 진한맛","Dessert/Bakery, Coffee/Drink",keyword
강남 속 홍대🤍 너무 예뻐용,Vibe,keyword
아기자기하고 따스한 매장분위기 넘 좋아요,"Dessert/Bakery, Coffee/Drink, Vibe",keyword
💛 스콘도 맛있고 커피도 맛있고 빵냄새도 넘 좋네요,"Dessert/Bakery, Coffee/Drink",keyword
여기 진짜 스콘 찐 맛집이네요 (⭒•͈ 𓎺 •͈ ),"Dessert/Bakery, Vibe",keyword
거의 인생 스콘이에요.,Dessert/Bakery,keyword
"겉은 바삭 안은 포슬포슬 촉촉하고
반죽 진짜 맛있고 고소해요!!",Dessert/Bakery,keyword
"늦게가거나 시간 잘 못맞추면 
스콘 만나긴 어려울거 같더라구요ㅜㅠ",Dessert/Bakery,keyword
"QR, 백신 접종확인 철저히 하구요,","Dessert/Bakery, Coffee/Drink",keyword
사장님 친절하셨어요~,"Service, Dessert/Bakery, Coffee/Drink",keyword
"음료는 맛있고
디저트류 좋아요","Dessert/Bakery, Coffee/Drink",keyword
빵 정말 맛나요,Dessert/Bakery,keyword
"제가 정말 좋아하는 카페 💙 
음료랑 디저트 다 맛있고 친절하시고,
강남역-신논현 라인 중에서도 조용해서 너무 좋아요!","Service, Dessert/Bakery, Coffee/Drink",keyword
조용해서 조앗어요,"Dessert/Bakery, Coffee/Drink",keyword
당근케잌 엄청 맛나네요,Dessert/Bakery,keyword
카페도 예쁘고 커피가 진짜 존맛탱🔥,"Vibe, Coffee/Drink",keyword
깔끔했어요 !,"Dessert/Bakery, Coffee/Drink",keyword
근데 디저트가 덮개 없이 진열되어있어서 위생이 살짝 아쉬웠어요 !,"Dessert/Bakery, Coffee/Drink, Vibe",keyword
아늑한 분위기에 음료도 빵도 괜찮았어요,"Dessert/Bakery, Coffee/Drink, Vibe",keyword
인테리어도 예쁘고 아늑해요!!,"Dessert/Bakery, Coffee/Drink, Vibe",keyword
당근케이크도 맛있고 각종 디저트 맛집입니당,Dessert/Bakery,keyword
😍 카페 인테리어도 아기자기하고 예쁘고 좋아요,"Dessert/Bakery, Coffee/Drink, Vibe",keyword
아무리 예쁘고 맛있는 카페라도… 방문자 큐알해달라고 부탁해야하는 방역수칙 엉망인 카페는 이시국에 피하는게 답일듯 합니다… :(  작은카페라서 손님도 북쩍거리지 않아 관리가 어렵거나 힘들지 않을텐데… 테이블엔 빵부스러기가 한가득… 청결하지 못한거 같아용 ㅠㅠ,"Service, Dessert/Bakery, Coffee/Drink, Vibe",keyword
다른 손님들도 큐알 전혀 안하거 같은데..,"Dessert/Bakery, Coffee/Drink",keyword
진짜 4단계 시국에 주의 좀 하셨으면 좋겠어서 리뷰 남겨요…,"Dessert/Bakery, Coffee/Drink",keyword
분위기좋고 맛있고 친절하세요,"Service, Dessert/Bakery, Coffee/Drink, Vibe",keyword
스콘맛집이 맞네요,Dessert/Bakery,keyword
평일 낮에 가서 조용한 분위기에서 편하게 있다왔어요,"Dessert/Bakery, Coffee/Drink, Vibe",keyword
로투스 치즈케잌 맛있어요-!,Dessert/Bakery,keyword
카페 분위기도 좋고 케잌도 맛있어요,"Vibe, Coffee/Drink",keyword
카페가 너무 예뻐요,"Vibe, Coffee/Drink",keyword
분위기도 좋고 케이크도 맛있는데 카페가 좀 작아용 ㅠㅠ,"Dessert/Bakery, Coffee/Drink, Vibe",keyword
예쁘고 맛있어요~,Vibe,keyword
공간이 예쁘고 커피도 맛있어요,"Vibe, Coffee/Drink",keyword
플랫쑥 크림라떼 둘다 진짜 맛있고 솔티 카라멜 피낭시에 감탄하며 먹었어요~,"Dessert/Bakery, Coffee/Drink",keyword
다음날 또 생각나서 갔는데 자리가 없어서 다른데 갔어요,Coffee/Drink,keyword
🥲 그 정도로 분위기도 좋고 맛있습니다~,Vibe,keyword
"정말 가보고 싶었던 로우어 가든💓
항상 사람이 많아 만석이어서 못 갔는데 비가 추적추적 오늘 토요일 강남역이 너무 붐벼 논현으로 넘어와 드디어 방문했네요.","Service, Dessert/Bakery, Coffee/Drink, Vibe",keyword
커피 넘넘 맛있고 넘 예쁘게 진열된 디저트 중 초코 휘낭시레 넘 맛나게 먹었어요,"Dessert/Bakery, Coffee/Drink, Vibe",keyword
💛 다음에 또 올게요!,"Dessert/Bakery, Coffee/Drink",keyword
분위기 좋아용,Vibe,keyword
"여기 쑥라떼 너무 맛있고, 쑥스콘도 맛있음!","Dessert/Bakery, Coffee/Drink",keyword
"신논현역 골목 안쪽에 위치해있는, 갬성있는 곳.","Position, Dessert/Bakery, Coffee/Drink, Vibe",keyword
제가 사랑하는 카페입니다.,"Dessert/Bakery, Coffee/Drink",keyword
친구들 데려가도 다 만족하는 곳!,"Price, Dessert/Bakery, Coffee/Drink, Vibe",keyword
음료도 맛나고 디저트도 너무 맛있어요~,"Dessert/Bakery, Coffee/Drink",keyword
사장님도 친절하십니당ᵔᴥᵔ,"Service, Dessert/Bakery, Coffee/Drink",keyword
분위기좋고 음료 빵 맛나고,"Dessert/Bakery, Coffee/Drink, Vibe",keyword
쑥라떼가 먹고싶어서 방문햇는데 괜찮아요,"Service, Dessert/Bakery, Coffee/Drink",keyword
사장님 엄청 친절하시고 스콘 맛있어요,"Service, Dessert/Bakery, Coffee/Drink",keyword
생화냄새 솔솔나고 조용하고 산미 싫어하는 저는 커피 맛 굿 이였습니다.,"Dessert/Bakery, Coffee/Drink",keyword
같이먹은 디저트도 존맛:) ❤️,"Dessert/Bakery, Coffee/Drink",keyword
"맛있고 분위기도 젛아요
근데 커피양이 넘 적어욤","Vibe, Coffee/Drink",keyword
글구 문을 계속 열어놓으셔서 넘 추워요,Coffee/Drink,keyword
가격대비 커피맛 별로 ㅜ 빵은 안먹어봐서 모르겠지만 분위기는 괜찮네요,"Price, Dessert/Bakery, Coffee/Drink, Vibe",keyword
스콘이 예술임,Dessert/Bakery,keyword
"케익은 평타
커피는 비추","Dessert/Bakery, Coffee/Drink",keyword
맛있고 친절한데 마들렌이 좀 퍼석해요ㅜㅜ,"Service, Dessert/Bakery, Coffee/Drink",keyword
카페 분위기 좋네요~,"Vibe, Coffee/Drink",keyword
"🤍🤍🤍🤍
서울오면 또 와야겠어용","Dessert/Bakery, Coffee/Drink",keyword
"스콘 짱 맛
스콘만 짱 맛",Dessert/Bakery,keyword
꽃 주문했는데 잘해주셔서 감사해요!,"Service, Dessert/Bakery, Coffee/Drink",keyword
"카페도 아기자기 이쁘고, 커피랑 케이크가 맛있어요!","Dessert/Bakery, Coffee/Drink, Vibe",keyword
바노피케이크😍 강력추천입니다~,Vibe,keyword
스콘은...,Dessert/Bakery,keyword
조용하고 좋아요,"Dessert/Bakery, Coffee/Drink",keyword
디저트도 너무 맛있고 의자도 편하고 노래도 좋고 너무 소란스럽지도 않아 분위기도 좋고 최고,"Dessert/Bakery, Vibe",keyword
"쑥스콘 안익었어요,,,,
그리고 스콘 맛집은 아닌듯ㅠ
스벅 스콘이 더 맛있어요","Dessert/Bakery, Vibe",keyword
"공간도예쁘고 디저트도 아기자기하지만
보기에만 이쁜 느낌
많이기대해서 실망이크네요","Service, Dessert/Bakery, Coffee/Drink, Vibe",keyword
맛이 있지는 않네요..,"Vibe, Coffee/Drink",keyword
"아메 신맛이 강한데 맛있는 맛은 아니고 
티라미수 달달","Dessert/Bakery, Coffee/Drink",keyword
사장님도 친절하시고 최고에요!,"Service, Dessert/Bakery, Coffee/Drink",keyword
"☆ 각종 디저트와 공간의 매력이 넘치는 로우어가든
☆ 다양한 티와 케익류를 맛볼 수 있어요.","Dessert/Bakery, Coffee/Drink, Vibe",keyword
"빅토리아케익, 마들렌, 여러가지 종류의 스콘, 당근케익 등 한번 씩 다 먹어보고 싶을 정도로 맛있어 보였습니다. 
☆","Dessert/Bakery, Coffee/Drink, Vibe",keyword
"로우어가든은 크진 않지만 편안하고 빛이 좋은 카페였어요. 
☆","Service, Dessert/Bakery, Coffee/Drink",keyword
"갓구운 스콘이 맛있었어요 : )
☆ 신논현 근처에 이렇게 예쁘고 아늑한 카페는 처음 본 것 같아요.","Dessert/Bakery, Coffee/Drink, Vibe",keyword
플라워샵도 함께 운영하시니 데이트 코스로도 좋을 것 같아요,"Dessert/Bakery, Coffee/Drink, Vibe",keyword
꽃과 함께하는 카페인데 따뜻한 공간으로 스콘도 맛있어요!,"Dessert/Bakery, Coffee/Drink, Vibe",keyword
매번가는카페 커피진짜 매번 맛있어요,Coffee/Drink,keyword
💯💯💯 외국친구들도 커피 맛있다고 인정했어요 !,"Dessert/Bakery, Coffee/Drink, Vibe",keyword
"주말에 푹 쉬다가 집근처 카페 찾아서 왔는데,, 너무 좋아서 쿠폰 찍어갑니다 !","Service, Dessert/Bakery, Coffee/Drink, Vibe",keyword
"분위기도 좋고 커피도 너무 맛있고, 수박주스를 생수박 직접 갈아서 주시는것 보고 영업에 진심이시다 느꼈습니다!","Vibe, Coffee/Drink",keyword
매주는 못오더라도 주말마다 종종 찾아올 생각입니다!,"Dessert/Bakery, Coffee/Drink",keyword
와 롱블랙 맛집 찾기 힘든데 너무 맛있어요!,Service,keyword
친절하시고요!!,"Service, Dessert/Bakery, Coffee/Drink",keyword
커피 맛에 반해서 재방문했습니다.,"Service, Dessert/Bakery, Coffee/Drink",keyword
커피맛있는 카페 찾기가 은근히 어려웠는데..,"Service, Coffee/Drink",keyword
음악도 좋구 편안한 분위기에 사장님도 친절하시고 올때마다 기분좋아지는 공간이에요!!,"Service, Dessert/Bakery, Coffee/Drink, Vibe",keyword
번창하세요~:),"Dessert/Bakery, Coffee/Drink",keyword
매번가는 커피숖인데 커피도 맛있고 아주 좋습니다 :),Coffee/Drink,keyword
항상커피 맛있어요 :),Coffee/Drink,keyword
매번가는 카페인데 매번 가는 이유가 있겠죠 ㅎ,"Vibe, Coffee/Drink",keyword
커피 맛 최고입니다,Coffee/Drink,keyword
매번 마시는 커피숖인데 진짜 강추입니다 :),Coffee/Drink,keyword
커피 진짜 맛있어요 !!!,Coffee/Drink,keyword
🍊🍊🍊🍊🍊🍊🍊커피도 완전 맛있어요,Coffee/Drink,keyword
매번 마시는 커피샵!,"Vibe, Coffee/Drink",keyword
외국친구들도 여기 커피 맛있다고 매번해서 좋아요 :),"Dessert/Bakery, Coffee/Drink, Vibe",keyword
동네에 이런 카페가 있는지 몰랐네요!!,"Vibe, Coffee/Drink",keyword
"시그니처 후프커피 마셨는데, 향도 진하고 너무 맛있어요",Coffee/Drink,keyword
케피가맛있고 친절해요,"Service, Dessert/Bakery, Coffee/Drink",keyword
동네라 자주 오는데 자세히 보니 맥주도 있네요,"Dessert/Bakery, Coffee/Drink, Vibe",keyword
"수제 에일맥주 넘 맛있어서
여름에 자주 마시게 될것 같아요","Dessert/Bakery, Coffee/Drink",keyword
여기 커피 와 버터바도 제대롭니다,"Dessert/Bakery, Coffee/Drink",keyword
여기 고구마에 미친사람이 맨날 고구마 꿉길래 시켜봤는데 사장님이 직접 뭔가 아이스크림이랑 치즈까지 해서 만들어주네요.,"Service, Dessert/Bakery, Coffee/Drink, Vibe",keyword
진짜 어이없이 맛있어서 하나 더 먹고싶은데 눈치보여서 내일 또 올게요.,"Dessert/Bakery, Coffee/Drink",keyword
동네에 이런 카페 있는거 너무 좋아요.,"Vibe, Coffee/Drink",keyword
커피 너무 맛있어서 자주 오는데 금토는 이렇게 고구마를 팔아요,"Dessert/Bakery, Coffee/Drink",keyword
단 고구마랑 커피 넘 잘어울리고 아이스크림 추가해 같이 먹으면 예술입니다,"Dessert/Bakery, Coffee/Drink",keyword
월~목엔 버터바 드셔보세요,Dessert/Bakery,keyword
정말 성의있게 잘 만들었단 생각이 듭니다,"Vibe, Coffee/Drink",keyword
동네에 이런 까페가 있어 좋아요^^,"Vibe, Coffee/Drink",keyword
"귀여운 강쥐도 있고
고구마도 먹고
좋네요~ ^^","Vibe, Coffee/Drink",keyword
항상 마시는 커피집이예요 :) 최고예요,"Vibe, Coffee/Drink",keyword
항상 커피도 맛있고 좋아요. :),Coffee/Drink,keyword
"맨날 테이크아웃 해서 먹는데
커피도 맛있고 버터바가 정말 맛있어요..","Service, Dessert/Bakery, Coffee/Drink",keyword
사장님 친절하시고 매장 디테일이 죽여줌..,"Service, Dessert/Bakery, Coffee/Drink, Vibe",keyword
성수동 카페 고민 말고 후프로 가세요,"Vibe, Coffee/Drink",keyword
좋은점이 너무 많은데 5개 밖에 안 눌러지네요 ㅜㅜ,"Dessert/Bakery, Vibe",keyword
커피가 너무 맛있고 매장 분위기가 좋아서 자주 방문하게 될 거 같아요,"Service, Dessert/Bakery, Coffee/Drink, Vibe",keyword
커피 맛있어요!,Coffee/Drink,keyword
조용하고 인테리어독특하고 아아 아주 좋네요~,"Dessert/Bakery, Coffee/Drink, Vibe",keyword
"커피도 맛있고, 인테리어가 멋져요~~","Vibe, Coffee/Drink",keyword
내부 인테리어가 사장님의 개성이 느껴지는 곳입니다.,"Service, Dessert/Bakery, Vibe",keyword
음악도 그렇고 사장님 열성적으로 일하시는 모습이 인상적이었어요.,"Service, Dessert/Bakery, Coffee/Drink, Vibe",keyword
플랫화이트(ice)는 원두의 맛이 강하게 느껴졌어요.,Coffee/Drink,keyword
규모는 작지만 외부 좌석도 있어서 아침이나 저녁에 커피마시기 좋을 것 같아요.,"Dessert/Bakery, Coffee/Drink, Vibe",keyword
후프커피 크림 진짜 맛있어요..!!!!,Coffee/Drink,keyword
사장님이 너무 친절하셔서 좋았어요!,"Service, Dessert/Bakery, Coffee/Drink",keyword
커피도 최공,Coffee/Drink,keyword
커피 항상 맛있어요!!,Coffee/Drink,keyword
커피만큼이나 인테리어도 멋있어요!!!,"Vibe, Coffee/Drink",keyword
후프선셋 너무 맛있었고 크림의 점도까지 선택해서 마실수 있어서 취향껏 마실수 있어 좋았어요!,"Service, Dessert/Bakery, Coffee/Drink, Vibe",keyword
인테리어도 완전 컨셉뚜렷해서 좋았고 사장님도 엄청 친절해요,"Service, Dessert/Bakery, Coffee/Drink, Vibe",keyword
성수동에서 후프커피 젤 좋아합니다.,Coffee/Drink,keyword
"매번 시간이
없어서 앉았다가질 못하고 테이크아웃만 하는데 눈이 번쩍!","Service, Dessert/Bakery, Coffee/Drink",keyword
뜨이는 다크하고 스트롱한 플랫화이트도 너무 맛있고 특히 사장님이 아침마다 직접만드신다는 버터바 땜에 일부러 찾아갑니다.,"Service, Dessert/Bakery, Coffee/Drink, Vibe",keyword
이쁘지만 짜치고 비싼 다른곳 버터바보다 후프커피 버터바는 말그대로 겁나 터프하고 양도 겁나 많아서 급할땐 냅따 와구와구 먹으면 배뻥될정도입니다.,"Price, Dessert/Bakery, Coffee/Drink, Vibe",keyword
후프커피 말고 터프커피라고해도 될정도….,"Dessert/Bakery, Coffee/Drink",keyword
서부영화보다 영화 ‘할리와 말보로맨’이 생각나는 추억의 웨스턴인테리어도 제대로 지리는 마당에 사장님도 멋지고 친절하십니다.,"Service, Dessert/Bakery, Coffee/Drink, Vibe",keyword
아아 난 몰라,Coffee/Drink,keyword
후프커피가 젤 좋아요!!!!,Coffee/Drink,keyword
사장님 또 갈게요.,Service,keyword
사장님이 너무너무 친절하시고 음료맛도 좋아요.,"Service, Dessert/Bakery, Coffee/Drink",keyword
"특히 라떼를 자주 먹는데
날씨가 좋아서 레몬에이드 먹어봤는데  이것도 물건이네용~~!!",Coffee/Drink,keyword
장사 오래오래 하주세요!!,"Dessert/Bakery, Coffee/Drink",keyword
너무너무 좋은 카페 알게되어서 좋습니다!!!,Coffee/Drink,keyword
"성수동 원탑 커피 후프커피 👍 
같이 먹는 버터바도 너무 맛있어요","Dessert/Bakery, Coffee/Drink",keyword
버터바는 시키지 마세요..,Dessert/Bakery,keyword
너무 딱딱하고 건조해요…,"Dessert/Bakery, Coffee/Drink",keyword
어디서 떼오시는 거 같은데 진짜 좀 별로..,"Dessert/Bakery, Coffee/Drink",keyword
간만에 진짜 맛있는 커피를 맛봤어요,Coffee/Drink,keyword
진짜 친절하시구 최고예요,"Service, Dessert/Bakery, Coffee/Drink",keyword
한달만에 후프커피 !!,Coffee/Drink,keyword
테이크아웃 서울숲 못참지,Service,keyword
후프 말모말모// 아이스크림라떼도 너무맛있어요!!!!!!,"Dessert/Bakery, Coffee/Drink",keyword
사장님 너무 친절하셔서 갈 때마다 기분 좋아요!,"Service, Dessert/Bakery, Coffee/Drink, Vibe",keyword
💖 그리고 무엇보가 커피가 진짜 넘 맛있음,Coffee/Drink,keyword
성수동 나가면 커피 마시는 곳,"Vibe, Coffee/Drink",keyword
"가게 브레이크 타임때마다 들려서 테이크아웃 해가곤 했는데 오랜만에 앉아서 먹는데 역시 커피맛은
기가막히네요","Service, Dessert/Bakery, Coffee/Drink, Vibe",keyword
커피 맛있어요~~,Coffee/Drink,keyword
후프커피랑 아아 맛있어요!!!,Coffee/Drink,keyword
"예전부터 오고싶었는데 성수동에 약속이 있어서 들렸는데…나 왜 이제왔지…
커피도 맛있구 디저트도 맛있어서 좋네용","Dessert/Bakery, Coffee/Drink, Vibe",keyword
사장님 또 올게요,"Service, Dessert/Bakery, Coffee/Drink",keyword
성수동은 카페거리가 핫한데 집근처 후프커피가 전 더 좋네요~,"Vibe, Coffee/Drink",keyword
사장님 무섭게 생겼는데 인스타 친구 해보니 세상 따뜻하고 귀여우시더군요.,"Service, Dessert/Bakery, Coffee/Drink, Vibe",keyword
"커피도 맛있고, 버터바 종류별로 다 먹었는데 어이없이 중독됐어요 ㅡㅡ","Dessert/Bakery, Coffee/Drink, Vibe",keyword
야외 앉아있는데 모기에 뜯기는 저를 보고 모기향을 틀어주시는 자상함까지… 모기향에 취해~ 사장님 자상함에 취해~ 자주 오겠습니다!,"Service, Dessert/Bakery, Coffee/Drink, Vibe",keyword
"내 마음속 원픽은 역시 후프🧡❤️🧡❤️
테이크아웃 못참지","Service, Coffee/Drink",keyword
버터바 맛도리고 되게 분위기 있어욤,"Dessert/Bakery, Coffee/Drink, Vibe",keyword
"욤
주황 조명이라 뭔가 따뜻한 가을 느낌에 잘 맞달까 ㅎㅎ","Dessert/Bakery, Coffee/Drink, Vibe",keyword
사장님도 되게 친절하시고 좋았습니당,"Service, Dessert/Bakery, Coffee/Drink",keyword
초코 버터바 엄청 달지도 않고 맛있어요!!,Dessert/Bakery,keyword
분위기 넘 좋아요,Vibe,keyword
버터바 맛집❤️❤️,Dessert/Bakery,keyword
"사장님 너무 친절하시고, 라떼 진짜 무슨 일 ..","Service, Dessert/Bakery, Coffee/Drink",keyword
무엇보다 저 인생 태어나서 먹어본 버터바 중에서 젤 맛있는 고 같아요ㅠㅠㅠㅠㅠ,"Dessert/Bakery, Coffee/Drink",keyword
진짜 번창하세용 !!!,"Dessert/Bakery, Coffee/Drink",keyword
"사장님 센스 무엇 ㅜㅜ 
혼자 노래 검색해서 플레이리스트 추가했네염 ㅋㅋㅋㅋㅋ 
담에 또 갈게요 ~~ ㅎㅎㅎㅎ","Service, Dessert/Bakery, Coffee/Drink, Vibe",keyword
사장님 제가 진짜 똥손이라 사진을 못 찍어요,Service,keyword
가끔씩 오는데 참~커피가 맛있어요,"Dessert/Bakery, Coffee/Drink",keyword
"버터바 맛집이라고 해서 왔는데
황치즈바 이거 커피랑 마시니깐 너무 맛있네요","Dessert/Bakery, Coffee/Drink",keyword
역시 디저트 맛집!!,Dessert/Bakery,keyword
커피도 맛있고 인테리어에 진심인 듯합니다,"Dessert/Bakery, Coffee/Drink, Vibe",keyword
커피 맛있어요,Coffee/Drink,keyword
진한 블랙커핀데 고소한 원두향나는 커피 좋았어요,Coffee/Drink,keyword
"😀
그리고 인테리어가 텍사스에 온것같은 텍사스느낌에 은은한 향나는 카페여서 느낌이 새로웠어요","Dessert/Bakery, Coffee/Drink, Vibe",keyword
버터바 맛있어요~~!̆̈,Dessert/Bakery,keyword
"성수 최애 카페💓💓
커피 맛이 넘 좋고, 분위기 최고!!","Vibe, Coffee/Drink",keyword
사장님도 넘 친절하세요:),"Service, Dessert/Bakery, Coffee/Drink",keyword
음악좋고 분위기 핫해요!!,Vibe,keyword
커피도 맛있습니다~~~,Coffee/Drink,keyword
성수동 커피 탑 오브더 탑,Coffee/Drink,keyword
오너의 취향 묻은 웨스턴 무드 진하게 풍기는 곳.,Vibe,keyword
커피 잘하고 플랫화이트가 괜찮다.,"Dessert/Bakery, Coffee/Drink",keyword
항상 가는 성수 커피 맛집💯🙌🙌🙌 인테리어도 멋지고 사장님이 엄청 친절하세요,"Service, Dessert/Bakery, Coffee/Drink, Vibe",keyword
👍👍커피는 물론 항상 맛있어서 갑니다 ㅎ,Coffee/Drink,keyword
성수1가 카페중에서 👍💯,Coffee/Drink,keyword
딸기라떼 너무 맛있어요,Coffee/Drink,keyword
너무 청결합니다,"Dessert/Bakery, Coffee/Drink",keyword
인테리어도 멋있고 사진도 잘나와요,"Vibe, Coffee/Drink",keyword
사장님이 간지 나십니다,"Service, Coffee/Drink",keyword
사진 찍으려고했는데 너무 맛있어서 사라졌어요,"Dessert/Bakery, Coffee/Drink",keyword
인싸들만 오는곳인거같아여~,"Dessert/Bakery, Coffee/Drink, Vibe",keyword
분위기 ㄷ ㄷ,Vibe,keyword
오랜만에 감탄이 절로 나오는 훌륭한 에스프레소를 마셨어요.,"Dessert/Bakery, Coffee/Drink, Vibe",keyword
성수동 4년째 살며 이런 저런 카페 방문했지만 손에 꼽을만큼 탁월합니다.,"Service, Dessert/Bakery, Coffee/Drink",keyword
에티오피아 원두 특유의 산미와 콜림비아의 달면서도 풍부한 바디감의 조화가 기막혔어요.,"Dessert/Bakery, Coffee/Drink",keyword
커피 온도가 낮아지며 도드라지는 부드러운 산미에서 마지막 한 모금까지 맛있는 커피를 만들기 위한 바리스타의 정성이 느껴졌습니다.,"Service, Vibe, Coffee/Drink",keyword
몸이 금방 녹을 수 있는 따뜻한 온기.,"Dessert/Bakery, Coffee/Drink, Vibe",keyword
머신과 그라인더 주변의 청결함.,"Dessert/Bakery, Coffee/Drink",keyword
특유의 향이 가게 가득하게 준비하는 정성.,"Dessert/Bakery, Coffee/Drink, Vibe",keyword
개성있는 인테리어는 덤이었습니다.,"Vibe, Coffee/Drink",keyword
귀찮게 이것저것 물어봤지만 친절하고 겸손하게  답해주시는 훌륭한 바리스타가 운영하는 카페라 생각됩니다.,"Service, Dessert/Bakery, Coffee/Drink, Vibe",keyword
매번가는 카페인데 사장님도 친절하시고ㅌ 커피맛도 좋고 카페 내부 향이 너무 좋아요,"Service, Dessert/Bakery, Coffee/Drink",keyword
"인테리어가 굉장히 유니크하고
커피는 정말 입맛에 잘맞아요~!","Dessert/Bakery, Coffee/Drink, Vibe",keyword
"적당한 산미도있고  고소함도 있고 
너무 맛나요","Dessert/Bakery, Coffee/Drink, Vibe",keyword
"매주 거래처때문에 오는데 
항상 커피맛있어요!","Dessert/Bakery, Coffee/Drink",keyword
개존맛탱구리구리구리🐴,Dessert/Bakery,keyword
코코넛라떼 꼭 드셔보세요!,Coffee/Drink,keyword
신박하고 맛있어요!!,"Dessert/Bakery, Coffee/Drink",keyword
악 돈이 너무 아까웠음.,Price,keyword
아메도 너무 비쌈.,"Coffee/Drink, Price",keyword
수복보다 비쌈.,Price,keyword
"4500원이나 하는데
존내맛없음","Dessert/Bakery, Coffee/Drink",keyword
"사약 먹는기분
가격이라도 착하면  싼맛에 먹자 하겠는데
이건 뭐 스벅보다 비싸고 스벅보다 존내 맛없음","Price, Dessert/Bakery, Coffee/Drink, Vibe",keyword
진짜 가지마소 돈 아까움,Price,keyword
항상 마시는 코코넛라떼❤️,Coffee/Drink,keyword
그냥 무심코 지나가다 들어와ㅆ는데 커피랑 디저트가 보통 아이네요….,"Dessert/Bakery, Coffee/Drink",keyword
버터바 미쳤다…,Dessert/Bakery,keyword
성수동 오면 항상 오는 아주 따뜻한 카페🥰,"Dessert/Bakery, Coffee/Drink",keyword
잠시들려 분위기 낼 수 있는 곳 산미가 좋아여,"Vibe, Coffee/Drink",keyword
내원픽!!,Coffee/Drink,keyword
코코넛라떼!!!,Coffee/Drink,keyword
애견동반 가능해서 강아지 데리고 자주가용ㅎㅎㅎ 사장님도 친절하시고 음료도 맛있는 집!!!!,"Vibe, Service, Coffee/Drink, Price, Dessert/Bakery",keyword
혼자 오기도 너무 좋고 커피랑 디저트 다 먹어봤는데 다 맛있어요!!!!!,"Dessert/Bakery, Coffee/Drink",keyword
사장님 친절하시고 깨끗하고 좋습니다!,"Service, Dessert/Bakery, Coffee/Drink",keyword
커피에 꿀탔나..,Coffee/Drink,keyword
후프커피 아메리카노는 완전 추천입니다.,"Vibe, Coffee/Drink",keyword
잠깐 앉았다 가기 너무 좋은거같아요~,Dessert/Bakery,keyword
동네에 이런 카페가 많이 생겼으면!,Coffee/Drink,keyword
다른곳에서 커피 못마시겠어요,"Vibe, Coffee/Drink",keyword
코코넛라떼 존맛!!,Coffee/Drink,keyword
커피 맛있어서 매일 여기만 찾아요!!!!,"Service, Coffee/Drink",keyword
진한 롱블랙과 버터바 너무나도 좋은 조합,Dessert/Bakery,keyword
유레차 유레카 ㅎㅎ낮에 커피를 먹어서 저녁에 들러 신메뉴 먹었는데 맛있어요 !,Coffee/Drink,keyword
저 후프카페에서 사진찍고 인생사진도 건졌어요 !!,Coffee/Drink,keyword
음료 좋고 사장님 친절하시고 사진도 잘나오고 후프는 완벽해요,"Service, Dessert/Bakery, Coffee/Drink",keyword
장소 무드도 좋고 커피가 맛있는 커피숍이예요,Coffee/Drink,keyword
👍👍 근처 커피숍중 커피맛이 제일 좋은곳👍😎☕️,"Vibe, Coffee/Drink",keyword
시그니처인 ‘후프커피’ 한번 꼭 드셔보세요!,Coffee/Drink,keyword
새로 있기에 한 번 맛 봤는데 꽤나 맛있었습니다. ㅎㅎㅎ,"Vibe, Coffee/Drink",keyword
사장님도 엄청 친절하고 분위기도 너무 좋았습니다.,"Service, Dessert/Bakery, Coffee/Drink, Vibe",keyword
"우연히 지나가다 인테리어가 멋져서 들렀는데 사장님이 되게 친절해서 놀라고, 커피가 맛있어서 놀랐습니다!","Service, Dessert/Bakery, Coffee/Drink, Vibe",keyword
자주 올것같은 카페!,"Dessert/Bakery, Coffee/Drink",keyword
자주 방문하는곳 !!!,"Service, Dessert/Bakery, Coffee/Drink, Vibe",keyword
커피 맛있어요!!!^^,Coffee/Drink,keyword
코코넛라떼 너무 맛있어요!!,Coffee/Drink,keyword
커피맛도 굿~!,Coffee/Drink,keyword
외국온거같아요.,"Dessert/Bakery, Coffee/Drink",keyword
커피 맛있네요.,Coffee/Drink,keyword
좀 떨어져있어도 괜히 여기로와요.,"Dessert/Bakery, Coffee/Drink, Vibe",keyword
사장님 잘생겼어요.,Service,keyword
삽살개같아요,Dessert/Bakery,keyword
1일 1후프 집앞이라 좋다.,Vibe,keyword
"버터바 살짝 맛봤는데
환상  사장님 모습은 무서움","Service, Dessert/Bakery",keyword
근데 말해보면 안무서움,"Dessert/Bakery, Coffee/Drink",keyword
순해서 놀람,Dessert/Bakery,keyword
커피맛이 좋아서 종종갑니다.,Coffee/Drink,keyword
인테리어도 취저입니다,Vibe,keyword
버터바 맛있다고 해서 갔는데 보관이 잘못되어있던건지 너무 굳은느낌과 냉장고냄새?,"Dessert/Bakery, Coffee/Drink, Vibe",keyword
같은게 났어요… 혹시 알콜이 들어갔나요?,"Dessert/Bakery, Coffee/Drink",keyword
아니면 혹시 보관상의 문제때문에 냄새가 났던건지 ㅜ큼큼한 냄새가 나서 찜찜해서 못먹었어요 ㅠ,"Dessert/Bakery, Coffee/Drink",keyword
"동네에서 매일 지나가다가
드디어 와보네요!!","Dessert/Bakery, Coffee/Drink",keyword
회사근처인데 테이크아웃 20프로 할인되서 너무 좋아요~,Service,keyword
"인테리어가 멋있고
커피맛도 좋았어요","Vibe, Coffee/Drink",keyword
돈 시간 아깝지 않았습니다.,Price,keyword
바닐라라떼후 유레차 꿀맛,Coffee/Drink,keyword
맛있고 공간도 이쁘고~ 베이커리 저렴한 것만 더 메뉴에 추가되면 좋을 거 같아요^^,"Dessert/Bakery, Vibe",keyword
사장님 패션도 멋지고 가게 컨셉도 신기해요.,"Service, Vibe",keyword
커피도 산미 적고 사장님이 직접 개발한 추천 신메뉴들도 다 괜찮네요.,"Service, Dessert/Bakery, Coffee/Drink, Vibe",keyword
진짜 맛있게 먹었어요!!,Coffee/Drink,keyword
수박에이드 진짜 미쳤습니다ㅜㅜ,Coffee/Drink,keyword
색다른 서부 영화 같은 컨셉이라 재밌었어요!,Dessert/Bakery,keyword
아이스 코코넛 밀크 커피 시켰는데 코코넛이 살짝 씹혀서 맛있었어요!,Coffee/Drink,keyword
분위기 좋고 친절하세요!,"Service, Dessert/Bakery, Coffee/Drink, Vibe",keyword
단골 카페 한곳 추가 됬어요!,"Vibe, Coffee/Drink",keyword
사장님 너무 친절하시고 수박음료도 디져트도 진짜 맛나게 먹었어요 ♥,"Service, Dessert/Bakery, Coffee/Drink",keyword
여기 분위기도 넘 좋고 커피도 넘 맛있어요~,"Vibe, Coffee/Drink",keyword
사장님도 너무 좋구요,Service,keyword
"👍🏻👍🏻👍🏻
자주자주 올께요~","Dessert/Bakery, Coffee/Drink",keyword
인테리어가 특이하고 커피맛 좋아요,"Dessert/Bakery, Coffee/Drink, Vibe",keyword
앞으로 자주 와야겠어요!!,"Dessert/Bakery, Coffee/Drink",keyword
사장님이 멋지시네요,Service,keyword
분위기가 너무 좋아요,Vibe,keyword
여자들이 좋아할 분위기!,Vibe,keyword
"평소에 커피 좋아하지 않는편인데 
여기 커피 너무 맛있어요",Coffee/Drink,keyword
커피에 늘 마려운 1인이 처음으로 성수동에 이사오길 잘했다고 느끼는 곳.,"Dessert/Bakery, Coffee/Drink, Vibe",keyword
앞으로 커피는 여기입니다.,Coffee/Drink,keyword
적게일하고 많이 버십쇼,"Dessert/Bakery, Coffee/Drink",keyword
커피는 정말 맛있구요,Coffee/Drink,keyword
🤍 분위기도 최고 !,Vibe,keyword
커피가 일단 너무 맛있어요,Coffee/Drink,keyword
인테리어도 내 스타일~🐎,"Vibe, Coffee/Drink",keyword
"집앞에 맛있는 커피숍 생김
라떼 너무 맛있음","Vibe, Coffee/Drink",keyword
자주 올게요~,"Dessert/Bakery, Coffee/Drink",keyword
새로 생긴 카페인 것 같은데 분위기 좋네요.,"Dessert/Bakery, Coffee/Drink, Vibe",keyword
사장님이 힙하고 친절해요,"Service, Dessert/Bakery, Coffee/Drink, Vibe",keyword
커피원두가 고급지고 고소해요,"Dessert/Bakery, Coffee/Drink",keyword
버터바 너무 맛있고 사장님 멋있어요!,"Service, Dessert/Bakery",keyword
분위기 깡패예요,Vibe,keyword
"강추강추:)
다음에 또 올게요","Dessert/Bakery, Coffee/Drink",keyword
번창하세요!~,"Dessert/Bakery, Coffee/Drink",keyword
서비스로 받은 아이스크림 너무 맛있슨..,"Service, Dessert/Bakery, Vibe",keyword
음료가격..,"Coffee/Drink, Price",keyword
하지만 시즌메뉴가 특별하고 좋았어요!! ㅋㅋ,"Dessert/Bakery, Coffee/Drink",keyword
근데 가격이 좀 창렬임ㅋㅋㅋ,Price,keyword
카페라떼 샷에 유유섞인게 뭔 이만원 쳐넘어가노 ㅋㅋㅋ 시즌메뉴도 공차얼그레이 밀크티 음료에 식용 장미 쳐사서 넣으셈 .,"Dessert/Bakery, Coffee/Drink",keyword
"But
디올 전시제품들이 너무너무 이뻣고 직원이 친절하셔서 너무 편하게 잘 둘러 봤습니다.","Service, Dessert/Bakery, Coffee/Drink, Vibe",keyword
근데 남친이랑 둘만의 시간을 보내고싶은데 직원이  너무 졸졸 따라다니는느낌이 ㅋㅋ 안훔쳐가요,Service,keyword
다음에 재방문 하겠습니당,"Service, Dessert/Bakery, Coffee/Drink",keyword
디올이라는 이름값에 걸맞게 매장 인테리어가 정말 아름답고 세련됐습니다.,"Vibe, Coffee/Drink",keyword
"카페 메뉴도 전반적으로 맛이 훌륭했고, 특히 서비스로 제공된 바닐라 젤라또가 진하고 부드러워 인상적이었어요.","Service, Dessert/Bakery, Coffee/Drink, Vibe",keyword
공간 분위기가 고급스러워 머무는 내내 기분이 좋았습니다.,"Dessert/Bakery, Vibe",keyword
"옆 매장도 함께 방문했는데, 좋은 제품들을 직접 볼 수 있었고 마음에 드는 아이템도 구매할 수 있어서 만족스러웠어요.","Vibe, Service, Coffee/Drink, Price, Dessert/Bakery",keyword
전체적으로 품격 있고 감각적인 경험이었습니다.,"Vibe, Coffee/Drink",keyword
"아들과 함께 휴가 데이트
특별한 계혁을 설계하다 예약 후 들른 곳
아들과 함께여서 더 좋은 경험이였어요","Dessert/Bakery, Coffee/Drink, Vibe",keyword
만족하였습니다^^,"Dessert/Bakery, Coffee/Drink, Price",keyword
"☕️ 됼라 예뿐 카페
☕️ 고급미 뿜뿜 화장실까지 럭셔리
☕️ 디올성수 어플로 예약해야만 올수 있음","Dessert/Bakery, Coffee/Drink, Vibe",keyword
☕️ 한번에 5팀만 받아서 프라이빗하게 머물 수 있음,"Dessert/Bakery, Coffee/Drink, Vibe",keyword
☕️ 직원분들 다 친절하심,"Service, Dessert/Bakery, Coffee/Drink",keyword
☕️ 바로옆 부티끄있어서 매장구경도 가능!,"Vibe, Coffee/Drink, Price",keyword
☕️ 커피잔당 2만원정도 하지만 분위기값으로 커버침,"Dessert/Bakery, Coffee/Drink, Vibe",keyword
⭐️ 결론 : 기분낼겸 한번씩 오기좋은곳 Diooooooor yeah ⭐️,"Dessert/Bakery, Coffee/Drink, Vibe",keyword
엄청 친절하시구 카페 이용했는데 좋았어요,"Service, Dessert/Bakery, Coffee/Drink",keyword
부띠끄 구경도 친절하게 해주셔서 좋았습니다,"Service, Dessert/Bakery, Coffee/Drink",keyword
"디올 청담에서의 좋은 기억을 안고 설레는 마음으로 디올 성수에도 방문했으나
카페 여성 직원분 때문에 정말 불쾌한 경험을 했습니다","Service, Dessert/Bakery, Coffee/Drink",keyword
"처음 태블릿 메뉴판 주실때부터 거의 던지듯이 놓고 가시더니
주문을 하기 위해 아이컨택도 시도해보고 손도 들어보았으나
10분가량 정말 단 한 번도 눈길을 주지 않으시더군요","Service, Dessert/Bakery, Coffee/Drink",keyword
"1시간 이용 시간 제한이 있기에 안되겠다 싶어 직접 찾아가니
자리에서 주문도와드릴게요","Service, Vibe, Coffee/Drink",keyword
퉁명스럽게 한마디 하시고는 자리로 다시 쫓겨나듯이 왔습니다,"Dessert/Bakery, Coffee/Drink, Vibe",keyword
"이 과정이 너무 너무 불쾌했고 2만원짜리 커피가 아니라
2천원짜리 저가 커피를 마시러 와도 이것보단 나은 응대를 받았을 것 같습니다","Dessert/Bakery, Coffee/Drink",keyword
"50분가량 머무르는 내내 그 직원분은 일하기 싫어보이셨고
디올 성수는 다시는 방문하고 싶지 않은 기억으로 남았습니다","Service, Dessert/Bakery, Coffee/Drink",keyword
카페라떼 고소하고 맛있다,"Dessert/Bakery, Coffee/Drink",keyword
기분전환 성수 디올카페,Vibe,keyword
크리스마스 분위기로 바뀌어서 너무 예뻐요,Vibe,keyword
청담디올하고 또다른 분위기...,"Dessert/Bakery, Coffee/Drink, Vibe",keyword
그리고 커피가 정말 부드럽고 맛있어요,Coffee/Drink,keyword
일단 좁고 커피도 평범해요.,"Dessert/Bakery, Coffee/Drink",keyword
처음에 까눌레 하나씩 주는거 말고는 따로 같이나오는 마카롱도 이젠 없는거 같구요.,"Dessert/Bakery, Coffee/Drink",keyword
"디올 매장 자체는 매우 예쁘나 까페는 너무 협소하고 
특별할게 1도 없는데다가
어플로는 두타임 연속 예약이 가능한데
실제로 이용은 못하게 해놨네요?","Price, Dessert/Bakery, Coffee/Drink, Vibe",keyword
테이블이 5개인가 중 두개밖에 안차있는데도 몇번이나 와서 55분만 이용할 수 있다며 정리할 시간이 필요하다고 하네요.,"Service, Dessert/Bakery, Coffee/Drink, Vibe",keyword
그냥 쇼핑하러 왔다 한잔 하는거면 몰라도 굳이 가지 마세요.,"Dessert/Bakery, Coffee/Drink",keyword
기분만 상하고 왜 유명한지 전혀 모르겠어요.,"Dessert/Bakery, Coffee/Drink, Vibe",keyword
"디올성수카페  커피가격이 후덜~하지만  친구생일이라  
깜짝 이벤트로  예약방문.","Service, Vibe, Coffee/Drink, Price",keyword
입구부터 고급진.,"Dessert/Bakery, Vibe",keyword
"안에  들어가  카페내부 둘러보니 테이블이 
딱  5개 밖에  없어서 예약제인듯.","Dessert/Bakery, Coffee/Drink",keyword
"아쉽
디카페인카페라테와 아메리카노를 주문하니 
 까눌레라고 먼저 줌    촉촉하고 맜있음.","Service, Dessert/Bakery, Coffee/Drink, Vibe",keyword
커피가  나오고  우리는  사진찍느라.,Coffee/Drink,keyword
"저 디올  별이  뭐라고~
커피맛은  고소하고 깊은 맛  아메리카노도  맛있다고함","Dessert/Bakery, Coffee/Drink",keyword
"저 예쁜등안이 궁금 ~
 그리고 고급질일인가?!?!","Dessert/Bakery, Vibe",keyword
"화장실
내참  화장실을 찍고 있는  거임?!","Vibe, Coffee/Drink",keyword
"그럴수도 😎 
직원분이  나올때  배웅도 해주고","Service, Dessert/Bakery, Coffee/Drink",keyword
"😅
디올카페를 나올때 보니 들어올때 못보았던   곳곳의 예쁜 꽃들  곳곳  디올로고  구경하는 재미!","Dessert/Bakery, Coffee/Drink, Vibe",keyword
커피가 비싸고 자석이 편하지 않아요,"Dessert/Bakery, Coffee/Drink, Price",keyword
"디올 성수
건물 외관이 이뻐서 언젠가는 가봐야겠다고 생각했던차에 부띠끄 예약과 함께 다녀왔어요.","Dessert/Bakery, Coffee/Drink, Vibe",keyword
11시 예약인데 5테이블 만석에 3테이블에 손님이 있었습니다.,"Vibe, Coffee/Drink",keyword
"메뉴는 카페라떼, 카페모카라떼 디저트는 카페 디올에서 제공해주었습니다.","Service, Dessert/Bakery, Coffee/Drink",keyword
"커피 디자인은굿 커피맛은 쏘쏘한편~
특이사항은 화장실이 굉장히 독특한 느낌을 주었네요.","Dessert/Bakery, Coffee/Drink, Vibe",keyword
덕분에 나름 힐링하고 왔네요^^,"Dessert/Bakery, Coffee/Drink",keyword
"1세대 조경가 1호 국토개발기술사이신 
정영선님 전시보로 가기전 
디올성수 정원을 디자인한 정영선 조경가의 정원을 보고싶어서 미리 디올카페 딸과 같이 예약해서 갔어요","Dessert/Bakery, Coffee/Drink, Vibe",keyword
추석 연휴라 그런지 예약좌석도 있더라고요,"Vibe, Coffee/Drink",keyword
"카페내 있는 정원
커피마시면서 한시간동안 정원 보면서 
디올카페에서 커피마시고 녹차마시고~ 
비싼 정원 조경구경 했습니다","Price, Dessert/Bakery, Coffee/Drink, Vibe",keyword
요즘엔 소르베말구 디저트를 주시네용,Dessert/Bakery,keyword
❤️ 커피랑 아주 잘 어울랴요~,Coffee/Drink,keyword
스카프가 이뻐서 눈돌아갔답니당,Vibe,keyword
평일 저녁7시 좀 넘어서 방문했어요!,"Service, Dessert/Bakery, Coffee/Drink",keyword
예약안하고 우연히 지나다 들렀는데 친절히 안내해주셨어요!,"Dessert/Bakery, Coffee/Drink",keyword
카페가 생각보다 규모가 너무 작아서 당황했어요.,"Dessert/Bakery, Coffee/Drink",keyword
"하핫 
손님이 한 테이블있어서 정말 조용해서 좋았어요.","Dessert/Bakery, Coffee/Drink, Vibe",keyword
맛은 기대한대로 정말 없어요 ㅠㅠ;;;,"Dessert/Bakery, Coffee/Drink",keyword
대신 화장실 깨끗해서좋았어요 ㅎㅎ,"Dessert/Bakery, Coffee/Drink, Vibe",keyword
조용해서 오랜만에 만난 친구랑 수다 떨다 갑니닷!,"Dessert/Bakery, Coffee/Drink, Vibe",keyword
아...,Coffee/Drink,keyword
웰컴디저트(아이스크림)도 맛이 참 애매했어요... ㅠㅠ,"Dessert/Bakery, Coffee/Drink",keyword
"라떼아트가 넘 이쁘고 커피도 맛있고
딸기아이스크림도 좋아요.","Dessert/Bakery, Coffee/Drink, Vibe",keyword
매장 상품도 다양해서 강추 드립니다.,"Price, Dessert/Bakery, Coffee/Drink, Vibe",keyword
이번 여름은 리비에라 컬렉션이라고 남프랑스 휴양지 사파리 컨셉의 인테리어 오브제 색감으로 청량하고 아늑한 분위기 제대로 즐겼다는.,"Dessert/Bakery, Coffee/Drink, Vibe",keyword
"특히 커피주문과 함께 옵션으로 나온 살몬핑크빛 오렌지 샤벳, 기대이상의 상콤한 맛에 홀딱 반해버림♡♡","Service, Dessert/Bakery, Coffee/Drink",keyword
라떼와 샤벳 위에 얹혀진 이번 시즌 대표 모티브의 태양의 디테일 섬세함 무엇?,"Service, Dessert/Bakery, Coffee/Drink",keyword
"대박적👍 비엔나 커피의 크림 너무 맛난데 커피의 산미가 내겐 별루, 라떼는 차라리 부드러워 괜찮았다.",Coffee/Drink,keyword
"나오기전 들른 화장실도 임팩트 있었는데, 거울샷 찍으면 이쁜 구조에 다크한 로얄블루 컬러로 얼라인한 변기와 집기까지 고급짐","Dessert/Bakery, Coffee/Drink, Vibe",keyword
"큰 창밖의 햇살가득 꽃정원과 실내의 아늑함, 입안의 달달함까지 그야말로 극락이었다는~~","Service, Dessert/Bakery, Coffee/Drink, Vibe",keyword
토요일 11:00 미리 예약 후 방문.,Service,keyword
친절하게 안내해주셨고 운이 좋았는지 무엇보다 북적이지 않아 너무 좋았습니다.,"Service, Dessert/Bakery, Coffee/Drink",keyword
"라떼, 모카라떼 각 22,000원!",Coffee/Drink,keyword
음료 전 주시는 젤라또도 맛있었어요 :) 직원분들도 무척 친절하셔서 커피 맛있게 먹었습니다!,"Service, Dessert/Bakery, Coffee/Drink",keyword
음료 한잔에 25000 비싸다고 하네,"Dessert/Bakery, Coffee/Drink, Price",keyword
너무 예뻐요!,Vibe,keyword
음료가 비싸긴하지만 너무 예쁘거 좋아서 신경안쓰였어요,"Price, Dessert/Bakery, Coffee/Drink, Vibe",keyword
전시보고 사진찍으러 온 느낌,"Dessert/Bakery, Coffee/Drink",keyword
멋진 영상과 분위기.,Vibe,keyword
그리고 예쁜 바닐라라떼의 별문양.,"Vibe, Coffee/Drink",keyword
럭셔리한 호텔 로비 한켠의 느낌.,"Dessert/Bakery, Coffee/Drink",keyword
테이블이 몇개 없어서 놀랐습니다.,"Dessert/Bakery, Coffee/Drink",keyword
한 번쯤 가본 것으로 만족하고요.,"Dessert/Bakery, Coffee/Drink, Price",keyword
오히려 야경이 더 매력있는 곳이라 밖에서도 즐기기 충분합니다.,"Vibe, Coffee/Drink",keyword
미디어 아트 보는 재미가 있어요.,"Vibe, Coffee/Drink",keyword
공간이 엄청 작아요.,"Dessert/Bakery, Vibe",keyword
가격이 비싸요,Price,keyword
분위기 값✨,Vibe,keyword
정말 힐링♡ 친구가.,Vibe,keyword
퇴사후 맘이 싱숭생숭했는데 같이 위로 많이 받았어요!!,"Dessert/Bakery, Coffee/Drink",keyword
크리스마스선물 같았던곳!,"Price, Dessert/Bakery, Vibe",keyword
이틀전 미리 예약 후 이용해서 방문 할 수 있었어요,"Service, Dessert/Bakery, Coffee/Drink, Vibe",keyword
5시 이후 야외 조명이 켜져서 더 예뻐요,Vibe,keyword
매장 앞에서 많은 사람들이 사진 찍고 있어요,"Dessert/Bakery, Coffee/Drink, Vibe",keyword
바닐라라떼랑 비엔나커피 먹었는데 비엔나커피는 시큼한 맛이 많이나요,"Dessert/Bakery, Coffee/Drink",keyword
바닐라라떼 추천할께요~^_^,"Dessert/Bakery, Coffee/Drink, Vibe",keyword
엄청 기대를하고간다면 좀....,"Dessert/Bakery, Coffee/Drink",keyword
"요즘 대형카페 엄청 좋은데도 많은데
사실 디올이라는 브랜드하나로 밀어부친 느낌입니다.","Vibe, Coffee/Drink",keyword
라떼 20000원에 한시간 .,Coffee/Drink,keyword
그냥 갔다 온것에 의미를 두고....,"Dessert/Bakery, Coffee/Drink",keyword
앞전에는 카페 예약이 힘들었는데 현장 카페 이용도 가능하더라구요(노쇼로 인한 자리이용),"Price, Dessert/Bakery, Coffee/Drink, Vibe",keyword
"저는 예약했지만 ㅜ 청담 디올카페와 좀 다른
라떼
아떼는 이뿌지만~ 저는 청담디올카페가 더 좋은거 같아요!","Dessert/Bakery, Coffee/Drink",keyword
"커피주문하면 바닐라
아이스크림이
제공되어서 달달함도 만끽할수있어요!","Service, Dessert/Bakery, Coffee/Drink, Vibe",keyword
"카페라떼 별모양 아트가 넘 이쁘고 
커피맛도 좋고 분위기에 감동ᆢ
고급스러움의 극치ᆢ
가족끼리 대화나누기에도 넘 좋았습니다","Dessert/Bakery, Coffee/Drink, Vibe",keyword
"2만원 커피가격보다 더 많은 만족감과
힐링하고 왔습니다","Dessert/Bakery, Coffee/Drink, Price",keyword
디올이 디올햇따아 ~~ 너무너무 예뽓따 !!,Coffee/Drink,keyword
디올 이름에 걸맞아요.,Coffee/Drink,keyword
대신 맛은 그냥 평범합니다.,"Dessert/Bakery, Coffee/Drink",keyword
화장실이 포토존인듯요.,Vibe,keyword
접시주문해서 받았는데 포장 꼼꼼하게 잘받았어요,"Service, Dessert/Bakery, Coffee/Drink, Price",keyword
감사합니다^^*,"Dessert/Bakery, Coffee/Drink",keyword
워낙 핫플이라 가봤는데 생각보단 작았어요.,Dessert/Bakery,keyword
직원분들은 역시 백화점보다 친절하시구 좋아요.,"Service, Dessert/Bakery, Coffee/Drink",keyword
"카페는 특별한 메뉴는 없구, 그냥 작게 한쪽에 마련된 공간이었어요.","Dessert/Bakery, Coffee/Drink, Vibe",keyword
매장 둘러본걸로도 충분합니다…^^,"Dessert/Bakery, Coffee/Drink, Vibe",keyword
"웨이팅 없이 들어갔고, 여러가지 종류 요청했는데 보는 사람이 많아서 그런지 후보있으면 알려달라고 하시더라구요,,","Service, Dessert/Bakery, Coffee/Drink, Vibe",keyword
커피값은 비싸지만 한번은 체험으로 와볼만한 곳.,"Price, Dessert/Bakery, Coffee/Drink, Vibe",keyword
구경하고 커피마시고 가려고 했는데 뭘 손에 쥐고 사서 갔던 곳 ㅋㅋ,"Dessert/Bakery, Coffee/Drink, Vibe",keyword
분위기 너무 좋고 예약하고 가볼만해요!,"Dessert/Bakery, Coffee/Drink, Vibe",keyword
스탭들 다 친절하시고 딱 시간 맞춰서 안내해주세요.,"Service, Dessert/Bakery, Coffee/Drink",keyword
테이블은 5개?,"Dessert/Bakery, Coffee/Drink",keyword
정도만 있고 매장과는 분리가 되어 있어서 소란스럽지도 않고요~,"Service, Vibe, Coffee/Drink",keyword
예약하고 가볼만한 성수동 카페입니다 ㅋㅋ,"Dessert/Bakery, Coffee/Drink",keyword
물론 가격은 비쌈 ㅋㅋ,Price,keyword
라떼 2만원 ㅋㅋ 스페셜 메뉴도 있고!,"Vibe, Coffee/Drink",keyword
근데 양이 좀 많긴해요.,"Dessert/Bakery, Coffee/Drink",keyword
명품값이지만 한번쯤 가볼만하다고 봐요.,"Dessert/Bakery, Coffee/Drink",keyword
여름이라 아이스크림도 주는데..,"Dessert/Bakery, Coffee/Drink",keyword
이였던거 같아요.,Dessert/Bakery,keyword
"이쁜게
다한 카페 가격은 좀 사악..","Vibe, Coffee/Drink, Price",keyword
조은경험이네요~^^,Coffee/Drink,keyword
미디어 영상이 있어서 감상하기 좋아요.,"Dessert/Bakery, Coffee/Drink, Vibe",keyword
웰컴 디저트 아이스크림 넘 맛있었어요,Dessert/Bakery,keyword
😍 커피 얼음에 디올 문양이 신기했구요.,Coffee/Drink,keyword
코스터도 예뻐요.,Vibe,keyword
의자에 방석이 있어서 앉아있기 괜찮아요.,"Vibe, Coffee/Drink",keyword
화장실도 넘 좋다고 하네요,"Dessert/Bakery, Coffee/Drink, Vibe",keyword
"👍
✅ 예약하고 오는게 좋은데, 상황봐서 여유있으면 예약없이 들어올 수 있기는 하네요","Dessert/Bakery, Coffee/Drink, Vibe",keyword
치즈 국밥 먹었는데 맛이 아주 독특했어요.,"Dessert/Bakery, Coffee/Drink",keyword
치즈를 좋아하시는 분들은 추천 근데 오묘하게 퓨전맛이 나는데 이런거 선호하지 않는 분들은 비추입니다~,"Dessert/Bakery, Coffee/Drink, Vibe",keyword
"성수의
한국적 디올",Coffee/Drink,keyword
가격이 합리적인데 사람이 넘 많네요,"Price, Dessert/Bakery, Vibe",keyword
"멋진 공간, 훌륭한 서비스!","Service, Dessert/Bakery, Coffee/Drink, Vibe",keyword
웰컴디저트는 평일 방문객들에게만 주시는 건가요?,Dessert/Bakery,keyword
토요일에 갔는데 웰컴디저트가 안 나왔었어요..,"Dessert/Bakery, Coffee/Drink",keyword
재료가 소진되는 경우가 있나요?,"Vibe, Coffee/Drink",keyword
원하는 상품 바로 구매할 수 있어서 좋았어요,"Price, Dessert/Bakery, Coffee/Drink, Vibe",keyword
해질녘에 오니까 훨씬 예쁜 것 같아요!!,"Dessert/Bakery, Coffee/Drink, Vibe",keyword
디저트 종류가 많이 없어서 아쉬웠던 ㅠ,Dessert/Bakery,keyword
디올 앱으로 예약하고 가시는게 좋구요,"Dessert/Bakery, Coffee/Drink",keyword
저희는 평일 마지막 타임에 갔더니 한산해서 좋았어요 :),"Dessert/Bakery, Coffee/Drink",keyword
라떼 양도 많고 웰컴디저트가 나왔는데 매번 종류가 바뀌는 듯해요,"Dessert/Bakery, Coffee/Drink",keyword
분위기가 바뀌는 미디어아트도 예뻐서 사진찍기 좋습니다,Vibe,keyword
공간은 협소해서 옆 자리와의 간격이 좁은편이예요,"Dessert/Bakery, Coffee/Drink, Vibe",keyword
평일에 카페 예약을 하고 방문했습니다,"Service, Dessert/Bakery, Coffee/Drink",keyword
"카페는 생각보다 여유로웠고
예상보다는 너무 작은 규모였습니다","Dessert/Bakery, Coffee/Drink",keyword
"하지만 내부 공간이 여자들의 취향저격으로
예쁘게 꾸며져 있었어요","Dessert/Bakery, Coffee/Drink, Vibe",keyword
사진찍기 좋고 예쁜 공간이었습니다,Vibe,keyword
화장실도 호텔식이라 좋았고 사진도 잘 나왔어요,"Vibe, Coffee/Drink",keyword
"커피나 디저트는 다른곳에 비해 많이 비싼편이고
뛰어난 맛은 아니니 참고해서 가셨음해요","Price, Dessert/Bakery, Coffee/Drink, Vibe",keyword
공간의 비용이라고 생각됩니다,Vibe,keyword
"아주 작은 공간이라 한번쯤은 가볼만한 곳이니
팝업스토어가 끝나기 전에 가보는 것도 좋을 것 같네요","Dessert/Bakery, Coffee/Drink, Vibe",keyword
친절한 응대에 구매를 하지 않을수 없:),"Service, Dessert/Bakery, Coffee/Drink",keyword
비엔나커피도….,Coffee/Drink,keyword
라떼는 그나마 먹을만 했다고……😆,"Dessert/Bakery, Coffee/Drink",keyword
직원분 너무 친절하셨고 마음에 쏙 드는 지갑 잘 구매했습니다,"Service, Dessert/Bakery, Coffee/Drink",keyword
가성비는 최악...,Price,keyword
내가 마신 차 중에 가장 비싼 차,"Coffee/Drink, Price",keyword
내부 구경하고 싶어서 들어가게됨,"Dessert/Bakery, Coffee/Drink",keyword
"아메 19,000원 라떼 2만원.",Coffee/Drink,keyword
의자는 좀 불편한데 숲속에서 커피한잔 마시는것 처럼 분위기가 좋았어요.,"Dessert/Bakery, Coffee/Drink, Vibe",keyword
아이스크림을 주는데 맛있었어요,Dessert/Bakery,keyword
"매장 구경하는건 
웨이팅을 따로 걸어야합니다.","Service, Dessert/Bakery, Coffee/Drink, Vibe",keyword
한번쯤은 가볼만한데 두번은 그닥,"Dessert/Bakery, Coffee/Drink",keyword
한번쯤 가볼만 합니다!,"Dessert/Bakery, Coffee/Drink",keyword
"가격은 사실 사악하지만 너무 이쁜 미디어 아트와 함께 조용히 대화할 수 있는 공간,
내가 특별해진 느낌 잘 느끼고 왔습니다 ◡̈","Price, Dessert/Bakery, Coffee/Drink, Vibe",keyword
팝업좋고 예뻐요,Vibe,keyword
디올,Coffee/Drink,keyword
사진은 밖에서 찍고 카페는 청담으로 가는 게 나음,"Vibe, Coffee/Drink",keyword
커피가 생각보다 맛있었어요,Coffee/Drink,keyword
팝업스토어도 다음 시즌이 기대되는 그런 곳이에요:),Vibe,keyword
"사진찍으러 가기 조아요 
비싸지만 그래도 맛도 있고
너무너무 친절하시고ㅎㅎㅎㅎ","Vibe, Service, Coffee/Drink, Price, Dessert/Bakery",keyword
말이 필요없는 디올..!,"Dessert/Bakery, Coffee/Drink",keyword
특별한 공간에서 음료 너무 좋았습니당,"Dessert/Bakery, Coffee/Drink, Vibe",keyword
친구 생일이라 무화과 시즌에 너무 예쁜케잌 사가요!!,Vibe,keyword
케이크가 정말 이쁘고 먹음직스럽게 생겼습니다!,"Dessert/Bakery, Vibe",keyword
싱싱해보입니다,Coffee/Drink,keyword
잘먹겠습니다!,Coffee/Drink,keyword
케이크 넘넘예뻐요,"Dessert/Bakery, Vibe",keyword
너무 예쁘고 맛있어요,Vibe,keyword
선물하기 좋아요,"Dessert/Bakery, Coffee/Drink, Price",keyword
늘 맛있는 디저트 파는 곳 매번 올때 마다 기분이 좋네요!,"Dessert/Bakery, Coffee/Drink, Vibe",keyword
부서원 생일때마다 들르는 케이크맛집입니다.,Dessert/Bakery,keyword
딸기가 제철이 아닐 때에도 신선한 딸기를 맛볼수있어요!,"Dessert/Bakery, Coffee/Drink, Vibe",keyword
딸기케이크 시트 촉촉하고 맛있어요!,"Dessert/Bakery, Coffee/Drink",keyword
둘이서 작은 사이즈 배부르게 먹었어요!,"Dessert/Bakery, Coffee/Drink",keyword
지금은 무화과 철이라서 무화과 케이크 판매하는데 무화과맛도 궁금해요,"Dessert/Bakery, Coffee/Drink",keyword
오랜만에 디저트가 땡겨서 먹으러 왔는데 맛도리입니당,"Dessert/Bakery, Coffee/Drink",keyword
"🫠
또올게여~","Dessert/Bakery, Coffee/Drink",keyword
동네 주민이라 생일마다 방문하고 있어요,"Service, Dessert/Bakery, Coffee/Drink, Vibe",keyword
❤️❤️ 친절하고 맛있고 다하는 플세권이라 너무 좋아요 ㅎㅎ,"Service, Dessert/Bakery, Coffee/Drink",keyword
무화과 케이크는 꼭 드셔보세요,Dessert/Bakery,keyword
기념일 케이크 살 때마다 자주 찾는 곳이에요 .ᐟ,"Service, Dessert/Bakery, Vibe",keyword
무화과 케이크 너무 맛나게 잘 먹었어요,"Dessert/Bakery, Coffee/Drink",keyword
제 생일때도 먹었던 케이크집인데 너무 맛있어서 친구 생일 케이크도 여기로 사러 왔어요 !,"Dessert/Bakery, Coffee/Drink, Vibe",keyword
하나도 안 물리고 맛있어서 성수에서 자주 찾는 케이크집 🤤💗,"Service, Dessert/Bakery, Vibe",keyword
언니 생일이라 꿀바밤바무화과 미니로 주문해봤는데 너무 예쁘고 너어무 맛있어요,"Service, Dessert/Bakery, Coffee/Drink, Vibe",keyword
무화과는 신선하고 중간에 밤무스가 또 들어가서 계속 퍼먹게 되는 맛입니다...,"Dessert/Bakery, Coffee/Drink",keyword
"🤤 네이버로 미리 예약하시면 레터링도 추가할 수 있고, 매장에서는 귀여운 초랑 키링도 팔더라구요","Dessert/Bakery, Coffee/Drink, Vibe",keyword
무엇보다 직원분들이 다 예쁘고 친절하십니다,"Service, Dessert/Bakery, Coffee/Drink, Vibe",keyword
매번 케이크 여기서사먹습니당,"Dessert/Bakery, Coffee/Drink",keyword
n회차 구매중인데 엄마아빠도 넘 좋아하고 최고 케이크 맛집입니다!!!,Dessert/Bakery,keyword
케이크가 너무 이쁘고 맛있어요,"Dessert/Bakery, Vibe",keyword
딸기케이크 찾아왔어요!,"Service, Dessert/Bakery, Coffee/Drink",keyword
근처 딸기케이크가없어요~,Dessert/Bakery,keyword
맛나보여요..,Coffee/Drink,keyword
얼렁 먹고싶따~~~🥹,Coffee/Drink,keyword
제철무화과케익있다고 해서 친구 선물해줬어요><,"Price, Dessert/Bakery, Coffee/Drink, Vibe",keyword
💕 매장너무 귀엽고 케익도 너무 맛잇어요!!!,Vibe,keyword
친절하시고 케이크 종류가많아요 !!!,"Service, Dessert/Bakery, Coffee/Drink",keyword
오랜만에 만나는 친구한테 선물로 주려고 방문했어요!,"Vibe, Service, Coffee/Drink, Price, Dessert/Bakery",keyword
케이크가 너무 예쁘더라구요:),"Dessert/Bakery, Vibe",keyword
다음에도 선물할 일 있으면 방문하겠습니다.,"Vibe, Service, Coffee/Drink, Price, Dessert/Bakery",keyword
직원분들도 너무 친절하셔서 좋은 마음으로 선물할 수 있었습니다,"Vibe, Service, Coffee/Drink, Price, Dessert/Bakery",keyword
덕분에 행복한 생신 보낼수 있을거같아요!!,"Dessert/Bakery, Coffee/Drink, Vibe",keyword
친절하시고  포장도  꼼꼼하게 잘해주셔서 감사해요,"Service, Dessert/Bakery, Coffee/Drink, Price",keyword
🥰 다음에 또 주문할거에요,"Service, Dessert/Bakery, Coffee/Drink",keyword
무화과 케이크가 유명해서 예약 주문했는데 너무 이쁘고 마음에 들어요!,"Service, Dessert/Bakery, Coffee/Drink, Vibe",keyword
"오늘 엄마의 생신이여서 미리 케이크를
예약해 주문해서 생일 축하를 했어요~!!","Service, Dessert/Bakery, Coffee/Drink",keyword
"복숭아 시즌이라 복숭아 케이크로 했는데
역시 👍 맛있네요♡","Dessert/Bakery, Coffee/Drink, Vibe",keyword
"초를 꽂고 찍지 못해 아쉽지만 성수동 케이크
맛집 인정이에요!!","Dessert/Bakery, Coffee/Drink",keyword
10월 생일에도 맛난 케이크 사러 올께요^^,"Dessert/Bakery, Coffee/Drink",keyword
여러번 왔지만 언제나 친절하게 안내해주시고 케이크도 맛있고 포장도 너무 귀엽게 너무 잘해주세요.,"Service, Dessert/Bakery, Coffee/Drink, Price",keyword
가까운 곳에 이런 곳이 있어서 너무 좋은것 같아요!!,"Dessert/Bakery, Coffee/Drink, Vibe",keyword
회사랑 가까워 이벤트가 있을때마다 들리는 플디케이크샵입니다.,"Dessert/Bakery, Coffee/Drink, Vibe",keyword
시즌마다 다양한 맛으로 고르는 재미도있구 어디든 가져간 자리마다 맛있다고 하니 고민없이 항상 오는곳이에요,"Dessert/Bakery, Coffee/Drink, Vibe",keyword
"이런 귀엽고 아기자기한 매장이 인근에 있다니
너무 행복하네요","Dessert/Bakery, Coffee/Drink, Vibe",keyword
"부담없이 선물하기 좋은 사이즈도 있어용
초도 귀여운게 많아요!","Price, Dessert/Bakery, Coffee/Drink, Vibe",keyword
케이크가 넘 귀엽고 예뻐요 !,"Dessert/Bakery, Vibe",keyword
복숭아철 지나기 전에 선물할 일이 있어서 구매했어요,"Price, Dessert/Bakery, Coffee/Drink, Vibe",keyword
맛있어 보이는 복숭아케이크로 픽했어요.,"Dessert/Bakery, Coffee/Drink, Vibe",keyword
잘먹을께요~,Coffee/Drink,keyword
"분위기도 너무 좋고, 케이크도 정말 예뻤어요!","Dessert/Bakery, Vibe",keyword
지난번에 먹었는데 맛있어서 또먹으러왔어요!!,"Dessert/Bakery, Coffee/Drink",keyword
매번 기념일마다 구매하고 있어요,"Dessert/Bakery, Coffee/Drink, Vibe",keyword
"😍
생크림 안 좋아하는데 여기 생크림은 느끼하지 않아서 좋아요!!","Dessert/Bakery, Coffee/Drink",keyword
특히 딸기 케이크가 맛있습니더 !!,Dessert/Bakery,keyword
"와이프 생일케잌 주문했는데,
넘나 이쁘고 맛있어서 만족 1000%입니다.","Vibe, Service, Coffee/Drink, Price, Dessert/Bakery",keyword
다음에 행사 있을때 또 이용 할게요 ^^,"Dessert/Bakery, Coffee/Drink, Vibe",keyword
가게도 너무 이쁘고 케이크도 다양하고 이뻐요!!,"Dessert/Bakery, Coffee/Drink, Vibe",keyword
선물로 강추!!,"Vibe, Price",keyword
두번째 이용인데 케이크도 맛있고 예뻐서 특별한 날 기념하려고 하면 제일 먼저 생각나는 곳 입니다.ᐟ,"Dessert/Bakery, Coffee/Drink, Vibe",keyword
케이크 픽업했습니다.,"Service, Dessert/Bakery, Coffee/Drink",keyword
무화과 철이라 진짜 달고 맛있어서 다음에 또 방문하겠습니다 :),"Service, Dessert/Bakery, Coffee/Drink",keyword
맛도 비주얼도 퀄리티있는 케익 덕분에 특별한 선물을 할 수 있었어요. :),"Price, Dessert/Bakery, Coffee/Drink, Vibe",keyword
전에 선물로 받아서 먹어봤는데 맛있어서 기념일 케이크로 또 주문해요!!,"Vibe, Service, Coffee/Drink, Price, Dessert/Bakery",keyword
직원분이 친절하시고 케이크가 너무 이뻐요!,"Service, Dessert/Bakery, Coffee/Drink, Vibe",keyword
친구 생일파티를 위해 케이스를 샀는데 케이크가 너무 예쁘네요 ㅠㅠ,"Dessert/Bakery, Vibe",keyword
🩷 친구가 너무 좋아했어요!,Vibe,keyword
같이 나눠먹었는데 맛도 정말 최고였어요!!!,Coffee/Drink,keyword
딸기케이크 추천해요 :),"Dessert/Bakery, Coffee/Drink, Vibe",keyword
"사다주면 다 맛있다고 좋아하는 케이크 맛집
특히 남자들이 여자들보다도 더 좋아해요 ㅎ",Dessert/Bakery,keyword
"처음 방문했는데, 위치도 좋고 픽업도 바로 준비해주셔서 감사했습니다.","Vibe, Service, Position, Coffee/Drink, Dessert/Bakery",keyword
먹음직스러운 케이크가 많아서 아직 먹기 전이지만 기대됩니다 ㅎㅎ,"Dessert/Bakery, Coffee/Drink",keyword
케이크도 예쁘고 가게도 너무 예뻐용 !!!,"Dessert/Bakery, Vibe",keyword
"생일케익 구매하려고 방문했어요, 귀여운 초도 다양하고 파티할 소품도 있어 한번에 구매할 수 있어 좋은 것 같아요","Service, Dessert/Bakery, Coffee/Drink, Vibe",keyword
가게가 너무 이쁘고 가격도 너무 괜찮고 케이크가 너무 이뻐서 선물하기 넘 좋아요~,"Price, Dessert/Bakery, Coffee/Drink, Vibe",keyword
사장님도 너무 친절하셔서 기분좋게 샀습니다,"Service, Dessert/Bakery, Coffee/Drink, Vibe",keyword
엄청 귀엽고 예쁜 케이크가 많아요!,"Dessert/Bakery, Vibe",keyword
작은 사이즈가 있는 것도 넘 좋아요,"Dessert/Bakery, Coffee/Drink, Vibe",keyword
생일이나 기념일마다 배달로 주문했는데 첨으로 매장방문했어요!,"Service, Dessert/Bakery, Coffee/Drink, Vibe",keyword
매장넘 귀엽고 친절하세요♥,"Service, Dessert/Bakery, Coffee/Drink, Vibe",keyword
"5번째 방문
맛있게  잘먹고 있어요~~~^^","Service, Vibe, Coffee/Drink",keyword
항상 케이크 여기서맘 사요~,Dessert/Bakery,keyword
케이크 예쁘고 맛있어서 종종 방문해요! :),"Service, Dessert/Bakery, Coffee/Drink, Vibe",keyword
케이크가 예쁘고 맛있어요~~,"Dessert/Bakery, Vibe",keyword
조카생일케이크사러 주문했어요!,"Service, Dessert/Bakery, Coffee/Drink",keyword
망고케이크라고 꼭 집어서 찾아찾아주문했네요!,"Service, Dessert/Bakery, Coffee/Drink, Vibe",keyword
집에와서 먹어보고 너무 맛있어서 다시 리뷰 수정하러 들어왔어요.,"Dessert/Bakery, Coffee/Drink, Vibe",keyword
다음에 또 주문할것같아요~~~,"Service, Dessert/Bakery, Coffee/Drink",keyword
작년 어머님 생신이후로 두번째 방문이에요 !,"Service, Vibe",keyword
너무 맛잇어서 또왔습니다,"Dessert/Bakery, Coffee/Drink",keyword
앞으로 케잌은 여기로!!,Vibe,keyword
"생일 케이크 포장했는데
너무 친절하게 잘 해주시고
케이크가 예쁩니다~~","Vibe, Service, Coffee/Drink, Price, Dessert/Bakery",keyword
갑자기 축하해줄 일이 생겨서 찾았는데 케이크 종류도 많고 친절히 대응해주셔서 좋았어요 ㅎㅎㅎ,"Service, Dessert/Bakery, Coffee/Drink",keyword
"친구 생일기념으로 예약했는데 역시 플디,,,,, 너무 맛있는데 지점도 많이 생겨서 좋아요!!","Dessert/Bakery, Coffee/Drink, Vibe",keyword
이번 생일도 맛있게 축하해줬습니다,"Dessert/Bakery, Coffee/Drink",keyword
웨딩 촬영용으로 구매했어요!!,"Dessert/Bakery, Coffee/Drink",keyword
요즘 예약 안하면 케이크 사기 엄청 힘든데!!,"Dessert/Bakery, Coffee/Drink",keyword
예약해서 받는듯 고 퀄리티의 케이크를 바로 살수 있어서 너무 좋아요!!!,"Dessert/Bakery, Coffee/Drink, Vibe",keyword
생과일 케이크가 진열되어있어요.,"Dessert/Bakery, Coffee/Drink, Vibe",keyword
부모님 생신때 한번 더 오려구합니다!!,"Dessert/Bakery, Coffee/Drink",keyword
딸기케이크는 역시 플디죠!,Dessert/Bakery,keyword
매해 생일마다 플디에서 케이크 구매하고 있는데 항상 너무 맛있습니다!,"Dessert/Bakery, Coffee/Drink, Vibe",keyword
급하게 친구 생일이라 예약없이 방문했는데도 바로 구매 가능했어요!,"Vibe, Service, Coffee/Drink, Price, Dessert/Bakery",keyword
케이크 너무 예쁘고 앞으로 자주 방문하게 될 것 같습니다,"Service, Dessert/Bakery, Coffee/Drink, Vibe",keyword
케이크 맛집입니다!,Dessert/Bakery,keyword
기념일 이쁘고 맛있는 케이크 너무 좋았습니다,"Dessert/Bakery, Vibe",keyword
항상 먹는 케이크 집인데 역시 오늘도 맛 있어요!,"Dessert/Bakery, Coffee/Drink, Vibe",keyword
이전에 망고케이크 먹고 너무 맛있어서 이번엔 복숭아 케이크로 주문했어요!!,"Service, Dessert/Bakery, Coffee/Drink, Vibe",keyword
케이크도 너무 맛있고 예쁜데 레터링까지 가능해서 좋아요!,"Price, Dessert/Bakery, Coffee/Drink, Vibe",keyword
예쁜케익 데려갑니다♡♡♡,Vibe,keyword
친구 생일이라 방문했습니다~,"Service, Dessert/Bakery, Coffee/Drink, Vibe",keyword
여름에 복숭아 좋아해서 일부러 복숭아로 했어요~,"Dessert/Bakery, Coffee/Drink, Vibe",keyword
예약 없이 왔는데 이쁜 케잌 많아서 고민 많이 했어요!,"Dessert/Bakery, Coffee/Drink, Vibe",keyword
케이크가 맛있어요 !!!,Dessert/Bakery,keyword
회사에서 생일기념으로 구매했는데 케이크가 예쁘고 맛있어요,"Dessert/Bakery, Coffee/Drink, Vibe",keyword
복숭아 케이크 쁘띠 사이즈로 먹었는데 너무 맛있어요,"Dessert/Bakery, Coffee/Drink, Vibe",keyword
가격은 사악하지만 가끔 먹을것같아요,"Dessert/Bakery, Coffee/Drink, Price",keyword
플디 케이크 너무 맛있어서 또 예약하고 방문했어요!,"Service, Dessert/Bakery, Coffee/Drink",keyword
목숭아 케이크 진짜 맜잇습니다,"Dessert/Bakery, Coffee/Drink",keyword
친구 생일케이크 주문을 했어요.,"Service, Dessert/Bakery, Coffee/Drink, Vibe",keyword
"하루 전에 했고
레터링도 잘 해 주셨어요.","Dessert/Bakery, Coffee/Drink",keyword
망고가 너무달고 맛있었고 크림과 케이크시트도 최고여서 친구들도 너무 맛있다고 여기 어디냐고 물어볼 정도였어요.,"Dessert/Bakery, Vibe",keyword
추천입니다,Vibe,keyword
다음에도 맞춤케이크 하러 가려고요!,"Dessert/Bakery, Coffee/Drink",keyword
영롱한 망고가 가득해서 넘 행복했어요~~,"Dessert/Bakery, Coffee/Drink, Vibe",keyword
클래식딸기 작은 거 샀어요^^,Dessert/Bakery,keyword
저희 집 앞에 생겨서 너무 좋습니다,Vibe,keyword
너무 유명한 플디!,"Dessert/Bakery, Coffee/Drink",keyword
이번에 생일이여서 오랜만에 픽업해본 '플디 케이크샵' 이번에는 처음 먹어보는 '순수 딸기우유' 케이크를 예약하고 픽업했어요.,"Service, Dessert/Bakery, Coffee/Drink, Vibe",keyword
🩷 먹어보니 딸기우유 크림이 느끼하지도 않고 너무 맛있었어요!,Coffee/Drink,keyword
무엇보다 안에 생딸기도 가득가득 들어있답니다,"Dessert/Bakery, Coffee/Drink, Vibe",keyword
🍓 그리고 요즘에는 웬만하면 프랜차이즈 케이크 보다  개인카페 케이크가 더 맛있게 느껴지는것 같아요!!,"Dessert/Bakery, Coffee/Drink",keyword
"그리고 케이크샵은 케이크만 판매, 픽업 할수있는 곳 이에요:) 뚝섬역 케이크 맛집 추천합니다","Service, Dessert/Bakery, Coffee/Drink, Vibe",keyword
유명해서 와봣어요!!,"Dessert/Bakery, Coffee/Drink",keyword
케이크가게가 너무 이뿌고 사랑스러워요!!,"Dessert/Bakery, Vibe",keyword
친구 생일이라 주문했는데 케이크가 넘 맛있었어요~~!,"Service, Dessert/Bakery, Coffee/Drink, Vibe",keyword
귀여운 딸기 케이크 추천!,"Dessert/Bakery, Vibe",keyword
예뻐용 ㅎㅎ,Vibe,keyword
선물 받아서 맛있게 먹고 이번에 제가 선물해요,"Dessert/Bakery, Coffee/Drink, Price",keyword
동생 졸업선물로 케이크를 샀어요,"Price, Dessert/Bakery, Vibe",keyword
역시 맛있고 케이크도 넘 예뻐요,"Dessert/Bakery, Vibe",keyword
맛있게 잘먹겠습니다!,Coffee/Drink,keyword
친구들이랑 파티할 일이 있어서 케익 사러 왔어요,"Dessert/Bakery, Coffee/Drink, Vibe",keyword
맛있고 예쁘고!!!,Vibe,keyword
케이크가 너무 맛있네요....,Dessert/Bakery,keyword
촉촉하고 달달한 레드벨벳 케이크이고 위에 딸기까지 너무 신선하고 맛있었어용,"Dessert/Bakery, Coffee/Drink",keyword
❣️ 선물하기도 좋고 다음에 또 먹을거예요,"Dessert/Bakery, Coffee/Drink, Price",keyword
케이크 너무 이뻐요~!,"Dessert/Bakery, Vibe",keyword
다음에 또 예약해서 방문할꺼에요!! ~>~,"Service, Dessert/Bakery, Coffee/Drink",keyword
건강을 위해 구매했어요~,"Dessert/Bakery, Coffee/Drink",keyword
급하게 예약했는데 엄마 생신에 맞춰 가져갈 수 있어 좋았어요,"Dessert/Bakery, Coffee/Drink, Vibe",keyword
담에 또 재방문 할꺼에요~,"Service, Dessert/Bakery, Coffee/Drink",keyword
케이크는 한곳에서 다 만드는게 아닌가용..?ㅜㅜ,"Dessert/Bakery, Vibe",keyword
다른지점에서 먹었던거보다 조금 아쉬운거같아요..!,"Dessert/Bakery, Coffee/Drink",keyword
다음에는 클래식으로 다시 먹어봐야겠어요ㅠ,Coffee/Drink,keyword
그래도 플디케이크는 제 입에는 제일 맛집이에요,Dessert/Bakery,keyword
저번에 선물받고 맛있어서 친구 생일이라 방문했어요!,"Vibe, Service, Coffee/Drink, Price, Dessert/Bakery",keyword
예뻐서 선물하기도 넘 좋은 것 같아요,"Price, Dessert/Bakery, Coffee/Drink, Vibe",keyword
매장 컴팩트하고 너무 아기자기 하면서 귀여워요!!,"Dessert/Bakery, Coffee/Drink, Vibe",keyword
사장님이 너무 친절하셔서 기분 좋게 구매했습니다!,"Service, Dessert/Bakery, Coffee/Drink, Vibe",keyword
친구 생일 케이크로 샀어요,"Dessert/Bakery, Vibe",keyword
너무맛있어서 케이크선물은 여기로 정착합니당,"Price, Dessert/Bakery, Coffee/Drink, Vibe",keyword
집 근처기도 하고 케이크 선물했을때 다들 여기케이크가 맛있대영!,"Price, Dessert/Bakery, Coffee/Drink, Vibe",keyword
남자친구랑 1주년기념으로 레터링추가해서 케이크 주문했어요!,"Service, Dessert/Bakery, Coffee/Drink, Vibe",keyword
오는 동안 흔들렸는지 레터링일부가 망가졌지만 ㅜㅠ그래도 넘 예쁘궁 ..,"Dessert/Bakery, Coffee/Drink, Vibe",keyword
둘이서 한판 뚝딱먹었어요!,Coffee/Drink,keyword
저번 크리스마스때도 트리모양 딸기케이크가 너무 맛있어서 시켰는데 이것두 넘 맛있네요 !,Dessert/Bakery,keyword
집 근처에 맛있는 디저트 가게가 생겨서 너무 좋아요:) 식구들 생일때마다 구입합니다!!,"Dessert/Bakery, Coffee/Drink, Vibe",keyword
역근처에있어서 약속전 가서 픽업하기 좋은 위치에 있어요,"Vibe, Service, Position, Coffee/Drink, Dessert/Bakery",keyword
매장도 포근하고 아기자기한 초가 많아서 귀여웠어요,"Dessert/Bakery, Coffee/Drink, Vibe",keyword
건강이랑 맛 까지 더해져서 너무 만족합니당,"Dessert/Bakery, Coffee/Drink, Price",keyword
성수 케이크 맛집이여서 찾았는데 분위기있고 줗았어요!,"Service, Dessert/Bakery, Coffee/Drink, Vibe",keyword
추천해요!,"Dessert/Bakery, Coffee/Drink, Vibe",keyword
가격은 조금 있지만 다양한 크기랑 종류가 있어서 선택권이 많아서 좋았습니다.,"Vibe, Service, Coffee/Drink, Price, Dessert/Bakery",keyword
플디 케이크 유명하다고 해서 방문했어요!!,"Service, Dessert/Bakery, Coffee/Drink",keyword
저 진짜 플디 케이크 좋아하는데 이번에는 대 실망이에요..,Dessert/Bakery,keyword
크리스마스날 예약없이 방문했고 기다리면 만들어주신다해서 처음 먹어보는 딸기초코레밍턴 주문했고요..,"Service, Dessert/Bakery, Coffee/Drink, Vibe",keyword
아직 딱딱할 수 있어서 1시간 후에 섭취하라하셨고 집와서 두시간정도 있다 먹었는데 크림이 진짜 너무 맛없는거에요..,"Dessert/Bakery, Coffee/Drink, Vibe",keyword
"시트는 브라우니처럼 꾸덕하고 뭔가 씹히는 식감도 있고 달지않고 좋은데 크림이 진짜 무슨일인지ㅠㅠ
제가 플디 케이크샵에서 이미 여러번 사먹어봤고 플디 성수점에서도 구매해봤는데 퀄리티 진짜 실망..","Dessert/Bakery, Coffee/Drink, Vibe",keyword
크림 완전 느끼하고 무슨 제과점에서 소분해놓고 파는 싸구려 생크림 맛이었어요..,"Dessert/Bakery, Coffee/Drink",keyword
미니사면서 너무 순삭할까봐 걱정한게 무색할만큼 아무도 포크가 안가요..,"Dessert/Bakery, Coffee/Drink",keyword
그냥 먹어봤던 탈기탈기 살껄..,Coffee/Drink,keyword
후회막심이요,Coffee/Drink,keyword
플디 케이크는 네버 후회..,"Dessert/Bakery, Coffee/Drink",keyword
딸기도 크림도 조화롭고 짱 맛있음,Dessert/Bakery,keyword
ㅁㅅ있어용,"Vibe, Coffee/Drink",keyword
코코넛 맛이 나요,Coffee/Drink,keyword
"플디 케이크샵 성수점에서 크리스마스 이브날
클래식 딸기케익 구매했습니다^^","Dessert/Bakery, Coffee/Drink, Vibe",keyword
퇴근후 저녁에 갔는데 다행히 몇개 남아있었어요 ㅎㅎ,"Dessert/Bakery, Coffee/Drink, Vibe",keyword
듣던대로 가게가 참 예쁘고 분홍분홍합니다~!,"Dessert/Bakery, Coffee/Drink, Vibe",keyword
케이크는 집에와서 먹어보니 바닐라빈 크림으로 만들어서 너무 맛있구 딸기도 입에서 녹습니다^^,"Dessert/Bakery, Coffee/Drink, Vibe",keyword
가격대비 전혀 아깝지않은 맛있는 딸기케이크였습니다,"Dessert/Bakery, Price",keyword
다음달에 제 생일인데 그때도 사러 오겠습니다~! ㅎㅎㅎ,"Dessert/Bakery, Coffee/Drink",keyword
"맛있는 케이크로
즐거운 크리스마스가 되었어요","Dessert/Bakery, Vibe",keyword
크리스마스 때 먹으려고 사전예약했다,"Dessert/Bakery, Coffee/Drink",keyword
눈으로 먼저 먹는 케이크...,"Dessert/Bakery, Coffee/Drink",keyword
생긴 게 유화 그림처럼 예쁘다,Vibe,keyword
크리스마스 케이크로 먹었는데 너무 맛있었어요.,"Dessert/Bakery, Coffee/Drink, Vibe",keyword
만족했습니다.,"Dessert/Bakery, Coffee/Drink, Price",keyword
케이크 맛집이라서 홀케이크 포장했는데 너무 이뻐용,"Price, Dessert/Bakery, Coffee/Drink, Vibe",keyword
♥️♥️ 종류도 많아서 지인들 생일때 자주 이용할거 같아요! ㅎㅎ,"Dessert/Bakery, Coffee/Drink",keyword
친구가 레드벨벳 케이크 좋아해서 준비해봤어요.,"Dessert/Bakery, Coffee/Drink, Vibe",keyword
너무 예쁘고 맛있네요!,Vibe,keyword
밤티라미수 케이크라니!!!!,Dessert/Bakery,keyword
꼭 먹어봐야합니다ㅠㅠ,"Dessert/Bakery, Coffee/Drink",keyword
우연히 먹게 됐는데 너무 맛있아서 바로 예약주문했어요,"Service, Dessert/Bakery, Coffee/Drink",keyword
특별한 날에 선물용으로도 좋을 것 같아욯ㅎㅎㅎ,"Dessert/Bakery, Coffee/Drink, Price",keyword
"플디 케이크
두번째 이용하고 있어요^^","Dessert/Bakery, Coffee/Drink, Vibe",keyword
"#성수동케이크 #플디케이크
케이크가 너무 예뻐요!!!!!","Dessert/Bakery, Vibe",keyword
할머니 생신 케이크로 구매했습니다~!!,"Dessert/Bakery, Coffee/Drink, Vibe",keyword
"크림, 딸기, 시트 전부 너무 맛있어요",Dessert/Bakery,keyword
코코넛을 좋아하는 편은 아닌데 맛이 강하지 않고 조화로워요,"Dessert/Bakery, Coffee/Drink",keyword
크림도 너무 달지도 않아서 딸기랑 잘 맞고 정말 맛있게 먹었어요!,Coffee/Drink,keyword
제 최애 디저트집이에용,"Dessert/Bakery, Vibe",keyword
케익 너무 이쁘고 맛있어요!!!,Vibe,keyword
1년전쯤에 남자친구가 생일 때 사 줘서 먹었을 때 지금까지 먹어본 케이크 중에 제일 맛있었어서 그 때부터 케이크 먹고 싶으면 플디에서 사 먹습니다,"Dessert/Bakery, Coffee/Drink, Vibe",keyword
🩷 다른 집에서 사 먹으면 플디가 생각날 정도로 사랑합니다,"Dessert/Bakery, Coffee/Drink, Vibe",keyword
🥹👍🏼❣️ 앞으로도 맛있고 귀여운 케이크 많이 만들어 주세요 !!,"Dessert/Bakery, Vibe",keyword
내년 제 생일 때 또 주문하겠습니다,"Service, Dessert/Bakery, Coffee/Drink",keyword
미니부터 큰 사이즈까지 구성이 다양해요~ ㅎㅎ,"Service, Dessert/Bakery, Coffee/Drink",keyword
사장님도 넘 친절하시고 재방문 의사 있습니다,"Service, Dessert/Bakery, Coffee/Drink, Vibe",keyword
❤️ 다음에는 초코 케이크 도전할게요!,"Dessert/Bakery, Coffee/Drink",keyword
맛있는 케이크 감사합니다,"Dessert/Bakery, Coffee/Drink",keyword
마감 한시간 전에 가서 샤인머스캣망고 케이크 샀어요,Dessert/Bakery,keyword
멀리 가야해서 보냉백에 싸느라 제대로 못봤는데 열어보니 포장도 너무 잘되있고 케이크도 너무 맛있었어요!!,"Price, Dessert/Bakery, Coffee/Drink, Vibe",keyword
담에 다른 케이크도 사러 갈게용!,Dessert/Bakery,keyword
어머니 생신 케이크 구매했습니다.,"Dessert/Bakery, Coffee/Drink",keyword
따뜻하고 좋아요,"Dessert/Bakery, Coffee/Drink",keyword
케이크 넘 맛있네요!,Dessert/Bakery,keyword
딸기초코레밍턴 예약했어요 ㅎㅎ,"Dessert/Bakery, Coffee/Drink",keyword
항상 탈기탈기 맛나게 먹었던 곳이라 믿고 예약했습니다~,"Dessert/Bakery, Coffee/Drink, Vibe",keyword
예약없이 바로 구매했어요.,"Dessert/Bakery, Coffee/Drink",keyword
사장님도 친절하시고.,"Service, Dessert/Bakery, Coffee/Drink",keyword
지난번 딸기케이크 구매하고 넘 맛있어서 다시 찾아왔어요,"Dessert/Bakery, Coffee/Drink",keyword
🥰 케이크 다 넘 예쁘고 촉촉해서 맛있습니다,"Dessert/Bakery, Vibe",keyword
케이크가 예쁘고 맛있어서 재방문했습니당,"Service, Dessert/Bakery, Coffee/Drink, Vibe",keyword
사장님이 친절하시고 케이크도 맛있습니다,"Service, Dessert/Bakery, Coffee/Drink",keyword
"친구집 집들이로 챙겨갔는데 디자인도 예쁘고 너무 잘먹었어요:)
플디케이크 최고입니다!!","Dessert/Bakery, Coffee/Drink, Vibe",keyword
사장님도 친절하시고 케이크도 선물해 줬는데 엄청 맘에 들어 했어요,"Service, Dessert/Bakery, Coffee/Drink, Price",keyword
👍🏻 감사합니다!!,"Dessert/Bakery, Coffee/Drink",keyword
예약하고 왔는데 포장도 깔끔하게 잘해주시고 리뷰이벤트 안내도 친절하게 해주셔서 너무 좋았습니다!!,"Service, Dessert/Bakery, Coffee/Drink, Price",keyword
제철 과일 케이크 등은 여기서 예약해서 하시면 좋을 것 같아요!!,"Dessert/Bakery, Coffee/Drink",keyword
성수동 케이크 사러 우연히 왔는데 좋은재료로 만든것 같아요.,"Dessert/Bakery, Coffee/Drink, Vibe",keyword
케이크 너무 예뻐요,"Dessert/Bakery, Vibe",keyword
❣️ 급하게 필요했는데 잘 사갑니다~!~,"Dessert/Bakery, Coffee/Drink",keyword
무화과 케이크 맛있어요,Dessert/Bakery,keyword
다음엔 딸기케익으로 주문해보고 싶어요.,"Service, Dessert/Bakery, Coffee/Drink",keyword
플디 케이크 생크림은 부드러우면서도 느끼하지 않아 맛있어요,Dessert/Bakery,keyword
가을 제철과일 무화과 특유의 성분때문에 잠시 혀가 간질간질하긴했지만 심하진 않아서 괜찮은 정도였답니당,"Dessert/Bakery, Coffee/Drink",keyword
☺️ (파인애플 먹었을때랑 비슷한 느낌),"Dessert/Bakery, Coffee/Drink",keyword
초는 매장에서 직접 골랐어요 (힙한 오리씨 🕶️),Vibe,keyword
저희는 보냉백도 같이 구매해서 여기저기 돌아다니다가 숙소에 갔는데 편하기도하고 보냉 잘 돼서 괜찮았어요 !,"Dessert/Bakery, Coffee/Drink",keyword
이동시간 긴 분들은 보냉백 구매해서 다니시는거 추천합니당,"Dessert/Bakery, Coffee/Drink, Vibe",keyword
"그리고 초코덕후 남자친구에게 두바이초콜릿 컵케이크를 사줬더니 또 생각날 정도로 맛있었다고 ㅋㅋㅋㅋ
초코 좋아시는분들은 먹어보시길💕🍫","Dessert/Bakery, Coffee/Drink, Vibe",keyword
시부모님 생신이시라 예쁜 케익 해드리고 싶어서 검색하다가 방문했는데 케익도 너무 예쁘고 맛있어서 완전 만족했습니다!!,"Vibe, Service, Coffee/Drink, Price, Dessert/Bakery",keyword
무화과 케이크는 처음 먹어보는데 맛있었어요~,"Dessert/Bakery, Coffee/Drink",keyword
사장님도 친절하세용,"Service, Dessert/Bakery, Coffee/Drink",keyword
생일 축하 해주고 먹느냐고 사진도 못찍었네요 ㅠㅠ,"Dessert/Bakery, Coffee/Drink",keyword
"픽업 예약해두고 사간 보람이 있었습니다 :)
맛있게 잘 먹었습니다","Service, Dessert/Bakery, Coffee/Drink, Vibe",keyword
재방문 의사 100% 입니다,Service,keyword
감사합니다 :),"Dessert/Bakery, Coffee/Drink",keyword
"무화과 첨먹어봣는데 기절
생크림듀 남드링 진짜 맛나다해서 술먹고 리뷰씁니다…
줜맛","Dessert/Bakery, Coffee/Drink",keyword
예약시간보다 1시간 일찍 갔는데 문제없이 수령했고요,"Dessert/Bakery, Coffee/Drink",keyword
포장 해주시는 직원분도 친절했습니다!,"Service, Dessert/Bakery, Coffee/Drink, Price",keyword
가게가 안쪽에 숨어있어서 좀 당황스럽긴 했어요 ㅎ,"Dessert/Bakery, Coffee/Drink, Vibe",keyword
케이크 크림이 진짜 안느끼하고 맛있어요!!,Dessert/Bakery,keyword
시트가 매우 촉촉합니다.,Dessert/Bakery,keyword
"가득머금은 시럽이 넘쳐서 그건 참고해야하고, 복숭아 맛,향 사용된 크림도 삼박자가 어느하나 아쉬울게 없습니다:)","Dessert/Bakery, Coffee/Drink",keyword
매장 픽업갈때 대응도 친절하게 해주시고 서비스도 나무 만족스러웠습니당,"Vibe, Service, Coffee/Drink, Price, Dessert/Bakery",keyword
"여름철인데도 과일 재료들이 너무 신선하고, 케이크가 예쁜데다가 맛도 너무 맛있었어요!","Dessert/Bakery, Coffee/Drink, Vibe",keyword
두바이 처돌이라 여러 군데 먹어봤는데 플디 두바이는 카다이프 식감 제대로 살려서 진짜 강추에요!,Coffee/Drink,keyword
"또, 메뉴관련해서 이것저것 많이 물어봤는데 성수 케이크샵 사장님 너무 친절하게 응대해주셔서 덕분에 기분 좋게 구매했네요 :)","Service, Dessert/Bakery, Coffee/Drink, Vibe",keyword
앞으로 기념일 있으면 플디 케이크 사러 또 재방문 할께요!,"Service, Dessert/Bakery, Coffee/Drink, Vibe",keyword
압구정에만 있던 플디 케익샵이 근처에 새로 생겼다고 해서 바로 사갔습니다,"Dessert/Bakery, Coffee/Drink, Vibe",keyword
케익도 너무 이쁘고 친척 어른들께 드리는 케익인데 일반 빵집 케익이랑 다르게 너무 맛있고 예쁘다고 해주셔서 사간 보람이 있었어요,"Dessert/Bakery, Coffee/Drink, Vibe",keyword
"😇
보통 어르신들은 생크림 케익 별로 안좋아하시는데 
싹 비워드실 정도로 맛있었습니다",Vibe,keyword
"가족 모임 강추👍
다음엔 무화과도 먹어볼게요",Coffee/Drink,keyword
갓나온 소금뻥은 100점 ~~ 오늘은 살짝 식어서 80점~~ 버터에 담근 느낌,"Dessert/Bakery, Coffee/Drink",keyword
소금빵 최고,Dessert/Bakery,keyword
성수에 자연도소금빵을 다녀왔습니다.,"Dessert/Bakery, Coffee/Drink",keyword
요즘 소금빵 맛집이 많지만 이곳은 특히 빵 향부터가 다르더라고요.,Dessert/Bakery,keyword
매장 안에 들어서자마자 고소하고 버터 향이 가득 퍼져서 그냥 서 있는 것만으로도 기분이 좋아졌습니다.,"Dessert/Bakery, Coffee/Drink, Vibe",keyword
"깔끔한 인테리어에 오픈형 주방이라 빵 굽는 모습을 직접 볼 수 있었는데, 그 모습이 신뢰감도 주고 기대감도 높였어요.","Dessert/Bakery, Coffee/Drink, Vibe",keyword
"저는 기본 소금빵을 포함해 몇 가지 종류를 사봤는데, 특히 기본 소금빵이 정말 맛있었습니다.","Dessert/Bakery, Coffee/Drink",keyword
겉은 바삭하고 속은 부드러우면서 버터의 진한 풍미가 입안 가득 퍼졌습니다.,"Dessert/Bakery, Coffee/Drink",keyword
"짠맛도 과하지 않아 끝까지 부담 없이 먹을 수 있었고, 구운 버터의 향과 소금의 감칠맛이 아주 조화로웠습니다.","Dessert/Bakery, Coffee/Drink, Vibe",keyword
따뜻할 때 먹으니 겉은 살짝 바삭하면서 속이 촉촉하게 녹아드는 느낌이 정말 좋았습니다.,"Dessert/Bakery, Coffee/Drink",keyword
소금빵 맛있다!,Dessert/Bakery,keyword
먹어도 먹어도 맛나요,Coffee/Drink,keyword
빵이 미쳤다,Dessert/Bakery,keyword
사람 너무 많고 음악이 시끄러워요 인테리어랑 진짜 안 어울리게 에스파 whiplash 같은거 빵빵하게 나오네여,"Dessert/Bakery, Coffee/Drink, Vibe",keyword
유명하다고 들어서 웨이팅 조금 하고 포장했어요,"Service, Dessert/Bakery, Coffee/Drink, Price",keyword
기대한 맛은 아니였지만 그래도 소금빵의 정석같은 느낌?,"Dessert/Bakery, Coffee/Drink",keyword
한번쯤 사먹어볼만 합니당,"Dessert/Bakery, Coffee/Drink",keyword
지나가는데 빵냄새가 너무 맛있게 나서 그냥 지나칠수가 없었어요,"Dessert/Bakery, Coffee/Drink",keyword
가격도 착하고 버터향 끝장이네요,"Dessert/Bakery, Price",keyword
"일본에서 유명햐 소금빵 먹어봤는데
딱 그맛이 났어요","Dessert/Bakery, Coffee/Drink",keyword
진짜 여기 소금빵 맛있었어요,Dessert/Bakery,keyword
자연도 소금빵 꼭 드세요~,"Dessert/Bakery, Coffee/Drink",keyword
"빵돌이로써 그냥 지나칠 수 없는 냄새 
깊게 풍기는 버터내음 한입 베어물면 파삭 부셔지는 크리스피한 겉면
폭신한 속까지 특별히 들어간 재료는 없지만 빵 본연의 맛으로
기다림을 잊게하는 맛 입니다","Service, Dessert/Bakery, Coffee/Drink",keyword
"👍 👍 👍 
사자마자 바로 드시는 걸 추천합니다:)","Dessert/Bakery, Coffee/Drink, Vibe",keyword
"받자마자 따뜻할때 먹어보고
진짜 너무 당황!!","Dessert/Bakery, Coffee/Drink",keyword
이렇게 맛있는 소금빵 첨이예요,Dessert/Bakery,keyword
"👍
버터향 듬뿍나면서 이거 무슨맛이지","Dessert/Bakery, Coffee/Drink",keyword
했었는대,"Dessert/Bakery, Coffee/Drink",keyword
담에 또 성수 방문하면 또 사와야겠어요,"Service, Dessert/Bakery, Coffee/Drink",keyword
소금빵 맛있어요,Dessert/Bakery,keyword
"버터향 가득
디저트로 얌얌","Dessert/Bakery, Vibe",keyword
빵 포장도 예뻐요.,"Price, Dessert/Bakery, Vibe",keyword
지인에게 선물했더니 너무 좋아하더라고요!,"Dessert/Bakery, Coffee/Drink, Price",keyword
바로 먹으면 젤 맛있지만 다음날 에프에 돌려먹어도 맛있어요,Coffee/Drink,keyword
갓구운 소금빵에 정말 반하는 곳 🥐,"Dessert/Bakery, Vibe",keyword
"하루에 7000개 팔린다는 정말
맛있는 소금빵집 웨이팅도 길지만,
가성비와 맛보장이 확실해요 ❤❤","Service, Dessert/Bakery, Coffee/Drink, Price",keyword
연트럴파크를 걷다가 냄새가 좋아서 보니 성수에서 엄청 맛있게 먹었던 자연도소금빵이 있어서 가보았다,"Dessert/Bakery, Coffee/Drink, Vibe",keyword
근데 배가 뷰른 상태라 낱개로 1~2개정도 사고 싶었는데 그냥 4개씩 세트로 밖에 못사서 좀 아쉬웠다,"Dessert/Bakery, Vibe",keyword
그리고 오늘만 그런거일수도 있지만 너무 짰다.,"Vibe, Coffee/Drink",keyword
친구랑 나랑 둘다 먹자마자 동시에 왤케 짜냐는 소리가 나왔다.,"Dessert/Bakery, Coffee/Drink, Vibe",keyword
그리고 친구는 기름기도 너무 많다며 이게 왜 유명하냐고 물어봤는데 할말이 없었다,"Dessert/Bakery, Coffee/Drink, Vibe",keyword
점바점인건지 아니면 우리한테 준 빵만 짠건지 모르겠지만 기대하고 먹은 나로서는 많이 실망스러웠고 다음에는 안먹을것 같다,"Dessert/Bakery, Coffee/Drink",keyword
오후 늦게 갔는데 웨이팅 없이 바로 샀어요 따끈한 상태라서 그자리에서 바로 먹는거 추천 (옆에 야외 테이블있음) 바삭하고 버터풍미 진하고 부드럽고 간도 딱 맞고 맛 없을수없는 맛,"Service, Dessert/Bakery, Coffee/Drink, Vibe",keyword
성수 오면 잊지 않고 사오는 자연도 소금빵!,"Dessert/Bakery, Coffee/Drink",keyword
"지금까지 먹은 소금빵중에 최고👍🏻
하루 7천개씩 판매하는 세상에서 가장 맛있는 소금빵집!!!","Dessert/Bakery, Coffee/Drink, Vibe",keyword
냄새에 이끌려서 먹음,Coffee/Drink,keyword
방금 나온 빵인데도 쏘쏘,"Dessert/Bakery, Coffee/Drink",keyword
소문대로 소금빵 맛있습니다,Dessert/Bakery,keyword
"빵돌이에 끌려서 왔는데
빵돌이는 완전 만족했는데
떡순이는 경험하기 좋았어욥!","Dessert/Bakery, Coffee/Drink, Price",keyword
갓나온빵이라서 더 맛있어요,"Dessert/Bakery, Coffee/Drink",keyword
이전에도 한 4-5번 사먹었었는데 항상 존멋이엌거든요?!,Coffee/Drink,keyword
근데 이번엔 좀 짜구 풍미가 덜해져서 아쉬웠어,"Dessert/Bakery, Coffee/Drink",keyword
"오 ㅠㅠ 아직도 맛엤긴하지만,,,뭔가 예전이랑 달라졌어요 ㅠㅠ","Dessert/Bakery, Coffee/Drink",keyword
줄이 길어도 빨리 살 수 있는 시스템은 좋은거 같아요,"Service, Dessert/Bakery, Coffee/Drink, Vibe",keyword
"진짜 소금빵 너무 맛있어요, 바로 받았어요",Dessert/Bakery,keyword
워낙 유명해서 웨이팅이 오래걸릴까 걱정했음,"Service, Dessert/Bakery, Coffee/Drink",keyword
줄이 길었지만 다행히!!,Service,keyword
20분도 안돼서 살 수 있었음,"Vibe, Coffee/Drink",keyword
집에 와서 먹어봤는데 유명한 이유가 납득되는 맛…..,"Dessert/Bakery, Coffee/Drink, Vibe",keyword
"겉에 식감은 적당한 부드러움과 바삭함, 버터리하고 짭잘한 맛, 아니그냥 한입 먹자마자 걍 맛있음","Dessert/Bakery, Coffee/Drink",keyword
4개짜리 한세트만 산게 한임… 가족들 모두 넘 맛있게 먹음,"Dessert/Bakery, Coffee/Drink",keyword
강추합니다,"Dessert/Bakery, Coffee/Drink",keyword
빵이 진~짜 쫄깃해요,Dessert/Bakery,keyword
너무 기름져서 두번은 안먹을 듯 합니다만 왜 유명한지 알겠네요,"Dessert/Bakery, Coffee/Drink",keyword
"주말엔 줄서서 먹기도 힘들지만
평일 낮이라 그나마 쉽게 구매.","Service, Coffee/Drink",keyword
"최고급  프랑스산 버터와 천일염,
캐나다산 최고등급 밀만 사용.","Dessert/Bakery, Coffee/Drink",keyword
"진한 풍미와 부드러운 식감은 
역시 최고다.",Coffee/Drink,keyword
"외국인들도  여기 소금빵에 흠뻑 빠진듯
줄서있다.","Service, Dessert/Bakery, Coffee/Drink, Vibe",keyword
익선동거리에 빵냄새에 이끌려 간 곳입니다.,"Dessert/Bakery, Vibe",keyword
순번을 뽑고 줄지어 기다려서 방금 나온 소금빵을 사왔습니다.,"Service, Dessert/Bakery, Coffee/Drink",keyword
"4개세트 12,000원.",Dessert/Bakery,keyword
적당한가격과 맛또한 좋아 사람들이 왜 줄서서 사는지 알겠더라고요.,"Price, Service, Dessert/Bakery, Vibe",keyword
인천 에서 소금빵은 여기가 젤 맛있어요,Dessert/Bakery,keyword
해운대점 이용했는데 성수점으로 나오네요.,"Dessert/Bakery, Coffee/Drink",keyword
인천점에서도 사먹었는데 역시 맛있었어요. ^^,Coffee/Drink,keyword
4개 한세트 12000원,Dessert/Bakery,keyword
아침일찍 가니 다행히 웨이팅이 없었어요 ^^,Service,keyword
집에 소금빵 선물해주려고 샀어요.,"Price, Dessert/Bakery, Coffee/Drink, Vibe",keyword
"버터향 가득한 소금빵 정멀 맛있고,
포장이 너무 예뻐서 더 맛있게 느껴졌어요 !!!.","Price, Dessert/Bakery, Coffee/Drink, Vibe",keyword
"다른집과 차원이 다른 자연도 소금빵
짱이에용","Dessert/Bakery, Coffee/Drink, Vibe",keyword
"벌써 3번째 구입~ 😋냠냠
요기 올때마다 들려서 사먹네요 ㅎㅎ","Dessert/Bakery, Coffee/Drink",keyword
다소 기름기가  많은듯하지만;; 그래도 맛있어요 ^_^ (더 먹고나면 손이랑 짱 봉투에 기름이 가득;;),"Dessert/Bakery, Coffee/Drink",keyword
빵 굽느라고 15분 정도 기다렸다가 갓 구운 빵 먹었는데 맛있고,"Service, Dessert/Bakery, Coffee/Drink",keyword
👍 처음 먹어본 지인들도 맛있다고 하네용,"Dessert/Bakery, Coffee/Drink",keyword
"🥰 
빵 포장에 공들여서 대기가 좀더 긴거 같아요","Price, Dessert/Bakery, Vibe",keyword
오픈런이여서 금방 구매했네요..,"Dessert/Bakery, Coffee/Drink",keyword
짭짤하고 쫄깃하네요.,"Dessert/Bakery, Coffee/Drink",keyword
왜 사먹는지 모르겠어요,Coffee/Drink,keyword
근처에 볼 일 있으면 항상 사가요!,"Vibe, Coffee/Drink",keyword
"저번보다 좀 더 느끼해진 느낌이었지만, 그래도 여전히 맛있어요","Dessert/Bakery, Coffee/Drink",keyword
빵이 나오는 시간이 있어서 잘 맞춰서 가야합니다,"Dessert/Bakery, Coffee/Drink, Vibe",keyword
1개씩 안팔고 4개단위로만 팔아서 아숩,"Dessert/Bakery, Vibe",keyword
대기가 생각보다 빨리 빠지네요,Service,keyword
줄 많이 서 있길래  얼떨결에 같이 줄서고_ 1개주세요~,"Service, Dessert/Bakery, Coffee/Drink, Vibe",keyword
했는데  1세트 나오고 ;;;(낱개는 안파나봄) 나중에 결제 끝나고 알았네여 ㅠ,"Dessert/Bakery, Coffee/Drink",keyword
배불러서 1개만 먹어보고팠는데 ~;;  맛은 겉에가 바삭할줄 알았는데  겉에도 부드러운느낌 ~  3개는 돌아다니느라 못먹고 가방에 짱박아 놓았네요,"Service, Dessert/Bakery, Coffee/Drink",keyword
뭔가 기분도 좀 ..,Vibe,keyword
소금빵 굳이,Dessert/Bakery,keyword
3년전 영종도에서 우연히사먹었던 감동이없어요 ㅠ,Coffee/Drink,keyword
좀더 바짝했던거같은데 그냥 아무빵집에서나 먹을수있는 소금빵맛으로변했네요..,"Dessert/Bakery, Coffee/Drink, Vibe",keyword
웨이팅이 있지만 다 포장이라 금방 빠졌어요~,"Service, Vibe, Coffee/Drink, Price",keyword
버터향 가득하고 부드러워서 넘 맛있게 먹었어요~,"Dessert/Bakery, Coffee/Drink",keyword
유명한만큼 소금빵이 넘 맛있어요,"Dessert/Bakery, Coffee/Drink",keyword
기다린보람이 있어요 ~,"Service, Vibe, Coffee/Drink",keyword
여기는 꼭 와야죠,"Dessert/Bakery, Coffee/Drink",keyword
안오면 섭섭^^,"Dessert/Bakery, Coffee/Drink",keyword
나온지 얼마 안된 뜨거운 소금빵 먹었는데 맛있었어요,"Dessert/Bakery, Coffee/Drink",keyword
개인적으루 성수보다 더 맛있는 것 같아욤,Dessert/Bakery,keyword
구읍뱃터 본점가서 먹으니.,Coffee/Drink,keyword
거리를 지나는데 소금빵 냄새가 진동해서 살 수 밖에 없었습니다,"Dessert/Bakery, Coffee/Drink",keyword
4개씩만 파는데 2개 묶음도 팔면 좋았을 듯 ㅠㅠ,Dessert/Bakery,keyword
한번쯤은 먹어볼만한??,"Dessert/Bakery, Coffee/Drink",keyword
"근데 줄 정리하시는 분이 좀 무서웠다는 ㅎㅎ,,","Service, Dessert/Bakery, Coffee/Drink",keyword
늘 줄서야 먹을 수 있는곳 ㅠㅠ,"Service, Vibe, Coffee/Drink",keyword
너무 맛 있어요~~소금빵 최고,"Dessert/Bakery, Coffee/Drink, Vibe",keyword
4개 한세트씩 팔고있는 자연도소금빵!,"Dessert/Bakery, Coffee/Drink, Vibe",keyword
줄이길어서 궁금해서 사먹었는데 정말짜요 ㅠ,"Service, Dessert/Bakery, Coffee/Drink",keyword
맛없… 후회했습니다,"Dessert/Bakery, Coffee/Drink",keyword
빵 정말 기름범벅 느끼해서 느글느글,Dessert/Bakery,keyword
점점 맛없어지는 자연도..,Coffee/Drink,keyword
"바삭한식감이 전혀없는 그냥 모닝빵식감에 축축하고 짜고
기름범벅… 분명 첨엔 이러지않았는데 ㅜ
단일메뉴이데도 아쉽다","Dessert/Bakery, Coffee/Drink",keyword
바로 나온 빵은 더 맛있어요,"Dessert/Bakery, Coffee/Drink",keyword
언제 먹어도 맛있어요,Coffee/Drink,keyword
소금빵 여기저기 다 찾아다니면서 먹었는데 아직까지 자연도 소금빵이 젤 맛있어요,"Dessert/Bakery, Coffee/Drink",keyword
따뜻할 때 먹으려구 친구들이랑 길빵함!!,"Dessert/Bakery, Coffee/Drink, Vibe",keyword
왜이렇게 인기가 좋은지 그냥 버터 그득한 소금빵!,"Dessert/Bakery, Coffee/Drink",keyword
12천원에 4개 들어 있어요.,"Dessert/Bakery, Coffee/Drink, Vibe",keyword
버터 풍미 가득한 소금빵,"Dessert/Bakery, Coffee/Drink",keyword
소금빵 맛집.,Dessert/Bakery,keyword
짭짤한 소금맛이 먼저 느껴지네요.,"Dessert/Bakery, Coffee/Drink",keyword
아이들이 맛있다네요.,"Dessert/Bakery, Coffee/Drink",keyword
기대가한 만큼 맛있지는 않네요 ㅠ,"Dessert/Bakery, Coffee/Drink",keyword
"버터 그 자체인 자연도 소금빵
오븐에 살짝 구웠더니 겉은 바삭하고 안은 퐁신하고 버터에 절어서 밑바닥이 바작한게 정말..","Dessert/Bakery, Coffee/Drink",keyword
냄새부터 버터향이 엄청 진하고 맛은 더 진해요.,Dessert/Bakery,keyword
확실히 프랑스 버터를 듬뿍 넣은게 잘 느껴졌어요.,Dessert/Bakery,keyword
간식으로 너무 좋아요!,Dessert/Bakery,keyword
4개 세트로만 판매해요.,"Dessert/Bakery, Coffee/Drink, Vibe",keyword
소금빵 맛있어요!,Dessert/Bakery,keyword
줄이 길어 보여도 결제하고 소금빵이랑 교환만 하면 돼서 금방금방 없어져요.,"Service, Dessert/Bakery, Coffee/Drink",keyword
따로 먹을 공간이 있지는 않지만 다들 가게 옆에서 먹더라구요 ㅋㅋ,"Vibe, Coffee/Drink",keyword
4개나 들어있지만 맛있어서 한 봉지 뚝딱입니다.,"Dessert/Bakery, Coffee/Drink, Vibe",keyword
소금빵 맛집!,Dessert/Bakery,keyword
일반 소금빵 보다 좀더 짭짤하고 버터맛이 강해요!,"Dessert/Bakery, Coffee/Drink",keyword
크로와상과 소금빵의 중간 정도 👍😃🥐 크로와상 좋아하시는 분들께 강추!,Dessert/Bakery,keyword
저는 버터 맛 좋아해서 맛있게.,"Dessert/Bakery, Coffee/Drink",keyword
먹었어요,Coffee/Drink,keyword
소금빵이 좀 자극적인 맛이 나는 이유는 뭔지 몰겠지만 여기 맛은 있어요.,"Dessert/Bakery, Coffee/Drink, Vibe",keyword
소금빵 너무 맛있고 포장도 귀여워서 간단한 선물하기도 좋은것같아요 ㅎㅎ,"Dessert/Bakery, Coffee/Drink, Price",keyword
모닝빵 느낌이지만 바삭하고 버터향이 가득함,"Dessert/Bakery, Coffee/Drink",keyword
소금빵 단짠 최고 겉바속촉♡,Dessert/Bakery,keyword
"평일이라 예전처럼 많이 기다리지 않고
금방 들어갔어요~",Service,keyword
버터리하고 아담한 소금빵 맛있어요,"Dessert/Bakery, Coffee/Drink",keyword
"👍
4개 한세트 12,000원",Dessert/Bakery,keyword
성수에 있는 자연도 소금빵을 다녀왔어요,"Dessert/Bakery, Coffee/Drink, Vibe",keyword
🥐 매장에 들어서자마자 구워지는 소금빵 향이 가득 퍼져서 그냥 지나칠 수가 없더라고요.,"Dessert/Bakery, Vibe",keyword
"바삭한 겉면과 쫀득한 속이 조화를 이루고, 짭조름한 소금 맛이 은은하게 퍼지면서 담백함이 살아 있어 정말 만족스러웠습니다.","Price, Dessert/Bakery, Coffee/Drink, Vibe",keyword
특히 소금이 과하지 않고 빵의 고소한 맛을 잘 살려줘서 계속 손이 가더라구요.,Dessert/Bakery,keyword
따뜻할 때 먹으니 버터 풍미가 입안 가득 퍼져 행복했어요.,"Dessert/Bakery, Coffee/Drink, Vibe",keyword
성수 오시면 자연도 소금빵 꼭 한 번 드셔보시길 추천합니다 ✨,"Dessert/Bakery, Coffee/Drink, Vibe",keyword
갓 나온 따뜻한 소금빵이 젤 맛있어요,"Dessert/Bakery, Coffee/Drink",keyword
갓구워진 따뜻한 빵이 포장되어 나와요,"Dessert/Bakery, Coffee/Drink, Price",keyword
"겉은 바삭하고 속은 촉촉
짠맛도 적당하고 맛있어요","Dessert/Bakery, Coffee/Drink",keyword
맨날 줄서서 먹어야 하는 자연도소금빵..!,"Service, Dessert/Bakery, Coffee/Drink",keyword
🥐 처음 먹었을 때보다 기름이 좀 많아진 거 같긴 합니다만..,"Dessert/Bakery, Coffee/Drink",keyword
그래도 뭐 맛있긴해요,"Dessert/Bakery, Coffee/Drink",keyword
"😅😅😅 4개에 12,000원 😎 머리 되게 잘 쓴 것 같아요!",Dessert/Bakery,keyword
결제 줄이랑 픽업 줄이랑 달리 해놓은 것도 좋아용!,"Service, Dessert/Bakery, Coffee/Drink",keyword
영종도 줄서는 소금빵 맛집 솔찍 리뷰.,"Service, Dessert/Bakery",keyword
"낱개는 없고 4개 묶음씩(12,000원)만 팔아요!",Dessert/Bakery,keyword
바로 옆에 메가 커피에서 커피사서 같이 많이 드시더라구요!,Coffee/Drink,keyword
시간이 지나고 먹는 것보다 바로 먹었을때 가득한 버터와 소금 풍미가 한입에 느껴져요!,"Dessert/Bakery, Coffee/Drink",keyword
손에 다 묻으니 차에서 드실때 주의하세요ㅎㅎ,"Dessert/Bakery, Coffee/Drink",keyword
시간 지나서 먹었을땐 다시 에프에 구워드셔야해요.,"Dessert/Bakery, Coffee/Drink",keyword
아니면 빵이 질김 ㅠㅜ,Dessert/Bakery,keyword
영종도 놀러갔을때 한번 먹어보기 좋은!,Coffee/Drink,keyword
소금빵 맛있어서 이쪽오면 꼭들려요ㅎㅎ,"Dessert/Bakery, Coffee/Drink",keyword
줄은 길지만 회전율이 빨라서 많이 기다리진 않았습니다,Service,keyword
"초심을 잃었거나 비 오는 날 한정이거나
처음 먹었을 때는 바삭한 식감이 있었는데 이 날 먹은 소금빵은 그냥 모닝빵이었어요","Dessert/Bakery, Coffee/Drink, Vibe",keyword
"🥺
너무 먹고 싶어서 주문하자마자 냅다 먹었는데 모닝빵 식감이었고 집 와서 다른 것도 먹어보니까 모닝빵s 너무 아쉽네요","Service, Dessert/Bakery, Coffee/Drink, Vibe",keyword
역시 소금빵 원탑이네요,Dessert/Bakery,keyword
평일 점심시간이라 대기 10분정도도 안걸린 것 같어요,Dessert/Bakery,keyword
더 사올걸 하고 후회중입니다.,"Dessert/Bakery, Coffee/Drink",keyword
믿고 먹는 자연도 소금빵!,"Dessert/Bakery, Coffee/Drink",keyword
유명한 소금빵 줄서서 샀어요.,"Service, Dessert/Bakery, Coffee/Drink",keyword
바로 먹었는데.,Coffee/Drink,keyword
"바삭하지는 않고
버터가 많이 들어간 맛이네요.","Dessert/Bakery, Coffee/Drink",keyword
지난 일요일에 도산점가서 먹고 너무 반해서 오늘 성수점에 방문 했어요.,"Service, Dessert/Bakery, Coffee/Drink",keyword
반죽맛이 나고 바삭한맛도 없고;; 실망입니다.,"Dessert/Bakery, Coffee/Drink",keyword
줄서먹는 맛집 인정👍👍👍평일 오전에 가니까 줄 안서고 좋네요,"Service, Coffee/Drink",keyword
버터풍미가득한 소금빵 맛집.,"Dessert/Bakery, Coffee/Drink",keyword
개인적으로 조금 더 빠쟉하고 버터동굴 깊은 소금빵을 좋아해서 완벽한 취저는 아니지만 충분히 호불호 안갈릴 맛있는 맛이였어요.,"Dessert/Bakery, Coffee/Drink",keyword
"소금빵 맛집이라고 구매해본결과
4개가 1세트로 판매하고 있어요","Dessert/Bakery, Coffee/Drink, Vibe",keyword
전 2개만 필요했는데 네개로 포장판매하는것 좀 아닌것 같네요,"Price, Dessert/Bakery, Coffee/Drink, Vibe",keyword
아님 2개와 4개로 판매로 이루어졌으면 해요,"Dessert/Bakery, Coffee/Drink, Vibe",keyword
포장지도 추가로 판매안하고 좀 그렇네요,"Dessert/Bakery, Coffee/Drink, Vibe",keyword
아무리 맛있어도 다시는 방문의사가 없습니다,Service,keyword
아아가 좋아하는 소금빵 유명해서 사봤어요,"Dessert/Bakery, Coffee/Drink",keyword
순삭했습니당,"Dessert/Bakery, Coffee/Drink",keyword
소금빵은 역시 자연도가 제일 맛있네용.,"Dessert/Bakery, Coffee/Drink",keyword
어느 지점을 가도 만족스럽습니다 ദ്ദി⩌⩊⩌)✧,Price,keyword
줄서있고 맛있다해서 구매하고왔어요,"Service, Dessert/Bakery, Coffee/Drink, Vibe",keyword
성수동에 갔다가 사람들 바글바글한 거 보고 뭐지,"Dessert/Bakery, Coffee/Drink, Vibe",keyword
하며 얼떨결에 줄서서 샀네요.,"Service, Dessert/Bakery, Coffee/Drink",keyword
낱개로는 안 팔고 4개씩 포장으로만 판매해서 한 패키지 샀어요.,"Price, Dessert/Bakery, Coffee/Drink, Vibe",keyword
빵이 안에서 이리저리 눌려서 모양은 정말 별로인데 맛있어여!,Dessert/Bakery,keyword
원래 겉비속촉 크랙있는 소금빵 좋아하는데 여기꺼는 말랑말랑 부드러운 식감인데도 버터 풍미가 좋아서 맛있네요.,"Dessert/Bakery, Coffee/Drink, Vibe",keyword
다음에 성수동 가게되면 또 사먹어야겠어요,Coffee/Drink,keyword
드디어 갓나온 자연도 소금빵을.,"Dessert/Bakery, Coffee/Drink",keyword
먹어봅니다.,Coffee/Drink,keyword
한개면 충분하네요! ㅋ,"Dessert/Bakery, Coffee/Drink",keyword
줄은 금방 줄어들어서 대기할만합니다.,"Service, Dessert/Bakery, Coffee/Drink",keyword
갓나올때 드세요~,Coffee/Drink,keyword
지나가다가 버터 냄새가 유혹을 해서 안사먹을 수가 없었어요… 바아로 줄서서 사먹었고 사진도 못찍고 길에서 허겁지겁 갓 나온 소금빵을 먹었는데 진짜 기절이에여,"Service, Dessert/Bakery, Coffee/Drink, Vibe",keyword
사람들이 너무 줄서서 먹는데 너무 궁금해서 사먹어봤어요 소금빵이 소금빵이지 생각했는데,"Service, Dessert/Bakery, Coffee/Drink, Vibe",keyword
먹고나니 다시 생각나는맛 ?,Coffee/Drink,keyword
포장도 예쁘고 요즘 분들이 뭘 좋아하고 원하는지 트렌드 확실한듯 ㅋㅋ,"Price, Dessert/Bakery, Coffee/Drink, Vibe",keyword
언제 먹어도 맛있는 자연도소금빵🥖,"Dessert/Bakery, Coffee/Drink",keyword
휴일엔 대기줄이 너무 길어서 엄두도 못 내다가...,Service,keyword
주중 저녁 늦은 시간에 가니 널널해서 드디어 먹어봤습니다!,"Dessert/Bakery, Coffee/Drink",keyword
"구매 후 바로 먹어봤는데 온기가 남아 있어서 좋았고, 겉면은 생각보다 부드러웠어요.","Vibe, Coffee/Drink",keyword
한 번쯤은 먹어볼 만 한것 같습니다 :),"Dessert/Bakery, Coffee/Drink",keyword
소금빵 너무 맛있어요!!,Dessert/Bakery,keyword
"오랜만에 방문하는 자연도🥐
갈 때마다 사람이 많이 그냥 지나쳤는데, 이 날은 소금빵 냄새가 너무 좋아서 기다려서 소금빵을 사왔습니당","Service, Dessert/Bakery, Coffee/Drink, Vibe",keyword
"😆 생각보다 줄도 금방 빠지고, 소금빵은 진짜 맛있었오요","Service, Dessert/Bakery, Coffee/Drink",keyword
💛 덕분에 빵 잘 먹었습니당,"Dessert/Bakery, Coffee/Drink",keyword
"🥐소금빵 4개 ₩12,000",Dessert/Bakery,keyword
금방 나오는데 따끈따끈함,"Dessert/Bakery, Coffee/Drink",keyword
버터향+겉바속촉+짭쪼름 진짜 맛있는 소금빵 !,Dessert/Bakery,keyword
"!
소금빵 생각날 때 제일 먼저 생각나용","Dessert/Bakery, Coffee/Drink",keyword
"🧡
직원분들도 친절하시고 최고입니닷","Service, Dessert/Bakery, Coffee/Drink",keyword
맛잇다고해서 웨이팅 10분장도 서고 바로 사서 막엇는데 너무 맛잇엇어요,"Service, Dessert/Bakery, Coffee/Drink",keyword
"한바퀴돌다가 또 소금빵 사러 다시
갔답니당",Dessert/Bakery,keyword
너무 뜨겁지 않을때 먹으니까 죽여주네요,Coffee/Drink,keyword
지나가면 사람들 다 자연도 소금빵 봉지 들고있어요,"Dessert/Bakery, Coffee/Drink, Vibe",keyword
따뜻할때 먹음,"Dessert/Bakery, Coffee/Drink",keyword
성수가면 자연도 소금빵 길빵 필수 ~ 잇힝 eating 🥐,"Dessert/Bakery, Coffee/Drink",keyword
너무 맛있아여!!,Coffee/Drink,keyword
연남동 산책항 때마다 엄청난 버터향을 풍기며 손님들을 유혹하는데 그냥 지나치기만 하다 성수에서 유명한 소금빵집이 낸 분점이라 해서 사봤어요.,"Dessert/Bakery, Coffee/Drink, Vibe",keyword
줄을 서긴 하지만 키오스크 단일메뉴 주문에다 포장도 금방 되어서 오래 기다리지는 않아요.,"Service, Dessert/Bakery, Coffee/Drink, Price",keyword
혼자 한개정도 먹어볼까 하고 줄섰는데 메뉴에 4개세트 한개만 선택할 수 있도록 되어있어 꽤 많이 당황했네요.,"Service, Dessert/Bakery, Coffee/Drink, Vibe",keyword
줄을 섰는데 안 사기도 뭐하고..,"Service, Dessert/Bakery, Coffee/Drink",keyword
빠르게 내기 위해 어쩔수없는 선택이었겠지만 모르고 방문한 사람 중 아마 저같은 분들 꽤 있지 않았을까 싶습니다.,"Service, Dessert/Bakery, Coffee/Drink, Vibe",keyword
포장은 깔끔해서 어디 모임갈때 들고가기 좋습니다.,"Dessert/Bakery, Coffee/Drink, Price",keyword
빵은 좋은 재료를 썼다는 점을 많이 강조하고 실제로도 풍미가 좋습니다만 겉바속쫀한 소금빵을 좋아하는 입장에서 너무 부드러워서 좀 아쉬운 측면이 있었습니다.,"Dessert/Bakery, Coffee/Drink, Vibe",keyword
소금빵이 부드럽고 버터풍미 작열 ~,"Dessert/Bakery, Coffee/Drink",keyword
"성수빵맛집 자연도소금빵
성수 올때마다 줄이 길어서 포기했으나
오늘은 도전~
10분정도 기다려서 소금빵주문
따뜻해서 더 맛있네 ㅎㅎ","Service, Dessert/Bakery, Coffee/Drink",keyword
가격도 착하고 맛있어요~~,Price,keyword
데이트 하실 때 오면 좋을꺼같아요!,"Dessert/Bakery, Coffee/Drink",keyword
자연도소금빵..,"Dessert/Bakery, Coffee/Drink",keyword
성수지나는길 안먹으면 서운할듯해서 한봉지..,"Dessert/Bakery, Coffee/Drink",keyword
소금빵먹는속도를 걸음이 못따라온다 ㅋㅋㅋ,"Dessert/Bakery, Coffee/Drink",keyword
대기가 있지만 빠르게 주문했어요,"Service, Dessert/Bakery, Coffee/Drink, Vibe",keyword
빵도 따뜻하고 맛있어요,"Dessert/Bakery, Coffee/Drink",keyword
커피 맛도 좋고!,Coffee/Drink,keyword
소금빵도 갓나올때 먹으니 넘 맛있엇어요!,"Dessert/Bakery, Coffee/Drink",keyword
평일에 한적해서 좋아요,"Dessert/Bakery, Coffee/Drink",keyword
"제가 먹어 본 소금빵 중 가장 맛있는 소금빵이라 매번 근처에 있어도 먼 길 돌아서 구매하러가는데요,, 
매번 갈때마다 불친절한 여성직원분 때문에 기분이 항상 좋지 않아요","Service, Dessert/Bakery, Coffee/Drink, Vibe",keyword
일요일 3시20분 경 일하시는 분 특히..,"Dessert/Bakery, Coffee/Drink",keyword
고래고래 언성 높이고 사람 말하는데 끊어버리고 안된다고만 하시고ㅎㅎ 바로 구운 빵이 맛있으니 3개만 포장하고 하나는 먹으면서 가고 싶었는데 안된다고 사람 말하는데 언성 높이고..,"Price, Dessert/Bakery, Coffee/Drink, Vibe",keyword
안되는거 이해하겠는데 조금만 더 친절하게 말씀하실 순 없었을까요?,"Service, Dessert/Bakery, Coffee/Drink",keyword
서비스업을 하시려면 조금 더 태도에 여유를 가지시고 일을 하셔야 될 것 같네요~,"Dessert/Bakery, Coffee/Drink",keyword
다음엔 다른 곳으로 가야겠어요,Vibe,keyword
"<스티브 추천>
버터맛이 축축한데 바삭한 식감.","Dessert/Bakery, Coffee/Drink, Vibe",keyword
근처 젤라또랑 같이 먹으니 완전 꿀맛!! ㅋㅋㅋ,Coffee/Drink,keyword
"먹돌이 음식 조합 추천 🍞🍦ㅋㅋㅋ
여기 맨날 조기 소진 하다가 한달 전인가요?! ㅋㅋㅋ","Dessert/Bakery, Coffee/Drink, Vibe",keyword
돈을 많이 쓸어 담으시려고 물량 대폭 늘리시고 늦게까지 판매 하시네요.,"Dessert/Bakery, Coffee/Drink, Price",keyword
"💯💶💴
소금빵 이제야 인정!!",Dessert/Bakery,keyword
그동안 인정 못했는데.,"Dessert/Bakery, Coffee/Drink",keyword
"프랑스 맛있는빵을 열어서 맛있는 버터를 한가득넣고 입에 넣은 느낌 ㅋㅋㅋㅋㅋ 🥯🍞🥖🥐🥪🫓
외국인 관광객들도 좋아하시더라고요 ㅎㅎㅎ","Dessert/Bakery, Coffee/Drink",keyword
성수동ㅇ 더 핫해지는 만큼 이렇게 물량도 더 준비해주시니ㅋㅋㅋ 돈 더 많이 벌겠어요 ㅎㅎㅎ,"Price, Dessert/Bakery, Coffee/Drink, Vibe",keyword
한봉지로 팔아요.,Vibe,keyword
4개인가?,Dessert/Bakery,keyword
"비싼뎈ㅋㅋㅋ 
그냥 맛있어서 사먹죠.  ㅠㅠ","Coffee/Drink, Price",keyword
버터의 기름진 맛이 강하지만 그맛이 땡길때가 있는 법..,"Dessert/Bakery, Coffee/Drink, Vibe",keyword
줄서서 업어온 아이들♡♡♡♡,"Service, Dessert/Bakery, Coffee/Drink",keyword
여기 소금빵만큼 맛있는곳이 있을까? ㅋㅋㅋ,"Dessert/Bakery, Coffee/Drink, Vibe",keyword
담날 에프에 살짝 데워 먹어도 더 맛있어요^^,Coffee/Drink,keyword
소금빵 너므너무 맛있어요 ㅎㅎ,Dessert/Bakery,keyword
왜 한봉지만 샀을까 후회중 🥺,Coffee/Drink,keyword
유명한 곳이라 선물하기 좋아요,"Price, Dessert/Bakery, Coffee/Drink, Vibe",keyword
웨이팅이 엄청 길어요,Service,keyword
그리고 4개씩만 살 수 있는게 좀 아쉬워요,"Dessert/Bakery, Coffee/Drink, Vibe",keyword
"가격은 4개에 12,000원이어서 다른 소금빵과 가격은 비슷해요","Dessert/Bakery, Price",keyword
버터가 엄청 들어가서 버터향이 강하고 맛은 있어요,"Dessert/Bakery, Coffee/Drink, Vibe",keyword
역시나 줄이 길었지만 어차피 다 테이크아웃이니 금방 줄어들지 않을까싶어서 서봤는데 좋은 선택이었어요,"Service, Coffee/Drink",keyword
"🤭
줄선지 5분도 안돼서 바로 구입할 수 있었습니당ㅎㅎ","Service, Dessert/Bakery, Coffee/Drink, Vibe",keyword
다른짐이랑 넣어놨더니 소금빵이 완전 눌려진 상태였는데,Dessert/Bakery,keyword
🥹 다음날 에프에 살짝 돌려먹으니 버터풍미가 장난 아니었어요,"Dessert/Bakery, Coffee/Drink",keyword
지금까지 제 소금빵 넘버원 맛집입니다,Dessert/Bakery,keyword
아는 언니에게 선물해주려고 샀어요!,"Dessert/Bakery, Coffee/Drink, Price",keyword
빵 나오는 시간 맞춰서 가니까 줄도 별로 안 길고 바로바로 빵도 제공되어서 금방 받을 수 있었습니다.,"Service, Dessert/Bakery, Coffee/Drink, Vibe",keyword
"메뉴가 소금빵 하나인데, 뜨끈한 걸로 깔끔한 포장으로 받으니까 좋네요","Price, Dessert/Bakery, Coffee/Drink, Vibe",keyword
😆 단품으로도 팔면 좋을 것 같은데 4개씩으로만 구매 가능한 점이 살짝 아쉬워요.,"Dessert/Bakery, Coffee/Drink, Price",keyword
사람이 많아서 줄이 길어도 금방금방 줄어들고 결제 후 바로 받아갈 수 있어서 좋아요,"Service, Dessert/Bakery, Coffee/Drink, Vibe",keyword
"바로 먹는 게
제일 맛있지만 집에 와서 먹어도 맛있네요^^","Dessert/Bakery, Coffee/Drink, Vibe",keyword
성수동 유명한 소금빵 맛집..,"Dessert/Bakery, Coffee/Drink",keyword
"🥹🤍
평소 빵은 소금빵을 제일 좋아하는데 포장해와서 집에서 에프 살짝 돌려먹으니 미친맛도리에요!!!","Price, Dessert/Bakery, Coffee/Drink, Vibe",keyword
버터향 낭낭하고 쫠깃하고 크기도 아주 큽니다>_<,"Service, Dessert/Bakery",keyword
평일에 웨이팅 심하지 않더라구요..!,Service,keyword
갓나왔을때 먹어야 맛난 소금빵..,"Dessert/Bakery, Coffee/Drink",keyword
여기도 갓나올때가 젤 맛나네여..,"Dessert/Bakery, Coffee/Drink",keyword
집에 싸온 애덜은 바삭함이 많이 없어지는..,"Dessert/Bakery, Coffee/Drink, Vibe",keyword
그래도 다른빵집꺼 비함 괜찮은 편임다..,Dessert/Bakery,keyword
"마감 전에 가서 줄을 안섰는데 성수점에서는
처음 먹어봤어요!","Service, Coffee/Drink",keyword
"본점에서 먹어보고 맛있어서
구매했는데 역시 맛있네요","Dessert/Bakery, Coffee/Drink",keyword
"😀 바삭한 스타일은 
아니지만 버터 풍미가 너무 좋고 적당한 짠맛이라
밸런스가 좋네요 :)","Dessert/Bakery, Coffee/Drink",keyword
"줄만 안선다면 성수 갈때마다 
사먹고 싶어요 ㅎㅎ","Service, Coffee/Drink",keyword
"워낙에 유명한 소금빵집이라
주말에는 대기줄이 어마어마해요","Service, Dessert/Bakery, Coffee/Drink, Vibe",keyword
2번 실패 끝에 3번째 도전해서 구매했네요,"Dessert/Bakery, Coffee/Drink",keyword
포장지도 컨셉츄얼해서 너무 귀엽구요-,"Dessert/Bakery, Coffee/Drink",keyword
"마치 가염버터에 절인 듯 촉촉함을 넘어 축축하고, 
고소함과 짭쪼름한 맛이 강한 소금빵이에요","Dessert/Bakery, Coffee/Drink",keyword
"자극적인 소금빵을 원하는 분들께 딱 맞는 타입이고, 무조건 4개묶음으로만 판매되는 건 조금 아쉬워요",Dessert/Bakery,keyword
주문하면 빵 거의 바로 나옵니다,"Service, Dessert/Bakery, Coffee/Drink",keyword
갓나온거 먹으면 바삭하고 부드러워요,"Dessert/Bakery, Coffee/Drink",keyword
빵이 버터리하고 짭잘한 느낌이지만 맛이 괜찮아요,"Dessert/Bakery, Coffee/Drink",keyword
자연도 소금빵!,"Dessert/Bakery, Coffee/Drink",keyword
줄이 길어도 엄청 빨리 빠져서 좋아요!,Service,keyword
"근데 빵 나오는 시간 맞춰서
갓 나온 빵을 드시는 게 훨씬 맛있습니다ㅎㅎ","Dessert/Bakery, Coffee/Drink",keyword
"인테리어도 너무 잘 되어있고 
바로 옆에서 먹고 갈 수 있게
공간 조성된 것도 마음에 들어요 :)","Vibe, Coffee/Drink",keyword
지나갈 때마다 맛이 궁금해서 한 번 구매 해봤습니다.,"Dessert/Bakery, Coffee/Drink",keyword
"소금빵 4개 1세트 (12,000원) 주문했습니다.","Service, Dessert/Bakery, Coffee/Drink",keyword
"평일 낮에 대기 없이 바로 주문했고 주문하면 바로 빵 포장해서 주시는데, 포장이 예뻐서 일단 마음에 들었습니다.","Vibe, Service, Coffee/Drink, Price, Dessert/Bakery",keyword
"빵 자체를 별로 안 좋아해서 특별한 소금빵이 있을까 반신반의하면서 먹었는데, 겉은 살짝 빠삭하면서 속은 부드러워서 ?!?!","Dessert/Bakery, Coffee/Drink, Vibe",keyword
하면서 먹었습니다.,"Dessert/Bakery, Coffee/Drink",keyword
"방문 전 봤던 다른 리뷰들에서는 직원분이 불친절하다는 말도 많았으나, 제가 방문했을 때는 직원분도 친절하셔서 재방문 의사 완전 있습니다.","Service, Dessert/Bakery, Coffee/Drink, Vibe",keyword
을왕리에 있어서 접근성이 좋아요,"Position, Vibe, Coffee/Drink",keyword
"물놀이 하다가 가서 음료 마시기도 좋고 
소금빵 타이밍이 좋으면 바로 맛있는
빵을 먹을수 있어요","Dessert/Bakery, Coffee/Drink, Vibe",keyword
여태껏 먹었던 소금빵중에 최고입니다.,"Dessert/Bakery, Coffee/Drink",keyword
특히 촉촉한 속은 어느 곳에서도 맛보지 못한 느낌.,"Dessert/Bakery, Coffee/Drink, Vibe",keyword
소금빵 맛있어용,Dessert/Bakery,keyword
"사람이 정말 매우매우 많아서 꽤나 오래 줄을 서야하지만 중간에 직원분이 결제하는거 도와주셔서
극악의 웨이팅은 아니였숩니다","Service, Dessert/Bakery, Coffee/Drink, Vibe",keyword
근데 소금빵은 정말 맛있었어요,Dessert/Bakery,keyword
"💖
더 많이 사올걸 후회했던 맛이에요","Dessert/Bakery, Coffee/Drink",keyword
또먹고싶어오,"Dessert/Bakery, Coffee/Drink",keyword
우연치않게 줄서서 홀린듯이 나도 줄서서 기다림,"Service, Dessert/Bakery, Coffee/Drink",keyword
뭐 성수동에서 이정도가격에 이맛이면 나쁘지않다고 생각은 함,"Dessert/Bakery, Coffee/Drink, Price",keyword
줄서서 구매한 소금빵집 입니다.,"Service, Dessert/Bakery, Coffee/Drink, Vibe",keyword
"진짜 존맛탱…네 개 사서 혼자 세ㅜ개 순삭 ㅋㅋㅋㅋㅋㅋ
너무 맛있음.",Dessert/Bakery,keyword
버터가 가득 들어있어서 기름기(?)가 손에 가득 묻지만 기름에 쩐 그런 맛이 아니.,"Dessert/Bakery, Coffee/Drink, Vibe",keyword
사서 바로 먹어야 가장 맛있지만 식어도 맛있음.,Coffee/Drink,keyword
진짜 소금빵은 여기가 최고임.,Dessert/Bakery,keyword
정말 자연도는 맛이 다른곳과는 차별화되어있네요,"Vibe, Coffee/Drink",keyword
을왕리인데 왜 성수로찍혔는지 모르겠지만 버터미쳤고 촉촉바삭,"Dessert/Bakery, Vibe",keyword
소금빵으로 유명하다고 해서 방문했어요!,"Service, Dessert/Bakery, Coffee/Drink",keyword
6시쯤 가니까 줄이 너무 길어서 밥 먹고 나와서 다시 가봤는데 줄이 조금 줄어서 한 5분?,"Service, Coffee/Drink",keyword
기다리고 구매했어요!,"Service, Dessert/Bakery, Coffee/Drink",keyword
빵이 촉촉하고 개인적으로 버터리함 잘 느껴져서 진짜 맛있게 먹었어요.,"Dessert/Bakery, Coffee/Drink",keyword
소금빵 바닥도 빠짝빠짝 맛있어요,Dessert/Bakery,keyword
따뜻할때 드세요.,"Dessert/Bakery, Coffee/Drink",keyword
빵피는 쫄깃하고 버터와 소금의 조화가 너무 맛있었습니다.,Dessert/Bakery,keyword
저녁 시간때는 웨이팅 없이 바로 구매가 가능해서 좋았습니다.,"Service, Dessert/Bakery, Coffee/Drink, Price",keyword
맛있는데 요즘 소금빵 잘하는 집이 많아서 줄설만큼인지는 모르겠다.,"Service, Dessert/Bakery, Coffee/Drink, Vibe",keyword
패키지 디자인 무척 예쁘다.,Vibe,keyword
계속먹으면 약간 느끼합니다.,Coffee/Drink,keyword
민생쿠폰도 못 쓰는 곳이라..,Vibe,keyword
서비스는 꽝인듯..,Service,keyword
티슈나..,Coffee/Drink,keyword
좀 너무 하네요..,"Dessert/Bakery, Coffee/Drink",keyword
기다렸다 받은 보람있네요.,"Service, Vibe, Coffee/Drink",keyword
따끈한 소금빵 처음먹어봐요ㅋㅋ,"Dessert/Bakery, Coffee/Drink",keyword
이렇게 맛있는 소금빵 처음 먹어봐요,"Dessert/Bakery, Coffee/Drink",keyword
"💖
웨이팅 있을줄 알았는데 마침 시간대 잘 걸린줄 모르겟지만 한번에 사는데 성공!","Service, Vibe, Coffee/Drink",keyword
멀리서 와서 도착했는데 벌써부터 앞에 앉아서 소금빵 먹으시는 분들 많더라구요 ㅎㅎ,"Dessert/Bakery, Coffee/Drink",keyword
"맛 하나로 승부 하는데
겉은 바삭 속은 부드럽고 촉촉하고 입에서 사르르 녹내요","Dessert/Bakery, Coffee/Drink, Vibe",keyword
바닥부분은 크런치하고 먹는 식감이 부위마다 달라서 넘 맛있네요,Coffee/Drink,keyword
ㅠㅠ💗 버터향도 장난아니고 비빌 상대는 없습니다,Dessert/Bakery,keyword
재방문의사 200% !!,Service,keyword
버터의 향에 이끌려 예상치 못한 빵 구매!!,"Dessert/Bakery, Coffee/Drink",keyword
진짜 지금까지 먹어본 소금빵 중에 최고👍🤤🤤 버터 향 가득하고 속은 촉촉한데 겉은 바삭하고 !!,"Dessert/Bakery, Coffee/Drink",keyword
한자리에서 한봉지는 흡입 가능...,Price,keyword
유명한 자연도 소금빵 드뎌 구매!!,"Dessert/Bakery, Coffee/Drink",keyword
버터가 듬뿍들어서  부드러웠구요..,Dessert/Bakery,keyword
호불호가 있겠지만 저흰 맛있었어요~,"Vibe, Coffee/Drink",keyword
"자연도소금빵이 맛있다고 들었는데 정말 우연찮게 보게되서
살수있었답니다","Dessert/Bakery, Coffee/Drink, Vibe",keyword
방금 갓나온 소금빵 정말 정말 맛있어요,"Dessert/Bakery, Coffee/Drink",keyword
"근데 
저녁에 먹어도 맛있더라구요",Coffee/Drink,keyword
"엄마가 제일 좋아하는 소금빵
집에 갈 때마다 잔뜩 사가지고 감...","Dessert/Bakery, Vibe",keyword
소금빵 짭쫍롬 하니 맛있어요,"Dessert/Bakery, Coffee/Drink",keyword
덥고 줄도 길지만 본점도 여기도 다 맛남,Service,keyword
"버터의 기름기덕분에
담백함이 넘쳐흐른다.","Dessert/Bakery, Coffee/Drink",keyword
소금빵 맛있어용.,Dessert/Bakery,keyword
근데 1세트씩 구매해야 하는건 아쉽습니다.,"Dessert/Bakery, Coffee/Drink",keyword
성수가면 꼭 사오는 소금빵 !!!,"Dessert/Bakery, Coffee/Drink",keyword
단일메뉴지만 기본이 충실한데 너무 맛있어요,"Dessert/Bakery, Coffee/Drink",keyword
"웨이팅하고 받은 따끈한
겉바속촉~~👍
명성에 걸맞는 소금빵입니다~","Service, Dessert/Bakery, Coffee/Drink",keyword
오랜만에 성수 갔다가 소금빵 냄새가 ~~~~ 나도 모르게 구입♡♡♡ 역시나 맛있음♡♡,"Dessert/Bakery, Coffee/Drink",keyword
지나가다 냄새 너무좋아서 사먹었는데 무조건 4개 세트만 파네요.,"Dessert/Bakery, Coffee/Drink",keyword
버터가 얼마나 들어갔는지 풍미 미쳐뜸,"Dessert/Bakery, Coffee/Drink",keyword
"최고의 소금빵
들어갈때 먹고
나올때 또먹고","Dessert/Bakery, Coffee/Drink",keyword
줄서서 먹는 소금빵이라 사봤어요^^,"Service, Dessert/Bakery, Coffee/Drink",keyword
4개 들어있는 포장이 귀엽죠~,"Price, Dessert/Bakery, Coffee/Drink, Vibe",keyword
생각보다 빵이 작아요,Dessert/Bakery,keyword
작아요~,Dessert/Bakery,keyword
소금빵 맛나쥬:),Dessert/Bakery,keyword
식어도 맛잇고 다음날 먹어도 맛있어요:),Coffee/Drink,keyword
대기 한명도 없어서 바로 구매할 수 있었고 혼자서 두개 뚝딱!,"Service, Dessert/Bakery, Coffee/Drink, Vibe",keyword
좀 느끼하고 짜지만 그래서 맛있다!,"Dessert/Bakery, Coffee/Drink",keyword
맛 생각하면 가성비 좋은 거 같아요 ㅋㅋ,"Dessert/Bakery, Coffee/Drink, Price",keyword
포장도 귀여워요,Price,keyword
만족만족,Price,keyword
버터향가득부드럽고촉촉한빵아래는바삭바삭자글자글버터에튀겨진바닥이너무좋고맛나요 …,"Dessert/Bakery, Coffee/Drink",keyword
소금빵 진짜 맛있어요,Dessert/Bakery,keyword
내 최애 소금빵집!!!,"Dessert/Bakery, Coffee/Drink, Vibe",keyword
제가 좋아하는 소금빵 맛집이에요 ㅎㅎㅎ,Dessert/Bakery,keyword
"빵나오는시간에 가서 
따끈할때 그 자리에서 바로 먹어야 제맛!","Dessert/Bakery, Coffee/Drink",keyword
줄을 서도 금방줄어서 살 수 있어요!!,"Service, Vibe, Coffee/Drink",keyword
"빵나오는 시간
오전 9시
오후 12시30
오후 2시
오후 3시30
오후 5시
오후 6시30","Dessert/Bakery, Coffee/Drink",keyword
영종도 오면 빈손으로 나갈수 없는 이유 자연도 소금빵 때문에 ㅜㅜ,"Dessert/Bakery, Coffee/Drink",keyword
소금빵 맛집입니다,Dessert/Bakery,keyword
선물로 구매했는데 좋아하세요,"Price, Dessert/Bakery, Coffee/Drink, Vibe",keyword
사람이 사람이!,"Dessert/Bakery, Vibe",keyword
하지만 항상 줄 서서 삼...,Service,keyword
영종도 본점 빵집이 여기에도 있네요.,"Dessert/Bakery, Coffee/Drink, Vibe",keyword
대기번호가  많은걸루 보였는데 바로바로 받을 수 있었아요.,"Service, Vibe, Coffee/Drink",keyword
포장이라 야외테이블이 분위기 좋았는데 앉아있지는 못했지만 초록초록 분위기가 예쁘네요.,"Price, Dessert/Bakery, Coffee/Drink, Vibe",keyword
소금빵 좀 마니 버터리하지만 그만큼 맛있는… 중독적이어서 계속 들어가는 맛이에요.,"Dessert/Bakery, Coffee/Drink",keyword
한봉지(4개)는 부족..,Dessert/Bakery,keyword
소금빵 완전 역대급..,Dessert/Bakery,keyword
"하루에 여섯번만 굽고 바로 판매하는 방식인데
시간을 잘 맞춰서 7분 기다리고 빵이 바로 나왔네요!","Service, Dessert/Bakery, Coffee/Drink",keyword
"나이쓔타이밍~ 🫶🏼
따끔따끈 소금빵은 증맬루 잊지못해!","Dessert/Bakery, Coffee/Drink",keyword
다시 재방문해야 할 각..,"Service, Dessert/Bakery, Coffee/Drink",keyword
"그리고 입력을 잘못해서 ㅠㅠ 성수가 아니라
영종 본점으로 방문했습니다!","Service, Dessert/Bakery, Coffee/Drink",keyword
맛있다고 해서 왔어요~,"Dessert/Bakery, Coffee/Drink",keyword
성수동 소금빵 맛집입니다,Dessert/Bakery,keyword
폭신폭신하고 버터향 가득 크기도 적당해요,"Dessert/Bakery, Coffee/Drink",keyword
"인테리어가 너무 멋있고, 주변을 지날때면 소금빵향이 너무 좋아요","Dessert/Bakery, Vibe",keyword
좋은 재료로 만드시는 곳인만큼 맛도 최고 입니다,"Vibe, Coffee/Drink",keyword
그냥 소금빵 맛입니다.,Dessert/Bakery,keyword
주말에는 줄 서는 곳인데 사람이 없어서 한 번 먹어보자하고 갔는데 낱개구매가 아니라 한봉지(4개입)로 팔더라고요.,"Service, Dessert/Bakery, Coffee/Drink, Vibe",keyword
미리 포장되어 있어서 바로 구매 가능했어요.,"Price, Dessert/Bakery, Coffee/Drink, Vibe",keyword
줄 서서 먹을 집 아닙니다.,"Service, Vibe, Coffee/Drink",keyword
맛은 괜찮긴 한데 ...,"Dessert/Bakery, Coffee/Drink",keyword
4개 묶음씩으로만 구매 가능한 시스템이 참 신기,"Service, Dessert/Bakery, Coffee/Drink, Price",keyword
2분 대기 후 바로 입장했습니다!,"Service, Dessert/Bakery, Coffee/Drink",keyword
소금빵 1set 12.0,Dessert/Bakery,keyword
“테이크아웃”만 가능한 매장입니다!,"Vibe, Service, Coffee/Drink, Price, Dessert/Bakery",keyword
"소금빵 전문점으로
소금빵 결제 대기줄에서 웨이팅 한 다음에
순서 차례가 되면 
결제 후 구매한 수량만큼
빵 바로 받을 수 있어요!","Service, Dessert/Bakery, Coffee/Drink, Vibe",keyword
"지금까지 먹었던 소금빵 중에 버터향이 제일 진하고 진짜 고소 그 자체,,,🥐🥐
또 찾았다","Service, Dessert/Bakery, Coffee/Drink",keyword
빵 맛집!,Dessert/Bakery,keyword
"💛💛
소금도화 사랑혀,,🤤",Dessert/Bakery,keyword
빵은 맛있는데 낱개로도 팔았으면 좋겠네요,"Dessert/Bakery, Vibe",keyword
성수가면 꼭 사야한다면서요?,"Dessert/Bakery, Coffee/Drink",keyword
자연도 소금빵은 뭐 말해뭐해요~~ 존맛도리쥐 집가서 먹을라구,"Dessert/Bakery, Coffee/Drink, Vibe",keyword
사러왓는데 4개 세트짜리만 판매하구 잇더라구용!,"Dessert/Bakery, Coffee/Drink",keyword
얄루 얼른 집가서 머거야지,Vibe,keyword
바닥 빠작한 소금빵 = 진리,"Dessert/Bakery, Coffee/Drink",keyword
"줄서서 먹는 소금빵~
바로 사서 바로 먹기~♡","Service, Dessert/Bakery, Coffee/Drink",keyword
사자마자 바로 먹어야~ 최강으로 맛있네요!!!,Coffee/Drink,keyword
포장해서 집에가서 먹으니 눅눅해요~ ㅠㅠ,"Price, Dessert/Bakery, Coffee/Drink, Vibe",keyword
가족들과 같이먹으려고 많이샀는데...,Coffee/Drink,keyword
자연도 소금빵은 바로 사서 바로 먹기~♡,"Dessert/Bakery, Coffee/Drink",keyword
4개가 한 봉다리안에 들려있어서 몇개세트인지로만 말하면 되요,"Dessert/Bakery, Coffee/Drink, Vibe",keyword
줄이 빨리 줄어들어서 좋음,Service,keyword
우연히 먹게되었는데 유명한 집이었네요.,"Dessert/Bakery, Coffee/Drink, Vibe",keyword
역시 맛있어서 놀랐어요.,Dessert/Bakery,keyword
"#오늘여기클립 #소금빵 #맛집
#성수 #핫플레이스 #강추 합니다","Dessert/Bakery, Coffee/Drink",keyword
익선동에서 우연히 먹어보고 맛있어서 구매했는데 포장을 너무 예쁘게 해줘서 좋은거같아요!,"Price, Dessert/Bakery, Coffee/Drink, Vibe",keyword
여기 소금빵은 정말 맛있어요!,Dessert/Bakery,keyword
"4개가 한 셋트
12,000원 입니다~",Dessert/Bakery,keyword
자연도소금빵 맛나요!,"Dessert/Bakery, Coffee/Drink",keyword
소금빵이 부드럽고 맛잇어요,Dessert/Bakery,keyword
왜 웨이팅해서 먹는지 알거같아요,"Service, Dessert/Bakery, Coffee/Drink",keyword
"엄청 맛있고 유명한 곳이라고 했는데
생각보단...","Dessert/Bakery, Coffee/Drink, Vibe",keyword
"갤러리아갔다가 유명하다길래 샀어요
소문대로 쫀뜩쫀득 맛나요","Dessert/Bakery, Coffee/Drink",keyword
"서울 놀러와서 성수 근처 갈 일 있으면 무조건 들렸던
자연도인데 이틀연속으로 너무 맛이 실망스러워서
이젠 안갈 거 같아요..","Dessert/Bakery, Coffee/Drink, Vibe",keyword
버터리하고 부드럽고 촉촉한게 자연도 소금빵의 매력인데 왜 이렇게 퍽퍽하고 푸석해진겆ㅅ..?,"Dessert/Bakery, Coffee/Drink",keyword
한 번도 안먹어본 서울 사는 다른 친구꺼 사다줬눈대 이덩도 맛이면 줄서서 사먹을 맛인지 모르겟다,"Service, Vibe, Coffee/Drink",keyword
"내가 내일 또 사볼게 햇눈데
다음날도 실망..","Dessert/Bakery, Coffee/Drink",keyword
내 최애 소금빵집이였는데,"Dessert/Bakery, Coffee/Drink",keyword
선물사가기에 제격,Price,keyword
"처음먹고 맛있어서 또한번들림
찝잘하면서 버터풍미 가득","Dessert/Bakery, Coffee/Drink",keyword
줄이 금방금방 빠짐,Service,keyword
4개씩만 팖,Dessert/Bakery,keyword
오 먹어봤네요!,"Dessert/Bakery, Coffee/Drink",keyword
소금빵맛,Dessert/Bakery,keyword
"성수동은 항상 사람이 너무 많아서 사먹기 힘들었는데
홍대는 괜찮네요.","Dessert/Bakery, Coffee/Drink, Vibe",keyword
후딱 구매했습니다.,"Dessert/Bakery, Coffee/Drink",keyword
버터가 듬뿍들어간 기름지면서 촉촉한 소금빵이에요.,"Dessert/Bakery, Coffee/Drink",keyword
소금빵 맛집,Dessert/Bakery,keyword
바로 먹으면 더 맛있다는데 비가와서 집에 가서 먹었더니 바삭함은 조금 떨어졌지만도 엄청 맛있었어요!!!,"Dessert/Bakery, Coffee/Drink, Vibe",keyword
또 가서 먹으려고용,Coffee/Drink,keyword
"언제가도 너무 맛있는 소금빵 ㅜㅜㅜㅜ
성수가면 항상 구매해요ㅜㅜㅜ","Dessert/Bakery, Coffee/Drink",keyword
"🥐🧂
따듯하게 먹을 수 있어 좋았어요!","Vibe, Coffee/Drink",keyword
"기름이좀 많은편
풍미는 좋았어요",Coffee/Drink,keyword
ㅎ식감이나 빵맛은 좋은데 너무 제 입맛에 짜요~,Dessert/Bakery,keyword
"소금 조금만 덜 있는, 덜 짠 소금빵이었으면 좋겠어요 ㅎ","Dessert/Bakery, Coffee/Drink, Vibe",keyword
우연히 지나가다 먹어본 후로 자꾸 생각나서 재방문했습니다.,"Service, Dessert/Bakery, Coffee/Drink, Vibe",keyword
역시나 실망시키지않는 맛이네요,Coffee/Drink,keyword
"일단 자연도소금빵은 너무 맛있고 다만 제가 거의 전 지점에서 먹어보았는데 기분 탓인지 빵에 올라가는 소금이 유난히 짜고, 바로 나온 빵이 아닌지 바삭함이 좀 덜했던거같아요.","Dessert/Bakery, Coffee/Drink, Vibe",keyword
"버터향 가득, 바로 먹는 소금빵 맛있어요","Dessert/Bakery, Coffee/Drink",keyword
그렇게 특별한 맛은아닌듯...?,"Dessert/Bakery, Coffee/Drink",keyword
웨이팅없으면 먹을만한거같아요.,"Service, Dessert/Bakery, Coffee/Drink",keyword
익선가면 맨날 사는 자연도소금빵 짭짤 버터 너무맛있삽사리와용,"Dessert/Bakery, Coffee/Drink",keyword
버터풍미 가득한 소금빵.,"Dessert/Bakery, Coffee/Drink",keyword
"미포에오면 한번씩방문하는 소금빵   
따뜻할때 커피랑먹으면 맛있어요","Service, Dessert/Bakery, Coffee/Drink",keyword
소금빵 4개 한세트 시켰어요,Dessert/Bakery,keyword
"먹어본 소금빵 중에
소금이 가장 잘 느껴진 소금빵이였어요","Dessert/Bakery, Coffee/Drink",keyword
소금빵 진리인 밑부분 기름진 바삭함 이야말로 딱 구별이 되는데 여긴 맛있네요,"Dessert/Bakery, Coffee/Drink",keyword
크고 두꺼운 소금빵은 아니고 얇고 버터 동굴도 크진 않은 듯 한데 소금맛이 너무 좋은 빵입니다,"Service, Dessert/Bakery, Coffee/Drink",keyword
근처에 가면 아 여기다 싶은정도로 꼬순내가 길가에 진동을 합니다,"Dessert/Bakery, Coffee/Drink, Vibe",keyword
막 뜯어서 먹고싶었지만 너무 더워서 얼렁 왔어요,"Dessert/Bakery, Coffee/Drink",keyword
들고가기 좋게 포장된 것도 너무 좋고 또 가야겠어요,Price,keyword
먹어보고 다들 너무 맛있다네요,"Dessert/Bakery, Coffee/Drink",keyword
제가 자연도라고 말 안하고 그냥 잘라줬는데 늠 좋아해요,"Dessert/Bakery, Coffee/Drink",keyword
성수에서 소금빵 하나로도 충분한  가게 버터의 풍미와 짭짤한 소금 맛이 풍미로 조아요,"Dessert/Bakery, Coffee/Drink, Vibe",keyword
자주 먹지만~ 또 먹고싶어요,Coffee/Drink,keyword
4개 단위로만 사야하지만 겉은 콰작하면서 퐁신한 식감과 갓나온 소금빵이라는 메리트가 정말 맛있는 집!,"Dessert/Bakery, Coffee/Drink, Vibe",keyword
유명해서 사먹어보앗어요^_^,"Dessert/Bakery, Coffee/Drink",keyword
일하시는 분들의 유니폼이 너무 기여워 매장과 잘맞아요!,"Dessert/Bakery, Coffee/Drink, Vibe",keyword
대기도 그렇게 길지 않아 따끈따끈한 소금빵을 받을 수 있어 좋았어요.,"Service, Dessert/Bakery, Coffee/Drink, Vibe",keyword
막걸리잔같은 곳에 나온 아아 ㅎㅎ,"Dessert/Bakery, Coffee/Drink, Vibe",keyword
소금빵 맛집...,Dessert/Bakery,keyword
인생 소금빵 집!,"Dessert/Bakery, Vibe",keyword
먹기 바빠 사진이 없네요,Coffee/Drink,keyword
인체리어 소금빵 맛집 성수가면 꼭 먹어보세요,"Dessert/Bakery, Coffee/Drink",keyword
담백하게 생각나는맛 ^^!,"Dessert/Bakery, Coffee/Drink",keyword
"선선한 날
야외에 앉아
책도 읽고","Dessert/Bakery, Coffee/Drink",keyword
"맛난 소금빵과 라떼로
꽤나 행복했답니다","Dessert/Bakery, Coffee/Drink, Vibe",keyword
버터향풍미가 가득하고 고소해요.,"Dessert/Bakery, Coffee/Drink",keyword
"웨이팅 줄이 길었지만 회전율이 좋아
금방 샀어요.",Service,keyword
버터향 그윽하고 넘나 맛나부려요!!ㅋㅋ,"Dessert/Bakery, Coffee/Drink",keyword
포장이 예뻐요,"Vibe, Price",keyword
좀 짜지만 사이즈도 크고 괜찮,Service,keyword
카페같은데 소금빵만 파는 집.,"Dessert/Bakery, Coffee/Drink, Vibe",keyword
정말 맛있는 소금빵집이에요.,"Dessert/Bakery, Vibe",keyword
빵을 사서 옆에서 먹고 갈 수 있도록 꾸며 놓았는데 너무너무 운치있고 좋아요.,"Dessert/Bakery, Coffee/Drink, Vibe",keyword
부산오면 꼭 들려요.,"Dessert/Bakery, Coffee/Drink",keyword
말해뭐하는 자연도 소금빵,"Dessert/Bakery, Coffee/Drink",keyword
압구정이나 성수가면 꼭 사는 소금빵이에요!,Dessert/Bakery,keyword
"맛있지만, 네개는 많을때가 있어요.","Dessert/Bakery, Coffee/Drink, Vibe",keyword
두개정도씩도 판매했으면 좋겠어요.,"Dessert/Bakery, Coffee/Drink",keyword
성수들르면 사먹어요.,Coffee/Drink,keyword
소금빵은 여기가 최고인듯.,Dessert/Bakery,keyword
성수에 가면 항상 줄서있어서 얼마나맛있길래 하고 궁금한적이 많았는데요 아침에 10시쯤 가니까 줄이 없어서 이때다싶어  구매했어요 ㅎㅎ,"Service, Dessert/Bakery, Coffee/Drink, Vibe",keyword
빵이 진짜 엄청나게 바삭하고 촉촉하고 짭짤고소 다하네요,"Dessert/Bakery, Coffee/Drink",keyword
제 인생 소금빵 등극했슴다,"Dessert/Bakery, Coffee/Drink",keyword
본점에서 맛있게 먹었던 기억이 있어서 길 지나가다 오랫만에 소금빵 보여서 포장해서 지금 집에서 먹고 있는데 너무 짜서 못먹을 정도에요....,"Price, Dessert/Bakery, Coffee/Drink, Vibe",keyword
드셔보고 파시는건지 모르겠네요ㅠㅠㅠ,Dessert/Bakery,keyword
소금 한줌 집어서 먹는 기분이에요....,"Dessert/Bakery, Coffee/Drink, Vibe",keyword
"주말나들이
소금빵 맛있어요^^",Dessert/Bakery,keyword
와우 ~~~소금 빵  좋아요,Dessert/Bakery,keyword
빨리빨리 나와서 좋습니다,Coffee/Drink,keyword
진짜 제인생소금빵 그자체의 맛집이에요!,"Dessert/Bakery, Vibe",keyword
기다릴 정도 아닌듯해요,"Service, Dessert/Bakery, Coffee/Drink",keyword
버터향이 제대로 느껴지는 소금빵,Dessert/Bakery,keyword
성수에서  유명하다는 그 소금빵.,"Dessert/Bakery, Coffee/Drink",keyword
빠삭  하고 부드러워 먹기 좋다.,"Dessert/Bakery, Coffee/Drink",keyword
오븐으로는 못 살리나봐요,Coffee/Drink,keyword
갓 나온 걸 먹었다면 맛있게 먹었겠죠?,Coffee/Drink,keyword
버터향 가득가득한 소금빵~을왕리해수욕장앞 위치 너무좋고~인테리어가 이뻐요~,"Position, Dessert/Bakery, Coffee/Drink, Vibe",keyword
친구가 여기 맛있다고 맛보라고 하나 줬는데,"Dessert/Bakery, Coffee/Drink, Vibe",keyword
한입먹고 짭짭하고 담백하고 맛있다 였는데 계속 생각나는 매력이 있네요,"Dessert/Bakery, Coffee/Drink, Vibe",keyword
그이후 홍대올빼마다 사는거같아요,Dessert/Bakery,keyword
이번엔 남자친구도 먹어봤으면 해서 차끌고 근처 주차후 소금빵 사고 집으로 갑니다,"Position, Dessert/Bakery, Coffee/Drink, Vibe",keyword
아 ~~~,Coffee/Drink,keyword
소금빵 최고 맛집🧡,Dessert/Bakery,keyword
가게가 이뻐요,Vibe,keyword
"😍 
직원들과 인테리어 및  전반적 컨셉 분위기가 어울어져 특별해 보여요.","Service, Dessert/Bakery, Coffee/Drink, Vibe",keyword
"맛은 특별하다기 보다  일반 적인 소금빵 맛
독특하거나 그런건 아니지만 맛있어요","Dessert/Bakery, Coffee/Drink",keyword
포장도  이쁘구요,"Vibe, Price",keyword
"소금 빵 하나씩만 사고 싶은데 여러개 묶어서 팔아서 10,000원 좀 넘게 쓴 게 조금 아쉽긴 하지만 기름지고 촉촉하고 부드럽고 달콤한 게 다음에 꼭 사먹고 싶습니다","Dessert/Bakery, Coffee/Drink",keyword
본점이 제가 사는 영종도에 있던데 거꾸로 수입 해 온 느낌이라 웃겼어요,"Dessert/Bakery, Coffee/Drink, Vibe",keyword
4개 포장만 키오스크로 판매하더라구요!,"Price, Dessert/Bakery, Coffee/Drink, Vibe",keyword
평일 4시반에 대기없이 구매했습니다,"Service, Dessert/Bakery, Coffee/Drink",keyword
듣던대로 버터가 흐르네요,Dessert/Bakery,keyword
부드럽고 바닥이 바삭해서 소금빵 그 자체입니다,"Dessert/Bakery, Coffee/Drink",keyword
"갓 나온 빵 그자리에서 먹으면 미칩니다 ,,
서울 소금빵 부동의 1위
탑티어긴 한데 제 마음속에는 2위 입니다","Dessert/Bakery, Coffee/Drink",keyword
그래도 한 번쯤은 먹어볼만 합니다 !!,"Dessert/Bakery, Coffee/Drink",keyword
받아서 바로 먹을 수 있는 게 아니라면 감동이 진짜 절반은 깎여요 (그만큼 바로 먹으면 존맛),"Vibe, Coffee/Drink",keyword
욕심부려서 쟁이거나 선물보내는 건 비추입니다.,Price,keyword
포장이 넘 예쁘네요~.,"Vibe, Price",keyword
누군가 빵 선물하고 싶어지는 비쥬얼~!,"Dessert/Bakery, Coffee/Drink, Price",keyword
자연도 소금빵은 향기부터 달라요.,"Dessert/Bakery, Coffee/Drink",keyword
어느 지점을 가든 웨이팅이 많네요.,Service,keyword
지나가면서 자연도소금빵 냄새 어케 참죠 ?,"Dessert/Bakery, Coffee/Drink",keyword
바로 get 해서 길빵 ~ 잇힝 ~ eating 😋,"Dessert/Bakery, Coffee/Drink",keyword
기다렸지만~~ 소금빵 너무 맛있어요~~~,"Service, Dessert/Bakery",keyword
인생소금빵입니다~~,Dessert/Bakery,keyword
하루가 지나서 먹어도 넘 맛있어요,Coffee/Drink,keyword
남편이랑 데이트 하고 집에가는길 아이를 위해 구입했습니다.,"Dessert/Bakery, Coffee/Drink, Vibe",keyword
찐 맛집 이예요.,Vibe,keyword
안에보시면 버터를 아낌없이 사용합니다.,"Dessert/Bakery, Coffee/Drink",keyword
맛있게 먹었습니다.,Coffee/Drink,keyword
베통이랑 비교하려고 두군데에서 샀는데 더 맛나요.,"Dessert/Bakery, Coffee/Drink",keyword
지나가다 사먹어봤어요.,Coffee/Drink,keyword
버터향 강하고 맛있네요.,Dessert/Bakery,keyword
참새가 자기도 달라고 하길래 줬어요.,"Dessert/Bakery, Coffee/Drink",keyword
또 달라고 자꾸 오는 걸 보니 참새방앗간?,"Dessert/Bakery, Coffee/Drink",keyword
지인분이 이전에 여기 소금빵 사다주셔서 맛있게 먹었는데 근처에간김에 다녀왔어요 ㅋㅋㅋ,"Dessert/Bakery, Coffee/Drink",keyword
비가와서 그런지 웨이팅이라은 없더라고여,"Service, Dessert/Bakery, Coffee/Drink",keyword
키오스크에 소금빵 하나만 있는게 어느정도 맞집인지 알게 해주는 느낌이였달까요 ㅋㅋ,"Dessert/Bakery, Coffee/Drink, Vibe",keyword
비오는날이라서 그런지 저희가 숙소와서 먹을땐 조금 눅눅허긴 했지만 여기 특유의 빵 버터향이 있는거같아서 인기있는거같아요 ㅋㅋ,"Dessert/Bakery, Coffee/Drink, Vibe",keyword
시간이 촉박해 들릴까 말까했는데 안들렸으면 어쩔뻔!!,"Dessert/Bakery, Coffee/Drink",keyword
대기없었어요~,Service,keyword
"야호😆 
오직 카드만 되고 단품메뉴 소금빵4개 12,000원에요.","Service, Dessert/Bakery",keyword
먹어본 소금빵 중에 어나더레벨이에요.,"Dessert/Bakery, Coffee/Drink",keyword
빵나오는 시간 있고 따뜻할 때 먹으면 아~ 천상의 맛일듯...,"Dessert/Bakery, Coffee/Drink, Vibe",keyword
산 후 몇시간 후에 먹었는데도 👍👍,Coffee/Drink,keyword
가격이 좀 있지만 맛있어요~!!,"Vibe, Coffee/Drink, Price",keyword
빵냄새가 진짜 좋아서 지나가다 홀리듯 들어갔어요.,Dessert/Bakery,keyword
결제하고 줄서서 받는데 줄이 길어 걱정했는데 생각보다 빠르게 받을 수 있었어요!,"Service, Dessert/Bakery, Coffee/Drink, Vibe",keyword
소금빵 맛집b 묵직하고 엄청나게 버터리하고 쫄깃한 맛이다.,"Dessert/Bakery, Coffee/Drink",keyword
따뜻할때 먹으니 진짜 맛났다.,"Dessert/Bakery, Coffee/Drink",keyword
시중에 많이 파는 가볍고 겉바속촉한 맛과는 좀 달라서 약간 취향탈 것 같은 맛이지만 개인적으로는 아주 맛나게 먹었다.,"Dessert/Bakery, Coffee/Drink",keyword
유명한 곳이라 일부러 감!,"Dessert/Bakery, Coffee/Drink, Vibe",keyword
웨이팅은 그렇게 길지 않음,Service,keyword
회전률 빠른 편!,Service,keyword
"소금빵이 기본적으로 부드럽고 고소한데
고급진 맛이 남!","Dessert/Bakery, Coffee/Drink",keyword
"일하는 분들 많으신데
성수에서 저정도 커버하려면 진짜 많이 팔리긴 하나 봄!","Dessert/Bakery, Coffee/Drink",keyword
또 먹고 싶다 ㅠ,Coffee/Drink,keyword
"왜 사람들이 줄서는지 알거같은 소금빵맛집,,,🥖🍞🥐🥯 버터가 엄청 많이 발라져있어서 너무 고소하고 소금이랑 조화가 넘 좋아요ㅠㅠ","Service, Dessert/Bakery, Coffee/Drink, Vibe",keyword
성수 갈때마다 재방문 의사 100000% 메뉴 하나고 테이크아웃 전문이라 줄 길어도 빨리 빠지는편!!,Service,keyword
소금빵 맛집 ㅎㅎ,Dessert/Bakery,keyword
"불친절도 친절도 아닌
정말 바쁘셔서 그런지 판매하는 본 업무에 집중하는 가게로
빵맛이 최고
풍미가 좋네요","Service, Dessert/Bakery, Coffee/Drink, Vibe",keyword
"성수 가끔 들릴때 마다
웨이팅 길지않으면 꼭 사옵니다 ㅎㅎ","Service, Dessert/Bakery, Coffee/Drink",keyword
비싸지않고 너무맛있어서 안사면 손해~!,Price,keyword
냉동실에 소분해서 아침에 에프돌리면 천국,"Dessert/Bakery, Coffee/Drink",keyword
"평일날 가야 바로 구매가능
맛 괜춘",Price,keyword
길을걷다 소금빵 득뗌.,Dessert/Bakery,keyword
"깔끔하게 포장된 소금빵
4개 12,0000원
외국인들이 더 많이 구매하는거같다.","Dessert/Bakery, Coffee/Drink, Price",keyword
"빵크기도 크고, 맛도 좋으","Service, Dessert/Bakery",keyword
"다
오늘의 선택 굿~~~~~~^^",Service,keyword
그래도 나오는 시간에 맞춰가면 더 맛있음 ...!,Coffee/Drink,keyword
밤늦은 시간까지 줄서서 소금빵 사먹는 곳^^,"Service, Dessert/Bakery, Coffee/Drink, Vibe",keyword
소금빵 너무 맛있어요,Dessert/Bakery,keyword
성수 소금빵집으로 유명한데 오늘은 그래도 줄서않고 바로 구매했어요.,"Service, Dessert/Bakery, Coffee/Drink",keyword
소금빵중 제일맛집,"Dessert/Bakery, Vibe",keyword
오픈에 맞추어 갔더니 줄이 덜해요,"Service, Dessert/Bakery, Coffee/Drink",keyword
세상에서 제일 맛있는 소금빵입니다,Dessert/Bakery,keyword
🤩 겉은 바삭하고 속은 부드러워서 입안에서 살살 녹아요,"Dessert/Bakery, Coffee/Drink",keyword
😀 웨이팅 줄은 길었지만 금방금방 나와서 생각보다 빠르게 받을 수 있었습니다,"Service, Vibe, Coffee/Drink",keyword
"성수에 오면 꼭 먹어야 하는 자연도 소금빵 in 성수
무조건 먹어야지","Dessert/Bakery, Coffee/Drink",keyword
자연도소금빵 유명해서 가봤는데 웨이팅도 없었고 친절하셨습니다,"Service, Dessert/Bakery, Coffee/Drink",keyword
드디어 나도 자연도 소금빵 ✨️✨️,"Dessert/Bakery, Coffee/Drink",keyword
"버터 함유량이 높은 소금빵인데, 맛있어요.","Dessert/Bakery, Vibe",keyword
사람들이 많아 대기는 필요해요,"Service, Dessert/Bakery, Coffee/Drink, Vibe",keyword
인생 소금빵 👍🏼,Dessert/Bakery,keyword
소금빵이라기 보담,Dessert/Bakery,keyword
빵이 부드럽고 쫄깃해서 맛있네요.,Dessert/Bakery,keyword
빵의 밑바닥 부분은 바삭하니 맛있네요ㅎㅎ,"Dessert/Bakery, Coffee/Drink",keyword
패키징이 독특해요.,"Dessert/Bakery, Coffee/Drink",keyword
"갓 구운빵은 다를거 같아서 빵나오는 시간에 맞춰서 갔는데
따끈한끼 거의없이 미지근해서 아쉬웠어요","Dessert/Bakery, Coffee/Drink",keyword
바닥은 많이 기름지면서 바삭하고 전체적으로 오일리 합니다,"Dessert/Bakery, Coffee/Drink",keyword
"오늘도 10분 넘게 기다렸지만, 맛있어요.",Service,keyword
또기다려서 살거예요.^^,Service,keyword
"짜고 기름기 가득
4개 무조건 사야하는 키오스크
다른빵 없는 선택×
가지마셔요","Service, Dessert/Bakery, Coffee/Drink",keyword
성수동 탐방 갔다가 예전부터 유명한거라 30분 기다렸다가 샀어요.,"Service, Dessert/Bakery, Coffee/Drink",keyword
"일단 메뉴는 단일메뉴
무조건 4개 한묶음 세트를 구입해야합니다","Dessert/Bakery, Coffee/Drink",keyword
소금빵만 파는데 줄이 길어서 고민했지만 소금빵 단일 메뉴라 줄이 금방 줄더라고요,"Service, Dessert/Bakery, Coffee/Drink",keyword
잠깐 고민하다가 줄서서 구입!,"Service, Dessert/Bakery, Coffee/Drink",keyword
버터 풍미가 엄청 진하고 고소하고 빵도 부드러워서 4개 금방 먹더라고요!,"Dessert/Bakery, Coffee/Drink",keyword
꼭 구입하고 바로 드셔보시길 추천드립니다,"Dessert/Bakery, Coffee/Drink, Vibe",keyword
역대급 최고의 소금빵 맛있어요,Dessert/Bakery,keyword
사람많은데 대기 금방 빠져요,"Dessert/Bakery, Vibe",keyword
자연도 소금빵 맛있어요,"Dessert/Bakery, Coffee/Drink",keyword
리뷰보고 갈까말까 했는데 4개에 12000원.,"Dessert/Bakery, Coffee/Drink",keyword
"항상 대기 없이 구매했었는데, 
웨이팅하면서 까지 구매할지는 모르겠네요~","Service, Dessert/Bakery, Coffee/Drink",keyword
직원친절 합니다 ^^,"Service, Dessert/Bakery, Coffee/Drink",keyword
최애소금빵💛,Dessert/Bakery,keyword
익선동 소금빵이 자연도죠!!,"Dessert/Bakery, Coffee/Drink",keyword
소금빵 너무 뷰드럽고 바삭하고 너무 맛있네요 ㅠㅠ,"Dessert/Bakery, Coffee/Drink",keyword
한라봉쥬스랑 같이 먹으면 최고 ㅜㅜㅜ 야외석에서 먹었는데 자리도 금방나고 먹고가기 좋운거같아요,"Dessert/Bakery, Coffee/Drink",keyword
인생소금빵 맛집!,Dessert/Bakery,keyword
운좋아 줄서지않고 바로샀어,Service,keyword
"오
담날 에어프라이어기에 살짝돌려 먹어도 산날처럼
맛있어요","Dessert/Bakery, Coffee/Drink",keyword
줄서서 먹기는 조금 아쉬운...,"Service, Coffee/Drink",keyword
울 아들이 사오라고 해서 사왔는데 맛없다고 ㅠㅠ 😭 오븐에 넣어서 구워줬는데도 별로래요..,"Dessert/Bakery, Coffee/Drink",keyword
바로 그자리에서 먹어야 맛있을까요?,Coffee/Drink,keyword
"웨이팅 있어도 보이면 늘 구매하는데, 맛이 변함 없어서 좋아요 ~~","Service, Dessert/Bakery, Coffee/Drink, Vibe",keyword
"진짜진짜루ㅠ 다른 소금빵은 퍼석한게 많은데
여긴 진짜 쫄깃하고 부드럽고 정말 은은하게 달짝지근하면서 짭쪼롬해서 계속 들어가요ㅠㅜ","Dessert/Bakery, Coffee/Drink",keyword
"친구가 성수에서 사다줘서 먹어보고 반해서 찾아보니
체인이구 회사랑 가까운데 다른 지점이 있길래
체인은 보통 점바점이 격차가 심한데가 많아서 걱정했는데
걱정을 왜 했는지 ~.~","Service, Dessert/Bakery, Coffee/Drink, Vibe",keyword
"그대로네용
성수에서 산 친구는 점심쯔음가서 웨이팅 좀 했다던데
전 퇴근후 바로 가니까 웨이팅없이 바로 받았어요","Service, Dessert/Bakery, Coffee/Drink, Vibe",keyword
"굿굿😆
4개 묶어서 12,000 단일메뉴지만 어짜피 4개 순삭이구
요즘 다른 빵집들도 가격 요정도는되서 오히려 저렴(?)하게 느껴졌습니다","Dessert/Bakery, Coffee/Drink, Price",keyword
오래오래 있어주세요,"Vibe, Coffee/Drink",keyword
자연도소금빵은 못참쥬!!,"Dessert/Bakery, Coffee/Drink",keyword
버터향이 익선동에 싸악~~~♡소금빵 에어프라이어에 살짝 돌려먹음 훨씬 더 맛있어요,"Dessert/Bakery, Coffee/Drink",keyword
4개 한자리에서 순삭요 대기줄이 없어 더 좋았어요,"Service, Dessert/Bakery",keyword
갓구운 소금빵..,Dessert/Bakery,keyword
따뜻하고  고소하고 고급지고  ㅜㅜ너무 맛있어요,"Dessert/Bakery, Coffee/Drink",keyword
맛있는소금빵ㅎㅎ 성수동가믄 사와옹,Dessert/Bakery,keyword
"성수동에서 🥐소금빵으로 유명한 여기👆👆
일단 키오스크로 주문하고 줄서서 픽업~
4개단위만 판매해요~(12,000원/4개)","Service, Dessert/Bakery, Coffee/Drink, Vibe",keyword
포장 깔끔하고~ 맛은뭐..,"Dessert/Bakery, Coffee/Drink, Price",keyword
"갓구운 소금빵인데 버터맛 녹진~하고 짭쪼름해서 디저트로 굿굿~😋
한 두번 먹어볼 만 해요.","Dessert/Bakery, Coffee/Drink, Vibe",keyword
갓나온 맛도리 소금빵 ~~ 바로 나와 온기가 있는 소금빵은 진짜 맛있음 ^^,"Dessert/Bakery, Coffee/Drink, Vibe",keyword
소금빵 맛집답게 11시반정도에도 손님들이 꽤 있었어요.,"Dessert/Bakery, Coffee/Drink, Vibe",keyword
마치 일본의 작은 동네에 가게같은 정갈하고 편안한 느낌이었어요.,"Dessert/Bakery, Coffee/Drink, Vibe",keyword
"키오스크에서 주문하고 바로 빵을 받을수 있었는데, 패키지로 포장이 깜찍하게 되어 있어서 기다리는 시간이 전혀 없어서 좋았어요.","Vibe, Service, Coffee/Drink, Price, Dessert/Bakery",keyword
직원분들도 빠른 회전을 위해 경쾌하고 친절하게 응대해주셨어요.,"Service, Dessert/Bakery, Coffee/Drink",keyword
역시 자연도소금빵이예요!,"Dessert/Bakery, Coffee/Drink",keyword
소금빵은 자연도 소금빵을 접하기 전과 후로 나뉜다,"Dessert/Bakery, Coffee/Drink, Vibe",keyword
줄이 엄청 길어서 고민하다가 구매^^ 4개 세트로 되어있고 포장은 너무 이쁘게 잘 되었어요,"Vibe, Service, Coffee/Drink, Price, Dessert/Bakery",keyword
맛은 일반 소금빵인데 버터가 많이 들어가 있어서 부드러웠어요,"Dessert/Bakery, Coffee/Drink, Vibe",keyword
개인적으로는 좀 느끼했어요^^,"Dessert/Bakery, Coffee/Drink",keyword
"오늘은 소금빵 갓구워 나오자마자 
뜨거울때 먹었더니 더 맛있네요","Dessert/Bakery, Coffee/Drink",keyword
"일요일 열두시 좀 넘었을때인데 계산줄만 
10분내외로 기다리고 빵은 바로 받았어요","Service, Dessert/Bakery, Coffee/Drink, Vibe",keyword
"성수동오면 일단 여기부터와서
빵하나 먹고 돌아다니기 시작해요","Service, Dessert/Bakery, Coffee/Drink",keyword
"메인스트리트 라인이라 이 근처가
사람이 제일 많아요","Service, Dessert/Bakery, Vibe",keyword
지나갈 때 마다 사람 많아,"Dessert/Bakery, Vibe",keyword
"궁금해서 다녀왔는데 소금빵
촉촉함그 이상이라~ 한 번
갔다가 두 번가게됨","Dessert/Bakery, Coffee/Drink",keyword
역시 자연도..,Coffee/Drink,keyword
받자마자 바로 먹으니까 너무 맛있어요,Coffee/Drink,keyword
줄이 어마어마하게 길어서 궁금해서 사먹어봤습니다.,"Service, Dessert/Bakery, Coffee/Drink",keyword
인생 처음으로 소금빵 먹어봤는데 먹기전에는 쓸데없이 비싸다고 들었던 생각이 먹고나서 그럴만하다고 바뀌었습니다..!!,"Dessert/Bakery, Coffee/Drink, Price",keyword
하도 사람이 많아서 가봤는데 4개 12000원옵션하나고 바로갓구워서 맛없없,"Dessert/Bakery, Vibe",keyword
"지나가다 모든사람이 들고잇는봉투와 냠샤에 홀랴 자연스러게 주문
따뜻한 갓나온 소금빵이야 덩연히맛잇겟다만 강조허듯이 버터가 좋은걸 서용햐서 그런지 풍미가 다르다","Service, Dessert/Bakery, Coffee/Drink, Vibe",keyword
너무 고소하고 바삭하니 맛잇엇는데 담에는 커피랑 같이먹으면 좋을듯,"Dessert/Bakery, Coffee/Drink",keyword
소금빵 나오는 시간에 방문했더니 줄이 길었어요!,"Service, Dessert/Bakery, Coffee/Drink",keyword
소금빵 바로 나온거 먹으니 맛있더라구요,"Dessert/Bakery, Coffee/Drink",keyword
바로먹음,Coffee/Drink,keyword
바로나와 고소함이 살아 있는 소금빵  맛있었어요,"Dessert/Bakery, Coffee/Drink, Vibe",keyword
글로벌 한 소금빵,Dessert/Bakery,keyword
바삭한 겉식감과 풍미가득 버터향이 재구매를 부르는맛!!!,"Dessert/Bakery, Coffee/Drink",keyword
"요즘 빵집들이 상향평준화되서 그 가격대에서 비교하자면 대체적으로 다 비등하게 맛있지만,
여긴 한봉지 순삭할 맛과 식감이라 소금빵 좋아하시면 추전드려 봅니다.^^","Dessert/Bakery, Coffee/Drink, Price",keyword
버터 가득 소금빵이에요~~,Dessert/Bakery,keyword
평일 오전에 갔는데 웨이팅 거의 없이 구매했어여.,"Service, Dessert/Bakery, Coffee/Drink",keyword
자연도소금빵자연도유명한데 아침일찍줄서서 샀어요ㅜ,"Service, Dessert/Bakery, Coffee/Drink",keyword
"어쩔
따뜻한빵 바로먹으니 세상행복할수가없네요^^","Dessert/Bakery, Coffee/Drink, Vibe",keyword
제 기준 소금빵 넘버원입니다!,Dessert/Bakery,keyword
소금빵이 사르르 녹는게 맛있음,Dessert/Bakery,keyword
자연도소금빵...,"Dessert/Bakery, Coffee/Drink",keyword
줄이긴이유는 분명있어요..,"Service, Vibe, Coffee/Drink",keyword
소금빵만 판매하니 소금빵은 자연도에서...,"Dessert/Bakery, Coffee/Drink",keyword
주중이라 그런가 별로 많이 안기다려요 ㅎㅎ,Service,keyword
대기줄이 길어서 빵이 뜨거워요!,"Service, Dessert/Bakery",keyword
"만드는 족족 팔리나봐요 :) 😀 
첫입은 과자 에이스랑 똑같아요","Dessert/Bakery, Coffee/Drink, Vibe",keyword
"고소한 버터향이 찐하고 완벽한 겉바속부
부들부들하고 바삭바삭한 뜨거운 소금빵!","Dessert/Bakery, Coffee/Drink",keyword
무조건 4개들입 한박스씩 주문가능해요,"Service, Dessert/Bakery, Coffee/Drink, Price",keyword
하나만 먹어보고 싶었는데 4개사야돼서 살까말까 했는데 4개 순삭 가능함,"Dessert/Bakery, Coffee/Drink, Price",keyword
설명필요없이 소금빵 맛있는 곳!!,"Service, Dessert/Bakery, Vibe",keyword
"손님들 진짜 많은데 결제, 주문 줄이랑
픽업줄이 잘 나뉘어져있어서 금방 받을수 있었어요","Service, Vibe, Coffee/Drink",keyword
소금빵의 진리,Dessert/Bakery,keyword
빵냄새 좋아요,Dessert/Bakery,keyword
압구정 자연도 소금빵에서 사봤어요.,"Dessert/Bakery, Coffee/Drink",keyword
빵 바닥이 버터에 절여진 느낌이예요.,Dessert/Bakery,keyword
윗부분이 바삭하긴한데 그래도 너무 느끼했네요.,"Dessert/Bakery, Coffee/Drink",keyword
소금빵 완전 맛있어요~,Dessert/Bakery,keyword
성수동에 갔으면 자연도 마망젤라또는 꼭 가시라~~~,Coffee/Drink,keyword
자연도 버터향이 미쳤어,"Dessert/Bakery, Coffee/Drink",keyword
"오ㅠ
하지만 웨이팅 필수임 ㅠ","Service, Dessert/Bakery, Coffee/Drink",keyword
맛있다고 추천을 많이 받아서 성수 온김에 기다려서 먹어봤어요!!,"Service, Dessert/Bakery, Coffee/Drink, Vibe",keyword
갓나온게 아닌데도 맛있었어요!!,Coffee/Drink,keyword
버터 풍미도 좋고 인기있는 이유를 알거같아요,"Dessert/Bakery, Coffee/Drink, Vibe",keyword
제가 너무 좋아하는 소금빵이에요,Dessert/Bakery,keyword
앞에 10팀정도 있었는데 포장 빠르게 받았습니다,"Vibe, Coffee/Drink, Price",keyword
빵나오는 시간에 맞춰서 간건지 갓구운 소금빵 맛있었습니다,"Dessert/Bakery, Coffee/Drink",keyword
익선동 갈때마다 들리는 곳이에요.,Vibe,keyword
빵 냄새부터 넘 좋아요~~,Dessert/Bakery,keyword
성수에서 소금빵은 자연도가 최고에요!!,"Dessert/Bakery, Coffee/Drink",keyword
갓 나온 뜨거운 소금빵 먹으면 미쳐요 ㅠㅠ,"Dessert/Bakery, Coffee/Drink",keyword
역시나 진한 버터향이 우선 코를 자극하며 적당한 짭조름한 맛에 완전 야들야들~~ 빵순이 취향저격함!!!!,"Dessert/Bakery, Coffee/Drink",keyword
가끔씩 생각날때 먹어요.,Coffee/Drink,keyword
감사합니다.,"Dessert/Bakery, Coffee/Drink",keyword
친구가 좋아해서 또 먹었어요,"Dessert/Bakery, Coffee/Drink, Vibe",keyword
🙃 겉바삭 좋아해서 자연도는 별로 안좋아하지만 빵순이는 취향아니여도 잘 먹습니다 ㅎㅎ,"Dessert/Bakery, Coffee/Drink",keyword
좋은버터에 좋은 소금으로 만들오 풍미는 좋다해도 버터 너무 넣어서 굉장히 기름지고 모닝빵제질🥲 부드러운 소금빵 좋아하시는분 추천드려요,"Dessert/Bakery, Coffee/Drink, Vibe",keyword
용인 기흥 시골쥐가 핫한 성수동 입벌리고 구경 중에 사람들이 줄서서 사가길래 동참했습니다.,"Service, Dessert/Bakery, Coffee/Drink, Vibe",keyword
가게와  점원분들 복장도 무척 이국적인게 뭔가 소금빵만 20년 전념했을 듯한 기대감 만빵 소금빵이었어요.,"Dessert/Bakery, Coffee/Drink, Vibe",keyword
집으로 와서 심폐소생기 발뮤다에 넣고 곤히 자고 있던 엄마 깨워서 먹어봤는데...............,"Dessert/Bakery, Coffee/Drink, Vibe",keyword
이걸 먹으라고 좋은 꿈(외할아버지가 로또 번호 불러준다고 적을 준비하라고)꾸고ㅜ있었는데 깨웠냐머 등짝,"Dessert/Bakery, Coffee/Drink, Vibe",keyword
리뷰에는 극찬일색이었는데 저와 엄마입에는 하위권 소금빵이었네요. (왠지 소금빵 장인의 집이 아닌 트랜드전문가가 급조한 이쁘기만한 빵집느낌),"Dessert/Bakery, Coffee/Drink, Vibe",keyword
말해뭐해,"Dessert/Bakery, Coffee/Drink",keyword
포장이 이쁘네요,"Vibe, Price",keyword
카드로만 결재 가능해요.,"Vibe, Service, Coffee/Drink, Price, Dessert/Bakery",keyword
우측에서 결재하고 좌측에서 줄서면 됩니다,"Service, Dessert/Bakery, Coffee/Drink",keyword
자연도는 버터냄새가 미쳤습니다.,"Dessert/Bakery, Coffee/Drink",keyword
9시 오픈하기 전부터 대기줄이 긴 유명한 집이예요.,"Service, Dessert/Bakery, Coffee/Drink, Vibe",keyword
아침 운동후에 집에 가기전에 들러서 사가곤하는데 담백하고 짭짤 고소한 자꾸 생각나는 빵입니다.,"Dessert/Bakery, Coffee/Drink, Vibe",keyword
딱 한 종류만 4개씩 팔아요.,Dessert/Bakery,keyword
간단명료해서 좋아요,"Dessert/Bakery, Coffee/Drink",keyword
버터덩어리 그자체  물려서 많이 못먹,"Dessert/Bakery, Coffee/Drink",keyword
최애 소금빵집 ...,"Dessert/Bakery, Vibe",keyword
🤤 두 세트 사왔어요 !!! ♥,"Dessert/Bakery, Coffee/Drink",keyword
개존맛탱..,Dessert/Bakery,keyword
소금빵 1티어에요,"Dessert/Bakery, Coffee/Drink",keyword
버터향이 너무 좋아요,Dessert/Bakery,keyword
소금빵 바닥도 바삭바삭하고,"Dessert/Bakery, Coffee/Drink",keyword
바로사서 뜯어먹었는데 약간 기름지네요,Coffee/Drink,keyword
빵냄새거 너무 좋아요,Dessert/Bakery,keyword
"사람 많아서 줄 서서 결제하고, 대기해서 받음 🫢
갈때마다 무조건 2봉지씩 구매 중입니다.","Service, Dessert/Bakery, Coffee/Drink, Vibe",keyword
1봉지 사면 아쉽고 2봉지가 딱인거 같아요,Dessert/Bakery,keyword
"💕❤️
자연도소금빵 체고체고👍🏻👍🏻👍🏻","Dessert/Bakery, Coffee/Drink",keyword
말해므ㅓ해..,"Dessert/Bakery, Coffee/Drink",keyword
내인생최고의 소금빵,"Dessert/Bakery, Coffee/Drink",keyword
"일반 소금빵보다 크기가 작고 비싼데, 버터가 많이 들어가서 맛있긴 해요","Dessert/Bakery, Coffee/Drink, Price",keyword
웨이팅 길어요,Service,keyword
몇년전 영종도에서 처음 먹었을땐 너무 고소하고 풍미좋고 맛있었는데 지금은 좀 기름지고 버터향 많이나는 모닝빵같은 느낌이네요,"Dessert/Bakery, Coffee/Drink",keyword
😭워낙 소금빵 잘하는 곳들이 생겨서 그런지...,"Dessert/Bakery, Coffee/Drink, Vibe",keyword
단품으로 소금빵 4개를 구매 옵션밖에 없습니다.,Dessert/Bakery,keyword
하지만 소금빵이 맛있어서 4개 구매가 후회되지 않습니다.,"Dessert/Bakery, Coffee/Drink",keyword
줄은 길지만 금방 빠집니다.,Service,keyword
존맛존맛존맛 무조건 따뜻할때 드세여,"Dessert/Bakery, Coffee/Drink",keyword
1인4개 쌉가능!!!,"Dessert/Bakery, Price",keyword
가격에 비해 크기는 작지만 대존맛이긴함.,"Dessert/Bakery, Coffee/Drink, Price",keyword
"엄청엄청 유명한 자연도소금빵,,
맛있긴한데 인생소금빵까진 아닌듯,,?","Dessert/Bakery, Coffee/Drink",keyword
"종류는 4개 세트(12000) 하나밖에 구매불가
처음에 키오스크 오류인줄 알았음","Service, Dessert/Bakery",keyword
어짜피 하나 먹을 생각은 아니었어서 괜찮음,Coffee/Drink,keyword
"결제줄 따로, 대기줄 따로 있고 사람 엄청 많음.","Service, Dessert/Bakery, Coffee/Drink, Vibe",keyword
그래도 빵이라 그런지 대기줄 빠지는 속도는 빠른편.,"Service, Dessert/Bakery",keyword
가게의 문제는 아니겠지만 사람이 많다보니 좀 기빨림..,"Dessert/Bakery, Vibe",keyword
가게 앞에서 인증샷 찍는 사람 매우 많음.,"Dessert/Bakery, Vibe",keyword
사진 찍는건 좋은데 다른 사람 치고 길막진 말아주길..,"Dessert/Bakery, Vibe",keyword
☑️ 결론 : 빵 자체는 맛있는 편 가격도 괜찮음..!!!,"Dessert/Bakery, Price",keyword
웨이팅만 없으면 자주 사먹을 맛🥲,"Service, Coffee/Drink",keyword
빵 맛있어용,Dessert/Bakery,keyword
대기줄있길래 궁금해서 구매했어요,"Service, Dessert/Bakery, Coffee/Drink, Vibe",keyword
"포장이라 금방구매했고
생각보다 기름인지 버터인지 
너무많아서별로였어요","Dessert/Bakery, Coffee/Drink, Price",keyword
단일 상품만 파는 곳.,"Price, Dessert/Bakery, Vibe",keyword
그만큼 맛은 인정합니다.,"Dessert/Bakery, Coffee/Drink",keyword
짭쪼름한 맛과 고소한 빵맛이 너무 조화롭습니다,"Dessert/Bakery, Coffee/Drink",keyword
웨이팅이 길지만 기다렸다가 사온 보람 느낄 만큼 버터맛이 진한 소금빵.,"Service, Dessert/Bakery, Coffee/Drink",keyword
소금빵 사진을 못 찍었네요 ㅜㅜ,Dessert/Bakery,keyword
지금까지 먹어본 소금빵 중에 제일 맛있었습니다!,"Dessert/Bakery, Coffee/Drink",keyword
성수역 근처 숙소 예약해두고 여기저기 구경하다가 줄이 길어서 저도 사먹어봤는데 와..,"Service, Dessert/Bakery, Coffee/Drink",keyword
또 먹고 싶어요 ㅜㅜ,Coffee/Drink,keyword
진짜 소금빵은 자연도예요!,"Dessert/Bakery, Coffee/Drink",keyword
바삭쫀득한 식감에 짭조름한 맛까지 딱 제가 좋아하는 스타일이에요!,"Dessert/Bakery, Coffee/Drink",keyword
고소한 자연도 소금빵.,"Dessert/Bakery, Coffee/Drink",keyword
"비올 때 먹어서 그런 지 기름에 쩔은 맛,,,? ㅠㅜ","Dessert/Bakery, Coffee/Drink",keyword
강남 갈일이 있어서 일부러 찾아 간건데...,"Service, Vibe, Coffee/Drink",keyword
지점 보다 맛이 덜 하네요...,"Dessert/Bakery, Coffee/Drink",keyword
정말 먹고싶은 빵이였는데...,"Dessert/Bakery, Coffee/Drink",keyword
서울 1타 소금빵집임,"Dessert/Bakery, Vibe",keyword
겉바속촉 최애 소금빵!!,Dessert/Bakery,keyword
여기 버터리함을 어느 곳이 이길 수 있을까 싶은 ㅎㅎ,"Dessert/Bakery, Coffee/Drink, Vibe",keyword
갓 나온 따끈한 소금빵 완전 굿입니다,"Dessert/Bakery, Coffee/Drink",keyword
다만 버터가 좀 많아서 느끼한 거 싫어하시는 분은 부담스러울 수도 있어요,"Dessert/Bakery, Coffee/Drink, Vibe",keyword
소금빵 짱 맛있음~,Dessert/Bakery,keyword
먹어본 소금빵 중에 제일 맛있었어요.,"Dessert/Bakery, Coffee/Drink",keyword
먹었을때 버터의 고소함과 소금의 짭짤함이 너무 잘 어울려요.,"Dessert/Bakery, Coffee/Drink",keyword
"딸과 성수동 나들이
요즘 저희 가족은 소금빵에 푹❤",Dessert/Bakery,keyword
👍여기 소금빵 진짜 맛있어요!,Dessert/Bakery,keyword
버터의 풍미와 위의 소금의 짠 맛이 살짝 더해져서 이게 소금빵의 정석이구나 느낄정도였어요.,"Dessert/Bakery, Coffee/Drink",keyword
빵도 정말 부드러워요.,Dessert/Bakery,keyword
👌가게에 가시면 키오스크로 바로 가셔서 주문하시고 대기줄 서시면 됩니다.,"Service, Dessert/Bakery, Coffee/Drink, Vibe",keyword
소금빵이 맛있어요~~,Dessert/Bakery,keyword
웨이팅이 길긴했지만,"Service, Dessert/Bakery, Coffee/Drink",keyword
소금빵유명해서 가본곳이에요,"Dessert/Bakery, Coffee/Drink, Vibe",keyword
줄이 생각보다 안길어서 금방샀어요,Service,keyword
고소한버터향이 그득입니다,Dessert/Bakery,keyword
엄청 줄서있길래 기대를 많이했는데...,"Service, Dessert/Bakery, Coffee/Drink, Vibe",keyword
소금빵이라기보다는 기름진 모닝빵같은 느낌이에요ㅜㅜ,Dessert/Bakery,keyword
소금빵 별로 안좋아하는데 유명하다고 해서 먹어봤어여,"Dessert/Bakery, Coffee/Drink",keyword
먹었던 소금빵중에 최고였습니다,"Dessert/Bakery, Coffee/Drink",keyword
맨날 줄이 길어서 안 먹다가 아침에 나왔더니 줄이 없길래 사봤는데 생각보다 훨씬 맛있네요!!,"Service, Coffee/Drink",keyword
"갓 나온걸 먹어야 안 파석해지고 훨씬 맛있고
쫀득찐득한 식감인데 맛있어요","Dessert/Bakery, Coffee/Drink, Vibe",keyword
"버터향은 생각보다 강하지않았고, 소금이 너무 많이 올라가서 소금 털어내고 먹어야해요","Dessert/Bakery, Coffee/Drink",keyword
성수간김에 사왔는데 유명한만큼 맛있어요!,"Dessert/Bakery, Coffee/Drink",keyword
요즘 가장 핫한 소금빵 맛집 자연도!,"Dessert/Bakery, Coffee/Drink",keyword
"연남동, 신사동, 익선동은 물론 부산 해운대까지 줄 서서 사는 집이라 안 가볼 수 없더라고요.","Service, Vibe",keyword
"사실 몇 번 지나치기만 했는데, 한 봉지(4개 ₩12,000) 단위로 팔아서 망설였거든요.","Dessert/Bakery, Coffee/Drink, Vibe",keyword
그런데 이번에 친구랑 같이 가게 돼서 드디어 구매✨,Vibe,keyword
먹자마자 ‘이래서 난리구나’ 싶었어요.,Coffee/Drink,keyword
버터 풍미는 진한데 치즈 같은 고소함도 살짝 느껴져서 너무 맛있었어요.,"Dessert/Bakery, Coffee/Drink",keyword
"소금빵은 원래 좀 기름진 편인데, 자연도는 부담 없이 딱 좋은 정도라 네 개도 거뜬히 먹겠더라고요ㅎㅎ","Dessert/Bakery, Coffee/Drink",keyword
"소금빵 좋아하는 분들, 여기 진짜 한 번쯤은 꼭 가보세요!",Dessert/Bakery,keyword
서울 성수에서 먹어본 자연도 소금빵을 부산에서도 먹을 수 있어 좋습니다.,"Dessert/Bakery, Coffee/Drink, Vibe",keyword
버터향 그득하고 짭조름한 맛이 2개 3개를 부르네요.,"Dessert/Bakery, Coffee/Drink",keyword
"예전만큼의 웨이팅은 아니지만
여전히 있기많은 소금빵 명소","Service, Dessert/Bakery, Coffee/Drink, Vibe",keyword
"적당히 기름찌고 그을려서
심심하지 않고 짭쪼름한 소금 덕에
계속 먹게 되는 중독적인 맛","Dessert/Bakery, Coffee/Drink",keyword
소금빵 4개 1세트로 빵 나올때 바로 시켜서 따뜻할때 먹으니 순삭이네용,"Dessert/Bakery, Coffee/Drink, Vibe",keyword
"ㅋㅋㅋㅋ기본에 충실한 소금빵이고, 소금빵의 식감은 바삭과 부드러움 사이인데 부드럽다고해서 안에 빵이 가득 씹히는 느낌은 아니라서 부담스럽지 않고 가볍게 먹기 좋아용ㅋㅋ","Dessert/Bakery, Coffee/Drink",keyword
자연도소금빵 보이면 당연히 먹는 걸로..ㅎㅎ,"Dessert/Bakery, Coffee/Drink, Vibe",keyword
"첫입 빠삭, 버터향 가득",Dessert/Bakery,keyword
익선동 구경하다가 이끌려 구입했어요!,"Dessert/Bakery, Coffee/Drink",keyword
다행히 제가 살 땐 줄이 없어서 바로 구입했는데 돌아다니다보니 늘 줄이 있더라구요!!,"Service, Dessert/Bakery, Coffee/Drink, Vibe",keyword
낱개는 없고 4개 세트만 있어서 구입했는데 집에 와서 3개 바로 먹었어요ㅎㅎ,"Dessert/Bakery, Coffee/Drink, Vibe",keyword
잘먹었습니다,Coffee/Drink,keyword
맨날 갈때마다 줄이 너무 길어서 포기했었는데 이 날은 줄이 별로 없어서 (저희 줄 서고 겁나 길어짐;;) 드디어 사먹어봤는데 역시 줄 서는 집은 맛집이어따👍,"Service, Dessert/Bakery, Coffee/Drink, Vibe",keyword
"버터맛 가득~~👍
계속 생각나는 맛~~~~~~ ❤️",Dessert/Bakery,keyword
"운좋게 기다림 없이 바로 키오스크 결제하고
금방 나온 소금빵 받아서 왔어요.","Service, Dessert/Bakery, Coffee/Drink",keyword
그러고 나니 줄이 쭈욱 서있더라구요 ㅎㅎ,"Service, Vibe, Coffee/Drink",keyword
빵의 담백한 단맛과 소금의 짠맛 그리고 버터의 풍부한 향과 맛이 잘 어울러진 소금빵입니다.,"Dessert/Bakery, Coffee/Drink",keyword
빵의 텍스쳐가 가벼운듯하지만 겉면의 버터에 튀겨진듯 바스락 거리는 맛과 빵 내부의 질감이 아주 좋습니다.,"Dessert/Bakery, Coffee/Drink",keyword
딱 제가 원하는 소금빵의 기본입니다.,Dessert/Bakery,keyword
"성수 온 김에 유명한 소금빵 겟잇
1묶음에 12,000원~사람 많아요","Dessert/Bakery, Coffee/Drink, Vibe",keyword
자연도소금빵 맛있어요,"Dessert/Bakery, Coffee/Drink",keyword
길가다가 꼭 피자굽는 치즈냄새에 이끌려 줄을 섰어요,"Service, Dessert/Bakery",keyword
냄새도 엄청난데 소금빵맛 또한 중독성있었어요,"Dessert/Bakery, Coffee/Drink, Vibe",keyword
"다만 무조건 4개 1세트로 사야만 했고(낱개x)
갓나와서 따끈한 빵인건 좋지만 집에오니 다 찌그러져 있어서 지인들한테 선물하기는 민망했어요","Price, Dessert/Bakery, Coffee/Drink, Vibe",keyword
그래서 제가 다먹음ㅎㅎㅎ,Coffee/Drink,keyword
풍미랑 짭조름함의 정도가 퀄리티 높았어요,"Dessert/Bakery, Coffee/Drink, Vibe",keyword
"오랜만에 자연도소금빵 🧡
역시 버터향 가득하고 쫄깃해요","Dessert/Bakery, Coffee/Drink",keyword
받아서 바로 먹었는데 따뜻해서 더더 맛있었어요,"Dessert/Bakery, Coffee/Drink",keyword
커피랑 진짜 잘어울려서 금방 순삭했슴니다 ㅎㅎ,"Dessert/Bakery, Coffee/Drink",keyword
남은 건 에프에 돌려먹어도 굿굿 👏👏,Coffee/Drink,keyword
선물하기 좋아용 ㅋ,"Dessert/Bakery, Coffee/Drink, Price",keyword
오로지 소금빵 4개 세트로만 살 수 있습니다.,"Dessert/Bakery, Coffee/Drink, Vibe",keyword
멀리서도 버터냄새가 나서 사러 오게 되는 매직ㅎㅎ,"Dessert/Bakery, Coffee/Drink",keyword
너무나 귀여운 포장!,Price,keyword
🤭 갓나온 빵이 너무나 따뜻해서 길빵 하나 해버림.,"Dessert/Bakery, Coffee/Drink",keyword
꼬숩고 꼬들하고 아주 맛있었당,"Dessert/Bakery, Coffee/Drink",keyword
항상 줄 길게 서 있길래 호기심에 사 먹어봤어요.,"Service, Vibe, Coffee/Drink",keyword
구매부터 픽업까지 5분정도로 크게 오래 걸리지는 않았어요.,"Service, Vibe",keyword
버터맛 고소하게 나고 맛있어요.,"Dessert/Bakery, Coffee/Drink",keyword
"손에 기름이 묻는데, 첫 한개까지는 엄청 맛있고, 2개째 부터는 아메리카노 필수입니다!",Dessert/Bakery,keyword
"따뜻하지는 않았는데, 따뜻하게 데워먹으면 더 좋을 것 같아요.","Dessert/Bakery, Coffee/Drink",keyword
"버터맛 + 소금맛 + 쫄깃
다른 곳보다 빵에서 버터향이 진하게 나고 조금 짭니다..","Dessert/Bakery, Coffee/Drink, Vibe",keyword
소금빵 좋아해서 방문했어요.,"Service, Dessert/Bakery, Coffee/Drink",keyword
다행히도 비 오는 날 점심시간 전이라 줄이 길지 않아 대기 없이 바로 구매했네요.,"Service, Dessert/Bakery, Coffee/Drink",keyword
빵은 정말 좋은 효모와 버터 향이 가득한 풍미에 질 좋은 소금이 조합되어 왜 인기가 많은지 알겠더라고요.,"Dessert/Bakery, Coffee/Drink",keyword
"간혹 소금빵에 올려진 소금에서 쓴맛이 올라오는 곳이 있는데, 자연도소금빵은 소금에서 그런 느낌이 전혀 없어서 좋았어요.","Dessert/Bakery, Coffee/Drink, Vibe",keyword
집 근처에 있으면 매일이라도 사 먹고 싶은 맛이네요~,"Vibe, Coffee/Drink",keyword
소미새의 1위 소금빵집...,"Dessert/Bakery, Vibe",keyword
"🥖🤎
평일 오픈하자마자 갔는데 웨이팅 하나도 없어서 좋았고, 겉은 빠작하고 속은 가벼운 퐁신퐁신 느낌의 소금빵을 좋아하시면 여깁니다","Service, Dessert/Bakery, Coffee/Drink",keyword
최고의 소금빵 😀^^,Dessert/Bakery,keyword
"사고 들고 다니는 동안에도 버터의 냄새가 꽤 좋았는데
맛은 더 좋았어요!!!",Dessert/Bakery,keyword
다음에 보면 또 사 먹을거예요!!,Coffee/Drink,keyword
자연도 소금빵~여전히 인기가많네요,"Dessert/Bakery, Coffee/Drink",keyword
"확실히 버터의 풍미가 진하고 다른곳보다
더 짭짤하니 맛있어요","Dessert/Bakery, Coffee/Drink, Vibe",keyword
우연히 빵나오는 시간에 가게 앞을 지나가다가 버터냄새에 이끌려 홀린듯이 줄을서게됐습니다.,"Service, Dessert/Bakery, Coffee/Drink, Vibe",keyword
기대반 걱정반으로 친구것까지 2세트 주문하고 가게문을 나서는순간 경악했습니다.,"Service, Dessert/Bakery, Coffee/Drink, Vibe",keyword
성수동 온 길거리에 자연도 소금빵  패키지에 달려있던 태그와 끈이 널부러져서 길거리를 뒤덮고 있더군요.,"Dessert/Bakery, Coffee/Drink, Vibe",keyword
그 와중에 직원분은 물뿌리개에 누군가 물티슈를 버리고갔다며 투덜 대시는 모습에 실망했습니다.,"Service, Dessert/Bakery, Coffee/Drink",keyword
거리가 더러워지는것을 인지했을텐데 쓰레기통하나 두지않는 모습이 너무나 아쉬웠어요.ㅜㅜ,"Dessert/Bakery, Coffee/Drink",keyword
빵이 맛있고 찾아오는 분들이 많은만큼 더욱 신경써서 운영해주셨음합니다!,"Dessert/Bakery, Coffee/Drink",keyword
빵은 기본에 충실한 버터풀한 소금빵!,"Dessert/Bakery, Coffee/Drink",keyword
너무 맛있어서 재방문 의사는 100프로 있습니다!,"Service, Vibe, Coffee/Drink",keyword
"궁금했던 자연도 소금빵
드디어 구매완!","Dessert/Bakery, Coffee/Drink",keyword
주말임에도 대기줄이 길지 않았고 버터향 가득 맛있어요,"Service, Dessert/Bakery",keyword
소금빵 유명하다고 해서 샀어요 .ᐟ,"Dessert/Bakery, Coffee/Drink",keyword
소금빵 맛집이라고 여러번 들었는데 사먹어본건 처음이에요.,"Dessert/Bakery, Coffee/Drink",keyword
소금빵 맛집이에요^^,Dessert/Bakery,keyword
겉은 바삭하고 안은 촉촉한 소금빵이 정말 인상적이었어요~,"Dessert/Bakery, Coffee/Drink",keyword
짭짤한 소금 맛이 은은하게 퍼지면서 버터의 고소함이 잘 어우러졌어요!,"Dessert/Bakery, Coffee/Drink",keyword
성수에서 소금빵 생각나면 또 들를 것 같아요,"Dessert/Bakery, Coffee/Drink",keyword
버터 풍미가 너무 맛있었습니다,"Dessert/Bakery, Coffee/Drink",keyword
가격 대비 뛰어난건 딱히 모르겠는데 그냥 소금빵입니다.,"Dessert/Bakery, Price",keyword
식어도 맛있는 소금빵집!!,"Dessert/Bakery, Vibe",keyword
"따뜻할때는 물론이고, 다음날도 맛있는 소금빵","Dessert/Bakery, Coffee/Drink",keyword
평일 저녁 6:30 저녁에 빵나오고 40분 정도 지나서 방문하니 15분 좀 넘게 기다려서 빵 받을 수 있었어요.,"Service, Dessert/Bakery, Coffee/Drink, Vibe",keyword
버터풍미가 가득해서 정말 맛있더라구요!,"Dessert/Bakery, Coffee/Drink",keyword
"버터 가득 방인데 소금간이 적당히 돼서인지 느끼하지도 않고, 담백하고 쫄깃합니다.",Dessert/Bakery,keyword
간김에 2세트 사오길 잘한 것 같아요.,"Dessert/Bakery, Coffee/Drink",keyword
🥐🥐 자연도 소금빵은 다른곳에서 먹어봐서 성수에서도 그냥 지나칠수 없었어요!,"Dessert/Bakery, Coffee/Drink, Vibe",keyword
매장 근처가면 버터냄새 너무좋아요,"Dessert/Bakery, Vibe",keyword
🥺🥺 메뉴는 1개입니다,Dessert/Bakery,keyword
"소금빵 4개 12000원이구요,",Dessert/Bakery,keyword
따뜻할때 바로드셔도되고 집가서 에프에 데워먹으면 꿀맛 ㅎㅎ 일단 오른쪽 키오스크 가셔서 결제하시고 픽업종이 꼭 챙기셔서 왼쪽 픽업줄로 가세여!!,"Service, Dessert/Bakery, Coffee/Drink, Vibe",keyword
저녁 7시넘었는데도 줄이 꽤길어용ㅎㅎ,Service,keyword
포장지도 넘예쁘고 뭔가 버터향 풍부해서 부드러운 맛입니다,"Dessert/Bakery, Vibe",keyword
용 추천이요!!,Vibe,keyword
소금빵 줄이 길었는데 불구하고 친구들이 여기 맛있다고 사겠다고 줄서서 저도 홀린듯 구입했습니다.,"Service, Dessert/Bakery, Coffee/Drink, Vibe",keyword
"식었는데도 맛있고, 전자레인지에 뎁혀먹으니 갓 구운듯 촉촉 고소 짭쪼름 쫄깃 따뜻하니 맛있었어요!","Dessert/Bakery, Coffee/Drink",keyword
소금빵 정말 맛있었어요,Dessert/Bakery,keyword
재방문의사 활활!!,Service,keyword
소금빵 맛있어요~!!!,Dessert/Bakery,keyword
성수갈때마다 사오는거 같아요^^,"Dessert/Bakery, Coffee/Drink",keyword
바싹한 소금빵맛이 언제나 질리지않고 맛있어요,Dessert/Bakery,keyword
친절하시고  외국인고객들에게도 안내잘해주셔서 그런지 어떻게알고 많이들 사가시네요 ㅋㅋ,"Service, Dessert/Bakery, Coffee/Drink",keyword
1세트만 사온거 후회.,"Dessert/Bakery, Coffee/Drink",keyword
더 사올껄!!!,"Dessert/Bakery, Coffee/Drink",keyword
소금빵 먹을때마다 이 곳과 비교하게됩니다.,"Dessert/Bakery, Coffee/Drink, Vibe",keyword
처음 먹어 보는 자연도 소금빵 정말 버터맛이 녹진하구 맛도리드라구여..,"Dessert/Bakery, Coffee/Drink",keyword
"퇴근하고 성수가서 애들만나서 좀 놀다가 집갈때쯤 소금빵집에가서 소금뺭을 샀는데 
웨이팅 1도 없어서 이게 웬일이야 하면서 냅다 구매해버렸숩니다 ~~","Service, Dessert/Bakery, Coffee/Drink, Vibe",keyword
대기줄이 너무길어 드디어 먹어보네요,"Service, Coffee/Drink",keyword
성수동 나들이 왔다가 자연도소금빵 앞에 줄이 길어서 한번 사먹어봤어요,"Service, Dessert/Bakery, Coffee/Drink",keyword
🍞🥐버터 가득한 스타일의 소금빵이고 4개 1set로 포장을 해서 팔아요~,"Price, Dessert/Bakery, Coffee/Drink, Vibe",keyword
주말에 방문했을땐 줄이 너무 길어서 왠지 사먹을 엄두도 안 났는데 평일에 방문하니 줄이 많이 길지않아 좋았어요!,"Service, Dessert/Bakery, Coffee/Drink",keyword
한두개 낱개로는 판매 안하고 4개 한세트씩 살 수 있습니다.,"Dessert/Bakery, Coffee/Drink, Vibe",keyword
키오스크로 주문하게끔 되어있는데 시스템이 잘 되어있어서 줄이 길어도 사볼만할것같아요.,"Service, Dessert/Bakery, Coffee/Drink, Vibe",keyword
소금빵은 따끈따끈할때 먹는게 최고인듯!,"Dessert/Bakery, Coffee/Drink",keyword
아침일찍방문했어요,"Service, Dessert/Bakery, Coffee/Drink",keyword
선물용으로 딱이네요,Price,keyword
줄은 섰는데 생각보다 금방금방 빠져서 3분정도 걸린듯 했어요.,"Service, Dessert/Bakery, Coffee/Drink",keyword
빵 맛있어서 순식간에 다 먹게되네요,"Dessert/Bakery, Coffee/Drink",keyword
"4개에 12,000원 단일메뉴 입니다",Dessert/Bakery,keyword
"소금빵 갓 나와서 엄청 따끈하고
버터도 가득 들었는지 부드럽고 맛있어요","Dessert/Bakery, Coffee/Drink",keyword
"짭조름과 버터 풍미도 가득, 빵결 부드러우니 맛있어요.","Dessert/Bakery, Coffee/Drink",keyword
식어도 맛있지만 따뜻할 때 먹어야해요!!,"Dessert/Bakery, Coffee/Drink",keyword
기다린 보람~ 고소 짭짤 촉촉하니 맛있었어요!,"Service, Dessert/Bakery, Coffee/Drink",keyword
여기 소금빵 맛본 이후로 이거밖에 못먹겠음 ..,"Dessert/Bakery, Coffee/Drink, Vibe",keyword
5m 멀리부터 빵냄새가 지나칠 수 없게 납니다 ㅋㅋㅋ,"Dessert/Bakery, Coffee/Drink",keyword
베통 줄 서는 김에 자연도도 샀음,"Service, Coffee/Drink",keyword
소금이 좋은 소금이라고 느껴짐,Dessert/Bakery,keyword
"소금빵 별로 안 좋아하는 빵순이
자연도 소금빵 소금은 마냥 짜지 않아서 좋았고
버터리한 맛이 또 마냥 느끼하지 않아서 좋았음","Dessert/Bakery, Coffee/Drink",keyword
"소금빵으로 유명한 자연도소금빵
그 명성은 익히 들어 알고 있었지만 갈 일이 없어서 먹어볼 수 없었는데, 이번에 익선동에 가게 되어서 설렘 마음으로 방문했습니다.","Service, Dessert/Bakery, Coffee/Drink, Vibe",keyword
토요일 12:15분 즈음 갔는데 웨이팅 거의 안하고 살 수 있었어요.,"Service, Dessert/Bakery, Coffee/Drink, Vibe",keyword
익선동 지점은 바로 옆에 소금빵을 먹고 갈 수 있는 예쁜 공간이 있어서 너무 좋더라구요.,"Dessert/Bakery, Coffee/Drink, Vibe",keyword
싱그럽고 감성적으로 해놓아서 굿!,"Dessert/Bakery, Coffee/Drink",keyword
"외국인에게도 유명한지 일본어, 중국어, 영어 다양한 언어가 들립니다.","Dessert/Bakery, Coffee/Drink",keyword
갓나온 뜨끈한 소금빵 바로 먹고 싶어서 간이 공간에서 살짝 맛봤어요.,"Dessert/Bakery, Coffee/Drink, Vibe",keyword
부드럽고 쫄깃한 소금빵이더라구요.,Dessert/Bakery,keyword
개인적으로는 소금의 짠맛이 조금 부족하다 느꼈어요.,"Dessert/Bakery, Coffee/Drink",keyword
그리고 나중에 집에 와서 먹은 식은 소금빵이 풍미도 더 느껴지고 맛있었어요.,"Dessert/Bakery, Coffee/Drink, Vibe",keyword
회전이 매우 빠르고 맛있어요,Service,keyword
"먹는다고 빵사진 못찍었는데
갓나온 소금빵 맛있더라구요","Dessert/Bakery, Coffee/Drink",keyword
"성수방문시
또 가야겠어요 ~~",Service,keyword
성수동 방문하면 평일에 그나마 사람이 적으면 가끔 구입합니다.,"Service, Dessert/Bakery, Coffee/Drink, Vibe",keyword
이날도 줄이 적어서 샀는데 주말엔 살 엄두도 안나요.^^,"Service, Coffee/Drink",keyword
맛있게 잘 먹었습니다.,Coffee/Drink,keyword
오 기대 안했는데 소금빵 맛있어요!,"Dessert/Bakery, Coffee/Drink",keyword
웨이팅 줄 길어도 금방 빠져요,Service,keyword
"빵은 맛있는데
가격이 자꾸 올라서 아쉬움","Dessert/Bakery, Price",keyword
"소금빵 한때는 정말 좋아해서 여기저기서 엄청 사먹다가 요즘은 시들해졌었는데
올해 영종도에서 먹어본 뒤로 인생-소금빵 돼서 서울쪽 분점 종종 들릅니다","Dessert/Bakery, Coffee/Drink, Vibe",keyword
가격도 맛도 좋아요,Price,keyword
소금빵 넘 맛있어서 다음에도 또 포장해가려구요,"Dessert/Bakery, Coffee/Drink, Price",keyword
소금빵으로 길빵하기...,"Dessert/Bakery, Coffee/Drink",keyword
젤 좋아하는 소금빵 가게에요..,"Dessert/Bakery, Vibe",keyword
"🤍
종로 갈 때마다 꼭 사게되는 참새의 방앗간 같은 곳입니더","Dessert/Bakery, Vibe",keyword
성수동에 일이 있어서 갔다가 어디서 고소한 버터향이 나더라구요ㅎㅎ,"Dessert/Bakery, Coffee/Drink, Vibe",keyword
냄새에 이끌려 가보니 줄 이 엄청 길게 있길래 궁금해서 저도 줄 서서 사봤습니다!!,"Service, Dessert/Bakery, Coffee/Drink, Vibe",keyword
결론 줄 서는 이유를 알겠다.,Service,keyword
겉바속촉이 찐이에요,Dessert/Bakery,keyword
🥹 솔직히 전 그냥 겉부터 말캉 생각했거든요?,"Dessert/Bakery, Coffee/Drink",keyword
2개 먹고 나머지는 동생 줬더니 왜 더 안 사왔냐며 혼났네요,"Dessert/Bakery, Coffee/Drink",keyword
🤣 다음에 가면 더 사와야겠습니다ㅎㅎ,"Dessert/Bakery, Coffee/Drink",keyword
"소금빵 최애맛집💕
빵 나오는 시간 맞춰서 종종 갑니다","Dessert/Bakery, Coffee/Drink",keyword
"겉바속촉의 정석
적절한 짠 맛
겉은 크리스피 한데 쫄깃한 빵의 식감
사랑합니다 ㅋㅋㅋㅋㅋ","Dessert/Bakery, Coffee/Drink",keyword
사람이 진짜많고 운좋게 막 가서 30분내외로 기다렸음.,"Service, Dessert/Bakery, Vibe",keyword
"10개씩(최대수량)사가는 사람들이 엄청 많아서, 빵도 안좋아하는데 유명하다니까 1세트만 사보자 했거늘........","Dessert/Bakery, Coffee/Drink, Vibe",keyword
한 3~4시간 있다가 호텔에서 먹어도 풍미가 기절.,"Vibe, Coffee/Drink",keyword
이래서 다 소금빵 거리나 싶고 진짜 나 분명 빵 안좋아하는데 진짜 기절.,"Dessert/Bakery, Coffee/Drink",keyword
하...,"Dessert/Bakery, Coffee/Drink",keyword
인천에서 먹었던 자연도소금빵보다는 감동이 덜 했어요,"Dessert/Bakery, Coffee/Drink",keyword
바삭함이 아쉬움,"Dessert/Bakery, Coffee/Drink",keyword
빵 나오는 시간에  갓 나온 소금빵 먹으니까 따끈따끈 너무 맛있었어요!,"Dessert/Bakery, Coffee/Drink",keyword
버터향이 좋아요.,Dessert/Bakery,keyword
회전율이 빨라 갓구운 소금빵을 먹을 수 있습니다,"Service, Dessert/Bakery, Coffee/Drink, Vibe",keyword
"받고 바로 밀봉하지 않고, 한김 식혀 먹으면 따뜻하면서 바삭한 소금빵을 먹을 수 있습니다","Dessert/Bakery, Coffee/Drink, Vibe",keyword
항상 웨이팅이 있지만 금방 줄어요 당일날 못 먹고 다음날 에프에 살짝 돌려먹었는데 맛있네요,"Service, Vibe, Coffee/Drink",keyword
줄은 긴 편인데 결제하고 받아가기만해서 금방 빠집니다.,"Service, Dessert/Bakery, Coffee/Drink",keyword
바삭한 소금빵 타입은 아니고 모닝빵처럼 부드러운 소금빵이에요.,"Dessert/Bakery, Coffee/Drink",keyword
버터향도 진하고 고소하고 맛있습니다.,Dessert/Bakery,keyword
맛있는 빵 잘 먹었습니다,"Dessert/Bakery, Coffee/Drink",keyword
젊은이들이 많이 줄서서 먹길래 한번 서보았어요.,"Service, Coffee/Drink",keyword
사먹어보니 부드럽고 맛있네요,Coffee/Drink,keyword
바삭하고 맛있어요,"Dessert/Bakery, Coffee/Drink",keyword
아이가 좋아해서 종종 포장해요~,"Dessert/Bakery, Coffee/Drink, Price",keyword
"몇 번 계속 먹어봐도 런던 베이글, 아티스트베이커리에 미치지 못하는 것 같습니다.","Dessert/Bakery, Coffee/Drink",keyword
갓 나온 소금빵이 버터리하고 바삭해서 맛있었는데 너무 느끼해서 반개가 한계였습니다,"Dessert/Bakery, Coffee/Drink",keyword
다음날에 먹으면 훨씬 맛이 없어졌고 해동 후 먹어도 만족할 만한 맛은 아니었습니다,"Dessert/Bakery, Coffee/Drink, Price",keyword
한 개단위로 팔아줬으면 좋겠습니다,"Dessert/Bakery, Vibe",keyword
"진짜 소금빵은
자연도가 원탑입니다…!","Dessert/Bakery, Coffee/Drink",keyword
"이거먹고 다른곳을 먹지를 못해요…
진짜 금빙 나온거먹으면 겉바속촉의 끝판왕
그리고 더해지는 버터향과 소금의 짭쪼롬함 ㅜ
자연도 가격도 저렴하고!","Price, Dessert/Bakery, Coffee/Drink, Vibe",keyword
상세리뷰가 궁금하신 분은 하기링크 참고하세요:),"Service, Dessert/Bakery, Coffee/Drink",keyword
줄 많이 길지 않고 맛있었음!,Service,keyword
소금빵중 제일 맛있어요,Dessert/Bakery,keyword
유명한 자연도 소금빵!,"Dessert/Bakery, Coffee/Drink",keyword
그동안 먹었던 서울 소금빵 중에 제일 버터 풍미도 좋고 맛있어요,"Dessert/Bakery, Coffee/Drink",keyword
4개에 12000원이고 낱개 판매는 안하시고 세트로만 판매하세요!,"Dessert/Bakery, Coffee/Drink, Vibe",keyword
계속 뒤에서 소금빵 만드는데 손님이 많아서 금방금방 나와요 ㅎㅎ,"Dessert/Bakery, Coffee/Drink, Vibe",keyword
성수점은 사람 많으니까 연남 홍대 갈 일 있으면 포장 추천합니다! (매장에서 못 먹고 포장만 가능),"Price, Dessert/Bakery, Coffee/Drink, Vibe",keyword
소금빵 따뜻할때 먹으니 더 맛있네요~,"Dessert/Bakery, Coffee/Drink",keyword
대기가 길어도 금방 빠져요,Service,keyword
소금빵 여기거가 최고에요,Dessert/Bakery,keyword
역시 유명한 소금빵집답게 맛이 남다릅니다.,"Dessert/Bakery, Coffee/Drink",keyword
다른 곳과 비교하면 확실히 차이가 느껴지는 깊은 맛!,"Dessert/Bakery, Coffee/Drink, Vibe",keyword
"대기를 좀 해야 하지만, 기다릴 가치가 충분해서 전혀 아쉽지 않아요.","Service, Dessert/Bakery, Coffee/Drink, Price",keyword
다음에도 또 오고 싶은 곳!,"Dessert/Bakery, Coffee/Drink, Vibe",keyword
소금빵 찐맛집 웨이팅도 금방이네요,"Service, Dessert/Bakery, Vibe",keyword
인생소금빵집이네요,Dessert/Bakery,keyword
소금빵 넘 맛있어요ㅠㅠ,Dessert/Bakery,keyword
바로 먹으면 더 꿀맛♡,Coffee/Drink,keyword
"성수 놀러갔는데 친구들이 여긴 필수라고 ㅎㅎ 
길빵 해야 한다고 이끌고 갔는데 줄이 진짜 길더라구요!","Service, Dessert/Bakery, Coffee/Drink, Vibe",keyword
그래도 비교적 (10분 이내) 빵을 빠르게 받았어요,Dessert/Bakery,keyword
개당 3천원인데 4개 묶음으로 1인 1봉지 샀어요 !,Dessert/Bakery,keyword
빵은 살짝 작은 편인데 맛은 진짜 쫀득하고 버터리하고 짭짤 고소해요!,"Dessert/Bakery, Coffee/Drink",keyword
빵이 맛있어서 매번 지나가지를 못하는 자연도소금빵!,"Dessert/Bakery, Coffee/Drink",keyword
이번에도 따뜻한 소금빵 성공!,"Dessert/Bakery, Coffee/Drink",keyword
버터맛 가득한 부드러운 소금빵 맛있어요,"Dessert/Bakery, Coffee/Drink",keyword
웨이팅 성공적 ㅎㅎ,Service,keyword
바로 먹어야 최고,Coffee/Drink,keyword
👍👍👍성수동 가면 소금빵은 무조건 드세용!!!,Dessert/Bakery,keyword
"6시 반이 소금빵 나오는 마지막타임이라
일곱시쯤 도착했더니 주문 줄은 거의 없고
픽업대기줄이 건물 감싸게 길게 서있네요","Service, Dessert/Bakery, Coffee/Drink, Vibe",keyword
픽업줄은 금방 빠져서 주문하고 금방 받았어요,"Service, Dessert/Bakery, Coffee/Drink",keyword
"4개단위로 포장해서 팔고
따뜻한 상태로 바로 포장해주셔서 
바로 뜯어 먹으면 겉은 바삭하고 
속은 쫄깃하면서 고소한 버터풍미가 폭발해요","Price, Dessert/Bakery, Coffee/Drink, Vibe",keyword
빵 나오는 시간 맞춰서 따뜻할 때 바로 드세요,"Dessert/Bakery, Coffee/Drink",keyword
소금빵이 가장 맛있습니다,Dessert/Bakery,keyword
저녁시간 예쁘고  항상 웨이팅 줄이 있네요.,"Service, Vibe, Coffee/Drink",keyword
또먹고싶다ㅠㅠ,Coffee/Drink,keyword
빵냄새 때문에 줄서게 돼요,"Service, Dessert/Bakery",keyword
기본 4개부터 살수 있고요 줄서서 먹을만 해요,"Service, Dessert/Bakery, Coffee/Drink, Vibe",keyword
자연도 소금빵 그냥 드세요,"Dessert/Bakery, Coffee/Drink",keyword
🙂 여기 소금빵 먹으면 다른 소금빵 못 먹습니다,"Dessert/Bakery, Coffee/Drink",keyword
소금빵에 감흥없는 저인데 자연도는 맛있어요.,"Dessert/Bakery, Coffee/Drink",keyword
계산하고 영수증들고 픽업대 줄 서시면되요(,"Service, Dessert/Bakery, Coffee/Drink",keyword
일행 있으면 일행을 픽업줄에 먼저 세워놓고 계산하러가세요),"Service, Dessert/Bakery, Coffee/Drink, Vibe",keyword
줄은 긴데 금방삼,Service,keyword
평일 낮엔 웨이팅이 길지 않아서 금방 받을 수 있었어요,"Service, Vibe, Coffee/Drink",keyword
키오스크 줄과 픽업줄이 따로 되어 있어서 웨이팅이 길때는 좀 블편할 것 같아요,"Service, Dessert/Bakery, Coffee/Drink, Vibe",keyword
빵은 부드럽고 버터향이 많이나요,"Dessert/Bakery, Coffee/Drink",keyword
맛있게 먹었어요,Coffee/Drink,keyword
평일에 갔더니 대기 줄이 별로 없어서 이 참에 먹어봤어요!,"Service, Coffee/Drink",keyword
버터리하고 너무 맛나요ㅜㅜ!!,Dessert/Bakery,keyword
자연도 소금빵 맛있다구해서 들렸어용 !!,"Dessert/Bakery, Coffee/Drink",keyword
첫입 딱 먹자마자 버터향이 엄청 찐하게 느껴지면서 소금이 다른소금빵들과 다르게 훈연향같은게 올라와서 더 맛있었어요,"Dessert/Bakery, Coffee/Drink",keyword
🥹❤️ 씹을수록 고소짭짤 🤤 식어도 겉이 바삭하고 안에 쫀득한게 계속 들어가네욤~~><,"Dessert/Bakery, Coffee/Drink",keyword
담에 서울 또 놀러가면 한번더 먹을것같아여!!,"Dessert/Bakery, Coffee/Drink",keyword
역시나 늘 줄이 있는곳!!,"Service, Vibe, Coffee/Drink",keyword
갓 나온 빵을 먹는게 짱 맛있어,"Dessert/Bakery, Coffee/Drink",keyword
옹ㅎㅎㅎ 소금빵이 파사삭!,Dessert/Bakery,keyword
사람이 진짜 많아요 ㅠㅜ,"Dessert/Bakery, Vibe",keyword
그만큼 빵이 맛있어요,Dessert/Bakery,keyword
제일맛있는 소금빵집이라고해서 대기하면서 기다렸는데 기다린보람이있네요,"Service, Dessert/Bakery, Coffee/Drink, Vibe",keyword
다음날먹어도 눅눅하지않고 바삭함이 다른곳에서 먹어본거랑 달라요!!,"Dessert/Bakery, Coffee/Drink, Vibe",keyword
정말 소금빵 인정합니다,"Dessert/Bakery, Coffee/Drink",keyword
소금빵 너무너무 맛있네요?,Dessert/Bakery,keyword
이 동네에서 가성비도 괜찮고!,Price,keyword
그리고 이렇게 바쁜데도 정말 친절하시네요ㅠㅠ,"Service, Dessert/Bakery, Coffee/Drink",keyword
일찍가니 줄이 하나도 없어서 좋았어요,Service,keyword
맛있을때 못먹어서 아쉬웠어요,Coffee/Drink,keyword
"에어후라이에 데워 먹으니 별로 
바로 나올때 먹어야했는데","Dessert/Bakery, Coffee/Drink",keyword
식어도 맛있는 소금빵~,Dessert/Bakery,keyword
"적당한 버터맛,",Dessert/Bakery,keyword
이른 아침이라 대기없이  구입했네요.,"Service, Dessert/Bakery, Coffee/Drink",keyword
소금빵덕후의 소금빵 맛보기~,Dessert/Bakery,keyword
맛나고요.,Coffee/Drink,keyword
"한개씩 안파는게 이해가 안되네유,,, 줄도 딱 설명되는게 좋겠어유","Service, Dessert/Bakery",keyword
식어도 맛있는 소금빵!,Dessert/Bakery,keyword
맛있어서 또 사고 싶긴한데 결제 방식은 좀 불편하고..,"Dessert/Bakery, Coffee/Drink",keyword
외국인에게 사기도 힘들고 설명도 날카로우셔서 좀 그렇네요 ㅎㅎ,Service,keyword
보들보들한편,"Dessert/Bakery, Coffee/Drink",keyword
"모호
베통 품절되서 자연도 소금빵 득템 ㅎㅎ
가격 올리지마세요 ^^","Dessert/Bakery, Coffee/Drink, Price",keyword
"성수동 방문하면
꼭 들리는 소금빵집.","Service, Dessert/Bakery, Coffee/Drink, Vibe",keyword
줄 서야 하지만 맛있어요.,"Service, Dessert/Bakery, Coffee/Drink",keyword
집에서 에프 5분 예열에 2분했더니 더 맛나요.,"Dessert/Bakery, Coffee/Drink, Vibe",keyword
집이랑 거리 있어도 에프가 있으니 좋아요.,"Vibe, Coffee/Drink",keyword
겉면부터 부드럽고 버터 풍미가 최고입니다.,"Dessert/Bakery, Coffee/Drink",keyword
"자연도 소금빵은 소금빵 하나만을 고집하며, 그 맛과 품질에 집중하고 있어서 그런지 소금빵 맛이 고급스러워요.","Price, Dessert/Bakery, Coffee/Drink, Vibe",keyword
소금빵은 겉은 바삭하고 속은 부드러운 식감이 특징인데 소금빵은 특히 부드러운 속에서 나오는 버터의 향과 맛이 일품이었네요♡,"Dessert/Bakery, Coffee/Drink",keyword
지금까지 먹은 소금빵 중에 단연 1등입니다,"Dessert/Bakery, Coffee/Drink",keyword
"위에 소금이 많이 뿌려져 있어서 약간 짰는데
소금 빼고 그냥 빵만 먹으면 진짜 최고입니다","Dessert/Bakery, Coffee/Drink, Vibe",keyword
"점심 기준 4개 12,000원이면 합리적인 가격에
맛있는 소금빵 먹을 수 있으니 참고하세요","Price, Dessert/Bakery, Coffee/Drink, Vibe",keyword
성수 소금빵 1등 집입니다,"Dessert/Bakery, Vibe",keyword
줄서서 사먹을만해요,"Service, Dessert/Bakery, Coffee/Drink",keyword
소금빵 맛집!!,Dessert/Bakery,keyword
진짜 버터향이 나를 포근하게 감싸줌..,"Dessert/Bakery, Coffee/Drink",keyword
성수동에서 제일 맛있는 소금빵 맛집!,Dessert/Bakery,keyword
소금빵 좋아한다면 꼭 한 번 들러볼 만한 곳!,"Dessert/Bakery, Coffee/Drink, Vibe",keyword
"바삭한 겉면과 쫀득한 속살이 완벽한 조화를 이루고, 은은한 버터 향이 한 입 베어 물 때마다 퍼져서 만족스러움..","Dessert/Bakery, Coffee/Drink, Price",keyword
직원분들도 친절해서 기분 좋게 방문했어요.,"Service, Dessert/Bakery, Coffee/Drink, Vibe",keyword
유우명한 자연도소금빵 드디어 먹어봤습니다.,"Dessert/Bakery, Coffee/Drink",keyword
대기줄은 있었지만 굉장히 기계식으로 움직이시는 직원들덕에 회전이 빠릅니다.,"Service, Vibe, Coffee/Drink",keyword
버터 향이 미쳤고 부드럽고 너무 맛있습니다,Dessert/Bakery,keyword
사서 바로 하나씩 냠냠 먹고 나머지는 집에가서 다음날 에어프라이어 돌려먹었는데 없어지는게 아쉬웠습니다.,"Vibe, Coffee/Drink",keyword
크기가 작은것도 좀 아쉽더라구요.,Dessert/Bakery,keyword
근데 맛있는만큼 버터가 많이 첨가되어 그런지 좀 느끼할뻔 하기도 해서 작은게 오히려 좋을지도?,"Dessert/Bakery, Coffee/Drink",keyword
성수가면 집에가기전에 들려서 하나씩 포장해가세요,"Price, Dessert/Bakery, Coffee/Drink, Vibe",keyword
줄서먹을만한 맛인지은 잫 모르겟어,"Service, Dessert/Bakery, Coffee/Drink",keyword
"길 가다 소금빵 냄새에 이끌려 갑자기 구매하게
되었네요.","Dessert/Bakery, Coffee/Drink",keyword
"후회할 정도로 먹어본
소금빵중 최고였네요.","Dessert/Bakery, Coffee/Drink, Vibe",keyword
담에도 꼭 사 먹으러 기야겠어요,Coffee/Drink,keyword
유명하다고 해서 친구가  맛보라고 사주네요,"Dessert/Bakery, Coffee/Drink, Vibe",keyword
엄청 기름진 소금빵이에요,Dessert/Bakery,keyword
"성수 나들이 간 김에 구매해 봤는데, 웨이팅도 생각보다 짧고 가격도 합리적이었어요!","Service, Dessert/Bakery, Coffee/Drink, Price",keyword
일단 소금 빵 진짜 맛있습니다,Dessert/Bakery,keyword
줄 서는 이율 이제 앎,Service,keyword
서울 여행갔다가 많은 줄에 이끌려구매했어요~,"Service, Dessert/Bakery, Coffee/Drink",keyword
뭔가 이끌리는 인테리어 그리고 앙증맞은 포장 생각보다 줄은 금새줄어 많이 기다리진않았어요,"Service, Vibe, Price",keyword
집에와서 에어프라이어에 돌려먹었는데 짱 맛나요,"Dessert/Bakery, Coffee/Drink, Vibe",keyword
겉바속촉 그 자체네요~~,Dessert/Bakery,keyword
부산에도 있네요,"Vibe, Coffee/Drink",keyword
먹고나니 손에 온통 기름기가득ㅋㅋㅋ,Coffee/Drink,keyword
소금빵 4개들이 샀는데요,Dessert/Bakery,keyword
웨이팅이 짧아서 바로 구매!!,Service,keyword
집에와서 다음날 먹었는데도 맛남!,"Dessert/Bakery, Coffee/Drink, Vibe",keyword
성수동주민도 잘 못 사먹는다는 소금빵 먹어서 좋네요!!!,"Dessert/Bakery, Coffee/Drink",keyword
빵이 쫄깃한게 맛있어요,Dessert/Bakery,keyword
근데 느끼한거 잘 못드시는 분이면 많이 느끼하다고 느끼실 듯 저는 느끼한거 좋아해서 한번에 3개 먹기 가능,"Dessert/Bakery, Coffee/Drink, Price",keyword
소금빵 맛있어요.!,Dessert/Bakery,keyword
오전 9시 파는시간에 오면 웨이팅 적습니다.,"Service, Dessert/Bakery, Coffee/Drink",keyword
"길에서 하나 뜯어서 먹는데 와… 제 인생 소금빵입니다
ㅠㅜㅜ","Dessert/Bakery, Coffee/Drink",keyword
남은 건 다음날 에어프라이기에 4분 정도 돌렸더니 바로 먹는 거랑 거의 비슷해요,Coffee/Drink,keyword
사람들 줄이 서있길래 한번 먹어보네요.,"Service, Dessert/Bakery, Coffee/Drink, Vibe",keyword
"아내는 맛있다고 하는데
난 특별한 감동(?)은 없었어요","Dessert/Bakery, Coffee/Drink",keyword
울동네 소금빵이 짱이당,Dessert/Bakery,keyword
소금빵 정말 맛있습니다.,Dessert/Bakery,keyword
매장 분위기도 매우 이뻐요,Vibe,keyword
"소금빵 맛집이라해서 성수간김에 줄 살짝스고  사온 소금빵
뭔가  불편하고 실용적이지 못한 주문씨스템^^;;
근데 빵은 아주 맛있네요","Service, Dessert/Bakery, Coffee/Drink",keyword
소금빵 맛집은 인정!,Dessert/Bakery,keyword
근데 멀리서 소금빵먹으러 부러 들리진 않을것같아요,"Dessert/Bakery, Coffee/Drink",keyword
근데 4개 세트 12000원으로만 구매 가능합니다,"Dessert/Bakery, Coffee/Drink, Price",keyword
특출난 맛은 아니나 가성비가 좋고 매장내부가 청결해서 또 이용의사있습니다,"Price, Dessert/Bakery, Coffee/Drink, Vibe",keyword
굿굿 닫을 때쯤 사니 별루 안 기다렸어요,Service,keyword
손으로 잡으면 퐁신하게 잡히는 이 소금빵..,"Dessert/Bakery, Coffee/Drink",keyword
밥 먹고 배터져도 들어가는 이 소금빵..,"Dessert/Bakery, Coffee/Drink",keyword
자연도 소금빵..,"Dessert/Bakery, Coffee/Drink",keyword
안 좋아하는 사람 있을랑가요…?,"Dessert/Bakery, Coffee/Drink, Vibe",keyword
관광객들한테도 유명한지 소금빵을 드시면서 다른 카페 웨이팅을 하시더라구요ㅎㅎ,"Service, Dessert/Bakery, Coffee/Drink",keyword
자연도 소금빵은 눈에 보이면 무조건 사드세요,"Dessert/Bakery, Coffee/Drink",keyword
"집에 포장해와서 20초정도 데워먹었는데 역시
맛있네요.","Price, Dessert/Bakery, Coffee/Drink, Vibe",keyword
빵 맛있는데  좀 기다려야해요,"Service, Dessert/Bakery, Coffee/Drink",keyword
"항상 줄이 너무 길어서 못먹었는데, 오늘은 웨이팅이 전혀 없어서 4개 세트 구입 했습니다.","Service, Dessert/Bakery, Coffee/Drink",keyword
소금빵이 굉장히 기름지고 버터향이 많이 납니다.,"Dessert/Bakery, Coffee/Drink",keyword
단백함을 추구한다면 비추..,"Dessert/Bakery, Coffee/Drink",keyword
저는 굳이 또 줄서서 사먹을 것 같진 않아요.,"Service, Dessert/Bakery, Coffee/Drink",keyword
가격이 좀 비싼데 냄새가 좋아서 구입했어요,"Dessert/Bakery, Coffee/Drink, Price",keyword
"대한민국 전설의 소금빵 맛집, 자연도 소금빵 in 성수🥯
갓 구운 고퀄리티 버터향 가득한 소금빵을 맛볼 수 있고 개당으로는 판매 안하고 1set(4개 12,000원)로만 판매해요!","Dessert/Bakery, Coffee/Drink, Vibe",keyword
포장도 예뻐서 선물용으로도 좋고 사서 바로 먹으면 부드럽고 맛있어요~,"Vibe, Coffee/Drink, Price",keyword
"💕
특히 버터향이 강해서 취향저격이었어요",Dessert/Bakery,keyword
오후 3시쯤 방문했는데 웨이팅이 너무 길어서 저녁 9시쯤 방문했는데 10분밖에 웨이팅 없었어요~,"Service, Dessert/Bakery, Coffee/Drink",keyword
인테리어도 전체적으로 너무 깔끔해서 분위기 내기에도 좋아요~,"Dessert/Bakery, Coffee/Drink, Vibe",keyword
키오스크로 먼저 결제하고 받는 줄 기다려서 픽업하시면 되세요,"Service, Dessert/Bakery, Coffee/Drink, Vibe",keyword
"🙏🏻
회전율이 좋아 받는 빵마다 따뜻해서 쫀득했어요","Service, Dessert/Bakery, Coffee/Drink",keyword
빵 식감은 정말 쫀득하고 맛있어요!,Dessert/Bakery,keyword
지금까지 먹은 소금빵은 가짜였나요…,"Dessert/Bakery, Coffee/Drink",keyword
"🥖
향부터 식감까지 모든게 갓벽하네요","Dessert/Bakery, Coffee/Drink",keyword
"😙
이거 먹으러 성수 올 만합니다","Dessert/Bakery, Coffee/Drink",keyword
줄서서 사는 소금빵 맛집!,"Service, Dessert/Bakery",keyword
자연도 소금빵에 다녀왔습니다.,"Dessert/Bakery, Coffee/Drink",keyword
"대기줄, 빵냄새에 이끌려 구입했네요.","Service, Dessert/Bakery, Coffee/Drink",keyword
메뉴는 한가지라 줄이 금방 사라집니다.,Service,keyword
오래 기다릴거라는 걱정은 하지마세요.,"Service, Dessert/Bakery, Coffee/Drink",keyword
바로 나온 빵은 맛납니다.,"Dessert/Bakery, Coffee/Drink",keyword
그래도 막 나온 빵은 맛납니다.,"Dessert/Bakery, Coffee/Drink",keyword
생각보다 줄이 길지 않아서 금방 받았습니다.,Service,keyword
버터와 소금의 진한맛♡,Dessert/Bakery,keyword
예전부터 성수동에 자연도소금빵 있는 거 알고 있었는데 좀 늦게 이제야 들렸어요,"Dessert/Bakery, Coffee/Drink, Vibe",keyword
원래 성수가 본점인 줄 알았는데 중구가 본점이더라고요?,Service,keyword
주변에서 버터 냄새가 풍기면서 확실히 성수점이 인기가 많더라고요,Dessert/Bakery,keyword
줄도 길었는데 회전율이 빨라서 좋았어요,Service,keyword
성수동 오기 전에 연남동에서 길거리 걷다가 연남점 거 먹어보고 너무 맛있어서 지금까지 먹었었던 소금빵들이 스쳐 지나가면서 소금빵이 이런 거구나라고 생각하면서 감탄한 적이 있었어요,"Dessert/Bakery, Coffee/Drink, Vibe",keyword
연남점에서 사 갔을 땐 포장을 하고 가서 집 가서 먹었기 때문에 빵이 바로 나왔을 때 먹어보고 싶다는 생각이 들어서 소금빵 나오자 마자 바로 먹었는데 완전 바삭하고 맛있었어요,"Price, Dessert/Bakery, Coffee/Drink, Vibe",keyword
4개로 한 세트 말고 1개로도 살 수 있었으면 좋겠어요,"Dessert/Bakery, Coffee/Drink, Vibe",keyword
웨이팅은 짜증나지만   ....,"Service, Coffee/Drink",keyword
갓 나온 빵은 맛있다,"Dessert/Bakery, Coffee/Drink",keyword
자연도 소금빵 처음 먹어보는데 포장도 깔끔해서 선물용으로 좋을 것 같아요.,"Dessert/Bakery, Coffee/Drink, Price",keyword
바삭하고 버터향이 잘 느껴지는게 정말 맛있네요.,"Dessert/Bakery, Coffee/Drink",keyword
가격은 좀 비싼편 4개 12000원,"Dessert/Bakery, Price",keyword
좀 기름지고 버터향이 강해요.,Dessert/Bakery,keyword
커피랑 찰떡궁합,Coffee/Drink,keyword
소금빵마싯..,Dessert/Bakery,keyword
오늘은 줄이 길지 않아서 사먹어 봤는데 인생 소금빵 찾았습니다.,"Service, Dessert/Bakery, Coffee/Drink",keyword
파삭하면서도 버터의 풍미와 짭짤한 맛이 한데 어울어져,"Dessert/Bakery, Coffee/Drink",keyword
이것이야 말로 소금빵이라면 가져야 할 맛이다!,"Dessert/Bakery, Coffee/Drink, Vibe",keyword
생각했습니다.,"Dessert/Bakery, Coffee/Drink",keyword
4개 한세트라 낱개로 구매할 수 없다는게 아쉽다 생각했는데 한개만 샀으면 큰일날 뻔했어요.,"Dessert/Bakery, Coffee/Drink, Vibe",keyword
"🥐소금빵 맛집, 대기없이 바로 구매했어요^^","Service, Dessert/Bakery, Coffee/Drink",keyword
소금빵 맛있어요~,Dessert/Bakery,keyword
사람 없어서 럭키비키 !!!,"Dessert/Bakery, Coffee/Drink, Vibe",keyword
빵은 맛있는데 무조건 4개 1세트로만 사야 하는 점은 맘에 들지 않네요,"Dessert/Bakery, Coffee/Drink, Vibe",keyword
소금빵 4개 세트(12000원),Dessert/Bakery,keyword
맛있긴 하지만 왜이렇게 인기있는지는 잘 모르겠는...?,"Dessert/Bakery, Coffee/Drink, Vibe",keyword
2개 세트도 판매해주셨으면!,"Dessert/Bakery, Coffee/Drink",keyword
9시30분 넘어가면 줄 없이 살수있어요,"Service, Vibe, Coffee/Drink",keyword
"냄새에 홀려 줄을 서게 됐는데 특이하게도 키오스크에 시간별로 결제를 하게 되어있고, 한세트에 무조건 4개씩 팔더라구요!","Service, Dessert/Bakery, Coffee/Drink, Vibe",keyword
대기는 길지 않았고 금방 빵을 받아 바로 먹었더니 버터가 넉넉히 들어갔는지 진짜 맛있었어요,"Service, Dessert/Bakery, Coffee/Drink",keyword
🤤 근데 버터가 손에 잘묻어서 냅킨이나 휴지 있으면 좋겠어용,"Dessert/Bakery, Coffee/Drink, Vibe",keyword
생각보다 회전율이 좋아서 많이 안기다리고 구매했어요!,"Service, Dessert/Bakery, Coffee/Drink",keyword
주말이라 더 사람이 많았던...,"Dessert/Bakery, Vibe",keyword
"그래도 빠르게 진행돼서
오래기다리지않았다.",Service,keyword
"성수동 유명한 소금빵이라해서
줄서서 샀다.","Service, Dessert/Bakery, Coffee/Drink",keyword
"음~~버터가 잔뜩잔뜩~~
간은 잘 맛는듯한데...","Dessert/Bakery, Coffee/Drink",keyword
"소금빵의 특별한 소금맛은 없고
버터맛만...","Dessert/Bakery, Coffee/Drink",keyword
"빵 질감이 질기지않고
겉은 바삭 속은 부드러운데
뭔가...",Dessert/Bakery,keyword
부족한듯한...,"Dessert/Bakery, Coffee/Drink",keyword
"그래도
한번은 먹어볼만하다.","Dessert/Bakery, Coffee/Drink",keyword
"일사분란하게 1세트(4개입) 주문하고 빵 수령하는
줄로 가서 기다렸다 받음!!","Service, Dessert/Bakery, Coffee/Drink, Vibe",keyword
따뜻할때도 맛있지만 식어도 손색없이 맛있었던 맛!!,"Dessert/Bakery, Coffee/Drink",keyword
차 돌려서 다시 갈뻔!!!,Coffee/Drink,keyword
"부산에서 맛있게먹고 성수동놀러갔다 반가워서 구매~
버터맛이 풍부하고 짭쪼롬하니 아주맛남ㅋ","Dessert/Bakery, Coffee/Drink",keyword
"개인적으로는 부산보다 짜더라는~
또먹고싶네요ㅜ",Coffee/Drink,keyword
생각보다 줄이 금방 금방 줄었어요,Service,keyword
집에 와서 먹었는데 바로 먹었으면 더더더 맛있었겠죠? ㅎ,"Dessert/Bakery, Coffee/Drink, Vibe",keyword
다음엔 사서 바로 먹어야지,Coffee/Drink,keyword
대기줄이 있어도 대기시간은 길지않아 빠르게 구입할 수 있습니다.,"Service, Dessert/Bakery, Coffee/Drink, Vibe",keyword
"개인적으로는 느끼하다 생각하는데, 일행들은 엄~청 맛있다며 좋아하네요.","Dessert/Bakery, Coffee/Drink",keyword
금요일 점심 방문했고 대기 그렇게 많지 않앗어요!,"Service, Dessert/Bakery, Coffee/Drink",keyword
가까워지면 빵냄새가 나서 도저히 안사고 지나갈수 없는 냄새🥐🥐🥖🥖🍞🍞🧄사서 바로 먹으면 버터가 완전 풍미 좌르르🧈🧈 다음번에도 가면 또 구매하려구요!,"Dessert/Bakery, Coffee/Drink",keyword
근처에 갔다가 시간이 많이 남아서 갔는데 운좋게 금방 살 수 있었어요.,"Vibe, Coffee/Drink",keyword
블략커피랑 꼭 드세요~~,Coffee/Drink,keyword
버터 가득 들은 소금빵..,Dessert/Bakery,keyword
소금빵 좋아하면 한번 가볼만합니다~!,"Dessert/Bakery, Coffee/Drink",keyword
가격도 4개 12000이면 적당한고같아여,"Dessert/Bakery, Coffee/Drink, Price",keyword
재방문의사 있음~~!,"Service, Vibe, Coffee/Drink",keyword
소금빵 여기도 맛있어요.,Dessert/Bakery,keyword
자연도소금빵 자체는 다 똑같고 담백 짭짤 맛있는 빵!,"Dessert/Bakery, Coffee/Drink",keyword
웨이팅이 좀 있었는데 체계적이라 좋았어요,"Service, Vibe, Coffee/Drink",keyword
소금빵 맛나요,Dessert/Bakery,keyword
늘 줄서는 자연도 소금빵!,"Service, Dessert/Bakery, Coffee/Drink",keyword
직원 분들 일처리가 빨라서 줄이 길어도 금방 금방 빠진답니다 :),Service,keyword
"버터가 흘러내릴만큼 버터리한 소금빵이고, 낱개로는 구매가 불가능한 게 단점인 거 같아요.","Price, Dessert/Bakery, Coffee/Drink, Vibe",keyword
4개에 12000원 세트가 최소 수량입니다.,Dessert/Bakery,keyword
참고하셔서 구매하세요!,"Dessert/Bakery, Coffee/Drink",keyword
맛은 있는데 비싸요ㅠㅠ,"Vibe, Coffee/Drink, Price",keyword
"뜨끈뜨끈할때가 맛있고
하나씩 못사는게 조금 아쉬워요ㅜㅜ","Dessert/Bakery, Coffee/Drink",keyword
버터풍미가 가득한 소금빵 너무 맛있어요 ㅎ,"Dessert/Bakery, Coffee/Drink",keyword
소금빵으로 유명하대서 줄 서서 사왔어요!,"Service, Dessert/Bakery, Coffee/Drink",keyword
하나는 그 자리에서 먹어봤는데 맛있었습니다ㅎㅎ,Coffee/Drink,keyword
성수에 가신면 한 번쯤 들리셔도 좋을 것 같아요!,Dessert/Bakery,keyword
"4개씩 1세트로 12,000원에 팔아요!","Dessert/Bakery, Vibe",keyword
회전률이 빨라서 웨이팅은 없었습니다!,Service,keyword
"소금빵이 머이리 맛있나 싶지만 생각나는 맛,또 먹고싶은 맛이에요","Dessert/Bakery, Coffee/Drink",keyword
빠작빠작하니 맛있어요,"Dessert/Bakery, Coffee/Drink",keyword
다만 무조건 1세트(4개입)에 포장용기 아예 없구 줄 서서 기다리면서 먹을 만큼은 아닌 것 같아용,"Service, Dessert/Bakery, Coffee/Drink, Price",keyword
식어도 맛있는 소금빵 ...,Dessert/Bakery,keyword
직원분들도 넘 친절해용,"Service, Dessert/Bakery, Coffee/Drink",keyword
아우 소금빵 진짜맛있네ㅠ,Dessert/Bakery,keyword
줄도 길고 맛있다고해서 포장했는데 전 잘 빵알못이라ㅋ,"Service, Dessert/Bakery, Coffee/Drink, Price",keyword
버터에 절여진 빵이 정말 맛있습니다.,Dessert/Bakery,keyword
왜 유명한지 알 것 같지만 웨이팅이 길다면 굳이 기다릴 정도까지는 아닌,"Service, Dessert/Bakery, Coffee/Drink",keyword
성수에서 자연도소금빵은 그냥 자나칠 수가 없네요 ㅎㅎ,"Dessert/Bakery, Coffee/Drink",keyword
소금빵 냄새가 정말 좋아요,Dessert/Bakery,keyword
웨이팅 줄 있어도 금방금방 빠져서 기다릴만 해요~~!!,"Service, Dessert/Bakery, Coffee/Drink, Vibe",keyword
4개 묶음으로만 살 수 있다는 게 아쉽긴 합니다!!,"Dessert/Bakery, Coffee/Drink, Vibe",keyword
지금까지 먹은 소금빵은 잊으세요.,"Dessert/Bakery, Coffee/Drink",keyword
전세계 1등 소금빵을 맛보고싶다면 꼭 사드셔보세요.,Dessert/Bakery,keyword
사자마자 먹어야만 제대로 느낄수있지만 포장해가도 에어프라이어로 소금빵을 심폐소생해 먹으면 바로 갓구운 소금빵맛을 느낄수있었습니다.,"Price, Dessert/Bakery, Coffee/Drink, Vibe",keyword
성수동의 핫한 구역에 위치한  자연도소금빵이 왜 줄서는지 먹어보고서야 알수있었습니다.,"Vibe, Service, Position, Coffee/Drink, Price, Dessert/Bakery",keyword
줄을 서더라도 줄을 걸 가치가 있는 소금빵 맛집 추천드려요,"Vibe, Service, Coffee/Drink, Price, Dessert/Bakery",keyword
"유명하다고 해서 기다렸다 사먹어봤는데, 읭...?","Service, Dessert/Bakery, Coffee/Drink",keyword
기름기가 너무 많아서 느끼했...,"Dessert/Bakery, Coffee/Drink",keyword
굳이 기다리면서 먹을 필요는 없는 것 같...,"Service, Dessert/Bakery, Coffee/Drink",keyword
성수동갈때마다 사먹는 소금빵~♡,"Dessert/Bakery, Coffee/Drink",keyword
"직원들하고 먹었는데
 다들 반응이 달라요","Service, Coffee/Drink",keyword
아마 성수동에서 가장 유명한 집중 하나 아닐까요..?,"Dessert/Bakery, Coffee/Drink, Vibe",keyword
마케팅 관련 직업 덕에 성수동에 자주오는데 올때마다 줄이 없으면 항상 한세트씩 사서 오는거 같습니다!,"Service, Dessert/Bakery, Coffee/Drink",keyword
한세트에 네개씩 묶어서 판매하니 친구들과 나눠서 구매하세요~,"Dessert/Bakery, Coffee/Drink, Vibe",keyword
"성수가면 꼭 들르는 자연도소금빵
정말 맛있어요 !","Dessert/Bakery, Coffee/Drink",keyword
대구갈 때 5개씩 사서 냉동해서 데워먹어도 버터향 그대로에요 !,"Dessert/Bakery, Coffee/Drink",keyword
믿고먹는 소금빵,"Dessert/Bakery, Coffee/Drink",keyword
줄서는 이유가 있었네요,"Service, Vibe, Coffee/Drink",keyword
좀 느끼하고 짭짤해요,"Dessert/Bakery, Coffee/Drink",keyword
소금빵 맛나요.,"Dessert/Bakery, Coffee/Drink",keyword
줄서지만 바로바로 살 수 있어 좋았습니다.,"Service, Vibe, Coffee/Drink",keyword
12월 31일 오후 4시에 방문했습니다.,"Service, Dessert/Bakery, Coffee/Drink",keyword
3시반 타임 빵이 다행히 남아있어서 구매했습니다.,"Dessert/Bakery, Coffee/Drink, Vibe",keyword
소금빵은 역시나 맛있네요,"Dessert/Bakery, Coffee/Drink",keyword
성수갈때마다 늘 줄서있는 모습을 보고 얼마나 맛있나 궁금했는데 드디어 먹어봤네요~,"Service, Dessert/Bakery, Coffee/Drink, Vibe",keyword
기다리면서도 버터향 가득한 냄새에 군침이 돌드라구요!,"Service, Dessert/Bakery, Coffee/Drink",keyword
먹어본결과 역시 버터맛 가득하고 고소하네요~,"Dessert/Bakery, Coffee/Drink",keyword
겉에 뿌려진 소금?,Dessert/Bakery,keyword
이 조금 짭짤했지만 맛있게 먹었어요!,Coffee/Drink,keyword
사람이 엄청 많은데도 직원분들이 친절하게 응대해주셔서 더더욱 기분이 좋았어요~,"Service, Dessert/Bakery, Coffee/Drink, Vibe",keyword
조금 비싸지만 맛있어요!,Price,keyword
버터향이 가득해요,"Dessert/Bakery, Coffee/Drink",keyword
"🫶🏻
주문하고 대기하는 줄에 서있으면 줄이 금방 빠져요","Service, Dessert/Bakery, Coffee/Drink, Vibe",keyword
다음에 또 사먹을게요,Coffee/Drink,keyword
항상 줄이 길어서 궁금했었는데 드디어 먹어봤어요!,"Service, Dessert/Bakery, Coffee/Drink",keyword
엄청 기다려야 할 줄 알았는데 생각보다 진짜 빨리 나오더라고요.,"Service, Dessert/Bakery, Coffee/Drink",keyword
포장도 예쁘게 해주셔서 선물용으로 하나 더 샀습니다!,"Price, Dessert/Bakery, Coffee/Drink, Vibe",keyword
4개부터 살 수 있는 게 좀 아쉽다고 생각했지만 먹어보니 4개 사길 잘했다는 생각이 들었습니다,"Dessert/Bakery, Coffee/Drink, Vibe",keyword
"😂
전에 일본에서 먹었던 소금 빵이랑 비슷한 맛에 감동했습니다ㅠㅠ","Dessert/Bakery, Coffee/Drink",keyword
대기 할 가치가 있었어요!,"Vibe, Service, Coffee/Drink, Price, Dessert/Bakery",keyword
다음날에 먹어도 맛있지만 당일에 먹는 것이 당연히 좋네요.,Coffee/Drink,keyword
빵이 쫄깃해요,Dessert/Bakery,keyword
믿고 먹는 자연도소금빵!!,"Dessert/Bakery, Coffee/Drink",keyword
"🥐
성수점은 두번째인데 항상 생각하는것이
결제줄을 따로 해놔서 빠르게 빵을 받아볼수있다는것이
너무 좋은 아이디어같아요!!","Service, Dessert/Bakery, Coffee/Drink, Vibe",keyword
"사람이 엄청 많은데 금방금방 빠져서 항상 10분이내로
받는거같아요~","Dessert/Bakery, Vibe",keyword
"👍👍👍
고소하면서 바삭하고 촉촉하고 부드러운 소금빵 사랑합니다","Dessert/Bakery, Coffee/Drink",keyword
"음,,, 글쎄,,,바로 먹어야 맛있는거겠죠,,,? ㅠ",Coffee/Drink,keyword
구매하자마자 먹었는데 폭신폭신하니 맛있어요!!!,"Dessert/Bakery, Coffee/Drink",keyword
부드러운 소금빵이에요~~~,Dessert/Bakery,keyword
성수에 있는 유명한 소금빵집이라구 해서 가봤어용,"Dessert/Bakery, Coffee/Drink, Vibe",keyword
사람이 진짜 많더라구용,"Dessert/Bakery, Vibe",keyword
하지만 고소한 빵 냄새에 홀려서 바로 웨이팅 했답니다 줄 금방 빠지니까 번호표 받구 바로 옆에 줄서서 기다리세용ㅎㅎ,"Service, Dessert/Bakery, Coffee/Drink",keyword
줄서세요.,Service,keyword
결제/픽업라인 따로 있습니다.,"Service, Vibe, Coffee/Drink",keyword
대기 금방 줄어듭니다.,Service,keyword
평일 오전에 가서 드뎌 구매했어요!!,"Dessert/Bakery, Coffee/Drink",keyword
버터향과 소금의 향이 어울리는 최고의 소금빵이라고 생각합니다!,"Dessert/Bakery, Coffee/Drink",keyword
조금 더 느끼해 진거 같아요,"Dessert/Bakery, Coffee/Drink",keyword
소금빵 넘 마싯어요,Dessert/Bakery,keyword
"지난번 줄 길어서 포기했는데 
옆에 계산 먼저하고 줄서면 
생각보다 금방 포장해서 넘어가니 순번이 상당히 빨리 옵니다","Service, Dessert/Bakery, Coffee/Drink, Price",keyword
그리고 제가 찾아 헤메던 버터자륵바삭고소한 그 소금빵..,"Service, Dessert/Bakery",keyword
거래처 나누ㅜ주고 몇봉 챙겨왔는데 한봉만 사면 아쉬운맛입니다 .. ㅜ,"Dessert/Bakery, Coffee/Drink",keyword
집에서 데워먹어도 맛있고 식어도 맛있고 사라질때마다 아쉽습니다,"Vibe, Coffee/Drink",keyword
"너무 마시쩡👍
소금빵집은 많아도 이맛은 없죵",Dessert/Bakery,keyword
줄설만한 가치가 있습니다,"Vibe, Service, Coffee/Drink, Price, Dessert/Bakery",keyword
자연도 소금빵 모르는 사람 없게 해주세요..,"Dessert/Bakery, Coffee/Drink, Vibe",keyword
소금빵 좐맛,Dessert/Bakery,keyword
키오스크줄과 픽업줄이 나눠져있어서 줄은 섰지만 생각보다 빨리 구매함~~다른매장 소금빵보다는 쫄깃쫄깃해서 좋당~~,"Service, Dessert/Bakery, Coffee/Drink, Vibe",keyword
버터도 굉장히 많이 들어간거 같음.,Dessert/Bakery,keyword
정도는 아니지만 가끔 생각은 날듯~~,Coffee/Drink,keyword
"빵이 나온 즉시가 정말 맛있고, 그 뒤로 30분정도는 식으면 더 기름기?","Dessert/Bakery, Coffee/Drink, Vibe",keyword
가 지는 거 같아요!!,Dessert/Bakery,keyword
그래도 소금빵 좋아하게 된 계기를 만들어준 곳이라 가끔씩 사먹어요!,"Dessert/Bakery, Coffee/Drink, Vibe",keyword
🥐🥐🥐🥐 성수는 참 사람이 많아요...,"Dessert/Bakery, Vibe",keyword
"매번 지나가다 냄새에 홀렸는데,
오늘 처음 사먹어봤어요!",Coffee/Drink,keyword
"사온 당일에 먹지 못했는데
다음날 먹어도 짱 맛!!","Dessert/Bakery, Coffee/Drink",keyword
당일에 먹었으면 더 맛있었을 것 같아요!,"Dessert/Bakery, Coffee/Drink",keyword
맛있게 잘 먹었습니다 :),Coffee/Drink,keyword
소금빵찐맛집,"Dessert/Bakery, Vibe",keyword
"줄서서 먹을만큼 맛있진 않구 그냥
말그대로 빵이에요","Service, Dessert/Bakery, Coffee/Drink",keyword
버터가 남다른 맛의 소금빵 굿,Dessert/Bakery,keyword
"버터좔좔
맛있어요",Dessert/Bakery,keyword
추운데 줄이 길고 4개씩 살 수 있어요.,"Service, Dessert/Bakery, Coffee/Drink, Vibe",keyword
소금빵이 겨울이라 긍가 받자마자 바로 먹었는데 차가와서 아쉽긴하네요,"Dessert/Bakery, Coffee/Drink",keyword
성수 거리를 지나다보면 향긋한 버터향에 그냥 지나칠 수 없는 자연도 소금빵!!,"Dessert/Bakery, Coffee/Drink",keyword
오늘도 홀린 듯  키오스크 앞에서 주문하고 있는 자신을 발견...,"Service, Dessert/Bakery, Coffee/Drink, Vibe",keyword
전에 왔을때 직원분이 너무 불친절하셔서 계속 영종도로만 갔다가 오늘 간만에 방문했는데 걍 ㄱㅊ았어요 빵은 걍 졸라맛있음,"Service, Dessert/Bakery, Coffee/Drink, Vibe",keyword
근데 여기 사람들이 줄을 꽤 서있는데 차도쪽으로 서야해서 좀 위험해요,"Service, Dessert/Bakery, Coffee/Drink, Vibe",keyword
"결제줄 픽업줄 따로 있긴한데 효율 굿
추천합니다!!","Service, Dessert/Bakery, Coffee/Drink, Vibe",keyword
평일 10시에 도착하니 대기없이 바로 구매할 수 있었어요,"Service, Dessert/Bakery, Coffee/Drink, Vibe",keyword
포장도 예쁘고 소금빵 매니아라면 한번쯤 꼭 맛봐야해요,"Price, Dessert/Bakery, Coffee/Drink, Vibe",keyword
나의 인생소금빵은 아니었던걸로,"Dessert/Bakery, Coffee/Drink",keyword
"👍
성수 갈때마다 사오는 곳👍👍","Dessert/Bakery, Coffee/Drink, Vibe",keyword
괜찮은것 같아요,Dessert/Bakery,keyword
"그냥 지나가다가 우연히 들렀는데
4개에 12000원이라 좀 비싼감이 있는뎊 했지만 너무 맛있었어요","Price, Dessert/Bakery, Coffee/Drink, Vibe",keyword
나왔을때 바로 먹으니까 진짜 맛있구 식어도 맛있어용,Coffee/Drink,keyword
줄서서먹는곳임♡,"Service, Vibe, Coffee/Drink",keyword
에어프라이어 돌려 먹으면 넘 맛나요,Coffee/Drink,keyword
사실 기대안하고 샀는데 증맬루 맛있었습니다,"Dessert/Bakery, Coffee/Drink",keyword
"😋
아마 간이 짭쪼롬해서인거 같아요 ㅎㅎㅎ","Dessert/Bakery, Coffee/Drink",keyword
빵맛있어오.,"Dessert/Bakery, Coffee/Drink",keyword
말해뭐해요!,"Dessert/Bakery, Coffee/Drink",keyword
여기아니면 이제 소금빵 못먹어요!!ㅎㅎ,"Dessert/Bakery, Coffee/Drink",keyword
여자친구 선물로 사줬어요,"Vibe, Price",keyword
"🎁🥐
간이 좋다고 하네용","Dessert/Bakery, Coffee/Drink",keyword
"웨이팅 있지만 테이크아웃 전문이라
금방 줄더라구요!","Service, Vibe, Coffee/Drink",keyword
"갓 구운 소금빵 먹을 수 있어
좋았습니다 :) 꽤 맛있네용!","Dessert/Bakery, Coffee/Drink, Vibe",keyword
내가 젤 좋아하는 소금뽱,"Dessert/Bakery, Coffee/Drink",keyword
소금빵 1티어ㅠ🥐❤️❤️❤️,"Dessert/Bakery, Coffee/Drink",keyword
인생 소금빵…! ㅠㅠㅠ,Dessert/Bakery,keyword
받자마자 갓구운거 먹는게 제일 맛있지만 다음날 먹어도 맛있는…🤍🤍🤍,Coffee/Drink,keyword
갓구운 소금빵 꼭 드셔보세요,Dessert/Bakery,keyword
"맛은 있는 개인적으로 버터가  많은감이 ㅠㅠ
1개는 못사고 4개씩 사야되는겆같아요...","Dessert/Bakery, Coffee/Drink, Vibe",keyword
"익선동에서 먹어보고
이번엔 성수동에서~
고소하고 맛있습니다",Coffee/Drink,keyword
빵 마싯어용ㅎㅎ,Dessert/Bakery,keyword
"언제나 맛있는 자연도✨️
우연히 팝업에서 먹어보고 늘 사게되요",Coffee/Drink,keyword
소금빵이 너무 맛있어요!,Dessert/Bakery,keyword
결제 줄과 픽업 줄이 따로 있어서 관리도 잘 되는 것 같아요!,"Service, Dessert/Bakery, Coffee/Drink, Vibe",keyword
"여기랑 런던베이글뮤지엄, 헤이티 등 갈곳이 많네요",Vibe,keyword
당일에 먹는게 가장 맛있는것같아요,"Dessert/Bakery, Coffee/Drink",keyword
2개씩도 팔아주셨으면합니다,"Dessert/Bakery, Coffee/Drink",keyword
소금빵이 정말 맛있지만 기대보다는 평범해요,"Dessert/Bakery, Coffee/Drink",keyword
늘어진 웨이팅 대기줄에 기대도 한껏 올라갔네요,Service,keyword
😊 결제와 제품제공이 순식간에 이루어져서 줄 자체는 스피디하게 줄어드니 부담없이 웨이팅하셔도 괜찮아요^.^,"Service, Dessert/Bakery, Coffee/Drink",keyword
"음료도 맛있고
빵도  정말 맛있어요~~","Dessert/Bakery, Coffee/Drink",keyword
소금 빵 맛있게 먹고 갑니다,"Dessert/Bakery, Coffee/Drink",keyword
버터 좔좔 소금빵 원탑 맛집,Dessert/Bakery,keyword
👍🏻버터 향이랑 맛 미침.,Dessert/Bakery,keyword
버터가 빵에 깊게 스며들어 완전 촉촉 좔좔 느낌 / 바닥면 빠삭,Dessert/Bakery,keyword
"👎🏻아침에도 웨이팅,,~~ 토요일 오전 10:50 기준 10분 대기 후 수령!",Service,keyword
결제줄과 수령줄 다르니 꼭 결제 완료 후 수령줄에서 줄서기!,Service,keyword
지난주에 지나가다 줄이 엄청 길어서 다음에 올때 사봐야겠다고 생각했는데 이번주엔 오전에 일찍 지나갔더니 줄이 짧아서 소금빵 샀어요,"Service, Dessert/Bakery, Coffee/Drink",keyword
먹어보니 왜 줄서서 사먹는지 알겠네요,"Service, Coffee/Drink",keyword
세상에서 제일 맛있는 소금빵이에요!,Dessert/Bakery,keyword
담에 또 먹고싶어요,Coffee/Drink,keyword
성수동에서 소금빵으로 가성비 좋은 곳.,"Price, Dessert/Bakery, Vibe",keyword
버로 먹음,Coffee/Drink,keyword
맛있으니 사자마자 먹는 사람들이 많은데 그래서 항상 가게 주변은 포장지 끈으로 지져분 합니다.,"Dessert/Bakery, Coffee/Drink, Vibe",keyword
가게에서 성수동에 청소비 내셔야 할듯,"Dessert/Bakery, Coffee/Drink, Vibe",keyword
입소문때문에 샀지만 4개씩이나 사야되는게 불편해요,"Dessert/Bakery, Coffee/Drink",keyword
월요일 오전이라 줄이 별로 없었어요,Service,keyword
줄서기 시작하면 외국인관광객들까지 몰려서 갑자기 줄이 확 길어져요,"Service, Dessert/Bakery, Coffee/Drink",keyword
고소한 버터내음이 지나치기 힘들고 갓 구워나온 따뜻한 소금빵 한입 베어물면 그 자리에서 순삭이에요,"Dessert/Bakery, Coffee/Drink",keyword
샌드위치로 만들어 먹어보고 싶었는데 그전에 다 먹어버렸네요,"Dessert/Bakery, Coffee/Drink, Vibe",keyword
소금빵 진짜 대박맛잇어요,Dessert/Bakery,keyword
"가성비도 좋고
진짜 최고",Price,keyword
빵이 존맛입니다,Dessert/Bakery,keyword
웨이팅도 많이안하고 줄이 긴데 은근히 빨리 빠져서 좋아요!,"Service, Dessert/Bakery, Coffee/Drink",keyword
📌소금빵 정석이에요,Dessert/Bakery,keyword
"소금빵 진짜 미쳤어요,,,,🥐
커피에 먹으니까 도라방쓰","Dessert/Bakery, Coffee/Drink",keyword
"성수동 소금빵 성지 자연도 소금빵 웨이팅하고
받았어요.","Service, Dessert/Bakery, Coffee/Drink",keyword
토요일 방문이라 웨이팅이 엄청났어요.,Service,keyword
포장도 너무 예쁘고 맛있게 먹었던 자연도 소금빵이었어요.,"Price, Dessert/Bakery, Coffee/Drink, Vibe",keyword
"세트로밖에 판매를 하지 않는 게 좀 당황스러웠지만
그냥 나온 김에 사봤어요","Dessert/Bakery, Coffee/Drink, Vibe",keyword
그치만 동네 소금빵 맛집에 비해 아주 특출난 건 모르겠습니다..,Dessert/Bakery,keyword
평일 이른 점심시간이라 웨이팅없었어요,Service,keyword
소금빵 4개 12000원 포장해서 커피와 먹었어요~,"Dessert/Bakery, Coffee/Drink, Price",keyword
겉바 속촉 맛있네요,Dessert/Bakery,keyword
살짝 느끼하지만 맛있어요,"Dessert/Bakery, Coffee/Drink",keyword
월요일 점심시간쯤 갔는데 줄은 섰지만 많이 기다리지 않고 살 수 있었어요,"Service, Vibe, Coffee/Drink",keyword
🥐 골목 전체가 맛있는 소금빵 냄새로 가득합니다✨,"Position, Dessert/Bakery, Coffee/Drink, Vibe",keyword
"맨날 지나가다 사람 많이 
줄 서있는것만 봤는데 오늘은 덜 붐벼서 샀어요","Service, Dessert/Bakery, Coffee/Drink, Vibe",keyword
"소금빵 1-2개만 사고싶었는데
강제로 4개씩만 파네요 ㄷㄷㄷ","Dessert/Bakery, Vibe",keyword
빵은 맛있어요,Dessert/Bakery,keyword
자연도 소금빵집 워낙유명하니...,"Dessert/Bakery, Coffee/Drink",keyword
4개에 12000원 1묶음 판매만 하니.,"Dessert/Bakery, Coffee/Drink",keyword
사려면 무조건 4개사야하는게 조금 억지 스럽다는 생각을 해본적  있지만..,"Dessert/Bakery, Coffee/Drink, Vibe",keyword
먹어보면..,Coffee/Drink,keyword
"그냥일단 뜯으면 2개는 순삭이라 ㅎ 이제는 그런생각이 전혀 안든다 ㅎㅎ
 여기저기 유명하단 소금빵집은 대부분먹어보았는데...","Dessert/Bakery, Coffee/Drink, Vibe",keyword
뭐니뭐니해도  정말  클래식한 소금빵맛은 자연도가 최고인듯.,"Dessert/Bakery, Coffee/Drink",keyword
아직까지는  내맘속 탑 3안에 드는 소금빵집-!!!,"Dessert/Bakery, Coffee/Drink",keyword
줄이길어도 여긴 테이크아웃 밖에안되고  단일메뉴라 대기줄 금방 줄어드니  겁먹지말고?!,"Service, Vibe",keyword
줄서서 사셔도 될듯. ㅎㅎ,Service,keyword
영종도에서 유명한 자연도소금빵..,"Dessert/Bakery, Coffee/Drink",keyword
성수에 볼일있어,"Vibe, Coffee/Drink",keyword
간김에 있길래 먹었어요 ㅋㅋ,"Vibe, Coffee/Drink",keyword
자연도 소금빵 말모말모~!~,"Dessert/Bakery, Coffee/Drink",keyword
많은 줄에 겁먹지 마셔요 5분이면 빠지니까 너무 좋아유~!~~,Service,keyword
소금빵 너무 좋아해서 이곳저곳 먹으러 다니는데 여기도 너무 맛있어요! :),"Dessert/Bakery, Coffee/Drink",keyword
비가 와서 그랬는지 저녁 때 쯤엔 대기줄이 거의 없어서 바로 결제하고 바로 받을 수 있었어요.,"Service, Dessert/Bakery, Coffee/Drink, Vibe",keyword
남는거없이 딱 2개만 먹어보고 싶었는데 4개 1봉지 셋트밖에 없어서 아쉬워요.,"Dessert/Bakery, Coffee/Drink",keyword
집에 오니 조금 눌리긴 했어도 바로 나온 빵 못지않게 맛있긴하네요.,"Dessert/Bakery, Coffee/Drink, Vibe",keyword
다음에 성수 갈 일있을 때 대기줄이 많이 없다면 다시 사볼만한거같아요.,"Service, Dessert/Bakery, Coffee/Drink, Vibe",keyword
버터가득 부드러운 소금빵이예요,Dessert/Bakery,keyword
"4개 한세트 12,000원
넘 맛있어요!!!",Dessert/Bakery,keyword
대존맛 버터좔좔 소금빵,Dessert/Bakery,keyword
구매 후 다음날 먹어도 맛있네요ㅎㅎ,Coffee/Drink,keyword
"인테리어도 이쁘고 포장도이쁘고
맛있을거같아요 ㅎㅎ","Price, Dessert/Bakery, Vibe",keyword
아침부터 줄.,Service,keyword
서 있던 일본 관광객들..,"Vibe, Coffee/Drink",keyword
"가만 보니 티비에서 봤던 성수동 그 소금빵집 ㅋㅋ
엄청 크고 바삭했는데 많이 버터리하긴 하네요.","Service, Dessert/Bakery, Coffee/Drink",keyword
을왕리에서 처음 먹고 반했는데..,Coffee/Drink,keyword
성수동 놀러갔다가 있길래 사왔어요.,"Dessert/Bakery, Coffee/Drink, Vibe",keyword
식어도 맛있고 오븐에 살짝 구워먹어도 넘 맛있어요,Coffee/Drink,keyword
소금빵 구매해 보았어요,"Dessert/Bakery, Coffee/Drink",keyword
버터향 많이나고 부드러웠어요ㅎㅎ,"Dessert/Bakery, Coffee/Drink",keyword
사서 바로 4개 순삭~,Dessert/Bakery,keyword
먹어봤습니다,Coffee/Drink,keyword
소금빵 이튿날 식어도 맛있음.,Dessert/Bakery,keyword
따뜻하게 데워서 먹으면 더 맛있을것 같음.,"Dessert/Bakery, Coffee/Drink",keyword
빵이 맛있어서 자주 갑니다.,Dessert/Bakery,keyword
성수동 유명한 소금빵집 맛은 좋습니다.,"Dessert/Bakery, Coffee/Drink",keyword
버터향이 좋습니다. ㅎ,Dessert/Bakery,keyword
"소금도 많이, 버터도 많이 라 맛이 없을 수가 없는 !",Dessert/Bakery,keyword
"웨이팅줄이 꽤 길어 볼수밖에 없는 곳🥐
소금빵 질감은 하드하지 않고 버터에 듬뿍 절여 녹진한 맛
갓구운 빵을 주시다보니 바로 먹는게 제일 맛있고 퐁실퐁실한 편이라 눌리면 그대로 숨이 죽는 것 같아요.","Service, Dessert/Bakery, Coffee/Drink, Vibe",keyword
웨이팅 줄에 비해 픽업은 생각보다 빨랐습니다.,"Service, Dessert/Bakery, Coffee/Drink",keyword
"소문처럼 줄이 엄~~~청 길었지만 빵 나오는
시간에 맞추어 갔어요","Service, Dessert/Bakery, Coffee/Drink",keyword
따뜻한 소금빵을 바로 먹으니 좋더라구요,"Dessert/Bakery, Coffee/Drink",keyword
바로 먹어야 맛나요,Coffee/Drink,keyword
소문이 자자한곳이라 가보았어요!,"Dessert/Bakery, Coffee/Drink, Vibe",keyword
다행히 기다림이 길지 않고 줄이 빨리 빠지더라구요.,Service,keyword
친구한테 여기 소금빵이 최고라고 기다려서 사줬습니댜~~!!,"Service, Dessert/Bakery, Vibe",keyword
"한세트 4개 12,000원 구매했어요!","Dessert/Bakery, Coffee/Drink",keyword
친구가 먹어보고 존맛탱이라고 고맙다고 하더군요,"Dessert/Bakery, Coffee/Drink, Vibe",keyword
"헤헤
담에도 또 기다려서 먹을겁니댜~~~","Service, Coffee/Drink",keyword
"12000원
2세트무조건사시길!!",Dessert/Bakery,keyword
역시 자연도 소금빵…👍,"Dessert/Bakery, Coffee/Drink",keyword
많이 기름지긴 하나 한번쯤 먹을만 해요,"Dessert/Bakery, Coffee/Drink",keyword
"늘 웨이팅하는 곳이지만, 금방  줄어들어서 기다려봅니다ㅎㅎ","Service, Dessert/Bakery, Coffee/Drink, Vibe",keyword
"역시   부드너움과   버터의  고소함이   
맛나다   ㅎㅎ",Dessert/Bakery,keyword
좋아하는 소금빵집,"Dessert/Bakery, Vibe",keyword
"소금빵이 거기서거기지 왠줄을 저렇게서냐
라고 생각했던1인입니다","Service, Dessert/Bakery, Coffee/Drink",keyword
오늘은 줄이 많이없길래 서봤지요,Service,keyword
금새 제뒤로 줄줄이 이어지네요ㅎㅎㅎ,Vibe,keyword
타이밍이좋았나봅니다,Coffee/Drink,keyword
"😋😋😋
줄서서먹는이유가 다 있구나아","Service, Vibe, Coffee/Drink",keyword
"항상 줄이 어디까지인지 확인해봐야하는 자연도 소금빵
주변까지 향긋한 버터냄새가 코를 자극하고 소금빵치고는 비교적?","Service, Dessert/Bakery, Coffee/Drink",keyword
저렴한 가격에 맛도 일품!,Price,keyword
그래도 줄이 빨리 줄어드는 편이라 버틸만 함ㅋ,"Service, Dessert/Bakery, Coffee/Drink",keyword
📍소금빵,Dessert/Bakery,keyword
줄이 길어보이지만 금방 줄어서 웨이팅시간이 길지 않은 점 좋았습니다!,"Service, Coffee/Drink",keyword
소금빵 나오는 시간과 별개로 11시반쯤 가도 구매는 가능했습니다.,"Price, Dessert/Bakery, Coffee/Drink, Vibe",keyword
차가울 때랑 따듯할 때 맛의 차이가 꽤 있다고 느껴져서 데워먹는 거를 추천드려요!,"Dessert/Bakery, Coffee/Drink, Vibe",keyword
"무조건 4개 단위 구매, 
주말에도 웨이팅은 긴데 오래 걸리지 않은편이에요","Service, Dessert/Bakery",keyword
"4개 1세트 12000원 
담백하고 맛있어요!",Dessert/Bakery,keyword
따듯하게 데워먹어야 아주 맛있을듯,Coffee/Drink,keyword
1등 소금빵 자연도!,"Dessert/Bakery, Coffee/Drink",keyword
따뜻할 때 식었을 때 모두 맛있어요,"Dessert/Bakery, Coffee/Drink",keyword
오랜만에 먹었는데 맛도 그대로 인기도 그대로네요,Coffee/Drink,keyword
평일 저녁 6시 타임인데 줄이 길었어요,Service,keyword
그치만 줄이 길 땐 그만큼 포장에 속도가 붙는 거 같기도 하네요 ㅎ,"Service, Dessert/Bakery, Coffee/Drink, Price",keyword
"자연도 소금빵
말해뭐해","Dessert/Bakery, Coffee/Drink",keyword
정말 유명한 곳이지요ㅎㅎ,"Dessert/Bakery, Coffee/Drink, Vibe",keyword
"오늘은 성수매장으로~~
항상 웨이팅은 기본
소금빵은 역쉬 자연도가 최고예요","Vibe, Service, Position, Coffee/Drink, Dessert/Bakery",keyword
"😍
겉바삭 속은 버터 가득
최애 소금빵입니다^^",Dessert/Bakery,keyword
줄 서서 살 정도는 아닌거 같습니당..,"Service, Dessert/Bakery",keyword
완전 공장처럼 포장이 착착착.,Price,keyword
방금 나온 따끈한 소금빵의 유혹을 이길 수 없어서 길빵을 해 버림...,"Dessert/Bakery, Coffee/Drink",keyword
매번 성수 갈때마다 구매하는 소금빵 맛집,"Dessert/Bakery, Coffee/Drink",keyword
소금빵 맛집 드디어 와봤어요!,"Dessert/Bakery, Coffee/Drink",keyword
맛난 소금빵 겓또,Dessert/Bakery,keyword
"사람들이 줄 서서 사고 냄새도 너무 좋길래 홀리듯 구매
줄이 좀 있었는데 금방금방 줄어서 빠르게 받았어요","Service, Dessert/Bakery, Coffee/Drink, Vibe",keyword
"먹어본 소금빵중에 버터향 제일 진하고 바닥도 약간 바삭
소금빵 그닥 좋아하지는 않는데 여기껀 또 사먹을거같아요","Dessert/Bakery, Coffee/Drink",keyword
소금빵이 가성비대비 맛이 아주 좋아요.,"Dessert/Bakery, Price",keyword
웨이팅도 토요일 기준 10분 안으로 살 수 있었어요.,"Service, Vibe, Coffee/Drink",keyword
오전에 많이 안기다리구,Service,keyword
소금빵 샀어용~,Dessert/Bakery,keyword
혼자서도 4개 순삭 가능 ㅎㅎ,"Dessert/Bakery, Price",keyword
성수동 소금빵 포장해 갑니다.,"Dessert/Bakery, Coffee/Drink, Price",keyword
사람진짜 많고 처음에 키오스크로 결제하고 줄서는지 몰라서 다시 결제하고 서느라 30분이상은 걸린것같아요,"Service, Dessert/Bakery, Coffee/Drink, Vibe",keyword
소금빵 맛있습니다,Dessert/Bakery,keyword
근데 줄이 너무 길어서 다음에 갈지는 잘모르겠네요,Service,keyword
운 좋게 빵 나오는 시간에 맞춰서 가서 금방 받았어요,"Dessert/Bakery, Coffee/Drink",keyword
길 가다가 사람들 줄 서있길래 따라서 사봤습니다,"Service, Dessert/Bakery, Coffee/Drink, Vibe",keyword
구입 후에 바로 먹었을땐 배불러서 그런가,Coffee/Drink,keyword
"그냥 그랬는데 
다음날 아침 식은 상태에서 먹었는데 풍미가 장난 아니네요",Coffee/Drink,keyword
사람들이 줄 서있는 이유를 알것 같습니다,"Service, Dessert/Bakery, Coffee/Drink, Vibe",keyword
줄서서 사먹었는데 단일메뉴라서 줄은 금방 빠지는데 모형빵에 파리가 왔다리 갔다리 좀 그랬어요.,"Service, Dessert/Bakery, Coffee/Drink",keyword
시간대별로 갓구워 나오는 시간이 있어서 이 시간 전에 가서 구매하고 대기했다가 받는게 가장 좋더라구요.,"Service, Dessert/Bakery, Coffee/Drink, Vibe",keyword
저는 12시 30분에 갓구워나온거 나오는 시간인데 12시 33분에 갔더니 이미 수령하는데 줄이 ㅎㅎ 그래도 10-15분 내외에 바로 수령했어요!,"Service, Dessert/Bakery, Coffee/Drink",keyword
정작 제가 구매한 빵 봉지만 찍고 내용물을 안찍었는데 매장 안에 찍은 사진의 빵 모양과 동일하다고 보시면 돼요!,"Dessert/Bakery, Coffee/Drink, Vibe",keyword
그리고 소금빵 맛없는곳도 많은데 유명한만큼 담백하게 맛있더라구요!,"Dessert/Bakery, Coffee/Drink, Vibe",keyword
"빵은 낱개 구매는 불가하고 4개 1세트로만 판매하니까 참고하시고, 구매 줄이랑 수령하는 줄이랑 다르니까 수령하는 줄에 한참 기다리셨다가 구매 못하는 경우 생기니까 키오스크에서 먼저 구매 후에 영수증 가지고 수령하는 줄을 따로 서는거니까 꼭!","Service, Dessert/Bakery, Coffee/Drink, Vibe",keyword
참고하세요! ㅎㅎ,"Dessert/Bakery, Coffee/Drink",keyword
"한박스씩 판매
12,000원이라는 가격에 등돌렸으나
솔솔 나는 버터향과 긴줄에 굴목하여 구매.","Service, Dessert/Bakery, Coffee/Drink, Price",keyword
결과는 매우 만족스러웠다,Price,keyword
굳이 찾아올 정도는 아니지만 주변 들른다면 반드시 들러 사 갈거같다.,Dessert/Bakery,keyword
토요일 11시30분구입했음.,"Dessert/Bakery, Coffee/Drink",keyword
9시 빵.,Dessert/Bakery,keyword
바로 그자리에서 하나먹었으나 따뜻함없었음..,"Dessert/Bakery, Coffee/Drink",keyword
영종도 자연도가 더 향과 맛이 강함,Coffee/Drink,keyword
굳이 줄서서 먹을 이유가..?  ;,"Service, Coffee/Drink",keyword
오랜만에 성수동 나들이가서  소금빵 사왔어요,"Dessert/Bakery, Coffee/Drink",keyword
이른 시간이라 대기없이 바로 구매했습니다,"Service, Dessert/Bakery, Coffee/Drink",keyword
방금 구워져나와서 따끈해서 맛있었어요,Coffee/Drink,keyword
지인분께서 추천해주셨는데 진짜 맛있었어요,"Dessert/Bakery, Coffee/Drink, Vibe",keyword
재구매의사 있습니다!,"Vibe, Coffee/Drink",keyword
"소금빵을 너무 좋아하는데
진짜 인생 소금빵이에요..",Dessert/Bakery,keyword
광주에도 오픈해주세요,"Dessert/Bakery, Coffee/Drink",keyword
가까우면 또 가서 사먹고 싶은 소금빵입니다.,"Dessert/Bakery, Coffee/Drink",keyword
줄선 보람이있네요.,"Service, Vibe, Coffee/Drink",keyword
소금빵 잘 먹었습니다!,"Dessert/Bakery, Coffee/Drink",keyword
성수나 압구정 가면 아이들 간식으로 사오는 소금빵 버터향 좋고 빵도 부드럽다,"Dessert/Bakery, Coffee/Drink",keyword
중독성이있습니다.,"Vibe, Coffee/Drink",keyword
빵이 고소하고 부드러워요,Dessert/Bakery,keyword
버터의 풍미와 바삭함이 좋았어요,"Dessert/Bakery, Coffee/Drink",keyword
딱 한개까지가 좋고 두개 먹으면 좀 느끼할 수도,"Dessert/Bakery, Coffee/Drink",keyword
인생 소금빵,Dessert/Bakery,keyword
줄이 금방 빠져서 한번쯤 먹어볼만 해요~~,"Service, Dessert/Bakery, Coffee/Drink",keyword
호불호가 강한 것 같아서 일단 한세트만 구매해봤는데..,"Dessert/Bakery, Coffee/Drink",keyword
집에 와서 바로 후회했습니다ㅜㅜㅜ,"Dessert/Bakery, Coffee/Drink, Vibe",keyword
세 세트 살걸..,Dessert/Bakery,keyword
버터가 많이 들어갔구나-,Dessert/Bakery,keyword
한입 먹어보면 바로 느껴져요.,Coffee/Drink,keyword
버터동굴은 거의 없다시피하지만 바닥에 누룽지도 바삭바삭 맛있어요.,"Dessert/Bakery, Coffee/Drink",keyword
지인 추천으로 구매하러 간 자연도 소금빵!,"Dessert/Bakery, Coffee/Drink, Vibe",keyword
첨 구매해보는데..,"Dessert/Bakery, Coffee/Drink",keyword
버터향과 짭잘한 소금의 조화가 진심 맛있다♡,"Dessert/Bakery, Coffee/Drink",keyword
4개세트로만 구매가능해서 굳이??,"Price, Dessert/Bakery, Coffee/Drink, Vibe",keyword
"했는데
더 못 사온게 아쉽다!","Dessert/Bakery, Coffee/Drink",keyword
가격이 좀 비싼건~  맛으로 커버~ ㅎㅎ,Price,keyword
따뜻하고 냄새가 길가다가구입하게 이끌어요,"Dessert/Bakery, Coffee/Drink",keyword
줄 생각보다 빨리빠짐!,Service,keyword
"마지막에 서도 그렇게 오랜 안기다린듯
빨리주사고 회전율이 좋아서 그런가 갓 구운 따근따끈 소금빵을 먹을수 있었음","Service, Dessert/Bakery, Coffee/Drink, Vibe",keyword
자연도자연도하는 이유가 잇는듯,"Dessert/Bakery, Coffee/Drink",keyword
소금빵을 워낙 좋아하는데 지인 추천으로 사먹었습니당!,"Dessert/Bakery, Coffee/Drink, Vibe",keyword
겉바속촉 소금빵이에요~,Dessert/Bakery,keyword
"라인업이 길지만 나름 빨리 줄어드는 편이고, 안내도 잘해주셔서 괜찮았습니다.","Service, Dessert/Bakery, Coffee/Drink",keyword
빵도 따뜻할 때 먹으니까 너무 맛있었어요!,"Dessert/Bakery, Coffee/Drink",keyword
성수동 빵 맛집 탐방 중 한곳이에요,"Dessert/Bakery, Vibe",keyword
"소금빵을 워낙 좋아해서요
배가 불러 집가서 먹어야겠어요","Dessert/Bakery, Coffee/Drink, Vibe",keyword
비쌈,Price,keyword
낱개판매가 안되서 매우 불편함,"Dessert/Bakery, Coffee/Drink",keyword
줄서서 먹는 이유가 있었네요,"Service, Vibe, Coffee/Drink",keyword
생각보다 일찍 도착해서 기웃거리다 직원분이 있어서 지금 주문 가능한지 물어보려고 말 걸었는데 무척 쌀쌀맞게 말하시네요.,"Vibe, Service, Coffee/Drink, Price, Dessert/Bakery",keyword
"일찍 방문하는 사람이 많을텐데 매장 밖에 공지 사항 간단하게 적어 놓으면 직원분은 같은말 계속 안해도 되고, 손님은 따로 물어보지 않아도 돼서 좋을것같네요.","Service, Dessert/Bakery, Coffee/Drink, Vibe",keyword
소금빵 1위여서 엄청 기대하고 방문했지만 기대에 미치진 않았습니다.,"Service, Dessert/Bakery, Coffee/Drink",keyword
금방 나온 따끈한 것을 먹어봤습니다.,"Dessert/Bakery, Coffee/Drink",keyword
"짭짤함은 그다지 없고, 바삭하긴 모닝빵 식감이고, 겉면에 버터가 흐를정도로 많아 먹는데 조금 힘들었습니다.","Dessert/Bakery, Coffee/Drink, Vibe",keyword
"소금빵 맛집 :)
포장도 예뻐요!","Price, Dessert/Bakery, Vibe",keyword
언제먹어도 너무 맛있어요!,Coffee/Drink,keyword
"말모
소금빵중 젤 맛있는거 같음",Dessert/Bakery,keyword
가격대비,Price,keyword
소금빵 안 좋아하는데 존맛,"Dessert/Bakery, Coffee/Drink",keyword
손님 많을때는 그렇지만 줄 그렇게 길지 않아도 될텐데 마지막 빵내주시는분 혼자만 끈 묶어서 내보내느라 시간이 엄청 지체 되는듯...,"Service, Dessert/Bakery",keyword
빵 담고 끈 묶고 마지막 분은 주문 확인하고 내주면 될텐데 업드려 전화기 만지다 뭐 깐일 다하다 하나 싸고 하나 싸고 그러니 웨이팅줄이...,"Service, Dessert/Bakery, Coffee/Drink",keyword
일부러 그러나?..,Coffee/Drink,keyword
"성수동 구경하러 갔다가 줄이 많이 길어 지나쳤는데
집에 가려고 다시 돌아가니 텅텅 비어있어서 겟했습니당","Service, Dessert/Bakery, Coffee/Drink, Vibe",keyword
차 타자마자 하나 먹었는데 맛있네용,Coffee/Drink,keyword
역시 소금빵은 자연도..,"Dessert/Bakery, Coffee/Drink",keyword
소금빵 여기 짱….,Dessert/Bakery,keyword
여기 소금빵 존맛턍 ㅜㅜㅜ,Dessert/Bakery,keyword
인스타에서 소금빵 맛집으로 유명하다고 떠서 성수 놀러간 김에 포장해왔어요!,"Dessert/Bakery, Coffee/Drink, Price",keyword
키오스크 선결제 후 번호표 들고 웨이팅해서 받았아요!,"Service, Dessert/Bakery, Coffee/Drink",keyword
기다리는 동안 버터향이 엄청 나요,"Service, Dessert/Bakery, Coffee/Drink",keyword
🥐 저녁 8시반쯤 갔는데 15-20분 밖에 안 걸렸어요!,Dessert/Bakery,keyword
"냉동보관으로 3일 가능하다고 해서 다음날 해동 후 오븐에 3분 돌려서 먹었는데 와,,,,, 진짜 그동안 먹은 소금빵 중에 최고라고 생각해요,,,👍 
겉바속촉에 버터향 가득하지만, 그렇다고 느끼하지도 않았어요,,, 집근처였으면 매일 갔을 거 같아요,,🥹","Price, Dessert/Bakery, Coffee/Drink, Vibe",keyword
"진짜진짜 고소미절정^^
성지맞네요^^",Coffee/Drink,keyword
소금빵 존맛탱❤️,Dessert/Bakery,keyword
"주문할 때도 기다려야하고 받을 때도 기다려야 하지만
각각 15분 정도로 기다릴만 해요","Service, Dessert/Bakery, Coffee/Drink, Vibe",keyword
갓나온 소금빵이 제일 맛있으니 바로 드셔보세요.,"Dessert/Bakery, Coffee/Drink",keyword
겉이 빠작한 스탈은 아니지만 무난하게 맛있어요.,"Dessert/Bakery, Coffee/Drink",keyword
인생 소금빵 정도는 아님.,Dessert/Bakery,keyword
신사갔다가 사람들이 줄서있는 소금빵집이길래 소금빵 러버라 구매!,"Service, Dessert/Bakery, Coffee/Drink, Vibe",keyword
"보니깐 체인인거 같던데, 낱개구매가 불가능하고 무조건 4개 1세트로 구매가능하더라구요~","Price, Dessert/Bakery, Coffee/Drink, Vibe",keyword
소금빵 하나에 삼천원.,Dessert/Bakery,keyword
싼가격은 아닙니다만 한입베어무니 버터향이 풍부하더라구요~,"Dessert/Bakery, Price",keyword
가격이 좀 부담이지만 또 먹고싶은 맛이긴 해요,"Dessert/Bakery, Coffee/Drink, Price",keyword
4개씩 묶음으로 판매하는 소금빵.,"Dessert/Bakery, Coffee/Drink",keyword
부드러운데 바삭하고 버터향이 잘 느껴지는 맛있는 소금빵이에요.,"Dessert/Bakery, Coffee/Drink",keyword
키오스크로 주문하고 픽업대기줄에서 기다렸다가 받는데 타이밍을 잘 맞추면 5분만에도 받을 수 있어요.,"Service, Dessert/Bakery, Coffee/Drink, Vibe",keyword
소금빵을 좋아한다면 무조건 방문해볼만 한 곳이에요.,"Service, Dessert/Bakery, Coffee/Drink, Vibe",keyword
"🥹🥹🥹
1개씩은 못 사고 4개입으로 살 수 있어요!","Dessert/Bakery, Coffee/Drink, Vibe",keyword
딸래미가 사다준 소금빵!!,Dessert/Bakery,keyword
전자랜지에 10초 데워 먹으니 딱 좋아요^^,Coffee/Drink,keyword
생각보다 소금맛이 잘 안남,"Dessert/Bakery, Coffee/Drink",keyword
안에 아이스크림 넣어먹으면 더ㅠ맛잇어요,"Dessert/Bakery, Coffee/Drink",keyword
너무 기대하고 드시진 마시길,"Dessert/Bakery, Coffee/Drink",keyword
키오스크로 주문하고 기다렸다받으면 되는데 저는 혼자들린거라 그렇게했는데 두분 이상 오시면 줄먼저 스시고 일행은 키오스크 결재하시믄 될듯해요!,"Service, Dessert/Bakery, Coffee/Drink, Vibe",keyword
뜨끈한 소금빵 받자마자 꺼내 먹었는데 세상에 너무 맛있네요ㅜㅜㅜ,"Dessert/Bakery, Coffee/Drink",keyword
성수동 가면 또 사와야할듯요 ㅎㅎㅎㅎ,"Dessert/Bakery, Coffee/Drink",keyword
4개 단위로 판매합니다,"Dessert/Bakery, Coffee/Drink, Vibe",keyword
개당 3천원이에요!,Dessert/Bakery,keyword
"시간단위로 구워서 판매하는 마케팅을 쓰고 있지만
빵은 미지근(차가운쪽에 가까움) 했고,
버터 풍미도 크지 않았고, 텍스쳐도 쫄깃도 퍽퍽도 아닌 애매한 그 어딘가였어요","Service, Dessert/Bakery, Coffee/Drink, Vibe",keyword
저는 너무 실망했어요ㅠㅠ,"Dessert/Bakery, Coffee/Drink",keyword
미친 회전율; 포장해놔서 맛이 죽었을 줄 알았는데 여긴 바닥이 바삭하고 빵은 촉촉한걸로 승부를 보는것 같다;; 존맛;;;; 겉바속촉 원한다면 다른곳 가야함,"Vibe, Service, Coffee/Drink, Price, Dessert/Bakery",keyword
바닥빼고 겉은 촉촉하기 때문!,"Dessert/Bakery, Coffee/Drink",keyword
한 자리에서 4개 순삭했다;,"Dessert/Bakery, Coffee/Drink",keyword
우연히 지나가다가 구매했어요,"Dessert/Bakery, Coffee/Drink",keyword
원래는 줄이 엄청 길지만 제가 운이 좋았나봐요,"Service, Coffee/Drink",keyword
바로 구매했습니다,"Dessert/Bakery, Coffee/Drink",keyword
바로 먹어도 맛나고 하루 지나서 먹었는데도 맛마더라구요,Coffee/Drink,keyword
"도산왔다가 돌아가는 길에 겟
엄마가 빵 좋아하셔서 사갔는데~ 맛있다고 하셨어여!","Dessert/Bakery, Coffee/Drink",keyword
갓나온거 바로 먹으면 더 맛날꺼같긴하네여!ㅠ,"Dessert/Bakery, Coffee/Drink",keyword
맛 나요,Coffee/Drink,keyword
"기본이다 보니
맛 설명이 어렵지만
분명 한번은 먹어봐야 되는 그런 기본에
충실한 맛","Service, Dessert/Bakery, Coffee/Drink",keyword
소금빵 진짜 맛있어요!!,Dessert/Bakery,keyword
소금빵 나왔을 때 바로 먹는 게 진짜 맛있어요!,"Dessert/Bakery, Coffee/Drink",keyword
버터리하면서도 부드러움과 쫀득함의 조화가 대박입니다.,"Dessert/Bakery, Coffee/Drink",keyword
매장이 귀엽고 아늑해요,"Dessert/Bakery, Coffee/Drink, Vibe",keyword
"직원분들 ootd도..☆⋆₊°
좋은 재료가 들어간 퀄리티 좋은 소금빵의 정석!","Service, Dessert/Bakery, Coffee/Drink",keyword
성수점은 맛없고 직원들 불친절.,Service,keyword
<현시점 최고 소금빵>,Dessert/Bakery,keyword
오래 기다려야하는 성수 소금빵 맛집!,"Service, Dessert/Bakery, Coffee/Drink",keyword
외국인 한국인 할 것 없이 다들 줄서있고요 ㅋㅋㅋ,"Service, Dessert/Bakery, Coffee/Drink, Vibe",keyword
평일 11시쯤 갔더니 5분 정도 기다리다가 포장 완!,"Service, Price",keyword
먹고갈 곳이 없다는게 아쉽지만 포장이 귀여워서 선물하기에도 좋아요,"Price, Dessert/Bakery, Coffee/Drink, Vibe",keyword
믿고먹는 자연도소금빵,"Dessert/Bakery, Coffee/Drink",keyword
살짝 들짜고 살짝 기름진 느낌인데 포장이 마음에 들어요.,Price,keyword
"주말 저녁6시 30분 빵을 저녁 8시에 받았는데, 빵이 식어서 씹을때 기름이…엄청 느끼함…다음엔 따뜻한 빵을 먹어보고싶어요","Dessert/Bakery, Coffee/Drink",keyword
줄이 엄청나게 긴 주말의 자연도소금빵 성수점!!!!,"Service, Dessert/Bakery, Coffee/Drink",keyword
하지만 빵냄새 못참쥬.,Dessert/Bakery,keyword
오늘도 30분 정도 대기하고 따끈따끈한 소금빵 데려갑니다,"Service, Dessert/Bakery, Coffee/Drink",keyword
바로 먹으면 진심 대존맛!!!!,Coffee/Drink,keyword
버터가 많이 들어있어서 정말 향긋하고 맛있어요~,"Dessert/Bakery, Coffee/Drink, Vibe",keyword
포장이 예쁘고 맛있어요,"Vibe, Price",keyword
말로만듣던 자연도 드디어 맛보았어요,"Vibe, Coffee/Drink",keyword
"웨이팅없어서 호다닥 
맛있어요!",Service,keyword
미포에 소금빵 굽자마자 바로 나와서  그런지 엄청맛있어요,"Dessert/Bakery, Coffee/Drink",keyword
냄새도좋고 소금빵맛집,Dessert/Bakery,keyword
지나가면서 구경만 하다가 포장해왔어요.,"Dessert/Bakery, Coffee/Drink, Price",keyword
집에서 식은 다음에 먹어도 맛있지만 다음에는 나오자마자 바로 먹을 거에요.,"Vibe, Coffee/Drink",keyword
따끈할 때 먹으면 더 맛날듯 ㅠㅠ,"Dessert/Bakery, Coffee/Drink",keyword
이날따라 웨이팅이 짧길래 구매..!,Service,keyword
컨셉을 진짜 잘 잡은 듯 합니다,"Dessert/Bakery, Coffee/Drink",keyword
"빵에 기름이 좔좔
버터 가득이리 맛이 없을 수가 없네요",Dessert/Bakery,keyword
뭐랑 맛이 비슷한가 했는데...,"Dessert/Bakery, Coffee/Drink",keyword
집에서 맛있는 가염버터 가득에 식빵 토스트한 맛이에요ㅋㅋ,"Dessert/Bakery, Vibe",keyword
소문대로 맛있는 소금빵이었습니다.,Dessert/Bakery,keyword
"포장도 감성있고, 가게도 감성있는 게 충전되네요.","Vibe, Coffee/Drink, Price",keyword
줄만 더 짧게 설 수 있다면 더할나위 없이 좋을 거 같아요.,"Service, Dessert/Bakery, Coffee/Drink, Vibe",keyword
소금빵이 고소하고 금방 만들어져 나온것이 좋았습니다.,"Dessert/Bakery, Coffee/Drink, Vibe",keyword
소금빵 정말 맛있어요,Dessert/Bakery,keyword
"소금빵만 파는 1가지메뉴만있는곳~
소금빵맛집이라길래 구매해봤어요.","Dessert/Bakery, Coffee/Drink, Vibe",keyword
사람많았지만 회전율이 빨라 금방금방빠져서 10분도 안기다린거 같아요.,"Service, Dessert/Bakery, Vibe",keyword
맛있긴하지만 줄서서 먹고싶을정도는 아닌거같아요.,"Service, Dessert/Bakery, Coffee/Drink",keyword
포장을 예쁘게 해주셔서 받았을때 기분도 좋고 친구한테 선물로 주기도 좋을거같아요.^^,"Price, Dessert/Bakery, Coffee/Drink, Vibe",keyword
오 버터의풍미가..,"Dessert/Bakery, Coffee/Drink",keyword
소금빵 맛집맞네용 ㅎㅎㅎ,Dessert/Bakery,keyword
기름기가 많고 빵이 맛있어도 버터의 풍미와 고소함이 덜한 빵집도 많은데 여기는 버터향도 좋아요,"Dessert/Bakery, Coffee/Drink",keyword
소금빵 솔직 비교입니다,"Dessert/Bakery, Coffee/Drink",keyword
"친절하게 응대해주시고
빵이 확실히 맛 밸런스가 좋아요!","Service, Dessert/Bakery, Coffee/Drink",keyword
아직까지 먹어본 소금빵 중에 최고예요~,"Dessert/Bakery, Coffee/Drink",keyword
"👍
성수는 오래 줄서야하는데, 연남점은 줄이 금방 빠져서 좋네요~","Service, Dessert/Bakery, Coffee/Drink",keyword
가격이 좀 비싸긴 하지만 맛있습니다^^,"Dessert/Bakery, Coffee/Drink, Price",keyword
대기는 주말에는 좀 긴 듯요~,Service,keyword
"퇴근길에 종종 들려서 소금빵 사갑니다,, 맛나요",Dessert/Bakery,keyword
"빵 나오는 시간이 3시간 마다 인지 4시간 마다 인지 그런데, 나오기 직전에 가면 줄을 좀 덜 설 수 있어요.","Service, Dessert/Bakery, Coffee/Drink, Vibe",keyword
버터가 많이 들어가서 좋아요.,Dessert/Bakery,keyword
이 정도면 가성비 좋아요.,Price,keyword
맛있는데 오래 줄서서 먹을맛은 아니에요,"Service, Coffee/Drink",keyword
한번쯤 먹어보면 될듯,Coffee/Drink,keyword
"냄새의 유혹 
줄이 짧아서 들려봤어요",Service,keyword
포장이 정성가득,Price,keyword
1인 1봉 한정인 특별한 소금빵!,"Dessert/Bakery, Coffee/Drink",keyword
유명하다고 해서 들러봤는데 맛있네요.,"Dessert/Bakery, Coffee/Drink",keyword
다른곳가다가 빵냄새가 너무 지나칠수없어 사갔어요,"Dessert/Bakery, Vibe",keyword
키오스크에서 주문후 받으러가는 시스템인데 저 다음에 제 일행인데 한분이 본의아니겠지만 새치기 하려하셔서 뒤로 줄 서시라고 얘기함요..,"Service, Dessert/Bakery, Coffee/Drink, Vibe",keyword
줄이 거의 없었지만 직원분들이 줄 서는걸 좀 제대로 응대해주시길부탁드립니다.,"Service, Dessert/Bakery, Coffee/Drink",keyword
빵은 맛있어요!,Dessert/Bakery,keyword
빵이 진짜 맛잇어요,Dessert/Bakery,keyword
자연도소금빵 연남에 생겨서 줄서서 먹어봤어여,"Service, Dessert/Bakery, Coffee/Drink",keyword
가격도 착하고 퀄리티도 괜찮아서 또사먹을것같아여,"Dessert/Bakery, Coffee/Drink, Price",keyword
소금빵 최고🥐🤎🤎,Dessert/Bakery,keyword
평일이라 줄이 길지 않아 바로 구매할수 있었어요!,"Service, Dessert/Bakery, Coffee/Drink, Vibe",keyword
근처만가도 소금빵냄새 미침 ㅠㅠㅠㅠㅠㅠ,Dessert/Bakery,keyword
커피를 사발에 주는거 특이해요,"Dessert/Bakery, Coffee/Drink",keyword
여기 소금빵 최고인듯~ 근처에서 저녁먹고 코스로 들렀습니다.,"Dessert/Bakery, Coffee/Drink, Vibe",keyword
항상 줄은 서있지만 조금만 기다려도 되구요~,"Service, Vibe, Coffee/Drink",keyword
빵이 맛있어서 기다려도 또 오게 되는 곳입니다.,"Service, Dessert/Bakery, Coffee/Drink, Vibe",keyword
바람쐬러 을왕리 해수욕장 왔다가 인테리어가 너무 멋져서 들러봄!,"Dessert/Bakery, Coffee/Drink, Vibe",keyword
"갓 구워나온 빵이라 따뜻 촉촉 풍미가득이라 더 더욱 맛있었고, 포장도 정성 가득이라 기분 좋았음!","Price, Dessert/Bakery, Coffee/Drink, Vibe",keyword
번창하세요,"Dessert/Bakery, Coffee/Drink",keyword
소금빵 맛있어요.,Dessert/Bakery,keyword
풍미가 좋네요.,Coffee/Drink,keyword
"영종도 본점에서 처음 먹어보고
친구한테도 소개해주고 싶어서 사먹음
역시 맛있다","Dessert/Bakery, Coffee/Drink, Vibe",keyword
사람들 줄서있길래 그냥 따라 줄서서 사왔고 저녁에 에어프라이기로 돌려먹었는데 너무 맛있었어요!,"Service, Dessert/Bakery, Coffee/Drink, Vibe",keyword
줄설만 한듯,"Service, Dessert/Bakery, Coffee/Drink",keyword
바게트느낌 약간 있음..,"Dessert/Bakery, Coffee/Drink, Vibe",keyword
바삭바삭한 느낌?,"Dessert/Bakery, Coffee/Drink",keyword
저녁늦게 가면 줄 안서고 살수 있어요.,"Service, Vibe, Coffee/Drink",keyword
종로점에 들렀는데 영수증이 성수로 인식을 하네요!,"Dessert/Bakery, Coffee/Drink, Vibe",keyword
"다행히 웨이팅 많지 않아서 너무 좋았고,
진짜 친절하시고 너무 맛있네요!","Service, Dessert/Bakery, Coffee/Drink",keyword
인생 소금빵 맛집👍🏻,Dessert/Bakery,keyword
한번에 4개 다 먹어버릴만큼 맛있었어요 ^^!,"Dessert/Bakery, Coffee/Drink",keyword
소금빵이 짭짤하고 고소하고 맛있네요!!,"Dessert/Bakery, Coffee/Drink",keyword
소금빵 중에 1등이에요!,Dessert/Bakery,keyword
인천에도 동일한 곳 방문했을 때 맛있었는데 부산도 맛있네요!,"Service, Dessert/Bakery, Coffee/Drink, Vibe",keyword
롯데 시그니엘 바로 앞에 있어요!,"Vibe, Coffee/Drink",keyword
바다 수영 가기 전에 사서 가면 간식으로 따봉입니다,"Dessert/Bakery, Coffee/Drink",keyword
"마싯어여
구매하자마자 하나 꺼내서 길빵햇어여","Dessert/Bakery, Coffee/Drink",keyword
늘 웨이팅이 있을 정도로 인기가 많아요,"Service, Vibe, Coffee/Drink",keyword
"소금빵 한 개 제품만 있는데
포장도 깔끔하게 해주셔서 좋네요","Price, Dessert/Bakery, Coffee/Drink, Vibe",keyword
"소금빵 크기도 크고
한 입 베물었을 때 부드럽고 결이 살아있는 식감이 좋았습니다.","Service, Dessert/Bakery, Coffee/Drink, Vibe",keyword
소금빵 no.1 😗😗😝😝맛잇어요!!!,Dessert/Bakery,keyword
결제후 대기가 빨리 진행되어 주말에 갔는데도 많이 안기다리고 살 수 있었습니다.,"Service, Vibe, Coffee/Drink",keyword
4개 세트로만 판매해서 조금 아쉬운 점이 있어요.,"Dessert/Bakery, Coffee/Drink, Vibe",keyword
버터가득한 맛… 두개이상은 못먹을거같지만 근처오면 사고싶어용 ㅎㅎㅎ,"Dessert/Bakery, Coffee/Drink",keyword
커피맛있어요,Coffee/Drink,keyword
포장해서 집에서 먹었는데 바삭 쫄깃 맛났어요,"Price, Dessert/Bakery, Coffee/Drink, Vibe",keyword
바로 먹었음,Coffee/Drink,keyword
사람들이 줄 서 있길래 지나가다가 사봤어요!,"Service, Dessert/Bakery, Coffee/Drink, Vibe",keyword
결제는 키오스크로 하고 주문번호표(?),"Vibe, Service, Position, Coffee/Drink, Dessert/Bakery",keyword
받아서 대기줄에서 대기하다가 소금빵 받아가면 돼요!,"Service, Dessert/Bakery, Coffee/Drink",keyword
한 세트에 4개가 기본입니다.,Dessert/Bakery,keyword
단일메뉴라 그런지 생각보다는 오래 안 기다리고 회전율은 나름 빠른 것 같은데 더울 때 야외에서 기다리니 너무 더웠어요 ㅠㅠ.,"Service, Dessert/Bakery",keyword
직원분들도 옷도 맞춰 입으시고 인테리어도 깔끔하고 이뻤습니다.,"Service, Dessert/Bakery, Coffee/Drink, Vibe",keyword
집 와서 먹어보니 소금빵의 정석 같은 느낌이에요!,"Dessert/Bakery, Coffee/Drink, Vibe",keyword
짭쪼름하고 버터동굴이 향도 깊고 맛있었어요!,"Dessert/Bakery, Coffee/Drink",keyword
당일날 안 먹으면 에어프라이어에 3분 정도 돌려 먹으니 겉면이 완전 바삭해지고 맛있었습니다!!,"Dessert/Bakery, Coffee/Drink",keyword
소금빵이 좀 느끼한 편인데 에어프라이기에 데워먹으면 좀 괜찮아요,"Dessert/Bakery, Coffee/Drink",keyword
빵 맛있어요 ㅋㅋ,Dessert/Bakery,keyword
"유명하다고 해서 웨이팅하고 먹어봤는데, 유명한 이유를 알겠더라고요","Service, Dessert/Bakery, Coffee/Drink",keyword
성수에서는 베통 소금빵 좋아하는데 품절이라 여기 소금빵 1개만 사서 맛 보려고 했습니다.,"Dessert/Bakery, Coffee/Drink",keyword
제가 갔을 땐 4개 세트?,Dessert/Bakery,keyword
밖에 안 팔더라고요.,Vibe,keyword
"키오스크 주문, 빵 선택, 카드 결제를 손님이 하는 게 아니라 직원이 빨리 물어보고 후다닥 하고 빵 받는 줄로 빨리 가게 하려는 것 같았어요.","Service, Dessert/Bakery, Coffee/Drink, Vibe",keyword
제 뒤에 사람이 없었는데도 너무 급하게 재촉하는 느낌; 빵 크기 작고 맛은 무난,"Dessert/Bakery, Coffee/Drink, Vibe",keyword
버터도 소금도 듬뿍~ 맛있어요,Dessert/Bakery,keyword
소금이 다른 소금빵에 비해서 잘 느껴지는편이네요,Dessert/Bakery,keyword
맨날 먹고푼데 줄 없을 때 호다닥 사묵어야함,"Service, Dessert/Bakery, Coffee/Drink",keyword
직원분이 키오스크 앞에서 친절하게 응대해주셔서 좋았네요 ㅎㅎ,"Service, Dessert/Bakery, Coffee/Drink",keyword
소금빵 너무맛있어요 > <,Dessert/Bakery,keyword
왜 줄서는지 알듯 ㅎㅎ,Service,keyword
길가다가 냄새에 못이겨 갔는데 줄길어도 직원분들 분업도 잘되있어서 회전이 빨리되어서 10분내로 구매했어요!,"Service, Dessert/Bakery, Coffee/Drink, Vibe",keyword
집가서 에프에 구워먹었는데도 맛나네요!,"Vibe, Coffee/Drink",keyword
4개에 12000원 묶음으로 파는게 아쉽지만 가격도 괜찮구요!,"Dessert/Bakery, Price",keyword
모르고있다가 다들사먹길래 먹어봄,"Vibe, Coffee/Drink",keyword
줄서야한다면 굳이?,"Service, Dessert/Bakery, Coffee/Drink",keyword
싶긴하지만 갓나온 소금빵은 고소 짭쪼름 먹을만했음,"Dessert/Bakery, Coffee/Drink",keyword
봉투가 갬성있게귀여움💕,"Dessert/Bakery, Coffee/Drink, Vibe",keyword
"메뉴는 하나 4개인 소금빵 12,000원
저녁 마감즈음 갔더니 6시반에 나온 거 가져가긴 했는데 소금빵 맛있는 편이었고 이미 쏘~~ 버터리한걸 먹어봐서 담백한 맛이었다!","Dessert/Bakery, Coffee/Drink",keyword
직원분들도 친절🤘,Service,keyword
"서울 소금빵 하면 무조건 먹어야하는 자연도 소금빵
진짜 맛있고 갓 구워서 먹으면 따끈해서 더 맛있는 곳이에요","Dessert/Bakery, Coffee/Drink, Vibe",keyword
세트로만 판매하는 곳이고 키오스크 주문 후 대기해주시면 소금빵 받아보실 수 있어요,"Service, Dessert/Bakery, Coffee/Drink, Vibe",keyword
참고해주세요:),"Dessert/Bakery, Coffee/Drink",keyword
결제줄 빵받는줄 따로 있어요,"Service, Dessert/Bakery, Coffee/Drink, Vibe",keyword
전부 포장이라 줄은 금방 빠져요,"Service, Price",keyword
갓 구워 엄청 뜨겁고 버터리함,"Dessert/Bakery, Coffee/Drink",keyword
"구매 후 앉아서 먹을 매장은 없지만 보이는 매장 분위기 좋구요,","Vibe, Coffee/Drink",keyword
"포장도 너무 이쁘고, 맛도 충분히 맛있습니다.","Vibe, Price",keyword
"😃
하지만 지나가다가 생각나는데 줄이 그렇게 길지 않으면 먹고, 줄이 엄청 길다면 그냥 패스할 것 같아요.","Service, Dessert/Bakery, Coffee/Drink",keyword
"🥲
감사합니다.","Dessert/Bakery, Coffee/Drink",keyword
지나갈때마다 빵냄새가 너무 좋았지만 항상 줄이 길어서 지나쳤었어요ㅠㅠ,"Service, Dessert/Bakery",keyword
이 날은 비교적 웨이팅이 짧아보여서 먹어봤는데 버터향도 진하고 풍미도 좋았어요!,"Service, Dessert/Bakery, Coffee/Drink",keyword
크기도 큰편이라 간단한 식사대용으로 먹어도 좋겠더라구요:),"Service, Dessert/Bakery, Coffee/Drink",keyword
바삭하면서 버터향이고소~,"Dessert/Bakery, Coffee/Drink",keyword
확실히 다른곳보다 맛있어요!,Vibe,keyword
바삭바삭해서 밥먹고도 두개나 먹었어요,"Dessert/Bakery, Coffee/Drink",keyword
같은건물 카페갔다 나오는 길에 사람들이 줄서서 포장하길래 나도한번 사봤어요.,"Vibe, Service, Coffee/Drink, Price, Dessert/Bakery",keyword
담날 집에서 에프에 살짝 돌려서 먹었는데 워닉 기름진걸 좋아해서 그런지 버터향에 겹겹이 흐르는 오일리?,"Dessert/Bakery, Coffee/Drink, Vibe",keyword
한게 짭잘한게 왜 이름이 소금빵인가 알게되네요.,"Dessert/Bakery, Coffee/Drink",keyword
다만 저 작은 애기빵이 한개에 삼천원 한다는게 가격 따지지않고 디저트를 즐기는 저한테도 좀 비싸게 느껴집니다.,"Dessert/Bakery, Coffee/Drink, Price",keyword
맛은 있어요,"Vibe, Coffee/Drink",keyword
먹어보세요 ㅎ,Coffee/Drink,keyword
아 동네와서 파는거 보니까 2500원이네요,"Dessert/Bakery, Coffee/Drink",keyword
빵 시세도 모르고 ㅎㅎㅎ,Dessert/Bakery,keyword
"소금빵맛집 이래서 들렀는데
12000원어치 파는 게 고정이라 빨리빨리 해야 해서
선택의 여지없이 4개 세트를 살 수밖에 없었음.","Service, Dessert/Bakery, Coffee/Drink",keyword
"박세리빵으로 유명한 곳
맛없기만 해 봐라...","Dessert/Bakery, Coffee/Drink, Vibe",keyword
최애빵!!!,Dessert/Bakery,keyword
집가는길에 냠냠~,Vibe,keyword
대기가있길래 호기심에 먹어보았지만...,"Service, Vibe, Coffee/Drink",keyword
그리 특이한건모르고 먹었어요^^;;;,"Dessert/Bakery, Coffee/Drink, Vibe",keyword
포장만그럴듯해요,Price,keyword
4개 12000원 참고하세요,"Dessert/Bakery, Coffee/Drink",keyword
자연도 소금빵 다녀왔어요.,"Dessert/Bakery, Coffee/Drink",keyword
평일 늦은 오후에 방문하니 입소문이 났는지 외국인들이 거의 절반이 줄 서 계시더라구요.,"Service, Dessert/Bakery, Coffee/Drink",keyword
기다리는 곳이 너무 땡볕이라 요즘같은 무더위에는 추천드리기 힘들지만,"Service, Dessert/Bakery, Vibe",keyword
😢 솔직히 소금빵은 진짜 맛있더라구요!,Dessert/Bakery,keyword
여태껏 먹어본 것 중에 제일 겉바속촉에 가까운 인생 소금빵이에요.,"Dessert/Bakery, Coffee/Drink",keyword
일본에서 먹었던 것보다 맛있어요.,Coffee/Drink,keyword
15분 정도 대기하니 아주 따끈따끈한 소금빵 받아볼 수 있었어요.,"Service, Dessert/Bakery, Coffee/Drink, Vibe",keyword
패키지가 너무 귀엽긴 하더라구요.,"Dessert/Bakery, Coffee/Drink",keyword
근데 개인적으로 낱개로 1개씩 파는 편이 더 소비자지향적이라 생각하는데 마진이 어떻게 된건지 4개씩 세트만 판매하는 건 살짝 트렌드에 뒤쳐진 것 같다는 생각이 들었어요.,"Dessert/Bakery, Coffee/Drink, Vibe",keyword
혼자 구매하는 분들이나 외국인도 많던데,"Dessert/Bakery, Coffee/Drink",keyword
같은 소금빵을 4개씩이나?,Dessert/Bakery,keyword
고찰이 필요해 보입니다.,"Dessert/Bakery, Coffee/Drink",keyword
너무 너무 맛있어서 두 번째 방문했어요ㅋㅋㅋ,"Service, Dessert/Bakery, Coffee/Drink",keyword
소금빵 중에서 제일 맛있는 거 같아요~~,Dessert/Bakery,keyword
자연도 소금빵 말해뭐해~,"Dessert/Bakery, Coffee/Drink",keyword
"존맛탱
버터향 가득가득 입에 또 넣고파유",Dessert/Bakery,keyword
"기다리기 힘듦..,",Service,keyword
빵자체는 맛있어요,Dessert/Bakery,keyword
엄청오래기다리는맛인지는?!,Service,keyword
소금빵지고도 많이 짜서 조금 덜짜면 좋겠습니다,Dessert/Bakery,keyword
기다릴만해요!,"Service, Dessert/Bakery, Coffee/Drink",keyword
"부드럽고 촉촉한 소금빵좋아한다면 추천^^
패키지하나도 신경써서 포장해서 들고다니기도 좋아요!","Price, Dessert/Bakery, Coffee/Drink, Vibe",keyword
"직원분들이 불친절하셔서 가기싫었는데
이번에 갔을땐 직원분들이 바뀌고 좋아졌어요","Service, Dessert/Bakery, Coffee/Drink",keyword
소금빵 빵 정말 맛있어요,Dessert/Bakery,keyword
자연도 최고♥️,Coffee/Drink,keyword
인생 소금빵!!!,Dessert/Bakery,keyword
평일 낮에 가면 대기 별로 많이 없음.,Service,keyword
"약간 느껴지는 후추향이 킥으로 오고, 줄줄 흐르는 꼬소한 버터맛에 감동....","Dessert/Bakery, Coffee/Drink",keyword
결따라 바삭하게 찢어지는 겉면과 부드러운 내면이 아름다운 맛.,"Dessert/Bakery, Coffee/Drink",keyword
"낱개판매없이4개세트라 당황스긴했지만
1개가격으로따지믄그리비싼건아니고
크기는작은편이고 부드럽고짭짤해서 맛난모닝빵느낌!","Price, Dessert/Bakery, Coffee/Drink, Vibe",keyword
"성수동의 핫플네이스
딸추천 소금빵 넘맛있어요^^~","Dessert/Bakery, Vibe",keyword
제가 여태까지 많은 소금빵들을 먹어봤는데 여기가 역대급 인 거 같아요....,"Dessert/Bakery, Coffee/Drink",keyword
운 좋게 웨이팅 없이 바로 사서 먹을 수 있었어요!,"Service, Vibe, Coffee/Drink",keyword
먹자마자 입안에 버터리한 향과 바닥이 빠작해서 너무 맛있었어요ㅠㅠ,"Dessert/Bakery, Coffee/Drink",keyword
🥹🩷 또 사먹으러 가려구요!,Coffee/Drink,keyword
말해뭐해..,"Dessert/Bakery, Coffee/Drink",keyword
길지나가다가 사람들이 줄서있고 빵 냄새가 너무 좋아서 샀습니다.,"Service, Dessert/Bakery, Coffee/Drink, Vibe",keyword
가족들이 다 맛있다고 하네요,"Dessert/Bakery, Coffee/Drink",keyword
포장이 좀 걸리네요?,Price,keyword
"4개 묶음으로 팔아서 바로바로 포장된거 들고 가면 되는데
대기가 있다니ㅡ...","Vibe, Service, Coffee/Drink, Price, Dessert/Bakery",keyword
"말모말모👍
소금빵 결이 살아있고 촉촉하면서 쫄깃해요","Dessert/Bakery, Coffee/Drink, Vibe",keyword
"고소한 버터향은 물론 구우면서 바닥에 흐른 버터가 
빵인데 페이스츄리같은 식감을 주네요",Dessert/Bakery,keyword
"😋 
따뜻할때 바로 먹으면 최고😘","Dessert/Bakery, Coffee/Drink",keyword
그 유명한 소금빵!,"Dessert/Bakery, Coffee/Drink",keyword
드디어 먹어보네요.,Coffee/Drink,keyword
맛있게 잘 먹었습니다,Coffee/Drink,keyword
버터향도 좋고 빵도 부드러워 소금빵 맛있게 먹었어요,"Dessert/Bakery, Coffee/Drink",keyword
독보적으로 버터가 가득한 !!!,"Dessert/Bakery, Coffee/Drink",keyword
"🧈🧈
소금빵 정말 많이 먹었지만
이렇게 빠삭하고 버터많은건,, 딴데는 안팔아요","Dessert/Bakery, Coffee/Drink",keyword
"느끼하다는 평도 많은데 독보적인 맛이라 딴거 먹으면 만족이 안돼서 문제입니다,,,,
차라리 여기 소금빵 맛이 제스타일이 아니었으면 좋겠어요ㅠㅠ","Dessert/Bakery, Coffee/Drink, Price",keyword
자연도 소금빵 좋아해요,"Dessert/Bakery, Coffee/Drink",keyword
소금빵 맛집 자연도소금빵 성수점입니다~,"Dessert/Bakery, Coffee/Drink",keyword
봉투를 여는 순간 버터향이 퍼질 정도로 버터맛이 강하고 소금의 짭짤한 맛은 생각보다 덜하네요.,"Dessert/Bakery, Coffee/Drink, Vibe",keyword
그리고 저는 밑바닥이 크리스피한 맛을 좋아하는데 생각보다 덜 바삭한 느낌이었습니다.,"Dessert/Bakery, Coffee/Drink",keyword
"늘 줄서있는 것이 궁금해서, 평소보다 줄이 짧길래 10분쯤만 기다려서 사봤는데 맛있긴 맛있습니다!","Service, Dessert/Bakery, Coffee/Drink, Vibe",keyword
포장이 예뻐서 받는 사람이 근거리에 있다면 선물용으로도 괜찮아 보였습니다.,"Price, Dessert/Bakery, Coffee/Drink, Vibe",keyword
잘 먹었습니다~,Coffee/Drink,keyword
더워죽겠는데 포장하시는 분 잡담하시면서 굉장히 느긋해서 손님들도 맛있는 소금빵처럼 겉바속촉으로 익어갔습니다,"Dessert/Bakery, Coffee/Drink, Price",keyword
"🙏
바깥에 키오스크 안내 직원 1명 빼고도 직원 3명 나와있었는데 끈 묶어주시는 분 한 분 제외하면 다 그냥 멀뚱히 서서 포장하는 거 쳐다보고 잡담하고 계시더라구","Vibe, Service, Coffee/Drink, Price, Dessert/Bakery",keyword
"오
나머지 2명 중 1명은 고객한테 빵 전달, 1명은 종이백에 구워진 빵 담으시는 역할이신 거 같은데
정말 그냥 정해진 자기 역할만 하시니까 빵 포장하시는 분이 끈을 정성스레 묶느라 오래걸려서 늦는 거 같습니다","Dessert/Bakery, Coffee/Drink, Price",keyword
방문하실분들 참고하세요!,"Service, Dessert/Bakery, Coffee/Drink",keyword
저는 웨이팅 줄 없을 때 방문 추천드리겠습니다,"Service, Vibe",keyword
"더워서 기다리다가 타버리는 줄 알았지만 언제나 
맛있어요",Service,keyword
지나가다가 사람들 줄 서 있길래 궁금해서 주문해서 먹어봤어요.,"Service, Dessert/Bakery, Coffee/Drink, Vibe",keyword
"소금빵 좋아하기도 하고, 가격도 싼 편이기에 사먹었습니다.","Dessert/Bakery, Coffee/Drink, Price",keyword
약간 버터가 많단 느낌이 있긴 했지만 소금빵 맛에 충실한 맛이었어요.,"Dessert/Bakery, Coffee/Drink, Vibe",keyword
다음에 또 가게 되면 사먹을 예정입니다.,Coffee/Drink,keyword
"먹어본 소금빵 중에 제일 맛있어요:D
뜨거운 소금빵 받아서 약간 덥긴했는데 평일이라 그런지 주문하고 줄도 얼마 안기다려서 좋았어여","Service, Dessert/Bakery, Coffee/Drink",keyword
2봉지 사서 하나는 선물하고 하나는 바로 먹었는데 너무 맛있어서 더 사오지 않은 걸 후회ㅠㅠ,"Dessert/Bakery, Coffee/Drink, Price",keyword
짭잘하니 맛있어요,"Dessert/Bakery, Coffee/Drink",keyword
사가지고 집에 가서 오븐에 살짝 구웠더니 버터 풍미가 한가득.,"Dessert/Bakery, Coffee/Drink, Vibe",keyword
크기도 크고 맛있더라구요!,Service,keyword
다행히 줄을 섰을때 회전율이 빨라서 오래 기다리지 않아서 좋았습니다! ㅎㅎ,Service,keyword
소금빵 거기서 거기라 생각했는데..,"Dessert/Bakery, Coffee/Drink",keyword
바로 먹어도 맛있고!,Coffee/Drink,keyword
6시간 뒤에 먹어도 맛있고!!!!,Coffee/Drink,keyword
하루가 지난 오늘 먹어도 맛있네요..,Coffee/Drink,keyword
버터향 미쳤어요,Dessert/Bakery,keyword
"기본에 충실한 소금빵🥐🤍
컨셉이 넘 예뻐요,,💓","Dessert/Bakery, Coffee/Drink, Vibe",keyword
성수오면 무조건 먹는 집!,"Dessert/Bakery, Coffee/Drink, Vibe",keyword
바삿하고 부드러운건 기본이고 길 지나갈때 고소한 냄새나면 바로 사면!!!,"Dessert/Bakery, Coffee/Drink",keyword
시간대별로 나오는시간 있으니 참고해주세용~,"Dessert/Bakery, Coffee/Drink, Vibe",keyword
괜찮은  소금빵.,Dessert/Bakery,keyword
키오스크 주문하고 줄서서 순서대로 픽업.,"Service, Dessert/Bakery, Coffee/Drink",keyword
1셋트(4개) 단위로만 구매 가능한건  불편했어요..4개들이 포장은 이뻐요,"Price, Dessert/Bakery, Coffee/Drink, Vibe",keyword
주말 오전 웨이팅 없이 살 수 있었어요.,"Service, Vibe, Coffee/Drink",keyword
집에 가져가서 먹으려는데 기대됩니다.,"Dessert/Bakery, Coffee/Drink, Vibe",keyword
도산점은 한산했어요.,"Dessert/Bakery, Coffee/Drink",keyword
친절하시고 역시 맛있습니다 ㅎ,"Service, Dessert/Bakery, Coffee/Drink",keyword
굳이 줄을 서서 먹어야 하나?,"Service, Dessert/Bakery, Coffee/Drink",keyword
싶은 맛집.,Vibe,keyword
"소금빵 맛집, 워낙 유명하잖아요 ㅎㅎ","Dessert/Bakery, Coffee/Drink",keyword
"맛있어서 성수갈때 가끔씩 사와요:)
그치만 조금 비싸긴합니다..ㅎㅎ;","Dessert/Bakery, Coffee/Drink, Price",keyword
식사를 가볍게 한지라 2차로 빵을 먹기 위해 바로 와보았습니다,"Dessert/Bakery, Coffee/Drink, Vibe",keyword
"사거리쪽에 위치하고 있는 자연도소금빵은 그 일대를 빵의 향기로 점령해버려 그냥 지나가기 힘들도록 매혹시키고 있었는데요
테이크아웃매장인데 사실상 성수라는 지역자체를 자기들의 무대로 만들어버린 것 같아 놀라웠습니다","Vibe, Service, Position, Coffee/Drink, Dessert/Bakery",keyword
"암튼 결제줄 따로, 픽업줄 따로라 호다닥 결제하고 줄서서 받아갔는데요","Service, Dessert/Bakery, Coffee/Drink",keyword
소금빵에도 크게 두 종류가 있지 않겠습니까?,"Service, Dessert/Bakery, Coffee/Drink, Vibe",keyword
겉이 바삭한쪽이랑 겉과속이 둘다 촉촉한쪽.,"Dessert/Bakery, Coffee/Drink",keyword
자연도소금빵은 후자 되겠습니다,"Dessert/Bakery, Coffee/Drink",keyword
Tmi로 제 개취는 바삭한거 좋아하는 스탈이긴한데 뭐 둘 다 맛있으니 크게 상관없겠습니다,"Service, Dessert/Bakery, Coffee/Drink, Vibe",keyword
암튼 요 소금빵 버터의 풍미가 아주 기막힙니다,"Dessert/Bakery, Coffee/Drink",keyword
1세트 4개입만 판매하고 있으며 매장도 포장지도 멋드러집니다,"Dessert/Bakery, Coffee/Drink, Vibe",keyword
가급적 빵 나오는 시간에 맞춰 가세용,"Dessert/Bakery, Coffee/Drink",keyword
자연도차는 갈때마다 맛있다고 우걱우걱 먹기 바빠서 사진을 자꾸 놓침;;;; 을왕리에서 먹어보고 반해서 성수역도 방문했어요.,"Service, Dessert/Bakery, Coffee/Drink",keyword
걷기차가 없는게 아쉽지만 식어도 맛있는 소금빵...,"Dessert/Bakery, Coffee/Drink",keyword
여기소금빵 먹고나면 기성품 공장소금빵 못먹게됩니다.,"Dessert/Bakery, Coffee/Drink",keyword
버터풍미 적당한 소금맛 고소함...,"Dessert/Bakery, Coffee/Drink",keyword
나오는 시간있으니 알아보시고 1시간 이내로 드셔요.,"Vibe, Coffee/Drink",keyword
갓나온빵은 꿀맛이야....,"Dessert/Bakery, Coffee/Drink",keyword
성수 갈 땐 자연도는 선택이 아닌..,"Service, Coffee/Drink",keyword
종이봉투는 이렇게 접으시면 되요 ^^,Coffee/Drink,keyword
지나가면서 안살수없는 빵냄새!!,Dessert/Bakery,keyword
하나만 먹고 멈출수 없는 맛!,Coffee/Drink,keyword
성수갔다가 다들 줄서있길래 뭔가 궁금해서 봤는데 소금빵집이더라구요!!,"Service, Dessert/Bakery, Coffee/Drink, Vibe",keyword
얼마나 맛있길래 이렇게 줄이 기나 했는데..,"Service, Dessert/Bakery, Coffee/Drink",keyword
아 역시 다들 이렇게 줄서서 먹는 이유가 있었네요..,"Service, Vibe, Coffee/Drink",keyword
한입 먹자마자 감탄이 절로 나와요....,Coffee/Drink,keyword
오른쪽에 키오스크로 결제하고 줄서서 기다리면 금방 순번 돌아오더라구요!!,"Service, Dessert/Bakery, Coffee/Drink, Vibe",keyword
넘나 짱맛...,Coffee/Drink,keyword
성수가면 꼭 먹기!!!!,Coffee/Drink,keyword
자연도소금빵 넘 맛있어요ㅠㅠ,"Dessert/Bakery, Coffee/Drink",keyword
🩷🍀🩷 막 나왔을때가 아무래도 맛나긴한데..,"Dessert/Bakery, Coffee/Drink",keyword
집에서 에어프라이기 돌려먹으니까 더 맛나더라구용!,"Vibe, Coffee/Drink",keyword
네개 세트라 한개를 못사는게 처음에는 당황스러웠는데..,Dessert/Bakery,keyword
이 맛은 네개 순삭이에용!!!!,Dessert/Bakery,keyword
소금과 버터의 풍미가 장난아닙니다,"Dessert/Bakery, Coffee/Drink",keyword
"지난주 먹고 너무 맛있어서
오늘은 3봉지 사러 또 옴 ♥","Dessert/Bakery, Coffee/Drink",keyword
키오스크에서 고민할 시간을 주면 좋겠네요,"Dessert/Bakery, Coffee/Drink",keyword
비오는날.,"Dessert/Bakery, Coffee/Drink",keyword
웨이팅 없이.,Service,keyword
바로 주문했어요.,"Service, Dessert/Bakery, Coffee/Drink",keyword
성수에 샤넬 팝업 갔다가 가본 소금빵의 성지라는 곳.,"Dessert/Bakery, Vibe",keyword
빠삭함도 좋고 버터향과 맛도 좋고 다 좋지만 줄서고 꼭 4개를 사서 먹아야 한다면 유명하니까 한번은 하지만 재방문   의사는 없네요.,"Service, Dessert/Bakery, Coffee/Drink",keyword
요즘 소금빵 맛집은 많구 우리동네에도 맛있는 조금한 베이커리가 있는데 거기랑 맛도 비슷함.,"Dessert/Bakery, Coffee/Drink, Vibe",keyword
키오스크 계산 후 줄서서 빵 받았어요.,"Service, Dessert/Bakery",keyword
평일이라 한가했고 버터냄새 솔솔~,"Dessert/Bakery, Coffee/Drink",keyword
한개만 사먹고 싶었는데 4개씩 파는 이유가 있다.,"Dessert/Bakery, Coffee/Drink, Vibe",keyword
더 다 먹어버림;; 먹어본 소금빵 중에 가장 짭짤하고 가장 가볍고 버터가 제일 많이 들어간듯!!!,"Dessert/Bakery, Coffee/Drink",keyword
대기 길었다고 하는데 운 좋게 바로 구매했어요!,"Service, Dessert/Bakery, Coffee/Drink",keyword
경복궁 소금빵집이 젤 좋았는데여,"Dessert/Bakery, Vibe",keyword
여기로 바꼈습니다!,Vibe,keyword
한개씩 구매 어려워서 아쉬웠어요ㅠ,Dessert/Bakery,keyword
인생소금빵집🤎,Dessert/Bakery,keyword
소금빵은 여기서만 먹어요,"Dessert/Bakery, Coffee/Drink",keyword
솔직히 웨이팅 할만큼의 맛집은 모르겠어여ㅠㅠ,"Service, Dessert/Bakery, Coffee/Drink, Vibe",keyword
그냥 빵맛이예여,Dessert/Bakery,keyword
"밀은 캐나다산, ,프랑스 버터에 
햇빛과 바람이 만든 프랑스 토판 천일염으로  만든다고 한다.","Dessert/Bakery, Coffee/Drink, Vibe",keyword
소금이 고루고루 묻혀 소금의 짠맛과 버터의 향..,Dessert/Bakery,keyword
부드럽고 촉촉하다..,"Dessert/Bakery, Coffee/Drink",keyword
한팩이 묶어서 판매하는듯..,"Dessert/Bakery, Coffee/Drink",keyword
지난번 줄이 넘 길어 못 먹어서 오늘은 후다닥 포장해서 사감..,"Service, Dessert/Bakery, Coffee/Drink, Price",keyword
소금빵만 전문으로 만드는데 괜찮았다..^^,"Dessert/Bakery, Vibe",keyword
웨이팅 한 10~15분 정도 한 거 같습니다,"Service, Dessert/Bakery, Coffee/Drink",keyword
굽자마자 나와서 따뜻하게 먹었는데 빵 밑부분은 바삭하니 정말 맛있네요,"Dessert/Bakery, Coffee/Drink",keyword
"진짜 너무 맛있어요,, 제 인생 소금빵입니다,,",Dessert/Bakery,keyword
"사람들이 줄서있길래 우리도 사봤는데
왜 먹는지 알겠어요","Service, Dessert/Bakery, Coffee/Drink, Vibe",keyword
소금빵이 버터의 크림이함과 달콤한맛 소금의짭짤한맛이 섞여서 누구나 좋아할듯.,"Dessert/Bakery, Coffee/Drink",keyword
크로와성 4개에 12000원,Dessert/Bakery,keyword
처음 사먹었을 언젠가보다  어느순간부터 사먹을때마다 계속 타내요  ...,Coffee/Drink,keyword
맛도 좀 다르고...  (여전히  맛있긴하지만),"Dessert/Bakery, Coffee/Drink",keyword
기름도 너무 많아진거같고...,Dessert/Bakery,keyword
여름이라 이런가요?,Coffee/Drink,keyword
소금빵 너무너무 좋아해서 바로 구입했는데 제 입맛에는 먹어 본 소금빵 중에 젤 맛있게 먹었어요~,"Dessert/Bakery, Coffee/Drink",keyword
집에 와서 에어프라이기에 데워 먹었더니 더 맛있었어요~,"Dessert/Bakery, Coffee/Drink, Vibe",keyword
친구추천으로 꼭 먹어봐야 된다해서 왔는데 생각보다 오래 기다리지 않고  살수 있었어여.,"Service, Dessert/Bakery, Coffee/Drink, Vibe",keyword
다른 곳에서 먹어본 소금빵보다 확실히 부드럽고 맛있는 건강한 소금맛이 나네여.,"Dessert/Bakery, Coffee/Drink, Vibe",keyword
소금빵은 맛있는데 카운터 직원분이 나온 빵을 포장해서 바로 전달해주면 되는 일을 바로 하지 않고 손님을 세워뒀어요.,"Vibe, Service, Coffee/Drink, Price, Dessert/Bakery",keyword
빵도 나와있고 포장도 되어있는데 조명을 키거나 다른 직원분이랑 업무 얘기하는 일은 손님 먼저 보내고 하면 되는 일 아닌가요?,"Vibe, Service, Coffee/Drink, Price, Dessert/Bakery",keyword
소금빵 맛집으로 유명한 그곳 !,"Dessert/Bakery, Coffee/Drink",keyword
매번 지나칠 때마다 줄이 길어 못 먹어봤는데 드디어 샀습니다 !!,"Service, Coffee/Drink",keyword
비가 많이 오는데도 줄이 있더라구요ㅎㅎ,"Service, Dessert/Bakery, Coffee/Drink, Vibe",keyword
역시 맛빵집 인정 !!!,"Dessert/Bakery, Vibe",keyword
늦은 시간에 집에 돌아가 부모님과 함께 후다닥 먹느라 2개밖에 안 남았네요ㅜㅜ,"Dessert/Bakery, Coffee/Drink, Vibe",keyword
부모님께서도 소금의 맛과 함께 버터의 향이 진하게 난다고 무척 맛있다 하셨어요 !,"Dessert/Bakery, Coffee/Drink",keyword
"시간이 지나서 먹어도 빵은 왜이리 촉촉한지ㅜㅜ
저도 지금까지 먹어본 소금빵 중 제일 맛있네요ㅎㅎ","Dessert/Bakery, Coffee/Drink",keyword
맛있다고 해서 기대를 한 탓인지..,"Dessert/Bakery, Coffee/Drink",keyword
먹으면서 그냥 소금빵인데...,"Dessert/Bakery, Coffee/Drink",keyword
줄 서서 먹을 정도인가??,"Service, Coffee/Drink",keyword
라는 생각을 했다.,"Dessert/Bakery, Coffee/Drink",keyword
줄이 너무 길어서 계속 못먹다가 이제서야 사고 갑니다 ^^,"Service, Coffee/Drink",keyword
생각보다 훨씬 더 짭쪼름 하댜,"Dessert/Bakery, Coffee/Drink",keyword
테이크아웃 전문이라 무더위에 앉아서 편히 먹을 곳이 없어 아쉬웠지만 길빵(?)해도 행복한 맛이었어요!,"Service, Dessert/Bakery, Coffee/Drink, Vibe",keyword
빵도 촉촉하고 버터 덕분에 풍미도 잘 느껴져서 진짜 맛있어요ㅠㅠㅠㅠ,"Dessert/Bakery, Coffee/Drink",keyword
또 먹고 싶어요ㅠㅠㅠ,Coffee/Drink,keyword
완전 소금빵의 정석,Dessert/Bakery,keyword
역시 소금빵은 자연도-!,"Dessert/Bakery, Coffee/Drink",keyword
말해 뭐합니까~,"Dessert/Bakery, Coffee/Drink",keyword
떠나가려는 순간에도 나를 생각했었던 것이다.,"Dessert/Bakery, Coffee/Drink",keyword
무엇이 서로를 그토록 공포로 몰아넣은 것일까.,Vibe,keyword
집착과 애착의 경계를 넘나드는 마술사.,Position,keyword
"사라지게는  하면서, 되돌리는 기능은 없는 마술사","Dessert/Bakery, Coffee/Drink",keyword
소금빵 1등 자연도!,"Dessert/Bakery, Coffee/Drink",keyword
폭신하고 부드럽고 촉촉해요,"Dessert/Bakery, Coffee/Drink",keyword
"버터향 진하고 짭짤 고소 ㅠㅠ
4개씩 묶어서 팔지만 그래도 요즘 소금빵 시세 따지면 가성비도 괜찮구요!","Dessert/Bakery, Price",keyword
"항상 지나갈때마다 웨이팅 장난 아니길래 패스했는데, 비오는날 한산하길래 들러봄","Service, Dessert/Bakery, Coffee/Drink",keyword
4개 세트부터 구매가능하구 1개는 살 수 없나바요,"Dessert/Bakery, Coffee/Drink, Price",keyword
평일 11시 넘어서 갔는데 바로 구매가능했어요.,"Dessert/Bakery, Coffee/Drink, Price",keyword
"4개 12,000원..",Dessert/Bakery,keyword
"인데
특별함을 느끼진 못했어요;;","Dessert/Bakery, Coffee/Drink",keyword
소금빵 정석!!!!,Dessert/Bakery,keyword
소금빵 쫄깃함 👍,Dessert/Bakery,keyword
평일 5시 30분 정도에 가서 키오스크 결제 후 5분 대기했습니다!,"Service, Dessert/Bakery, Coffee/Drink",keyword
성수 가면 가봐야지 했는데 드디어 가보네요!,"Dessert/Bakery, Coffee/Drink",keyword
유명한 이유가 있었습니다ㅠ,"Dessert/Bakery, Coffee/Drink, Vibe",keyword
4개로 포장되어 있어 개별구매가 안된다는 점이 아쉬웠지만 빵 자체는 정말정말 맛있었어요!,"Price, Dessert/Bakery, Coffee/Drink, Vibe",keyword
포장도 감성적인 느낌이랄까요ㅎㅎ,Price,keyword
성수가면 또 구매하려구요!✨,"Dessert/Bakery, Coffee/Drink",keyword
3개만구매하고싶었는데....,"Dessert/Bakery, Coffee/Drink",keyword
4개가 한세트라..,Dessert/Bakery,keyword
세트별 구매가 가능하고.,"Dessert/Bakery, Coffee/Drink, Price",keyword
바로나온 소금빵이라 맛있습니다.,"Dessert/Bakery, Coffee/Drink",keyword
버터가 많이 들어가서 그런지 기름은 많습니다,Dessert/Bakery,keyword
최애 소금빵 맛도리,Dessert/Bakery,keyword
"🤎
평일에는 10분 내외로 포장 가능해요!","Price, Dessert/Bakery, Coffee/Drink, Vibe",keyword
늘 줄서 있는 이유를 알겠어요.,"Service, Vibe, Coffee/Drink",keyword
소금빵 우리나라 제일 최고!!,Dessert/Bakery,keyword
이제는 소금빵은 동네 작은 빵집에서도 쉽게 구하지만 자연도소금빵은 확실하게 차이가 있어서 압구정로데오쪽 가면 항상 사오게되네요.,"Dessert/Bakery, Coffee/Drink, Vibe",keyword
네개들이 한 봉지씩 판매하시는데 들고 다니기도 귀엽고 너무 맛있어서 순식이네요.,"Dessert/Bakery, Coffee/Drink",keyword
지나는길에 대기가 없어서 빠르게 포장했어요,"Service, Dessert/Bakery, Coffee/Drink, Price",keyword
갓나온 따끈한 빵으로 받아서 맛있게 먹었습니다,"Dessert/Bakery, Coffee/Drink",keyword
"빵이 파삭하기 보단 쫀쫀한 소금빵인데
풍미도 좋고 맛있어요.","Dessert/Bakery, Coffee/Drink",keyword
성수동  맛있는 빵집 중  1곳.,"Dessert/Bakery, Vibe",keyword
소금도~,Dessert/Bakery,keyword
저의 개인적 소견으로는 소금빵 중에 으뜸인 것 같아요.,Dessert/Bakery,keyword
"인천에 사는 친구가 너무 맛있다고 추천해서 식당가는
들러 샀는데 4개 한 세트로 포장도 아주 예쁘고 맛도 좋아요","Price, Dessert/Bakery, Coffee/Drink, Vibe",keyword
웨이팅 하는 이유를 알겠어요 !,"Service, Dessert/Bakery, Coffee/Drink",keyword
느끼하지 않고 고소+짭짤해서 맛있습니다,"Dessert/Bakery, Coffee/Drink",keyword
소금빵 안 좋아하는 편인데도 자연도소금빵은 진짜 찐으로 맛있더라고요,"Dessert/Bakery, Coffee/Drink",keyword
성수가면 꼭 들리는집🤭,Vibe,keyword
사람들이 엄청 많네요~,"Dessert/Bakery, Vibe",keyword
포장해서 집에오자마자 먹었는데....,"Price, Dessert/Bakery, Coffee/Drink, Vibe",keyword
쫄깃한게 그 어떤 소금빵보다 맛있었습니다.,"Dessert/Bakery, Coffee/Drink",keyword
이래서 사람들이 많았더군요!!,"Dessert/Bakery, Vibe",keyword
강추합니다.,"Dessert/Bakery, Coffee/Drink",keyword
나오자마자 받아 먹은 소금빵 맛있었어요.,"Dessert/Bakery, Coffee/Drink",keyword
키오스크줄이랑 픽업줄 합쳐서 15분 정도 기다린거같아요,"Service, Dessert/Bakery",keyword
받자마자 뜯어서 먹었는데 맛있었어요,Coffee/Drink,keyword
한국에서 가장 맛있는 소금빵집이니다.,"Dessert/Bakery, Vibe",keyword
대기줄이 엄청 길어요.,Service,keyword
그래도 기다린 보람이 있습니다.,"Service, Vibe, Coffee/Drink",keyword
소금빵 먹으려고 성수옴,"Dessert/Bakery, Coffee/Drink",keyword
소금빵 포장도 이뿌고 결재를 먼저 한뒤에 줄을 서야 하는 시스템이더라구요!,"Service, Dessert/Bakery, Coffee/Drink, Price",keyword
모르고 줄만 서고 있다가 당황했는데 침착하게 결재를 하고 줄을 서고 했는데 10만에 들어갔어요!!,"Service, Dessert/Bakery, Coffee/Drink, Vibe",keyword
게다가 앞에분도 어른분이였는데 결재 못했다고 하니까 그 자리에서ㅠ바로 결재 해주기도 하더라구요!!,"Dessert/Bakery, Coffee/Drink",keyword
참고 하시면 될것 같아요,"Dessert/Bakery, Coffee/Drink",keyword
개존맛까진 아니고 맛있어요!,Dessert/Bakery,keyword
소금빵 따끈따끈할 때 먹었는데 맛있어요!!!!!,"Dessert/Bakery, Coffee/Drink",keyword
줄 길게 서있어서 그냥 갈까했지만 도전해볼만 하네요~,"Service, Dessert/Bakery, Coffee/Drink, Vibe",keyword
소금빵 맛있다,Dessert/Bakery,keyword
아~~,Coffee/Drink,keyword
자연도 소금빵은 어느 지점이나 다 맛나요,"Dessert/Bakery, Coffee/Drink",keyword
성수점은 첫방문!,Service,keyword
역시나 소금빵은 자연도가 최고임~,"Dessert/Bakery, Coffee/Drink",keyword
시간별로 소금빵이 나오고 4개씩 세트 구성이예요.,"Dessert/Bakery, Coffee/Drink, Vibe",keyword
시간 맞춰서 갓나왔을 때 먹으면 훨씬 맛있을 것 같았어요.,"Dessert/Bakery, Coffee/Drink",keyword
시간 지난 뒤에 먹어도 쫄깃하고 맛있었어요.,Coffee/Drink,keyword
"맛있는 소금빵 
친절한 매장 
줄서서 먹을 가치가 충분히 있는 곳 
자연도 소금빵 
정말 맛있어요","Vibe, Service, Coffee/Drink, Price, Dessert/Bakery",keyword
평일 오후12시쯤에 갔을때 웨이팅없어,Service,keyword
바로 구매 가능했어요!,"Dessert/Bakery, Coffee/Drink, Price",keyword
낱개로는 구매 불가하고 4개 12000원 세트로만 구매가능해요!,"Price, Dessert/Bakery, Coffee/Drink, Vibe",keyword
"키오스크 결제줄에서 결제후 소금빵 픽업줄에 다시 줄서야해요
포장 너무 깜찍하게 해줘서 기분이 좋았어용","Vibe, Service, Coffee/Drink, Price, Dessert/Bakery",keyword
소금빵은 촉촉하고 맛있어요,"Dessert/Bakery, Coffee/Drink",keyword
"성수동 놀러갔다가, 줄을 서있길래 홀린듯 자연스레 줄을섰어요ㅋ","Service, Vibe, Coffee/Drink",keyword
시간대별로 딱 소금빵만 포장판매!,"Price, Dessert/Bakery, Vibe",keyword
"완전 짭잘하고 부드러운~
며칠지나도 에어프라이기 돌려먹으니 맛있었어요!","Dessert/Bakery, Coffee/Drink",keyword
"근데 다른데랑 비교해서 더 특별하다는 잘 모르겠지만,
확실히 소금맛은 강해요","Dessert/Bakery, Coffee/Drink",keyword
"이름만 소금빵인것들에비해~
한번쯤은 사다먹어볼만 하네요!","Dessert/Bakery, Coffee/Drink",keyword
요즘 사람 너무 많아져서 잘 못가요..,"Dessert/Bakery, Vibe",keyword
아침일찍 시간났길래 갔더니 몇분 안기다리고 바로 받을수 있었어요.,"Service, Vibe, Coffee/Drink",keyword
이어 성수점도 방문 했어요,"Service, Dessert/Bakery, Coffee/Drink",keyword
주말 저녁 18시에  웨이팅 20분 이내로 소금빵 겟 🥐,"Service, Dessert/Bakery, Vibe",keyword
방금 만들어진거 먹으면 정말 꼬소할듯..,"Dessert/Bakery, Coffee/Drink, Vibe",keyword
시간이 좀 지나서 먹었는데 그래도 맛있어요,Coffee/Drink,keyword
참고로 결제줄에서 결제하고 대기줄에서 대기해야 합니다,"Service, Dessert/Bakery, Coffee/Drink, Vibe",keyword
선결제 후 줄서서 픽업하기 때문에 빵 재고만 있으면 줄 빨리 빠져요ㅎㅎ,"Service, Dessert/Bakery, Coffee/Drink, Vibe",keyword
여러개 순삭.....,Dessert/Bakery,keyword
좋은 재료로 만들어 확실히 다르네요.,"Vibe, Coffee/Drink",keyword
"[ 대기 ]
항상 대기줄이 길어서 미루다가 한번 대기해봤는데, 줄은 길어도 결제부터 픽업까지 10분도 안 걸렸어요.","Service, Dessert/Bakery, Coffee/Drink",keyword
오른쪽 결제줄에서 먼저 결제 후 픽업 대기줄에 서면 됩니다.,Service,keyword
워낙 유명하고 줄도 길어서 너무 기대한 것 같아요.,"Service, Dessert/Bakery, Coffee/Drink",keyword
"요즘 소금빵 하는 곳이 많아서 그런지, 이곳이 특별히 맛있다는 인상은 못 받았어요.","Dessert/Bakery, Coffee/Drink, Vibe",keyword
"저는 겉면이 바삭한 소금빵을 좋아하는데, 여기 소금빵은 굉장히 부드러워서, 부드러운게 취향이시면 잘 맞을 듯 합니다.","Dessert/Bakery, Coffee/Drink",keyword
[ 재방문의사 ],Service,keyword
"대기시간은 길지 않아 입맛에만 맞다면 다시 오려고 했으나, 제 취향과는 다르네요.","Service, Dessert/Bakery, Coffee/Drink",keyword
한번 경험한 걸로 충분한 것 같아요,"Dessert/Bakery, Coffee/Drink, Vibe",keyword
무조건 세트로만 팔고 4개 1세트 12000원 입니다,"Dessert/Bakery, Vibe",keyword
개당 3000원이죠,Dessert/Bakery,keyword
2명이서 4개 나눠먹기 쌉가능했죠..?,"Dessert/Bakery, Coffee/Drink, Price",keyword
기다린만큼 맛으로 보상받은 성수동 핫플.,Service,keyword
기다리던 일본인 손님과도 대화도 나누고 좋았어요.,Service,keyword
버터리함으로 승부를 보는 소금빵 같습니다.,"Dessert/Bakery, Coffee/Drink",keyword
짠맛 보다는 기름지고 고소하고 느끼함이 주로 느껴집니다.,"Dessert/Bakery, Coffee/Drink",keyword
좋은 버터 쓰는 게 느껴져요!,Dessert/Bakery,keyword
버터리 소금빵 좋아하시면 강추👍,Dessert/Bakery,keyword
소금빵도 맛있고 계산과 대기줄이 나눠져있어서 줄이 길어도 금방사서 좋았어요,"Service, Dessert/Bakery, Coffee/Drink, Vibe",keyword
"📍내 돈 내산📍
성수동 소금 빵의 탑이라고 불리는 자연도 소금 빵.","Dessert/Bakery, Coffee/Drink, Price",keyword
❤️처음 가시는 분들은 결재 대기 후 종이를 받으시고 📌구매 대기 줄📌에 서야 합니다.,"Service, Dessert/Bakery, Coffee/Drink",keyword
왜냐하면 사람이 너~무 많기 때문이지요.,"Dessert/Bakery, Vibe",keyword
그런데 지인이 찾아와서 주말이지만 이곳의 소금 빵을 사주고 싶어 들렀답니다.,Dessert/Bakery,keyword
🔶소금빵 4개를 흰 종이에 담아주거든요.,"Dessert/Bakery, Coffee/Drink",keyword
4개 단위로 구매 가능합니다.,"Price, Dessert/Bakery, Coffee/Drink, Vibe",keyword
역시 대기 줄이 길었어요.,Service,keyword
구매 대기 줄에서 제 앞에 서 있던 외국 분들은 그냥 서 계시다가 다시 구매 줄로 가는 일이 있었답니다.,"Service, Vibe, Coffee/Drink",keyword
미리 알았으면 안내해드렸을 텐데 좀 안타깝더군요.,"Dessert/Bakery, Coffee/Drink",keyword
저는 20분 정도 지나서 빵을 받았네요.,Dessert/Bakery,keyword
겉바속촉의 소금 빵 말이 필요 없습니다,Dessert/Bakery,keyword
"유명해서 먹어봤어요
후기에 포장해서 가져가면 특별할게없고 바로먹어야 맛있대서 바로먹을것만주문
맛있긴했는데 다르곳보다 더맛있는지는 잘;;
포장이 이쁘긴한데 그거한다고줄만길어지는 느낌이라 바로먹을 저희같은사람은 받자마자 풀러서 ;;그냥 물어보고 봉투째 주셔도될듯","Vibe, Service, Coffee/Drink, Price, Dessert/Bakery",keyword
"4개 12,000원인데 진짜 진짜 사람 짱 많이 사가지고 가요!!","Dessert/Bakery, Vibe",keyword
사람들이 맘에 든다고하면서 웅성웅성해서 줄 서서 사가지고 갑니다 ㅋㅋ,"Service, Dessert/Bakery, Coffee/Drink, Vibe",keyword
피가 엄청 쫀득한 소금빵이고 기름기가 가득해요!,"Dessert/Bakery, Coffee/Drink",keyword
바로 옆 골목에서 1500 커피 사서 소금빵 사자마자 한입 베어물면 진짜 존맛이에요.,"Position, Dessert/Bakery, Coffee/Drink",keyword
자연도!!,Coffee/Drink,keyword
소금빵 정말 맛있어요...,Dessert/Bakery,keyword
고소하고 짭짤하고 맛있어요,"Dessert/Bakery, Coffee/Drink",keyword
직원 둘이 돌아서서 뭐하시나 항상 궁금했는데 열심히 이쁘게 포장을..,"Vibe, Service, Coffee/Drink, Price, Dessert/Bakery",keyword
성수거리엔 이쁜빵들이 많네요,"Dessert/Bakery, Vibe",keyword
"지나갈때마다 줄 서있는 집 그래도 회전율 좋은편
빵은 당연히 안에 좋은 버터 듬뿍 넣어 만들어 맛잇다 소금빵 러버라면 한번쯤은 가본집","Service, Dessert/Bakery, Coffee/Drink, Vibe",keyword
버터향이 솔솔,Dessert/Bakery,keyword
소금빵 진짜 개애애애애애맛있다...,Dessert/Bakery,keyword
"😻😻
진짜 버터 처돌이 소금빵 처돌이인데 
진심 개맛있음",Dessert/Bakery,keyword
진짜로요 4개에 12000원이면 가격도 앵간함 웬만한 카페 요새 소금빵 하나에 4천원이에요,"Dessert/Bakery, Coffee/Drink, Price",keyword
"촉촉한 소금빵을 좋아하시는 분들께 추천
바삭한 소금빵을 좋아하는 사람들은 좋아할 것 같진 않음","Dessert/Bakery, Coffee/Drink, Vibe",keyword
줄이 길어서 좀 힘들었지만 맛있어요!,Service,keyword
웨이팅이 길게 있길래 궁금해서 저도 먹어봤습니다.,"Service, Dessert/Bakery, Coffee/Drink, Vibe",keyword
엄청 특별하진 않지만 한 번은 먹어볼 만한거 같습니다.,"Dessert/Bakery, Coffee/Drink",keyword
대기줄은 긴데 포장이라 회전율이 빨라요,"Service, Price",keyword
버터맛이 강하고 금방먹어야 맛있습니다,"Dessert/Bakery, Coffee/Drink",keyword
한번먹어본걸로 만족합니다,"Price, Dessert/Bakery, Coffee/Drink, Vibe",keyword
".
지나가다가 빵냄새 때문에 그대로 지나칠 수가 없었다",Dessert/Bakery,keyword
먼저 계산을 하고 빵을 받기 위해 줄을 서야하는 방식이다,"Service, Dessert/Bakery, Coffee/Drink",keyword
받자마자 꺼냈는데 역시 빵은 방금 만든 게 최고다,"Dessert/Bakery, Vibe",keyword
"👍👍👍
맛있는 빵은 행복이에요
.","Dessert/Bakery, Vibe",keyword
지나가다 줄서있어서 본능적으로 합류했어요..,"Service, Dessert/Bakery, Coffee/Drink, Vibe",keyword
바삭 쫄깃한 소금빵 취향인데 바로 나왔음에도 불구하고 그러진 않았어요..,"Dessert/Bakery, Coffee/Drink",keyword
그래도 맛은 있었네요..,"Vibe, Coffee/Drink",keyword
많이 버터리~~ 해요,"Dessert/Bakery, Coffee/Drink",keyword
소금빵이 맛있어요,Dessert/Bakery,keyword
처음 자연도 소금빵에서 사먹었는데 조금 실망스러웠습니다..!!,"Dessert/Bakery, Coffee/Drink",keyword
맛은 정말 있었는데요,"Vibe, Coffee/Drink",keyword
빵안에 버터 포장지인지 금박 이물질이 박혀있었어요.,"Dessert/Bakery, Coffee/Drink, Vibe",keyword
가위로 잘라서 먹다가 마지막쯤 발견한거라 더 찝찝하더라구요.,"Dessert/Bakery, Coffee/Drink, Vibe",keyword
묻은게 아니라 빵 결 사이에 박혀있어서 반죽 중에 들어간 것 같았습니다.,"Dessert/Bakery, Coffee/Drink, Vibe",keyword
하루에도 몇백개가 넘는 소금빵을 파시고 수백명의 사람들이 먹는 식품이니 위생에 조금 더 신경쓰시면 좋을 것 같습니다!,"Dessert/Bakery, Coffee/Drink, Vibe",keyword
성수동 갔다가 빵 냄새가 너무 좋아서 이건 먹어야해!,"Dessert/Bakery, Coffee/Drink",keyword
"하면서 샀습니다
나중에 보니 유명한 곳이더라고요","Dessert/Bakery, Coffee/Drink, Vibe",keyword
하나에 3천원씩 4개씩 세트로 팔더라고요,"Dessert/Bakery, Vibe",keyword
버터가 많이 들어갔다더니 묵직한 맛이었어요,"Dessert/Bakery, Coffee/Drink",keyword
약간 기름지고 짭쪼롬하니 괜찮았던 맛이에요,"Dessert/Bakery, Coffee/Drink",keyword
근데 향기가 더 좋은것 같은...,Dessert/Bakery,keyword
소금빵 좋아하는데 맛있습니다.,Dessert/Bakery,keyword
조금 대기했다가 먹을수 있어서 좋습니다.,"Service, Dessert/Bakery, Coffee/Drink, Vibe",keyword
너무 맛잇어서 자주 와서 사게되요.,"Dessert/Bakery, Coffee/Drink",keyword
자주 생각나는 소금빵 !!!,Dessert/Bakery,keyword
"여기저기서 잘 보이는데 줄 서서 사람들이 사는
소금빵집 이라길래 와봤어요!","Service, Dessert/Bakery, Coffee/Drink, Vibe",keyword
"하나만 못사고, 4개 세트로만 살 수 있다고 해서 아쉬웠지만 그렇게 사봤습니다… 
개인적으로 소금빵이 많이 느끼해서!","Dessert/Bakery, Coffee/Drink, Vibe",keyword
길 가다가 냄새에 홀린듯 줄서서 샀어요...,Service,keyword
따끈할땨 먹으면 더 맛있잖아요,Coffee/Drink,keyword
오픈런 해서 먹고 반해서 몇번이고 가는 중이에요,"Dessert/Bakery, Coffee/Drink",keyword
아이도 너무 잘먹어서 좋네요,Coffee/Drink,keyword
9:30즈음가면 줄이 길지 않아서 금새 사요!,Service,keyword
소금빵이  유명하다고 해서 먹어봤어요,"Dessert/Bakery, Coffee/Drink",keyword
맛있는 소금빵이네요,Dessert/Bakery,keyword
소금빵 먹어본중 최고같아요~,"Dessert/Bakery, Coffee/Drink",keyword
유명한 소금빵집이여서 방문했는데 직원분 친절하시고 포장 깔끔해서 기분 좋게 구매했습니다,"Vibe, Service, Coffee/Drink, Price, Dessert/Bakery",keyword
또 방문할것 같아요,"Service, Dessert/Bakery, Coffee/Drink",keyword
빵맛은 굿!!!,Dessert/Bakery,keyword
소금빵을 좋아해서 여러번 갔는데 어째 갈수록 모양이..,Dessert/Bakery,keyword
"진열해두고 파는거였으면 이런거 내놓을 수 있나.,","Dessert/Bakery, Coffee/Drink, Vibe",keyword
봉지안에 넣어준다고 너므 안이쁜거 담아주셔서 실망했습니다.,"Dessert/Bakery, Coffee/Drink, Vibe",keyword
"줄서서 먹는데 갓나온 빵맛이 아니었어요,,오늘따라 기름진&떡진 느낌.","Service, Dessert/Bakery, Coffee/Drink",keyword
묵은빵 먹는 기분이었답니다.,"Dessert/Bakery, Coffee/Drink, Vibe",keyword
암튼 오늘은 실망하고 갑니다,"Dessert/Bakery, Coffee/Drink",keyword
소금빵이 너무 맛나요,Dessert/Bakery,keyword
소금빵 아니고 버터빵...,Dessert/Bakery,keyword
진짜 두개이상 먹으면 암걸릴거 같을 정도로 느끼함,"Dessert/Bakery, Coffee/Drink, Vibe",keyword
언제나 웨이팅이 있지만 기다릴 가치가 있는 맛,"Service, Vibe, Coffee/Drink, Price",keyword
허허 왜줄을 서는지 알것같아요,"Service, Dessert/Bakery",keyword
인생 소금빵입니다...,Dessert/Bakery,keyword
유명하다고 해서 기록해두고만 있다 지나갈일 있어 구매했습니다.,"Dessert/Bakery, Coffee/Drink, Vibe",keyword
"세트단위로만(1세트=4개) 판매중이라 아쉬웠지만 일반 빵집에 비하면 가격이 괜찮았고, 갓나온 빵이라 맛있지만 기름이 너무 많아 느끼하고 기다리면서까지 사먹을 정도는 아닌것 같습니다...","Vibe, Service, Coffee/Drink, Price, Dessert/Bakery",keyword
기름을 적게 썼으면 더욱 담백하고 맛있었을 것 같아요~~,Dessert/Bakery,keyword
서울숲 산책갓다 들리는곳 항상 대기줄ㅎㅎ,"Service, Vibe",keyword
"맛이 그냥 보통 소금빵맛, 특별한건 잘 모르겠어요.","Dessert/Bakery, Coffee/Drink",keyword
줄이 서 있어서 궁금해서 한번 사봤고요 패키지는 귀여워요.,"Service, Dessert/Bakery, Coffee/Drink, Vibe",keyword
4개세트만 팔아서 아쉬웠어요.,Dessert/Bakery,keyword
장사속이 너무 보여서  많이 그랬어요.,Coffee/Drink,keyword
감동적인 맛은 아닌 것 같아요...!!!,Dessert/Bakery,keyword
그래도 맛있게 잘 먹었습니다^^,Coffee/Drink,keyword
4개씩 세트로 사야하는것도 약간 부담이구요,"Dessert/Bakery, Coffee/Drink, Vibe",keyword
너어무 유명해서 항상 궁금했던 곳🧐 평일 저녁이라 그런지 웨이팅이 짧아서 바로 합류했는데 다들 종이를 들고 있어요!,"Service, Dessert/Bakery, Coffee/Drink, Vibe",keyword
먼저 키오스크에서 결제하고 대기서야합니다!!,"Service, Dessert/Bakery, Coffee/Drink",keyword
저희뿐만 아니라 몇몇이 우선 줄부터 서고 나서 깨달은… ㅋㅋ 그래도 빨리 줄은 줄어서 소금빵 겟!,"Service, Dessert/Bakery, Coffee/Drink",keyword
4개에 12000원으로 팔아요~,Dessert/Bakery,keyword
먹어보니 진짜 뭔가,Coffee/Drink,keyword
"부드러우면서 많이 버터리하지않고, 아메리카노와 딱 어울릴 소금빵이에요","Dessert/Bakery, Coffee/Drink",keyword
🧡 포장도 너무 귀엽고 판매하시는 분들 복장 ㅎ 귀염귀염🎈소금빵 파는 곳 여러 군데 먹어봤지만 나름 이곳에 줄서는 이유 알 것 같아요 ㅎ,"Vibe, Service, Coffee/Drink, Price, Dessert/Bakery",keyword
성수에서 유명한 소금빵 집이 있다고 해서 다녀왔어여,"Dessert/Bakery, Coffee/Drink, Vibe",keyword
😆 줄 서서 기다리는 것같아서 많이 기다려야하는줄 알았는데 금방 빠지더라구여!!,"Service, Dessert/Bakery, Coffee/Drink",keyword
소금빵이 정말 촉촉하고 쫄깃하니 왜 줄 서서 먹는지 알겟더라구여^^,"Service, Dessert/Bakery, Coffee/Drink",keyword
⭐️ 담에 또 먹으러 가야겠어용,Coffee/Drink,keyword
소금빵맛집!,Dessert/Bakery,keyword
성수동만가면 지나치지못하고 꼭 한개라도 사먹는곳,"Dessert/Bakery, Coffee/Drink, Vibe",keyword
소금빵보다 버터빵이 맞는것 같다.,Dessert/Bakery,keyword
진한버터향에 바싹촉촉한 소금빵.,"Dessert/Bakery, Coffee/Drink",keyword
열량에 상관없이 한자리에서 4개도 먹을수 있을것같다.,"Dessert/Bakery, Coffee/Drink, Vibe",keyword
직원은 친절함이 부족해보였다.,"Service, Dessert/Bakery, Coffee/Drink",keyword
드디어 나도 먹어보았다.,Coffee/Drink,keyword
성수 유명 소금빵집..,"Dessert/Bakery, Vibe",keyword
항상 줄을 서서 기다려야했는데..,"Service, Dessert/Bakery, Coffee/Drink",keyword
왠열..,Coffee/Drink,keyword
월요일 저녁 늦은시간 방문하니..,"Service, Dessert/Bakery, Coffee/Drink",keyword
"바로살 수있었다. 
^^","Vibe, Coffee/Drink",keyword
소금빵 맛이다. ㅎㅎ,Dessert/Bakery,keyword
둘이와서 한명은 줄서고 한명은 구매해서 새치기 하는게 그닥 보기 좋진않네요,"Service, Dessert/Bakery, Coffee/Drink",keyword
처음방문해서 몰랐는데 그런점도 제지되면 좋을것같아요,"Service, Dessert/Bakery, Coffee/Drink",keyword
소금빵은 세트단위 구매입니다.,Dessert/Bakery,keyword
따듯할때 드세요~,"Dessert/Bakery, Coffee/Drink",keyword
소금빵좋아!,Dessert/Bakery,keyword
"인생 소금빵 사는 법
1. 가게 오른쪽 결제 키오스크에서 구매
2. 가게 왼쪽 긴 줄에서 약 30분 이내로 대기(주말 저녁엔 약 15분)
3. 버터굴 크고 버터즙이 터져나오는 갓 나온 따끈따끈한 자연도소금빵 냠냠하기
(+ 최대한 대량 구매 추천, 냉동해서 에프 돌리면 바로 먹는 맛은 안나지만 ...)
여러 소금빵을 먹어봤지만 여기가 단연 원탑입니다.","Service, Dessert/Bakery, Coffee/Drink, Vibe",keyword
지나가는 사람 붙잡고 자연도소금빵 한번만 먹어주세요,"Dessert/Bakery, Coffee/Drink, Vibe",keyword
"하고 싶지만, 어차피 자연도 소금빵 공장에서 나는 고소한 버터 냄새, 빵냄새에 다들 홀린듯이 구매하게 될 겁니다","Dessert/Bakery, Coffee/Drink",keyword
이거 먹으러 성수 매일 가고 싶지만 경기도러에게는 너무 먼 성수..,Coffee/Drink,keyword
갓나온 빵은 아니고 구워진지 2시간 30분 정도 지난거 샀어요.,"Dessert/Bakery, Coffee/Drink",keyword
그래서 그런지 따뜻하진않고 씹을때마다 기름뿜어나오고 느끼한 느낌ㅠㅠ사실 소금빵은 어딜가든 갓나온걸 먹어야 맛있는거같아요,"Dessert/Bakery, Coffee/Drink",keyword
줄서서 살정도는 아니고 지나가다가 빵나오는 시간이다!,"Service, Dessert/Bakery, Coffee/Drink",keyword
하면 사시면될듯함 ㅎㅎ,"Dessert/Bakery, Coffee/Drink",keyword
최소 4개씩 사야하고 한세트당 12000원입니다,"Dessert/Bakery, Coffee/Drink",keyword
여름이라 줄스기도 뜨거우니 집근처 베이커리서 사드리는거 추천,"Service, Vibe, Coffee/Drink",keyword
성수 오면 하나씩 사들고 가는 소금빵.,"Dessert/Bakery, Coffee/Drink",keyword
소금빵 중에서도 자극적인 소금빵을 찾으신다면 여기 추천입니다.,"Service, Dessert/Bakery, Vibe",keyword
버터맛이 찐~하고 고소하며 겉에 빵피가 얇은데 파쟉 해서 맛있어요.,"Dessert/Bakery, Coffee/Drink",keyword
이전에는 따끈할때 받아서 너무 맛있었는데 이번에는 따끈하진 않아서 그맛은 안나네요ㅜ,"Dessert/Bakery, Coffee/Drink",keyword
에어프라이기 돌리면 살아나니깐 그렇게 해먹어야겠어요,"Dessert/Bakery, Coffee/Drink",keyword
여태껏 먹은 소금빵중에 최고입니다~~!!,"Dessert/Bakery, Coffee/Drink",keyword
울산에서 왔는데 서울이란 이런곳이군요~~~,"Dessert/Bakery, Coffee/Drink, Vibe",keyword
소금빵이~ 빵이 ~정말 맛있었어요,Dessert/Bakery,keyword
😍 인테리어도 포장도 넘 이쁘다는👍😁,"Vibe, Price",keyword
1세트 (4개 12000원) 먹었습니다,"Dessert/Bakery, Coffee/Drink",keyword
"아아
줄서는거 싫어하는데 오늘은 줄이 좀 없어서 좋았네여","Service, Dessert/Bakery, Coffee/Drink",keyword
뒷면에 보이는 버터..,"Dessert/Bakery, Coffee/Drink",keyword
행복했어요,"Dessert/Bakery, Coffee/Drink, Vibe",keyword
두개 순삭..,Dessert/Bakery,keyword
다음번엔 갓나온 빵을 사러 출동 하려구요!,"Dessert/Bakery, Coffee/Drink",keyword
갓 구워낸 소금빵 기존에 먹어본 소금빵과 다르게 퐁실퐁실하고 풍미가 좋네요,"Dessert/Bakery, Coffee/Drink",keyword
사람들이 줄 서 있길래 저도 샀어요....,"Service, Dessert/Bakery, Coffee/Drink, Vibe",keyword
빵순이가 먹어본 소금빵 중에서는 많이 별로네요.,"Dessert/Bakery, Coffee/Drink",keyword
가려고 간 건 아니고 성수갔다가 있길래 구매했는데 소금빵 진짜 미쳤네욤..,"Dessert/Bakery, Coffee/Drink, Vibe",keyword
넘 맛있어서 길거리에서 뜯어먹었어요ㅠㅠ,Coffee/Drink,keyword
향도 진짜 너무 좋고 특히 직원분들 유니폼 컨셉이랑 매장 컨셉이 마음에 쏙 들었달까용,"Service, Dessert/Bakery, Coffee/Drink, Vibe",keyword
성수에 놀러갔다가 보이길래 그냥 삿어요~,Coffee/Drink,keyword
그자리에서 두개나 순삭했어요...ㅋㅋㅋㅋㅋ,"Dessert/Bakery, Coffee/Drink",keyword
친구랑 여직 먹어본 소금빵중 제일 맛나다며 칭찬을 아끼지 않았어요~~,"Dessert/Bakery, Coffee/Drink, Vibe",keyword
유명한 이유가 있네여^^,"Dessert/Bakery, Coffee/Drink, Vibe",keyword
저번에먹고맛있어서또왔어요,"Dessert/Bakery, Coffee/Drink",keyword
갓나온빵을이길수가없네요,"Dessert/Bakery, Coffee/Drink",keyword
"저번엔따끈따끈더맛있었는데~시간맞춰서가면더좋은곳
외쿡사람들이특히나많아요","Dessert/Bakery, Vibe",keyword
항상 줄서있길래 한번 사먹어봤어요,"Service, Vibe, Coffee/Drink",keyword
맛있긴 한데 최소4개 12000원으로 구매해야하는게 안좋네요,"Dessert/Bakery, Coffee/Drink",keyword
엄청 줄서서 사먹을 정도까진 아니고 평일에 줄짧을때 친구랑 4개사서 나눠먹는다면 괜찮아요,"Service, Dessert/Bakery, Coffee/Drink, Vibe",keyword
테이크아웃 매장이에요,"Service, Vibe",keyword
무지 감성있고 맛은 촉촉하고 좋아요,"Dessert/Bakery, Coffee/Drink, Vibe",keyword
"12000원에 4개 세트
빵시간 잘봐야해요","Dessert/Bakery, Coffee/Drink",keyword
진짜 팩트로 그냥 소금빵 맛이에요,"Dessert/Bakery, Vibe",keyword
왤캐 줄서는지 모르겠는데요??,Service,keyword
지나가다가 줄 서있길래 먹어본건데 그냥 소금빵이에요,"Service, Dessert/Bakery, Coffee/Drink, Vibe",keyword
"그리고 키오스크 먼저 계산하라고
좀 더 크게 써붙여놔야 할 듯요
줄 서있으니 그냥 뒤따라 줄서있는 사람이 더 많지않나요?","Service, Dessert/Bakery, Coffee/Drink, Vibe",keyword
아니면 키오스크옆에 핸드폰 하면서 안내해주는 직원분을 바깥으로 서있게 해서 안내하게 해야할 것 같아요,"Service, Dessert/Bakery, Coffee/Drink, Vibe",keyword
친구가 추천해서 샀어요,"Dessert/Bakery, Coffee/Drink, Vibe",keyword
"낱개로 못사는게
아쉬워요.",Vibe,keyword
맛없는건 아닌데 꼭 4개 세트로 사야하네요ㅠ,"Dessert/Bakery, Coffee/Drink, Vibe",keyword
주말 3시쯤 갔는데 줄 금방 빠졌어요.,Service,keyword
기다려서 사먹을 만한 맛이에요,"Service, Dessert/Bakery, Coffee/Drink",keyword
줄서서 기다리면 포장까지 착착착..,"Service, Price",keyword
버터듬뿍 소금빵 맛있네요,Dessert/Bakery,keyword
"지나갈때마다 줄이 어마무시했던 자연도 소금빵
오전9시타임이라 줄거의 없이 구매할 수 있었어요.","Service, Dessert/Bakery, Coffee/Drink, Vibe",keyword
갓나온 소금빵이라 맛있었어요,"Dessert/Bakery, Coffee/Drink",keyword
줄까지 서야하나 싶었는데 맛있어요,"Service, Dessert/Bakery, Coffee/Drink",keyword
식어도 바닥이 바삭하고 맛있어요!!,"Dessert/Bakery, Coffee/Drink",keyword
줄도 생각보다 빨리 줄어요,Service,keyword
"또가고 싶어요
줄서는 이유가 있어요
강추~","Service, Vibe, Coffee/Drink",keyword
줄이 좀 길어도 금방금방 빠져요,Service,keyword
버터 맛 풍부하고 너무 맛있음,"Dessert/Bakery, Coffee/Drink",keyword
"소금빵 한가지만 판매 4개 12,000원 , 맛은 있는데 너무 비싸요","Price, Dessert/Bakery, Coffee/Drink, Vibe",keyword
"소금빵
맛있지만 많이 기름져요.",Dessert/Bakery,keyword
4개씩만 살 수 있다는 점이 아쉽습니다.,"Dessert/Bakery, Coffee/Drink, Vibe",keyword
줄서서 먹을 맛은 아니라고 생각했는데 줄을 얼마 안서서 맛있습니다.,"Service, Dessert/Bakery, Coffee/Drink",keyword
여기저기 파는 소금빵들 보다는 훨씬 맛있습니다.,Dessert/Bakery,keyword
소금빵이 생각날 땐 무조건 자연도로 사러 갑니다 : ),"Dessert/Bakery, Coffee/Drink",keyword
영종도에서 자연도소금빵을 접하고 너무 기겁해서!,"Dessert/Bakery, Coffee/Drink",keyword
성수로 놀러온 김에 점심식사하고 자연도소금빵 픽업하러 왔답니다,"Service, Dessert/Bakery, Coffee/Drink, Vibe",keyword
💚💛 역시나 버터리한게 너무 맛있었고 집에 와서 식은 소금빵을 에어프라이어에 데워 먹었는데도 존맛탱👊🏻 자연도소금빵은 진짜 사랑입니다,"Dessert/Bakery, Coffee/Drink, Vibe",keyword
아쉽게도 따뜻할 때 먹진 못했지만 유명하다길래 소금빵 조아하는 엄마 선물로 구매했어요,"Price, Dessert/Bakery, Coffee/Drink, Vibe",keyword
버터향 찐하구 맛있어요 ~,Dessert/Bakery,keyword
낱개 구매도 가능했으면 좋겠어요!,"Dessert/Bakery, Coffee/Drink, Price",keyword
근데 매우 맛있긴 합니다 ~,"Dessert/Bakery, Coffee/Drink",keyword
마감 전에 가도 구매할 수 있어요,"Dessert/Bakery, Coffee/Drink, Vibe",keyword
소금빵 쬬아~~,"Dessert/Bakery, Coffee/Drink",keyword
"항상 줄이 너무 길어 포기하곤 했는데
나오는 시간에 맞춰 지나가게 되어
운 좋게 구매 성공!","Service, Dessert/Bakery, Coffee/Drink",keyword
4개 셋트로만 구매 가능해요!,"Price, Dessert/Bakery, Coffee/Drink, Vibe",keyword
제가 먹어봤던 다른 소금빵보다 조금 더 짭짤한 맛!,"Dessert/Bakery, Coffee/Drink",keyword
버터풍미가 제대로라 넘 고소하고 겉바속촉으로 맛있더라구요 ;),"Dessert/Bakery, Coffee/Drink",keyword
평일오전 비가 와서인지 거의 대기없이 이용했어요.,"Service, Dessert/Bakery, Coffee/Drink",keyword
와 라는 소리밖에 안 나와요,Coffee/Drink,keyword
귀여운 소금빵 맛집이에요.,Dessert/Bakery,keyword
저는 소금이 좀 많이 짰는데 빵은 버터맛에 맛있었어요!,Dessert/Bakery,keyword
진한 소금빵 좋아요,Dessert/Bakery,keyword
짭짤하니 맛있네..,"Dessert/Bakery, Coffee/Drink",keyword
소문난 소금빵 15분정도 대기타다 구매했어요.,"Service, Dessert/Bakery, Coffee/Drink",keyword
버터향 찐하니 맛있긴 하네요.^^,"Dessert/Bakery, Coffee/Drink",keyword
"인천 여행때 가보고 싶었는데 거리가 생각보다 멀어서
포기했던 자연도 소금빵!","Dessert/Bakery, Coffee/Drink",keyword
그렇다면 줄을 서서라도 먹어봐야죠!!,"Service, Coffee/Drink",keyword
"효율적인 주문 시스템으로
줄이 길어도 대기 시간이 길지 않았어요.",Service,keyword
오늘부터 소금빵의 기준은 이 집이다!!,"Dessert/Bakery, Vibe",keyword
소금빵 맛있는 집,"Dessert/Bakery, Vibe",keyword
친구한테도 선물해줬어요,"Price, Dessert/Bakery, Coffee/Drink, Vibe",keyword
저번엔 소금빵을 차갑게 먹어서 쫌 느끼했는데 이번엔 갓 나와서 따뜻한 소금빵을 먹었는데 진짜 넘 맛있어서 2개 연달아서 다 먹었어요!,"Dessert/Bakery, Coffee/Drink",keyword
따뜻할때 먹어야 되는군요!,"Dessert/Bakery, Coffee/Drink",keyword
겉바속촉!!,Dessert/Bakery,keyword
선물용으로 추천해요!,"Price, Dessert/Bakery, Coffee/Drink, Vibe",keyword
먼 길 온 친구에게 들려보내기 딱인 아이템 ㅎㅎ,"Dessert/Bakery, Coffee/Drink, Vibe",keyword
정신없이 먹느라 빵사진을 못찍었어요 ㅠ,"Dessert/Bakery, Coffee/Drink",keyword
밑바닥 바작하고 버터풍미 ㅠㅠ 정말 맛있어요,"Dessert/Bakery, Coffee/Drink",keyword
"앨르엔비르버터인지… 페이장버터인지 잘 모르겠지만
고메버터맛같아요","Dessert/Bakery, Coffee/Drink",keyword
"성수동 소금빵 탑
부드럽고 촉촉하고 폭신하고 버터향 진하고 고소짭짤해요","Dessert/Bakery, Coffee/Drink",keyword
4개씩 사야하긴 하지만 개당 가격을 따지면 요즘 소금빵 가격에 비하면 비싸지 않은 3000원!,"Dessert/Bakery, Coffee/Drink, Price",keyword
크기도 작지 않고요,Dessert/Bakery,keyword
포장에 너무 시간이 오래 걸리긴 하지만 그래도 줄 길게 서는 만큼 맛있습니다,"Service, Dessert/Bakery, Coffee/Drink, Price",keyword
6시즈음에 도착했는데..,"Dessert/Bakery, Coffee/Drink",keyword
줄이 너무 길어서 포기..ㅠㅠ,Service,keyword
8시 넘어서 가보니 줄이 짧아서 구입하고 기다렸어요.,"Service, Dessert/Bakery, Coffee/Drink",keyword
버터가 듬뿍 들어가 있어서 고소한 냄새가 가득해요.,"Dessert/Bakery, Coffee/Drink, Vibe",keyword
"성수동에 온통 퍼지는 고소한 소금빵 냄새~
나들이 나온 사람 절반은 소금빵 포장을 들고 다니는거 같아요.","Price, Dessert/Bakery, Coffee/Drink, Vibe",keyword
그 만큼 인기있다는 증거겠죠?,"Vibe, Coffee/Drink",keyword
정말 부드럽고 고소하고 건강한 맛이에요.,"Dessert/Bakery, Coffee/Drink",keyword
"웨이팅은 있었지만 금방 구입할 수 있었어요,
포장도 예쁘고 선물용 넘 좋아요.","Vibe, Service, Coffee/Drink, Price, Dessert/Bakery",keyword
가족들이 너무 맛있다고 합니다. ^^,"Dessert/Bakery, Coffee/Drink",keyword
맛있지만 조금 비싸요,Price,keyword
이거 먹으러 성수 가는 정도입니다,Coffee/Drink,keyword
오래오래 장사해주세요,"Dessert/Bakery, Coffee/Drink",keyword
빵이 짭쪼름하니 맛있었어요!,"Dessert/Bakery, Coffee/Drink",keyword
왜 대기 하시몀서 사가시는지 알겠더라구요!,"Service, Dessert/Bakery, Coffee/Drink",keyword
평일(근로자의날)이라서 그런지 줄이 짧은편이었던거 같습니다.,"Service, Dessert/Bakery",keyword
성수동에서 가장 핫하다는 소금빵 맛집!,Dessert/Bakery,keyword
그 명성답게 고소하고 짭조름한 맛이 일품이네요!,"Dessert/Bakery, Coffee/Drink",keyword
기대를 너무 많이 했나봐용~,"Dessert/Bakery, Coffee/Drink",keyword
"소금빵 기본 맛이에요:)
포장은 특별해요♡","Dessert/Bakery, Coffee/Drink, Price",keyword
고소한 버터향에 그냥 지나칠 수 없어 들른 곳.,"Dessert/Bakery, Vibe",keyword
키오스크줄과 빵픽업줄이 따로 되어있는데 소금빵 단일품목만 판매하고 낱개판매없이 4개 세트로만 판매하는게 조금 아쉽습니다.,"Service, Dessert/Bakery, Coffee/Drink, Vibe",keyword
소금빵의 맛은 좋은데  식으면 좀 기름지고 느끼해서 꼭 데워먹어야 합니다.,"Dessert/Bakery, Coffee/Drink",keyword
뽕한 소금빵 :),Dessert/Bakery,keyword
일요일늦은오후 포장.,Price,keyword
키오스크도 줄서고.,Service,keyword
픽업도 줄서고.,Service,keyword
심지어 4개씩단위만 구매되고.,Dessert/Bakery,keyword
그럼에도 너무 맛있어서 이세상 소금빵중에 단연 최고임에 모든 고생이 아깝지않은맛이예요,Dessert/Bakery,keyword
한번 맛보면 잊을 수 없는 맛…❤️ 이제 더 이상 다른 소금빵은 못먹게됐어요ㅠㅠ,"Dessert/Bakery, Coffee/Drink",keyword
소금빵 맛집에 웨이팅 맛집이라는 소문 듣고 갔는데 그래도 옆쪽 키오스크에서 주문하고 다른쪽으로 줄서 있다가 주문한 소금빵 받게 되어 있어서 금방 금방 줄이 줄었어요!!,"Service, Dessert/Bakery, Coffee/Drink, Vibe",keyword
포장도 귀엽게 해주시고 일단 소금빵 적당히 짭쪼롬하면서 버터향 그득한게 왜 인기가 많은지 알겠더라구요!!,"Dessert/Bakery, Coffee/Drink, Price",keyword
4개가 한세트라 포장해와서 집에서 에어프라이기 돌려먹는데 맛있었어요 ◡̈,"Price, Dessert/Bakery, Coffee/Drink, Vibe",keyword
인생 소금빵✨✨✨✨✨,Dessert/Bakery,keyword
두번째 구매 가격은 안착한데 맛있어유 ㅎ,"Dessert/Bakery, Coffee/Drink, Price",keyword
오전에 가니 줄도 없고 좋네요,Service,keyword
이길을 지나가면서 그냥 지나칠수있는 사람이 얼마나 될것인가!!!!!!!!!!!!!!,"Dessert/Bakery, Coffee/Drink, Vibe",keyword
홀린듯 줄서버리는 소금빵....,"Service, Dessert/Bakery",keyword
줄서서사는 소금빵집 미치게 맛잇다.,"Service, Dessert/Bakery",keyword
소금빵 원탑 버터향 30m떨어진곳부터 나서 지나칠수없는 맛집 👍 성수오면 1세트 꼭사감 !!!,"Dessert/Bakery, Coffee/Drink, Vibe",keyword
"키오스크 결제 줄따로 
픽업 줄따로~ 
맛있죵",Service,keyword
소문난 빵집이네요~~^^,Dessert/Bakery,keyword
"소금빵 맛집
드디어 먹어봤다네요","Dessert/Bakery, Coffee/Drink",keyword
따듯할때보다 조금 식어야 맛있는 소금빵♡,Dessert/Bakery,keyword
"소금빵 4개에 12,000원입니다",Dessert/Bakery,keyword
겉은 패스츄리같고 안은 버터리합니다,"Dessert/Bakery, Coffee/Drink",keyword
"역시 성수역에 위치해서 대기도 많고
외국인들도 많습니다","Service, Position, Dessert/Bakery, Coffee/Drink",keyword
평일에는 그래도 10-15분 내로 받을 수 있는 것 같습니다,"Dessert/Bakery, Coffee/Drink, Vibe",keyword
"매장을 바라보고 오른쪽에서 결제 및 교환권을 받고
왼쪽 대기줄에서 기다렸다가 소금빵을 받을 수 있는 방식입니다","Service, Dessert/Bakery, Coffee/Drink, Vibe",keyword
"일행이 있으신 경우에는 한 분은 오른쪽 대기줄에서 바로 결제 및 교환, 한 분은 왼쪽 대기줄에서 교환을 건네 받아서 소금빵으로 교환하셔도 될 것 같습니다","Service, Dessert/Bakery, Coffee/Drink, Vibe",keyword
두번째 방문!,Service,keyword
자연도는 항상 빵이 따뜻해서 더 맛있는 거 같음,"Dessert/Bakery, Coffee/Drink",keyword
줄이 좀 길어 보일 수 있지만 금방 줄어듬,"Service, Vibe, Coffee/Drink",keyword
아메리카노랑 먹으면 대존맛탱 버터 가득 소금 빵 못 참지 ㅎㅎ,"Dessert/Bakery, Coffee/Drink",keyword
낱개로도 팔아줬음 해요,"Dessert/Bakery, Coffee/Drink, Vibe",keyword
"성수동 놀러오면 무조건 들리는 소금빵 맛집
따끈한거 바로 먹으면 더 맛있어요","Dessert/Bakery, Coffee/Drink",keyword
담엔 8개 사가야지,Dessert/Bakery,keyword
4개로 둘이 먹긴 너무 부족하다...,"Dessert/Bakery, Coffee/Drink, Vibe",keyword
개인적으로 최애 소금빵집(겉바속촉👍🏻),Dessert/Bakery,keyword
소금빵 한 종류만 있어서 결제하고 수령하기까지 회전이 엄청 빨라요.,"Service, Dessert/Bakery, Coffee/Drink, Vibe",keyword
4개 세트 단위라 구매 수량 결정도 쉽네요.,Dessert/Bakery,keyword
빵도 너무 맛있어요.,Dessert/Bakery,keyword
사람들이 줄을 엄청 서있고 빵 냄새가 미쳤길래 홀린듯이 저도 줄을 서서 빵을 샀습니다.,"Service, Dessert/Bakery, Coffee/Drink, Vibe",keyword
비 오는 날이고 저녁시간에 가서 5분?,"Dessert/Bakery, Coffee/Drink",keyword
정도 기다렸습니다.,Service,keyword
모두 포장으로 빵이 나가서 회전율이 좋아 빠르게 순서가 왔어요.,"Service, Dessert/Bakery, Coffee/Drink, Price",keyword
최소 4개(1세트) 사야하는데 1세트만 산게 후회될 정도로 맛있는 소금빵이었습니다.,"Dessert/Bakery, Coffee/Drink, Vibe",keyword
빵이 짭짤하고 겉바속촉입니다.,"Dessert/Bakery, Coffee/Drink",keyword
웨이팅 때문에 갓 구운 빵이 바로바로 나오니 따뜻하게 먹을 수 있어요!,"Service, Dessert/Bakery, Coffee/Drink, Vibe",keyword
그 자리에서 하나 먹고 집에 가져와서 먹으니 빵이 찌그러졌지만 맛은 그대로 맛있었어요.,"Dessert/Bakery, Coffee/Drink, Vibe",keyword
🟢키오스크에서 미리 주문하신 후 대기줄로 가셔야해요!,"Service, Dessert/Bakery, Coffee/Drink, Vibe",keyword
🟢매장에서 먹지않고 테이크아웃 전문이라 회전률이 빨라서 좋아요,"Service, Vibe, Coffee/Drink",keyword
점심 먹으러 가는길에 들렀는데 줄이 길어서 어쩌나 고민했지만 단일메뉴에 테이크아웃 이라서 금방금방 차례가 와서 기다릴만했어요ㅎㅎ,"Service, Dessert/Bakery, Coffee/Drink",keyword
"딱 소금빵의 정석♡ 
친환경적인 포장 넘 좋고 귀요미라는^^","Dessert/Bakery, Coffee/Drink, Price",keyword
"유명하다해서 줄서서 구매해봤어요
겉바속촉 맛있어용","Service, Dessert/Bakery, Coffee/Drink",keyword
"4개 셋트로 12,000원 가격 나쁘지않고
주문 줄 따로 픽업 줄 따로라 줄서는
방식은 나쁘지 않았어요","Price, Service, Dessert/Bakery, Vibe",keyword
외국인분들은 잘 몰라서 픽업줄에 서 있길래 주문 먼저하라고 알려줬습니당,"Service, Dessert/Bakery, Coffee/Drink, Vibe",keyword
"빵은 맛있고 괜찮은데  20분이상 기다려서 먹을정도는 아닌것 같고
10분이내로 주문 픽업 적당한듯 싶어용","Service, Dessert/Bakery, Coffee/Drink, Vibe",keyword
믿고 먹는 자연도,Coffee/Drink,keyword
줄서서 먹을만큼 맛있는 소금빵🥐,"Service, Dessert/Bakery, Coffee/Drink",keyword
혼자먹기에는 4개는 많은데 4개씩만 팔아서 아쉽네요.,"Dessert/Bakery, Coffee/Drink",keyword
두개씩 팔면 좋을텐데,Dessert/Bakery,keyword
사서 당일 드실거 아니라면 버터 있는 부분 잘 녹여드세요,"Dessert/Bakery, Coffee/Drink, Vibe",keyword
소금빵이 넘 맛있어요^^,Dessert/Bakery,keyword
소금빵 맛집이라고해서 들려봤는데 줄이 엄청 길더라구요,"Service, Dessert/Bakery, Coffee/Drink",keyword
그래도 금방금방 빠져서 빨리 구매할수있었어요,"Dessert/Bakery, Coffee/Drink, Vibe",keyword
바로바로 만들어서 팔아서 엄청따끈따끈하고 맛있었습니다,"Dessert/Bakery, Coffee/Drink, Vibe",keyword
오랜만에 성수와서 핫플들렸다 갑니다!,"Dessert/Bakery, Coffee/Drink",keyword
빵 넘 맛있고 최고예욤ㅎㅎ,Dessert/Bakery,keyword
기다린 보람이 있듯이 정말 빵이 맛있어요~^^,"Service, Dessert/Bakery, Coffee/Drink, Vibe",keyword
버터맛이 진하게 느껴지는 소금빵이었어요,Dessert/Bakery,keyword
가격은 좀 비싼거 같습니다,"Dessert/Bakery, Price",keyword
한 번 먹어본 것으로 만족,"Coffee/Drink, Price",keyword
너무 맛있어서 일주일만에 또 먹으러 왔어요,"Dessert/Bakery, Coffee/Drink",keyword
타이밍좋게 오래기다리지않고 먹었어요~,"Service, Coffee/Drink",keyword
직원분들 유니폼컨셉이 귀여웠어요ㅎ,Service,keyword
매장도 따뜻한만화느낌이였어요,"Dessert/Bakery, Coffee/Drink, Vibe",keyword
"따뜻한 빵을 받을 줄 알았는데
그게아니여서 현장에서 먹는 맛있음을 특별히받진못했어요~","Service, Dessert/Bakery, Coffee/Drink",keyword
식은상태로먹어서 좀짜게느껴졌어요,"Vibe, Coffee/Drink",keyword
탑3안에 들어가는 찐 소금빵 맛집👍🏻,Dessert/Bakery,keyword
"지나가는 길에  저장해뒀던 소금빵집이 보이길래 
갈까 말까 하다 평일이라 줄이 그리 길지 않아서 겟
금방금방 받을수 있어서 좋았고
금방한 소금빵을 먹어서 좋았고
맛도 아주 좋았다","Service, Dessert/Bakery, Coffee/Drink, Vibe",keyword
인생 소금빵인 자연도소금빵!,"Dessert/Bakery, Coffee/Drink",keyword
성수동 갈때면 빵 나오는 시간에 맞춰 가서 꼭 포장해온답니다,"Dessert/Bakery, Coffee/Drink, Price",keyword
결제하고 줄서서 소금빵 금방 받았어요!,"Service, Dessert/Bakery, Coffee/Drink",keyword
뜨끈뜨끈하니 너무 맛있어요!!,"Dessert/Bakery, Coffee/Drink",keyword
줄을 오래 슨 후 산 소금빵이라 그런지 넘 맛있었어요.,"Service, Dessert/Bakery, Coffee/Drink",keyword
점심을 많이 먹은 후 사서 바로 못먹고 오후 내 들고 다녔더니 깜찍한 봉지가 많이 구겨졌지만 그 안 소금빵은 안전했답니다^^,"Dessert/Bakery, Coffee/Drink",keyword
역시나 순삭각.,Coffee/Drink,keyword
다먹은 아쉬움에 또 달려가 사고 싶어요.,Coffee/Drink,keyword
받자마자 먹어야 가장 맛있네용,Coffee/Drink,keyword
"갓나온빵에~~
소금빵이라니사랑입니다♡♡","Dessert/Bakery, Coffee/Drink",keyword
다음에이거먹으러성수갈의향있어요,"Vibe, Coffee/Drink",keyword
음 낱개로 못사서 아쉬운거같아요...,"Dessert/Bakery, Vibe",keyword
진정한 소금빵인가요...?,Dessert/Bakery,keyword
기안84님 전시회보고 성수동 걷다가 소금빵집에 줄이 길기에 빵맛집인 것 같아,"Service, Dessert/Bakery",keyword
"미리 네개씩 포장된 빵을 주시는데 이렇게 많이 팔려도 따뜻한 빵이 아니고, 따뜻하지 않은건 당연할 수도 있는데 제대로 식히지않고 네개씩 꽁꽁 포장을 해놔서 그냥 버터 많이 먹은 축축한 빵이더라구요.","Price, Dessert/Bakery, Coffee/Drink, Vibe",keyword
이건 소금빵이라고 부르기가 뭐하네요..,"Dessert/Bakery, Coffee/Drink",keyword
제가 먹은 날만 그랬길 바라봅니다.,Coffee/Drink,keyword
세 개 언제 다 먹을지ㅠ 낱개로도 파시면 좋겠네요..,"Dessert/Bakery, Coffee/Drink, Vibe",keyword
"빵 던져서 주고 싸가지 없고, 뭐 얼마나 대단한 빵을 파시길래 다시는 안갑니다.","Dessert/Bakery, Coffee/Drink",keyword
그냥 대기했다가 앞에서 키오스크 결제하고 대기하라는 안내 보고 결제하고 다시 픽업줄 섰는데 대기한 앞팀이 몰랐다니까 그 자리에서 결제.,"Service, Dessert/Bakery, Coffee/Drink",keyword
왜 이중시스템으로 운영하는지?,"Service, Dessert/Bakery, Coffee/Drink",keyword
그럼 유의사항 따라 대기 2번한 팀들은 뭐가 되는지.,"Service, Dessert/Bakery, Coffee/Drink",keyword
"우리팀, 뒷팀 다 결제하고 줄서라는 안내보고 다시 줄 섰는데 정작 대기줄안내하는 직원이 든 푯말에는 그런 문구 아예 없음.","Service, Dessert/Bakery, Coffee/Drink",keyword
거기다 최악은 주문서 내미니 노랑머리 직원은 포장된 빵을 던지면서 주질않나.,"Service, Dessert/Bakery, Coffee/Drink, Price",keyword
기분 더러워서 환불하려다가 얼마나 맛있길래 이따위로 하나 싶어서 참고 먹었더니 기분이 더러워서 맛도 대단한 지 모를.,"Dessert/Bakery, Coffee/Drink, Vibe",keyword
던져서 돌려주고 환불받을 걸 후회만 남은 소비~,Coffee/Drink,keyword
우연히 지나가다가 빵나오는 시간이라 1분 정도 기다리고 바로 구매했어요!!,"Service, Dessert/Bakery, Coffee/Drink",keyword
급 서울볼일보러 가는길 근처 맛집 검색시작 너무 일찍도착해 아침먹으러 먼저갔다,"Service, Dessert/Bakery, Coffee/Drink",keyword
저거는 꼭 사야하나보다 하고 호다닥 키오스크 결제후 줄서며 픽업하는 시스템이다,"Service, Dessert/Bakery, Coffee/Drink",keyword
키오스크도 직원이 잽싸게 결제하는 센스돋게 잘하신다,"Service, Dessert/Bakery, Coffee/Drink",keyword
외국인도 많고 맛있는지 뜨끈한거 바로 드시는분도 많다,"Dessert/Bakery, Coffee/Drink",keyword
길에 종이봉투들면 자연도소금빵이다,"Dessert/Bakery, Coffee/Drink",keyword
배불러 집에와 먹었는데 너무 맛있다,"Dessert/Bakery, Coffee/Drink, Vibe",keyword
4개세트로만  판매하는게 별로입니다.,"Dessert/Bakery, Coffee/Drink, Vibe",keyword
낱개로판매는 아예 안하더라고요...,"Dessert/Bakery, Coffee/Drink, Vibe",keyword
맛은 평범~ 처음이라 줄까지서서 샀는데ㅋ,Service,keyword
성수에서 유명한 소금빵!,"Dessert/Bakery, Coffee/Drink",keyword
다들 패키지 봉투 들고다니길래 20분 정도 웨이팅 해서 구매했어요!,"Service, Dessert/Bakery, Coffee/Drink",keyword
가격은 좀 비싼 편이지만 맛있어요!,Price,keyword
패키지 봉투도 예뻐용,Vibe,keyword
지나가다가 냄새에 홀려 구매했어요.,"Dessert/Bakery, Coffee/Drink",keyword
개당 판매는 안 하고 세트로 4개씩 파시더라고요.,"Dessert/Bakery, Coffee/Drink, Vibe",keyword
개당 구매는 못 해서 아쉬웠지만 빵이 계속 팔려서 거의 갓 구운 빵을 먹을 수 있어서 좋았어요!,"Dessert/Bakery, Coffee/Drink, Vibe",keyword
보통 소금빵은 빵에 굵은 소금을 왕창 뿌려서 너무 짠데  여긴 많이 안 짜고 적당해서 너무 좋았어요,"Dessert/Bakery, Coffee/Drink",keyword
줄이 긴데 생각보다 회전이 빨라서 금방 받아요.,Service,keyword
빵도 맛있었는데 냄새가 더 맛있는 곳ㅋㅋㅋㅋㅋㅋㅋ ✨,"Dessert/Bakery, Vibe",keyword
아 여기 소금빵 먹고 다른 건 이제 못먹겠어요,"Dessert/Bakery, Coffee/Drink",keyword
친절하고 맛있어요~,"Service, Dessert/Bakery, Coffee/Drink",keyword
테이크아웃만 되어 아쉽지만  늘 맛난 소금빵,"Service, Dessert/Bakery",keyword
"전날 먹어보고 너무 맛있어서 다음 날 바로 재방문했네요,,","Service, Dessert/Bakery, Coffee/Drink",keyword
소금빵 진짜 맛있습니다 !,Dessert/Bakery,keyword
자연도 소금빵👍,"Dessert/Bakery, Coffee/Drink",keyword
대기했다가   장바구니  가득~뿌듯한 마음으로  돌아왔죠^^,"Service, Dessert/Bakery, Coffee/Drink",keyword
넘 맛있는  소금빵~~,Dessert/Bakery,keyword
키오스크로 주문하고 대기줄에서 기다렸다가 받았는데 단일품목이라 그런지 줄이 빨리 빠져서 10분 내외로 금방 받았어요.,"Service, Dessert/Bakery, Coffee/Drink, Vibe",keyword
"소금빵 4개 12,000원 한세트고, 키오스크 주문하러가면 직원분이 '몇 세트 하실거예요'하고 물어보고 터치까지 직접 해주셔서 결제만 하면 돼요.","Service, Dessert/Bakery, Coffee/Drink",keyword
정도는 아니었는데 오래 기다리지 않아도 되어서 만족이에요.,"Service, Price",keyword
클래식한 소금빵의 최고봉인 곳입니다!,"Dessert/Bakery, Coffee/Drink, Vibe",keyword
버터 풍미 가득하고 쫄깃해서 계속 찾게 되는 집이에요 : ),"Service, Dessert/Bakery, Coffee/Drink, Vibe",keyword
빵 넘 맛있어요ㅋㅋ,Dessert/Bakery,keyword
친구들 놀러오면 매번 여기서 빵 사줘요~,"Dessert/Bakery, Coffee/Drink, Vibe",keyword
지난주 사서 먹어보고 맛있어서 또 왔어요.,"Dessert/Bakery, Coffee/Drink",keyword
다음날 먹어도  바삭 촉촉하고 맛있어요.,"Dessert/Bakery, Coffee/Drink",keyword
"대기줄이 있었지만
오래기다리지 않았고
4개 12,000원이면 가격도 괜찮은것같아요","Vibe, Service, Coffee/Drink, Price, Dessert/Bakery",keyword
버터가 많이 들어간거같아요,Dessert/Bakery,keyword
"맛은 있는데 기분좋은 버터리함보단
기름이 느글느글해지는게 조금 아쉽
그리고 직원들 영혼없어요","Service, Dessert/Bakery, Coffee/Drink, Vibe",keyword
픽업하느라 대기 좀 했지만,"Service, Dessert/Bakery, Coffee/Drink",keyword
"😅
다른집보다 버터가 찐~하다고 해야할까용","Dessert/Bakery, Coffee/Drink, Vibe",keyword
이거먹으려고 오진 않지만 근처오면 사야할것같은,"Dessert/Bakery, Coffee/Drink",keyword
"세상에서 제일 맛있다는 소금빵 ㅋ
대기줄에 놀라고 맛에 또 놀란~
따뜻할때 먹으니 진짜 맛 있다~~~","Service, Dessert/Bakery, Coffee/Drink, Vibe",keyword
예쁜 포장도 넘 이쁘다~~ㅋ,"Vibe, Price",keyword
이 정도 기다려야 할 맛인가??,"Service, Dessert/Bakery, Coffee/Drink",keyword
"내입엔~~
짜고, 기름 많고, 살짝 느끼,
손에 기름 많이 남고~~
포장하는 시간 땜에 대기 하는 듯","Service, Dessert/Bakery, Coffee/Drink, Price",keyword
도로에 피해가 가지 않게 질서유지도 잘 해주시고 무엇보다 인생 소금빵집입니다,"Dessert/Bakery, Coffee/Drink",keyword
"자연도 소금빵은 먹어봐야쥐~~😁
다음날 먹어도 부드럽고 쫄깃..","Dessert/Bakery, Coffee/Drink",keyword
제 인생 소금빵이에요,Dessert/Bakery,keyword
소금빵 사랑하는 사람으로써 여태까지 먹어본 것 중에 진짜 1등이라고 생각해요,"Dessert/Bakery, Coffee/Drink, Vibe",keyword
진짜 지금까지 먹어본 소금빵 중 제일 맛있어요,"Dessert/Bakery, Coffee/Drink",keyword
빵은 아주 맛나요.,Dessert/Bakery,keyword
기다리는 줄이 길어서 엄청 기다려야 하는줄 알았는데 기다릴만 하네요.,"Service, Dessert/Bakery, Coffee/Drink",keyword
처음엔 일반 소금빵 맛 같아서 뭐지?,Dessert/Bakery,keyword
싶었는데 먹을 수록 점점 마싯어서 신기했어요,Coffee/Drink,keyword
🫢🫢 성수 가면 꼭 들릴 소금빵 맛집 됐어요 !,Dessert/Bakery,keyword
따뜻할 때 바로 먹으면 진짜 맛있어요!!,"Dessert/Bakery, Coffee/Drink",keyword
맛있어서 또 구매하러 왔어요~,"Dessert/Bakery, Coffee/Drink",keyword
줄이 많이 길었는데 역시 맛있어요,Service,keyword
소금빵 약간 짠듯하지만 맛있어요,"Dessert/Bakery, Coffee/Drink",keyword
워낙 유명한 곳인데  지나다가  사람들이  몇명 없어서 사봤어요.,"Dessert/Bakery, Coffee/Drink, Vibe",keyword
소금빵이 정말  부드럽고 촉촉하고 고소했어요.,"Dessert/Bakery, Coffee/Drink",keyword
딸이랑  순삭했네요.,"Dessert/Bakery, Coffee/Drink",keyword
앞에 지나가는데 빵냄새 때문에 그냥 지나칠수가 없어요,Dessert/Bakery,keyword
비싼감은 있지만 바닥은 바삭거리고 안에는 촉촉하니 맛있어요,"Price, Dessert/Bakery, Coffee/Drink, Vibe",keyword
"빵이 맛있긴 한데 줄서서 까지는 모르겠어요;
체인점인데 줄이 엄청 기네요~","Service, Dessert/Bakery, Coffee/Drink",keyword
전 오전에 출근길이라서 사람이 없었어요,"Dessert/Bakery, Vibe",keyword
인생소금빵🤍,Dessert/Bakery,keyword
길가다가 사람들 줄서있길래 빵냄새도 좋고해서 친구랑 줄서서 사먹어봤습니다.,"Service, Dessert/Bakery, Coffee/Drink, Vibe",keyword
"오래는 안기다렸고, 줄도 금방빠져서 금방 받았습니다.",Service,keyword
소금빵 조금 짠듯한데 아주 고소하고  부드러운  식감이 아주  좋았어요.,"Dessert/Bakery, Coffee/Drink",keyword
줄서서 사도 후회하지 않는 맛이네요,"Service, Dessert/Bakery, Coffee/Drink",keyword
성수 올 때마다 들리는데,"Dessert/Bakery, Coffee/Drink",keyword
점점 사람이 많아져서 넘 슬포요 ㅠ🥲,"Dessert/Bakery, Vibe",keyword
흔한 소금빵인듯 하지만 흔하지 않아요,"Dessert/Bakery, Coffee/Drink",keyword
줄이 엄청 길었는데 직원분이 잘 정리해주셔서 줄이 번잡하지 않고 후다닥 빵 구매했어요,"Service, Dessert/Bakery, Coffee/Drink",keyword
단품으로도 판매했으면 좋겠습니다,"Dessert/Bakery, Coffee/Drink",keyword
바삭하고 버터향이 진합니다.,"Dessert/Bakery, Coffee/Drink",keyword
빵이 부드럽고 간도 적절 해서 맛있습니다,"Dessert/Bakery, Coffee/Drink",keyword
소금빵 좋아해요.,Dessert/Bakery,keyword
유명하다고해서 대기했다가 먹어봤어요.,"Service, Dessert/Bakery, Coffee/Drink",keyword
이제껏 먹은 소금빵들중에 꽤 짭짤하고 기름지긴한데 맛 괜찮아요.,"Dessert/Bakery, Coffee/Drink",keyword
평일인데 성수에 사람 어마어마해서 깜놀.,"Dessert/Bakery, Coffee/Drink, Vibe",keyword
너무 맛있어요 … 밑에가 아주 바삭하고 기름 좔좔이에용,"Dessert/Bakery, Coffee/Drink",keyword
또 먹고시퍼요^ㅇ^,Coffee/Drink,keyword
비오는날이라 그랬을까요?ㅋ,"Dessert/Bakery, Coffee/Drink",keyword
대기없이 샀어요~^^,Service,keyword
예전부터 꼭 와보고 싶었어요!,"Dessert/Bakery, Coffee/Drink",keyword
웨이팅이 한 15분 정도 있었구 맛을 보니 특별히 맛난 소금빵인진 모르겠어요,"Service, Dessert/Bakery, Coffee/Drink, Vibe",keyword
😅 아이들 소연이 인스타 부계로 추천해준 빵이여요^_^ㅎㅎ,"Dessert/Bakery, Coffee/Drink, Vibe",keyword
소금빵은 자연도소금빵🥐🥐이 최고!!,"Dessert/Bakery, Coffee/Drink",keyword
다음날 먹어도 부드럽고 고소해요,Coffee/Drink,keyword
"두번째 방문🌼❕‼️❔😊 처음에 갓을땐 대낮 사람바글글😂 대충많이찍엇던기억이,,,,,,,🙃 이번엔 밤 🌝에 방문💙 분위기가 확실히 다르다","Service, Dessert/Bakery, Vibe",keyword
👐🏻역시 마싯다,"Dessert/Bakery, Coffee/Drink",keyword
성수동 카페거리를 거닐다 보면 자연스럽게 만나게 되는 소금빵 전문점입니다.,"Dessert/Bakery, Coffee/Drink",keyword
줄이 길게 늘어져 있기 때문에 금방 눈에 띕니다.,"Service, Vibe, Coffee/Drink",keyword
주문은 오른쪽 키오스크에서 하고 왼쪽에서 줄을 서다 보면 금방 차례가 돌아옵니다.,"Service, Dessert/Bakery, Coffee/Drink",keyword
계속 빵을 만들어 포장을 하기 때문에 긴줄에 비해 빨리 받을 수 있었어요.,"Vibe, Service, Coffee/Drink, Price, Dessert/Bakery",keyword
빵봉투를 받으면 대부분 인증사진을 찍습니다.,Dessert/Bakery,keyword
봉투에 4개의 소금빵이 들어있는데 다른집 소금빵과 다른 점은 버터향이 진하고 하루가 지나서 먹었는데도 바삭함이 그대로였어요.,"Dessert/Bakery, Coffee/Drink, Vibe",keyword
한끗차이가 있는 맛이었습니다.,"Vibe, Coffee/Drink",keyword
가격도 착해요.,Price,keyword
저희 동네 소금빵보다 저렴했어요.,Dessert/Bakery,keyword
너무 고소햐 냄새 때문에 기다리는 시간이 너무 힘들어요.,Service,keyword
여기 소금빵 진짜 존맛탱 또 가고싶다,Dessert/Bakery,keyword
갓 나온...,Coffee/Drink,keyword
"따뜻한 소금빵
굿...","Dessert/Bakery, Coffee/Drink",keyword
부드러운 느낌의 소금빵이에요~,Dessert/Bakery,keyword
"4개씩 묶어서 파는데 
포장이 귀여워요!","Dessert/Bakery, Price",keyword
"그래도 1,2개 살 수 있었음 좋겠어요!","Dessert/Bakery, Coffee/Drink, Vibe",keyword
줄이 길어도 포기하지마세요!,"Service, Dessert/Bakery, Coffee/Drink",keyword
계산하고 줄 서는 방식이라서 엄청 금방 빠집니다 ㅎㅎ,"Service, Dessert/Bakery, Coffee/Drink",keyword
냉동실에 얼려두고 에프에 돌려 먹으면 진짜 환상적인 맛입니다… 성수에서 원래 소금빵 강자였던 먼X스나 로와X드 같은 곳보다 제 입맛에는 훨씬 맛있었습니다,"Dessert/Bakery, Coffee/Drink, Vibe",keyword
지나가다 맛있는 빵 냄새와 긴 줄에 이끌려 구매하게 되었습니다.,"Service, Dessert/Bakery, Coffee/Drink",keyword
"12,000원/4개 단일 메뉴로만 판매하고 있어서 1인 가구에는 조금 부담이 되실 수도 있겠으나, 짭쪼롬한 소금빵이 맛있었습니다.","Dessert/Bakery, Coffee/Drink, Vibe",keyword
왜 줄을서는지 모르겠다,Service,keyword
줄성정도는 아님,Service,keyword
자연도 소금빵 진짜 맛있네여 ㅎ,"Dessert/Bakery, Coffee/Drink",keyword
사자마자 바로 먹아야지 진리임다,Coffee/Drink,keyword
두번째 방문한 자연도소금빵!,"Service, Dessert/Bakery, Coffee/Drink",keyword
4세트나 구매해버렸네요,"Dessert/Bakery, Coffee/Drink",keyword
"지나가다가 줄 짧길래 후다닥 산건데 하루에 나오는 시간대도 따로있네요,,","Service, Vibe, Coffee/Drink",keyword
"역대급 소금빵 ,, 빵처돌이라 여기저기서 소금빵 먹어보는데 여기 원탑이에요","Dessert/Bakery, Coffee/Drink",keyword
"진짜 웨이팅이 납득가는맛,, 진짜..",Service,keyword
이게 소금빵이다!,Dessert/Bakery,keyword
"줄서서 샀는데
버터 안좋아하시는분들은 비추입니다","Service, Dessert/Bakery, Coffee/Drink",keyword
그 줄서서 맡던 그 냄세의 맛이라 생각하면되요,"Service, Dessert/Bakery, Coffee/Drink",keyword
선물용으로 구매.,Price,keyword
비싸지먀 선물해서 주면 좋아해요~,"Dessert/Bakery, Coffee/Drink, Price",keyword
길가는데 풍기는 소금빵의 향을 그냥 지나칠순 없죠.,Dessert/Bakery,keyword
바삭함과 향기로운 버터향이 최고입니다,"Dessert/Bakery, Coffee/Drink",keyword
시간만 잘 맞으면 금방 살 수 있어요.,"Vibe, Coffee/Drink",keyword
일단 키오스크로 가서 주문하고 교환권갖고 시간에 맞춰서 교환권들고 사면되요 갓 나온 빵이라 따뜻해요,"Service, Dessert/Bakery, Coffee/Drink, Vibe",keyword
버터향이 크고 소금맛은 쓰지않아요.,"Service, Dessert/Bakery",keyword
바삭하고 부드럽습니다.,"Dessert/Bakery, Coffee/Drink",keyword
여기가 가장 맛있다보다는 소금빵잘하는곳이다 라는 느낌이에요,"Dessert/Bakery, Coffee/Drink, Vibe",keyword
늘 줄이 있지만 그만큼 맛있기에 줄서서 살 만큼 가치가 있습니다!,"Service, Vibe, Coffee/Drink, Price",keyword
어쩌다보니 빵 나오는 시간에 들러서 맛있게 먹었어요,"Dessert/Bakery, Coffee/Drink",keyword
오늘 자연도소금빵 성수점에서 빵을 사먹고 속이 좋지 않아 저녁도 못먹고 지인은 설사까지 했습니다,"Dessert/Bakery, Coffee/Drink",keyword
둘다 이 소금빵을 먹고  얼마후 속이 안 좋아지기 시작했어요,"Service, Dessert/Bakery, Coffee/Drink",keyword
소금빵 원탑!,Dessert/Bakery,keyword
매번 영수증 깜빡했는데 드디어!!!!,"Dessert/Bakery, Coffee/Drink",keyword
진짜 맛있는 소금빵 포장도 귀여워요.,"Dessert/Bakery, Price",keyword
줄 없을 때 빨리 사서 더 좋았어요,Service,keyword
대기 줄이 많아서 호기심에 카드 결제 먼저하구 웨이팅하구 빵을 받았어요,"Service, Dessert/Bakery, Coffee/Drink",keyword
바로 구입해서 먹으면 또 구입하겠지만 웨이팅하면서 또 구매할지는 ;;,"Service, Dessert/Bakery, Coffee/Drink",keyword
성수갈때마다 챙겨가는편인데 사가지구 맛있게 먹었습니다,Coffee/Drink,keyword
개인적으로 갓 나온 소금빵보다 조금 시간이 지나고 먹는게 더 맛있었어요 !!,"Dessert/Bakery, Coffee/Drink",keyword
씹는 맛이 조금 더 나서 그런가 ㅎㅎ,Coffee/Drink,keyword
😋 왜 저렇게 줄까지 설까 했는데 소금빵은 여기가 젤 맛있는 거 같아요 ㅠㅠ,"Service, Dessert/Bakery, Coffee/Drink",keyword
또가는집입니다,Vibe,keyword
지나가다가 친구랑 한세트씩 사서 왔습니다.,"Dessert/Bakery, Coffee/Drink, Vibe",keyword
담백하면서 소금과 빵의 조화가 넘 맛있고 좋앗어요!!,Dessert/Bakery,keyword
"코너에 있는 소금빵 포장가게💖
키오스크로 미리 구매하고 옆줄에서 받아가는 형식
맛있는 소금빵엔 버터가 바닥으로 흐르면서 구워져 바작바작한✨ 부분이 있는데 요기도 있음!! :)","Price, Dessert/Bakery, Coffee/Drink, Vibe",keyword
차갑게 먹었을 때도 괜찮았는데 살짝 구워 따뜻하게 먹으면 얼마나 맛있을까~//,"Dessert/Bakery, Coffee/Drink",keyword
버터향이 진짜 좋아요,Dessert/Bakery,keyword
소금빵 버터랑 소금맛이 좋아요,Dessert/Bakery,keyword
바로 나오자 먹었으면 맛있었겠지만 사실 갈 계획없이 날이 좋아서 산책 하다가 줄이 서있는 거 보고 저도 모르게 줄을 서서 기다렸다가 샀습니다,"Service, Dessert/Bakery, Coffee/Drink, Vibe",keyword
🥹 다음엔 빵 나오는 시간 맞춰서 기다렸다가 바로 먹고싶어요 !!,"Service, Dessert/Bakery, Coffee/Drink",keyword
바로 먹으니까 맛있긴 하더라구요!,"Dessert/Bakery, Coffee/Drink",keyword
그냥 낱개로도 살 수 있었으면 좋겟어요.,"Vibe, Coffee/Drink",keyword
빵이 고소하고 좀 쫀득하고 맛있네요.,Dessert/Bakery,keyword
납작해져요~,"Dessert/Bakery, Coffee/Drink",keyword
키오스크 주문하시고 줄서면 돼요.,"Service, Dessert/Bakery, Coffee/Drink",keyword
대기중인 사람들에게 쏴져요.,"Service, Dessert/Bakery, Vibe",keyword
소금빵 너무 맛있어요!,Dessert/Bakery,keyword
빨리 먹고싶어용,Coffee/Drink,keyword
빵맛집이네요,Dessert/Bakery,keyword
성수핫플 따뜻할때 먹으면 더 맛있음,"Dessert/Bakery, Coffee/Drink",keyword
자연도 소금빵 유명한 이유가 있네요!,"Dessert/Bakery, Coffee/Drink, Vibe",keyword
이 집 소금빵은 냉동실에 얼렸다가 에프에 돌려먹어도 갓 구운 빵처럼 맛있어요!,"Dessert/Bakery, Coffee/Drink, Vibe",keyword
맛있긴 합니다만 웨이팅을 할 정도는 아니라고 생각해요!!,"Service, Dessert/Bakery, Coffee/Drink",keyword
마케팅과 브랜딩 인테리어  삼박자가 정말 잘 이루어져 멋있는 브랜드가 탄생한 거 같습니다.,"Dessert/Bakery, Coffee/Drink, Vibe",keyword
한번쯤 가보시는 거 추천드립니다.,Vibe,keyword
개당 살수있었으면 좋겠어용,"Dessert/Bakery, Coffee/Drink, Vibe",keyword
4개씩 한세트 너무많는거같기도....,Dessert/Bakery,keyword
눅눅한 느낌이 나서..,"Dessert/Bakery, Coffee/Drink",keyword
소금빵 맛집이예요~!,Dessert/Bakery,keyword
고소하고 포장 귀염!,Price,keyword
기름지긴한데 맛있어요.,"Dessert/Bakery, Coffee/Drink",keyword
밀가루가 맛있는 빵 같아요!!,Dessert/Bakery,keyword
무조건 4개 1세트 1만 2천원 구매해야해요.,"Dessert/Bakery, Coffee/Drink",keyword
1개 사서 맛만 보려고 했는데 줄 서 있던 시간도 아깝고 계산대 앞이라 그냥 강매 당하듯이 구매했어요.,"Service, Dessert/Bakery, Coffee/Drink, Vibe",keyword
줄 서서 4개씩 이나 사야할 만큼 대단한 맛은 아녜요.,"Service, Dessert/Bakery, Coffee/Drink",keyword
요즘 워낙 소금빵이 상향 평준화되어 그냥 평균적인 소금빵이네요.,Dessert/Bakery,keyword
냄새에 이끌려서 구매했어요~~,"Dessert/Bakery, Coffee/Drink",keyword
선물 하려고 넉넉하게 구매 했네요^^,"Dessert/Bakery, Coffee/Drink, Price",keyword
주말 낮 시간대라 웨이팅 줄이 정말 길었어요,Service,keyword
그래도 생각했던 것 보다 덜 기다려서 다행이였어요!,"Service, Dessert/Bakery, Coffee/Drink",keyword
"세트로 판매하고 한세트에 12,000원!","Dessert/Bakery, Coffee/Drink, Vibe",keyword
전 기다린 게 아쉽지 않게 5세트 샀어요,"Service, Dessert/Bakery",keyword
선물한 지인들이 모두 맛있다고 고맙다고 웨이팅 할 만 하다고 칭찬했어요,"Service, Dessert/Bakery, Coffee/Drink, Price",keyword
남자친구도 정말 맛있게 먹구요,"Vibe, Coffee/Drink",keyword
다음번엔 빵 나오는 시간에 평일 낮시간에 웨이팅 없는 시간을 노려보려구요,"Service, Dessert/Bakery, Coffee/Drink",keyword
소문의 자연도 영접...!,Coffee/Drink,keyword
먹자마자 버터향이 확올라와서 담백하니 정말 맛있었어요,"Dessert/Bakery, Coffee/Drink",keyword
줄도 금방금방 빠져서 기다릴 가치가 있답니다~,"Service, Vibe, Coffee/Drink, Price",keyword
다음에 또 방문해서 먹어볼래요,"Service, Dessert/Bakery, Coffee/Drink",keyword
빵이 너무 맛있어요ㅜㅜ,Dessert/Bakery,keyword
"4개 1팩 포장해서 파는 데 
먼저 키오스크에서 주문하고
따로 옆에 줄 서서 받는 시스템이에요~","Service, Dessert/Bakery, Coffee/Drink, Price",keyword
"포장도 단순하지만 고급스럽고 
손으로 편히 들고 갈 수 있게 끈처리를 해주셔서
너무 좋아요~♡","Price, Dessert/Bakery, Coffee/Drink, Vibe",keyword
"일하시는 분들의 모자와 의상 컨셉도 너무 단아하고 정감있고 좋았어요^^
ㅋ","Dessert/Bakery, Coffee/Drink, Vibe",keyword
맛있게 잘 먹었습니다♡,Coffee/Drink,keyword
다음에 성수동 가면 또 사올거에요~,"Dessert/Bakery, Coffee/Drink",keyword
긴 줄 있어도 줄 설 의향 충분합니다^^,"Service, Vibe, Coffee/Drink",keyword
소금빵이 진짜 맛있었어요~!!,Dessert/Bakery,keyword
갬성 넘치는 소금빵 !,Dessert/Bakery,keyword
받자마자 먹었는데 최근 먹은 소금빵 중 젤 버터리하면서 촉촉했어요 !!,"Dessert/Bakery, Coffee/Drink",keyword
"성수 구경갔다가 빵냄새에 홀린듯이 줄섰어요…
빵 받자마자 바로 먹었는데 버터향이 장난아닙니다","Service, Dessert/Bakery, Coffee/Drink",keyword
에프에 돌려 먹어도 맛있을거 같아요,"Dessert/Bakery, Coffee/Drink",keyword
제 1등 소금빵.,Dessert/Bakery,keyword
"사람이 많긴 하지만…
동네 주민으로 주변에 가볍게 선물하기 제일 좋아요","Price, Dessert/Bakery, Coffee/Drink, Vibe",keyword
"🥹
갓나온게 제일 맛있고
하루 지나서 먹게 된다면 전자레인지 살짝 돌려 먹어보세요",Coffee/Drink,keyword
갓나온 맛을 느낄 수 있어요,"Vibe, Coffee/Drink",keyword
"버텅향이 가득, 입안 풍미도 가득!",Coffee/Drink,keyword
"4개 구성 세트 12,000원으로 시작합니다.","Service, Dessert/Bakery, Coffee/Drink",keyword
소금빵  맛집  인정!,Dessert/Bakery,keyword
유명한 이유가 있는 곳!,"Dessert/Bakery, Coffee/Drink, Vibe",keyword
맛있긴한데 웨이팅할정도인지는 모르겠어요,"Service, Dessert/Bakery, Coffee/Drink",keyword
영접한 자연도 소금빵..,"Dessert/Bakery, Coffee/Drink",keyword
평일 저녁이라서 얼마안기다리고 구매 할 수있었던거 같습니다.,"Service, Dessert/Bakery, Coffee/Drink, Vibe",keyword
4개묶음으로만 판매하고있었습니다.,"Dessert/Bakery, Coffee/Drink, Vibe",keyword
빵사서 집에 오는길이 행복했습니다.,"Dessert/Bakery, Coffee/Drink, Vibe",keyword
"집오자마자 에어프라이어에 180도,3분 구워먹었더니 너무맛있네요~","Dessert/Bakery, Coffee/Drink, Vibe",keyword
"겉바속촉이고, 크로와상이랑 비슷한맛이지만 좀 더 밀도있어서 개인적으로 쫀득한 느낌도나서 좋았습니다~","Dessert/Bakery, Coffee/Drink, Vibe",keyword
하루지나서 먹어도 맛있네요,Coffee/Drink,keyword
버터의 풍미가 가득이지만 느끼하지 않아요,"Dessert/Bakery, Coffee/Drink",keyword
그리고 소금이 떨어지지 않고 잘 붙어 있네요,"Dessert/Bakery, Coffee/Drink, Vibe",keyword
"종이에 기름도 그렇게 묻어나오지 않고
최상급 밀가루에 버터라는데 품종과 출신성분 잘 모르는 아재인데 맛있게 먹어서 다시 가고 싶네요","Dessert/Bakery, Coffee/Drink",keyword
그리고 몇개 살지 고민하지 마세요,"Dessert/Bakery, Coffee/Drink",keyword
확실히 4개 1인분 맞네요,Dessert/Bakery,keyword
"인당 12,000원이면 파스타보다 저렴하니
1세트씩 드세요:)","Dessert/Bakery, Coffee/Drink, Price",keyword
우리 충분히 먹을 수 있잖아요^^,"Vibe, Coffee/Drink",keyword
진심 이게 무슨 소금빵 맛집인지 이유를 전혀 모르겠음,Dessert/Bakery,keyword
웨이팅이 있어도 테이크 아웃 전문이라 줄 금방 줄어요!,"Service, Vibe, Coffee/Drink",keyword
소금빵 많이 먹어봤는데..,"Dessert/Bakery, Coffee/Drink",keyword
첨 먹어보는 맛이예요~~,Coffee/Drink,keyword
나오자마자 먹으면 맛있음,Coffee/Drink,keyword
디저트로 먹으려고 했는데 낱개로는 안 팔아서 세트로 구매했어요!,"Dessert/Bakery, Coffee/Drink, Vibe",keyword
네 개 들어있는 세트로 구입해서 다음 날 전자렌지에 살짝 돌려 먹어봤는데 버터의 향이 입안 가득 퍼지면서 짭조름하고 고소한 맛이 퍼지면서 기분이 좋아지더라구요!!,"Dessert/Bakery, Coffee/Drink, Vibe",keyword
여러 개 사길 잘했다 생각했어요!,"Dessert/Bakery, Coffee/Drink",keyword
만족스러웠습니다!,Price,keyword
맛있긴한데 웨이팅할정도인지는..,"Service, Dessert/Bakery, Coffee/Drink",keyword
좀 더 친절하셨으면 좋겠네요,"Service, Dessert/Bakery, Coffee/Drink",keyword
"웨이팅줄 안내하고 정리하시는분이 짜증
엄청 내시더라고요?ㅋㅋ","Service, Dessert/Bakery, Coffee/Drink",keyword
세상에서 제일 맛있는 소금빵?,Dessert/Bakery,keyword
"뭐 그렇게 써있던것 같은데 그정도는 아니고요
먹을만하게 맛있어요~","Dessert/Bakery, Coffee/Drink, Vibe",keyword
근데 두번 줄서서 먹진 않을듯해요!,"Service, Dessert/Bakery, Coffee/Drink",keyword
집와서 열어보니 탄가루도 많구..,"Dessert/Bakery, Coffee/Drink, Vibe",keyword
하지만 15분이상은 안기다릴꺼같아요.,"Service, Dessert/Bakery",keyword
줄서는집 ㅋ,"Service, Vibe",keyword
인생 최고의 소금빵,Dessert/Bakery,keyword
"느끼하지 않고 담백하고, 꽤 짭짤하니 정말 맛있어요!","Dessert/Bakery, Coffee/Drink",keyword
다른 집들과 달리 에어프라이어에 돌려도 버터에 찌들지 않아서 더 좋았어요.,"Dessert/Bakery, Vibe",keyword
앞으로도 자주 사먹으려구요:),Coffee/Drink,keyword
소금빵 맛집이네요,Dessert/Bakery,keyword
또 먹고 싶어요,Coffee/Drink,keyword
길가다 줄서길래 갔는데 갓한 빵이라 따뜻하고 맛있음,"Service, Dessert/Bakery, Coffee/Drink",keyword
첫입이 기름기 먹은 버터 빵 다음날 에어프라이기 돌려서 먹었는데 더 맛있었음,"Dessert/Bakery, Coffee/Drink",keyword
겉은 엄청 바삭한게 아닌 푹신하고 속은 버터향 촉촉,"Dessert/Bakery, Coffee/Drink",keyword
소금빵 냄새에 사로잡혀 줄서서 포장했잖아요,"Service, Dessert/Bakery, Coffee/Drink, Price",keyword
"바로 먹으려고 길거리에서 잠시 멈추고 먹었는데
너무 맛있더라구요..",Coffee/Drink,keyword
소금빵이 뭐라고 이렇게 맛있다니!!,Dessert/Bakery,keyword
대박 찐 소금빵 맛집 입니다...!!,Dessert/Bakery,keyword
또 생각나면 사먹을 겁니다!!,Coffee/Drink,keyword
"1세트에 4개 12,000원!",Dessert/Bakery,keyword
"맛은 있지만, 엄청나게 맛있는 정도는 아닌!!??","Vibe, Coffee/Drink",keyword
빵 나오는 시간이 12시 반이던데 나오는 걸 바로 주는 건 아닌가봐요!,"Dessert/Bakery, Coffee/Drink",keyword
괜히 줄서서 먹을 맛집까지는 아닌거같아용!,"Service, Dessert/Bakery, Coffee/Drink, Vibe",keyword
빵이 맛있어요~,Dessert/Bakery,keyword
포장을 바로 해서 대기 시간이  오래걸려요~,"Service, Dessert/Bakery, Coffee/Drink, Price",keyword
요즘 인기많구 항상 사람많아서 기다렷다가 사봣어요!,"Service, Dessert/Bakery, Vibe",keyword
근데 개인적으로 제 기대보단 쏘쏘햇어요.,"Dessert/Bakery, Coffee/Drink",keyword
"소금빵은 버터동굴이 크고 기름진걸 선호하는데,
살짝 모닝빵스러움이 크더라구요ㅎ","Service, Dessert/Bakery, Coffee/Drink",keyword
인생 소금빵이에요,Dessert/Bakery,keyword
기다려여,Service,keyword
소금빵이 너무 맛있어서 성수동 놀러 갈때마다 들러요!,Dessert/Bakery,keyword
갈때마다 웨이팅이 있어서 그냥 갈까 하지만 그냥 갈 수 없는 맛🫶🏻✨,"Service, Dessert/Bakery, Coffee/Drink, Vibe",keyword
"버터향 가득함과 소금으로 
아주 단짠의 정석을 맛 보여주는 소금빵이네요~~","Dessert/Bakery, Coffee/Drink",keyword
약간 식었는데도 맛있었어요~~,Coffee/Drink,keyword
웨이팅이 계속 있긴한데 조금만 기다리면 됩니다~,"Service, Dessert/Bakery, Coffee/Drink, Vibe",keyword
소금빵 맛있어요!!,Dessert/Bakery,keyword
유명하다는 소금빵 먹어봤어요,"Dessert/Bakery, Coffee/Drink",keyword
동네빵집돠의 차이는 잘 모르겠지만 고소해요,Dessert/Bakery,keyword
픽업만 가능해서 아쉬워요,"Service, Dessert/Bakery, Coffee/Drink, Price",keyword
버터 향이 진하고 담백합니다,"Dessert/Bakery, Coffee/Drink",keyword
"줄서긴 했지만 회전율이 좋아서 많이 기다리지 않았어요
키오스크로 계산 먼저 하고 줄 서세요~~","Service, Dessert/Bakery, Coffee/Drink, Vibe",keyword
깔끔한 매장이라 더 좋고 대기선이 깔끔하게 되있어서 혼선이 없어서 좋네요,"Service, Dessert/Bakery, Coffee/Drink, Vibe",keyword
제가 먹은 소금빵중에 탑에 꼽힙니다,"Dessert/Bakery, Coffee/Drink",keyword
다음날 먹어도 맛있더라구요,Coffee/Drink,keyword
소금빵을 좋아해서 자주 즐겨 먹는데 이 곳의 소금빵은 짜고 기름져요.,"Dessert/Bakery, Coffee/Drink, Vibe",keyword
자극적이라 맛은 있습니다.,"Vibe, Coffee/Drink",keyword
하얀색 모자를 쓰신 분들이 차분하게 소금빵을 주십니다.,"Dessert/Bakery, Coffee/Drink",keyword
키오스크로 주문을 한 뒤 반대편으로 줄을 서서 빵을 받는 매장인데.,"Service, Dessert/Bakery, Coffee/Drink, Vibe",keyword
웨이팅이 빨라 좋은 것 같아요.,"Service, Dessert/Bakery",keyword
소금빵이 짜지 않고 참 맛있어요.,Dessert/Bakery,keyword
아이들도 좋아하고 선물용으로도 참 좋은 것 같아요.,"Dessert/Bakery, Price",keyword
인테리어 자체가 웨이팅 용이라 깔끔하고 보기에도 좋고 잘 찾을 수 있는 곳에 더할 나이 없는 것 같아요.,"Service, Dessert/Bakery, Coffee/Drink, Vibe",keyword
지나다닐때마다 늘 사람이 많았아서 궁금했는데 오늘은 맘먹고 웨이팅해서 사봤어요,"Service, Dessert/Bakery, Coffee/Drink, Vibe",keyword
웨이팅 해도 10분도 안걸려서 산거같아요,"Service, Dessert/Bakery, Coffee/Drink",keyword
"🤔
소금빵이 이때까지 먹어봤던 소금빵중에 제일 짜고 간간했던거 같아요","Dessert/Bakery, Coffee/Drink",keyword
다른 집들은 소금 느낌도 안났었으면 여기는 그냥 나 소금!!!,"Dessert/Bakery, Coffee/Drink, Vibe",keyword
이러고 존재감 엄청나요,Coffee/Drink,keyword
"😁
그래서 그런지 단독으로 빵만 먹는것보다 샐러드랑 같이 먹으니까 맛있었어요","Dessert/Bakery, Coffee/Drink",keyword
저는 아직 못 먹어봤는데 가족들이 맛있다고 되게 좋아했어요,"Dessert/Bakery, Coffee/Drink",keyword
줄은 좀 서있긴했는데 한 15~20분 정도 기다린것같습니다.,"Service, Dessert/Bakery, Coffee/Drink, Vibe",keyword
다른 브랜드 빵집 대기보단 엄청 대기시간이 짧았어용,"Service, Dessert/Bakery",keyword
"소금빵 안좋아하는데 여기 소금빵 먹고 반함;;
미텼어요..","Dessert/Bakery, Coffee/Drink",keyword
넘 맛있웁니다.,Dessert/Bakery,keyword
"🥹
한세트 두세트씩 꼭 드세오,,","Dessert/Bakery, Coffee/Drink",keyword
친구 소개로 줄서서 사먹어봤는데 진짜 진짜 맛있더라고요!!,"Service, Vibe, Coffee/Drink",keyword
포장도 귀여워요 ~,Price,keyword
식었을 때 먹어도 맛있어요,Coffee/Drink,keyword
소금빵 진짜 고소하고 맛있어요,Dessert/Bakery,keyword
"웨이팅 줄이 길어보여 걱정했는데
다행히 결제 먼저 진행 후 포장한거 받는 시스템이라
줄에비해 오래기다리지 않았어요","Service, Dessert/Bakery, Coffee/Drink, Price",keyword
"제가 먹어본 소금빵중 손에꼽는 맛🥹💗
짱 맛도리입니다요","Dessert/Bakery, Coffee/Drink",keyword
지나가면 고소한 버터와 빵냄새 때문에 그냥 지나칠 수 없어서 줄서서샀어요,"Service, Dessert/Bakery",keyword
일단 버터를 진짜 듬뿍 쓴게 느껴지고 따뜻할때 먹으니 너무 맛있음,"Dessert/Bakery, Coffee/Drink",keyword
🥹 버터 풍미 가득한 소금빵 먹어보세요,"Dessert/Bakery, Coffee/Drink",keyword
자연도 소금빵 성수.,"Dessert/Bakery, Coffee/Drink",keyword
줄이 어마무시 ..,Service,keyword
키오스크 주문하고 주문번호 받은다음 줄서서 기다리는 특이한방식입니다.,"Service, Dessert/Bakery, Coffee/Drink",keyword
주문번호받았지만 줄선대로 주는건 또 무엇? ㅎㅎ,Service,keyword
🥐소금빵 굽는 버터냄새에 그냥지나칠수가 없어서 줄을섭니다..,"Service, Dessert/Bakery",keyword
바로구운빵 진짜 꿀맛이네요.,Dessert/Bakery,keyword
4개 한팩에 12000 원.,Dessert/Bakery,keyword
다들 몇세트 사가시든데..,Dessert/Bakery,keyword
밀가루 쫄깃 버터 부드러움의 조화가 극강입니다.,Dessert/Bakery,keyword
보기에는 그냥 소금빵인데 완전 다른느낌..,Dessert/Bakery,keyword
빵나오는시간..,"Dessert/Bakery, Coffee/Drink",keyword
9시 12시반 2시 3시반 5시 6시반..,Dessert/Bakery,keyword
저는 6시반 득템..,Dessert/Bakery,keyword
시간 맞춰야지 아님 오래기다려요.,Service,keyword
4개 12000원이라 뭔가 비사게 느껴지지만 다른데랑 사실 가격은 비슷해요!,"Dessert/Bakery, Price",keyword
그리고 제가 먹었던 소금빵 중에 젤 맛났습니다...,"Dessert/Bakery, Coffee/Drink",keyword
자연도소금빵 보면 이제 무조건 사가려구요...!,"Dessert/Bakery, Coffee/Drink",keyword
버터맛 너무 낭낭해요....!,"Dessert/Bakery, Coffee/Drink",keyword
저는 사놓고 다음날 먹었는데 존맛이었어서 감동받아버렸어요,Coffee/Drink,keyword
🥹 앉은 자리에서 혼자 4개  클리어 쌉가능입니다,"Dessert/Bakery, Price",keyword
그 유명한 자연도 소금빵!,"Dessert/Bakery, Coffee/Drink",keyword
"운 좋게 웨이팅 하나 없이 바로 구입;; 사실 살 생각 전혀 없었는데, 집 가는 길에 냄새의 유혹을 이기지 못하고 구입 완.","Service, Vibe",keyword
"이거 낱개 구입은 안되고 무조건 세트만 구매 가능 
1set 4개입 ₩12,000원인데, 요즘 빵 가격 생각하면 성수치곤 가격 괜찮아요.","Dessert/Bakery, Coffee/Drink, Price",keyword
선물 포장도 센스있고 무엇보다 맛.,"Vibe, Coffee/Drink, Price",keyword
단짠 단짠의 정석인 소금빵입니다.,Dessert/Bakery,keyword
가끔 바게트 식감처럼 바사삭 부셔지거나 엄청 쫄깃한 곳 있는데 여긴 그 둘의 중간임.,"Dessert/Bakery, Coffee/Drink, Vibe",keyword
그리고 정~~~말 버터리함.,"Dessert/Bakery, Coffee/Drink",keyword
느끼한 걸 좋아하는 사람은 좋아할테지만 담백한 소금빵 파는 좀 호불호 갈리겠네요.,"Dessert/Bakery, Coffee/Drink, Vibe",keyword
"웨이팅을 할 정도의 존맛집이라고 생각은 안되는데, 가게 될 일이 생기고 줄이 짧다면 선물하거나 한 세트 사기엔 좋음","Vibe, Service, Coffee/Drink, Price, Dessert/Bakery",keyword
아침에 사먹고 집에가기전에 또 갔어요!!!!!!!,"Vibe, Coffee/Drink",keyword
갓만든 소금빵 맛이 미챴고요!!!!,"Dessert/Bakery, Vibe",keyword
먹어본 소금빵중 단연 1등이에요!!!!,"Dessert/Bakery, Coffee/Drink",keyword
지나갈때마다 맛있는 냄새가 나고 줄도 길게 서있어서 오늘 도전해봤습니다.,"Service, Dessert/Bakery, Coffee/Drink, Vibe",keyword
30분정도 대기 줄 장난아닙니다.,Service,keyword
먼저 키오스크에서 주문 계산 후 픽업줄에서 줄서서 상품을 받았습니다.,"Service, Price",keyword
버터향 가득하고 바삭하고 맛있게 먹었습니다.,"Dessert/Bakery, Coffee/Drink",keyword
사람들이 왜 소금빵에 환장하는지 몰랐는데 이제 알 것 같음,"Dessert/Bakery, Coffee/Drink, Vibe",keyword
인생 처음 먹어본 소금빵인데..,"Dessert/Bakery, Coffee/Drink",keyword
제가 보고 들은 겉바속촉?,Dessert/Bakery,keyword
겉은 바삭해야하는데 눅눅했고 속은 번처럼 살짝 비어있는게 소금빵이었는데 여긴 겉은눅눅하고 속은꽉차있어서 같이먹은 아빠와 동생은소금빵을 먹어봤지만 버터향가득한 소라빵 먹는 것 같다하더라구요,"Dessert/Bakery, Coffee/Drink, Vibe",keyword
확실히 버터향은 가득했고 짭짤했지만 기대했던 소금빵이랑은 식감이 전혀달랐습니다..^^,"Dessert/Bakery, Coffee/Drink",keyword
가격도 만이천원에 4개라 맛에비해 비싼거같아요^^!!,"Dessert/Bakery, Price",keyword
친구가 사길래 따라 샀는데 맛있는지 집에 가져가니 집 사람들이 다 먹었어요,"Dessert/Bakery, Coffee/Drink, Vibe",keyword
웨이팅 줄은 긴데 금방 빠디더라구요,"Service, Coffee/Drink",keyword
갓 나온 소금빵은 웨이팅 조금 있어요,"Service, Dessert/Bakery, Coffee/Drink, Vibe",keyword
그만큼 따뜻한 소금빵 가치있어요,"Price, Dessert/Bakery, Coffee/Drink, Vibe",keyword
적당히 짭쫄 쫄깃쫄깃 버터 향이 미쳤어요,Dessert/Bakery,keyword
고소한 소금빵 근처가면 꼭 사옴~ 먹어본 소금빵 중 최고,"Dessert/Bakery, Coffee/Drink",keyword
두개반 세개먹으면 딱 적당함 ..,"Dessert/Bakery, Coffee/Drink",keyword
성수동 갈때마다 들리는 최애 소금빵집!,"Dessert/Bakery, Vibe",keyword
"시간마다 나오는 수량이 정해져 있고 1봉지에 4개가 들어있어요, 가격은 12000원!!","Price, Dessert/Bakery, Coffee/Drink, Vibe",keyword
겉바속촉하고 버터향이 풍부한 맛있는 소금빵입니다>_<,"Dessert/Bakery, Coffee/Drink",keyword
소금빵에 눈을 뜨게 해준 맛집 😍,"Dessert/Bakery, Coffee/Drink",keyword
진짜 소금빵.,Dessert/Bakery,keyword
"딱 1종류만 판매하고 있고 4개 1세트로 12,000원.","Dessert/Bakery, Coffee/Drink, Vibe",keyword
다른 말 필요없고 그냥 꼭 먹어야 함.,"Dessert/Bakery, Coffee/Drink",keyword
좋은 재료로 제대로 만들었다는 것은 한 입 딱 먹어보면 알게됨.,"Vibe, Coffee/Drink",keyword
1세트만 사 온 것을 순간 후회함...,"Dessert/Bakery, Coffee/Drink",keyword
계산줄과 빵을 받는 줄이 별도로 있음.,"Service, Dessert/Bakery, Coffee/Drink, Vibe",keyword
포장만 가능함.,"Dessert/Bakery, Coffee/Drink, Price",keyword
평일에 갔더니 줄이 생각보다 많이 짧았어요,Service,keyword
주말에 가면 사람 정말 많을 것 같아요,"Dessert/Bakery, Vibe",keyword
소금 빵은 진짜 진짜 진짜 맛있어요,Dessert/Bakery,keyword
리뷰 쓰는 지금도 또 먹고 싶네요,Coffee/Drink,keyword
금방 줄서서 한세트 구매했습니다,"Service, Dessert/Bakery, Coffee/Drink",keyword
겉은 바삭한 편이고 속은 촉촉하면서 버터가 많이 들어가있어요~ㅎㅎ,"Dessert/Bakery, Coffee/Drink, Vibe",keyword
소금입자가 짭짤합니다~,"Dessert/Bakery, Coffee/Drink",keyword
생각보다 빵이 컸어요^^,"Service, Dessert/Bakery",keyword
성수에 자연도 소금빵 정말 유명하잖아요?,"Dessert/Bakery, Coffee/Drink",keyword
"유튜브에도 나오고 그래서 궁금해서 사먹으러 갔는데 
평일이라 그런가","Dessert/Bakery, Coffee/Drink",keyword
대기는 별로 없었어요!!,Service,keyword
4개가 한세트고 세트로만 구매 가능하더라구용!!,"Price, Dessert/Bakery, Coffee/Drink, Vibe",keyword
직원분들도 넘 친절하시고 포장도 금방나와서 넘 좋았어요!!!,"Service, Dessert/Bakery, Coffee/Drink, Price",keyword
소금빵 그냥 먹어도 맛있는데 꼭!!!,"Dessert/Bakery, Coffee/Drink, Vibe",keyword
❤️ 입안 가득 버터향이..,Dessert/Bakery,keyword
담에 또 서울갈일 있음,"Vibe, Coffee/Drink",keyword
방문할께요!!!,"Service, Dessert/Bakery, Coffee/Drink",keyword
소금빵 짱 맛!,Dessert/Bakery,keyword
버터가 확실히...,Dessert/Bakery,keyword
맛있는 소금빵이에요.,Dessert/Bakery,keyword
맛있는 빵냄새때문에 그냥 지나치기 어려워요~ㅋ,Dessert/Bakery,keyword
"와 소금도 빵이 왜 유명한지는
먹어봐야 알 수 있습니다!","Dessert/Bakery, Coffee/Drink, Vibe",keyword
"그게 그거지라는 생각을 했던
제가 후회 스러웠어요!","Dessert/Bakery, Coffee/Drink",keyword
"쫀득하고 고소함과 풍미가 살아있는 
신기한 빵입니다!","Dessert/Bakery, Coffee/Drink, Vibe",keyword
성수로 이사가고 싶다~,Vibe,keyword
소금빵은 이집입니다,"Dessert/Bakery, Vibe",keyword
"그냥 먹어도 맛있고
식어도 맛있고
드세요",Coffee/Drink,keyword
친구들과 성수에 놀러가서 꼭 먹어야한다는 자연도소금빵에 갔어요~,"Dessert/Bakery, Coffee/Drink, Vibe",keyword
이전에 한번 방문해서 먹었을 때 너무 맛있었어서 20분 정도 줄 서서 받았는데 이번엔 빵이 따뜻하지 않아서 조금 아쉬웠어요 ㅠ,"Service, Dessert/Bakery, Coffee/Drink",keyword
따뜻할 때 먹어야 맛있는 빵인데 ㅜㅜ 그래도 소금빵 중 단연 최고인 것은 인정합니다!,"Dessert/Bakery, Coffee/Drink",keyword
쫀득하고 짭짤하고 맛있어요!,"Dessert/Bakery, Coffee/Drink",keyword
"소금빵 3,000원
대기줄이 길지만 오래 기다리진 않네요.","Service, Dessert/Bakery",keyword
역시 자연도 소금빵 정말 맛있네요~,"Dessert/Bakery, Coffee/Drink",keyword
오늘도 잘 먹었습니다~,Coffee/Drink,keyword
사람들 많아도 금방 받아요,"Dessert/Bakery, Vibe",keyword
사고나서 바로 먹으니까 쫀득하고 짭짤해서 1개 순삭했습니다,"Dessert/Bakery, Coffee/Drink",keyword
소금빵 맛집으로 인정~!,Dessert/Bakery,keyword
4개에 1세트 12000원으로 구매했습니다.,"Dessert/Bakery, Coffee/Drink",keyword
"저는 이집에서 소금빵에만 10만원 넘게 써봤는데요
바삭부들하고 버터 풍미가 진한 게 맛있어요!","Dessert/Bakery, Coffee/Drink, Vibe",keyword
예전에 비해 깊은 풍미나 바삭함이 덜해진 것 같지만 갈때마다 찾고 먹어보는 맛집이랍니다!,"Service, Dessert/Bakery, Coffee/Drink, Vibe",keyword
냄새에 못 이겨 사러 간 자연도소금빵!!,"Dessert/Bakery, Coffee/Drink",keyword
나오자마자 바로 먹었더니 너무너무 맛있는거 있죠,"Vibe, Coffee/Drink",keyword
겉은 바삭하고 촉은 쫄깃촉촉해요ㅠㅠ,"Dessert/Bakery, Coffee/Drink",keyword
포장도 예쁘고 단일메뉴로 참 선방하는 것 같아요.,"Price, Dessert/Bakery, Coffee/Drink, Vibe",keyword
왜 줄서서 먹는지 알겠어요.,"Service, Coffee/Drink",keyword
여태 먹었던 소금빵은 소금빵이 아니었어요.,"Dessert/Bakery, Coffee/Drink",keyword
줄이 하도 길어서 호기심에 지나가다 사먹어봤어요,"Service, Coffee/Drink",keyword
"버터향과 짭짤한 소금맛
겉바속촉 입니다","Dessert/Bakery, Coffee/Drink",keyword
소금빵 맛집 이에요...,Dessert/Bakery,keyword
대기 20 분 정도 함,"Service, Dessert/Bakery, Coffee/Drink",keyword
저는 이제 못갈 것 같아요..,Dessert/Bakery,keyword
후기는 블로그로 올려요,Vibe,keyword
줄서서 기다려 먹을 맛은 아녔어요 ㅠㅠ,"Service, Coffee/Drink",keyword
세트로만 구매가능해서 좀..,"Price, Dessert/Bakery, Coffee/Drink, Vibe",keyword
소금빵 맛집입니다.,Dessert/Bakery,keyword
영종도에서 처음 맛본 자연도 소금빵을 못 잊고 성수 지점에서도 방문해 보았어요.,"Service, Dessert/Bakery, Coffee/Drink",keyword
버터향 한가득 나고 쫄깃한 식감이 아주 맛나는 빵이에요 !,"Dessert/Bakery, Coffee/Drink",keyword
영종도 지점보단 사알짝 맛이 약하긴 한데 그래도 믿고 먹는 자연도 소금빵 ❤️ 웬만한 베이커리 보다는 훠얼씬 맛나요!,"Dessert/Bakery, Coffee/Drink",keyword
묶음으로 팔아서 맘껏 먹을 수도 있고 선물용으로도 괜찮은 거 같아요 :) 하루 지나도 맛있어요,"Price, Dessert/Bakery, Coffee/Drink, Vibe",keyword
근데 하루 지나기 전에 다먹긴 해요..ㅋ,"Dessert/Bakery, Coffee/Drink",keyword
유일한 단점은 웨이팅...,"Service, Dessert/Bakery, Coffee/Drink",keyword
너무 좋아하는 소금빵!,Dessert/Bakery,keyword
오분정도 줄서서 기다렸어용ㅋㅋ,"Service, Dessert/Bakery, Coffee/Drink",keyword
소금빵 존맛탱~,Dessert/Bakery,keyword
"키오스크로 주문 후 10분정도 대기
컨셉이 확실한 곳이라 눈에 잘 띄었어요.","Service, Dessert/Bakery, Coffee/Drink, Vibe",keyword
"유명한지 모르고 지나가다 사람들이 줄 서서 있길래 
그냥 서서 사봤어요.ㅎ","Service, Dessert/Bakery, Coffee/Drink, Vibe",keyword
"소금이 특별한가봐요,굉장히 고소한 소금빵인데 맛은 괜찮아요.","Dessert/Bakery, Coffee/Drink",keyword
맛은 있었지만 줄이 많다면 패스할 집입니다.,"Service, Dessert/Bakery, Coffee/Drink, Vibe",keyword
그렇게 줄 서서 먹을 맛집은 아니고요.,"Service, Vibe, Coffee/Drink",keyword
패스트리의 버터가 겹겹이 아니라 중간에 넣었고  짭쪼름한 맛이라 표현하고 싶네요.,"Dessert/Bakery, Coffee/Drink",keyword
줄 서서 있는데 포장 하는 거 기다리는 것이 좀 답답..,"Vibe, Service, Coffee/Drink, Price, Dessert/Bakery",keyword
낱개로 판매했다면 하나 정도 먹었을 맛입니다.,"Dessert/Bakery, Coffee/Drink, Vibe",keyword
4개 12000원 .,Dessert/Bakery,keyword
비싸다는 느낌,Price,keyword
버터도 아낌없이 쓰시나봐요..,"Dessert/Bakery, Coffee/Drink",keyword
제인생 2위 소금빵 등극했습니다 ㅎㅎ  (오른쪽은 에어프라이어 3분돌렸더니 탐),"Dessert/Bakery, Coffee/Drink",keyword
사람이 많고 대기도 길었지만 픽업이라 금방 빠져요.,"Service, Dessert/Bakery, Vibe",keyword
먓은 있었어요.,"Vibe, Coffee/Drink",keyword
버터를 많이쓴듯 고소하네요,Dessert/Bakery,keyword
성수역 자연도소금빵,"Dessert/Bakery, Coffee/Drink",keyword
소금빵 폼 미쳤다 이렇게 맛있는 소금빵 진짜 여기 자연도가 처음이다,"Dessert/Bakery, Coffee/Drink",keyword
비싼데 맛있어,Price,keyword
비싼데 또 먹을래,"Coffee/Drink, Price",keyword
버터가 이렇게 많이 들어있다니 풍미와 향에 취한다 소금빵 ❤️,"Dessert/Bakery, Coffee/Drink, Vibe",keyword
빵 너무 맛있어요,Dessert/Bakery,keyword
인생 소금빵❤️,Dessert/Bakery,keyword
자주 사먹어요 성수동 소금빵 중에 제일 맛있어요!,"Dessert/Bakery, Coffee/Drink",keyword
버터 풍미도 진하고 같은 살짝 바삭하고 속은 부드러운 소금빵입니다.,"Dessert/Bakery, Coffee/Drink",keyword
포장지가 너무 귀엽고 인테리어와 소품까지 소금빵이랑 너무 잘 어울리는 감성입니다,"Dessert/Bakery, Vibe",keyword
우연히 지나가다 알게 됐고 30분 안쪽으로 기다려 빵을 받아 왔다,"Service, Dessert/Bakery, Coffee/Drink",keyword
10 여년전 롯데백화점에서 처음 소금빵을 접했을때는 그야말로 바삭 촉촉 이었다,Dessert/Bakery,keyword
그런데 거기도 소금빵을 잘만드는 파티시에가 그만 두었을때 소금빵은 그야말로 축축 하면서 맛이 없었고 그렇게 맛있는 소금빵을 찾아 나섰지만 다 거기서 거기 였다,"Service, Dessert/Bakery, Coffee/Drink, Vibe",keyword
혹시나 하는 마음에 줄서서 받아 왔지만 이집은 그냥 마케팅만 좋은 집이었다,"Service, Dessert/Bakery, Coffee/Drink, Vibe",keyword
소금빵이 말 그대로 소금을 잔뜩 넣어서 그야말로 짜다 못해 쓴맛 까지 느껴야 하는건 뭐지??,"Dessert/Bakery, Coffee/Drink",keyword
진짜 소금을 너무 넣었다,Dessert/Bakery,keyword
그리고 빵을 너무 오버쿡 하지 않았나 싶을정도로 빵표면도 다크 브라운이다,"Dessert/Bakery, Coffee/Drink, Vibe",keyword
굳이 빵4개를 구입하게 만드는 마케팅도 대단하다 결국 두개는 남겼다,"Dessert/Bakery, Coffee/Drink, Vibe",keyword
마케팅이 다한 소금빵집이다,Dessert/Bakery,keyword
"버터 소금 미쵸따리,,,, 성수역까지 나는 빵냄시,,,,채고","Dessert/Bakery, Coffee/Drink",keyword
자연도 소금빵 드디어 먹어봤네요,"Dessert/Bakery, Coffee/Drink",keyword
웨이팅 그리 길지 않아서 10분 이내로 받았습니다,"Service, Vibe",keyword
"존맛탱이에유
다른 소금빵보다 버터리하지만 비교블가 원탑👏🏻👏🏻👏🏻",Dessert/Bakery,keyword
기개되는가게,Vibe,keyword
조금 가격대가있다 생각했는데 한입 먹자마자 바로 납득하는 소금빵..!!,"Dessert/Bakery, Coffee/Drink, Vibe",keyword
소금빵 세트로만 팔길래 살까 말까 고민했었는데 사오길 잘한 것 같아요!,"Dessert/Bakery, Coffee/Drink, Vibe",keyword
버터향도 진하고 겉은 바삭바삭해서 맛있었습니다ㅠㅠ,"Dessert/Bakery, Coffee/Drink",keyword
근데 받고 바로 먹어야 더 맛있는 것 같아요!,"Dessert/Bakery, Coffee/Drink",keyword
집 가서 식은 거 먹었더니 버터향도 덜 느껴지고 아쉽더라구요!,"Dessert/Bakery, Coffee/Drink, Vibe",keyword
사서 바로 먹으세용!,Coffee/Drink,keyword
1. 먹고 갈 수 없음,Coffee/Drink,keyword
"2. 무조건 한 주문 당 빵 4개씩 강매(세트로만 판매)
3. 주말 오후 기준 엄청 긴 대기줄(30분 대기)
4. 평범한 소금빵 맛인데 포장임에도 개당 4000원이라는 비싼 가격","Vibe, Service, Coffee/Drink, Price, Dessert/Bakery",keyword
많이 대기하지 않고 바로 구매할 수 있었어요>_<,"Service, Dessert/Bakery, Coffee/Drink, Vibe",keyword
소금빵 유명한 이유가 있네요..!!,"Dessert/Bakery, Coffee/Drink, Vibe",keyword
일단 보이면 사야해요!!!!,"Dessert/Bakery, Coffee/Drink",keyword
이런 소굼빵 첨 먹어봤습니다..,Coffee/Drink,keyword
내가 알던 소금빵은 겉딱딱 속 촉?,"Dessert/Bakery, Coffee/Drink",keyword
근데 자연도는 겉 빠쌱 속 춱춱 이런 너낌.....,Coffee/Drink,keyword
근데 알려주신대로 집에와서 냉동하고 에어프라이기에 구으면 진짜 진짜 맛있습니다..,"Dessert/Bakery, Coffee/Drink, Vibe",keyword
사람들이 줄서있어서 유명한 맛집 인가보다 하고 지나쳤으나 식사후 집에 가는길...,"Service, Dessert/Bakery, Coffee/Drink, Vibe",keyword
줄이 없어서 바로 구매했네요^^;;,"Service, Dessert/Bakery, Coffee/Drink",keyword
오마나 소금빵 와우~~와우~~ 진짜 유명한 맛집인가 봅니다.,"Dessert/Bakery, Coffee/Drink",keyword
빵이 샤르르르 녹네요~~,Dessert/Bakery,keyword
"맛있어요, 특별해요^^;","Dessert/Bakery, Coffee/Drink",keyword
소금빵 역시 맛있어요 :),Dessert/Bakery,keyword
소금빵 냄새가 좋아요,Dessert/Bakery,keyword
선물했어요~~,"Dessert/Bakery, Coffee/Drink, Price",keyword
제발 하나씩만 파세요,Dessert/Bakery,keyword
버터향 대박이에요..!,Dessert/Bakery,keyword
조금 느끼하긴한데 커피랑 먹음,"Dessert/Bakery, Coffee/Drink",keyword
영종도가면 늘 사왔었는데 성수에도 생겨서 너무 좋아요!!!,"Dessert/Bakery, Coffee/Drink",keyword
소금빵중에서 쵝오,Dessert/Bakery,keyword
"줄서서 사먹는 유명한 곳에 마침 줄이 짧길래 호기심에
사보았는데 기계처럼 신속한 결제에 비해 픽업 기다리는 줄은 좀처럼 줄지 않더라구요.","Service, Dessert/Bakery, Coffee/Drink, Vibe",keyword
왜때문인지는 제 순서가 가까워졌을 때 알 수 있었는데 포장이 엄청 오래 걸리더라구요.,"Vibe, Coffee/Drink, Price",keyword
"노끈에 일일이 브랜드택 걸고 봉투 접고 노끈을 또 손잡이처럼 예쁘게 꼬고묶고… 낱개로는 안팔고 한봉투 네개 단위로만 파는데, 대개 몇 봉투씩 사가니까 줄이 빨리 줄지 않는 거였어요.","Service, Dessert/Bakery, Vibe",keyword
(참고로 포장은 참 예뻐요),"Vibe, Price",keyword
한분이 포장하고 계시는데 다른 분은 계산 손님이 없어도 딱히 돕지 않으심 ㅎㅎㅎ,"Dessert/Bakery, Coffee/Drink, Price",keyword
철저한 분업?,"Dessert/Bakery, Coffee/Drink",keyword
맛은 동네맛빵집에 비해 평범한가?,"Dessert/Bakery, Coffee/Drink",keyword
줄까지 서야하나?,"Service, Dessert/Bakery, Coffee/Drink",keyword
싶었는데 다음날 구워먹어도 맛있고 가격도 합리적이라 담에 가서 줄이 길게 없다면 또 살 것 같아요.,"Service, Dessert/Bakery, Coffee/Drink, Price",keyword
포장만 좀 ㅎㅎㅎ,Price,keyword
자연도 소금빵 리뷰가 여기 저기 많죠.,"Dessert/Bakery, Coffee/Drink",keyword
자연도는 지점별 맛이 상이하지 않은 것 같아,"Dessert/Bakery, Coffee/Drink",keyword
재방문의사 ⭐️있습니다,"Service, Vibe, Coffee/Drink",keyword
근래 먹어본 소금빵 중 진짜 제일 맛있어요!!!!,"Dessert/Bakery, Coffee/Drink",keyword
나들이 갔다가 유명하대서 사봤어요,"Dessert/Bakery, Coffee/Drink",keyword
짱비싸요,Price,keyword
웨이팅이 길어보여도 바로바로 나가서 빠르게받아볼수잇었습니다,"Service, Coffee/Drink",keyword
포장해주신 노끈에서 석유냄새?,"Dessert/Bakery, Coffee/Drink, Price",keyword
가 나서 식품 포장에 쓰는 끈으로는 적합하지 않고 손에 냄새가 다 스며들었네요..,"Dessert/Bakery, Coffee/Drink, Price",keyword
"가족들과 나눠먹으려 여러개 샀고
12:30타임에 갔는데 9시타임꺼 남은 수량인지 받자마자 만져봤을때도 다 식어있었습니다.","Dessert/Bakery, Coffee/Drink, Vibe",keyword
미친 소금빵 핵존맛 인생소금빵,Dessert/Bakery,keyword
네개단위로만 팔아서 아쉽지만 빵은 진짜 맛있어요!!,"Dessert/Bakery, Vibe",keyword
소금빵많이 먹어봤는데 탑입니다,"Dessert/Bakery, Coffee/Drink",keyword
줄서서먹는이유가있네요~,"Service, Vibe, Coffee/Drink",keyword
성수동 방문했을때 줄 서 있는 걸 보고 저렇게까지 해서 먹어야 하나 했는데 아이랑 다시 성수동 나갔다가 소금빵을 좋아해서 1봉지 사기로 하고 키오스크에서 주문 후 왼쪽 대기줄로 가서 기다리면 영수증 보여 주고 받아 가는 방식.,"Service, Dessert/Bakery, Coffee/Drink, Vibe",keyword
기다리는더 버터향이 너무 진하고 느끼해서 괜히 주문했나 후회. ㅋ,"Service, Dessert/Bakery, Coffee/Drink",keyword
집에 와서 먹는데 후회가 밀려옴.,"Dessert/Bakery, Coffee/Drink, Vibe",keyword
좀 더 사올껄.,"Dessert/Bakery, Coffee/Drink",keyword
전혀 느끼하지도 적당한 겉바속촉에 손에 기름도 잘 묻어 나지도 않음.,"Dessert/Bakery, Coffee/Drink",keyword
다시 방문할 때는 넉넉히 사올 예정.,"Service, Dessert/Bakery, Coffee/Drink",keyword
놀러갔다가 유명하다고 해서 사왔어요!!,"Dessert/Bakery, Coffee/Drink",keyword
신랑이 소금빵 좋아하는데 여기빵 맛보더니 너무 맛있다며 극찬을 아끼지 않네요!!,Dessert/Bakery,keyword
소금빵이 뭐 얼마나 맛있겠어라고 생각했던 제가 어리석음을 깨달아버렸어요,"Dessert/Bakery, Coffee/Drink",keyword
바로 먹었을때 빵에 부드러움에 놀랐고 맛이 진짜 조화로워서 놀랐는데 다음날 먹어도 굳지 않고 더 말랑해진 느낌...,"Dessert/Bakery, Coffee/Drink",keyword
식어도 맛있어서 정말 맛있는 소금빵이다 싶엇어용...,Dessert/Bakery,keyword
줄이 길어도 기다릴만한 곳이라 생각합니나!!,"Service, Dessert/Bakery, Coffee/Drink, Vibe",keyword
타사보다 짭짭하고 버터가 마니 들어가 기름이 많긴하지만 맛있어요.,"Dessert/Bakery, Coffee/Drink",keyword
1개 이상은 먹기 힘들긴합니다,"Dessert/Bakery, Coffee/Drink",keyword
이제 보일때마다 사먹으려구요!,Coffee/Drink,keyword
"대기줄 서있다가 우연히 창문 틈이 보여서 보니, 주방안이더라구요.","Service, Vibe, Coffee/Drink",keyword
그런데 위생장갑 끼고 핸드폰 하고 있던 직원보고 놀랐어요.,"Service, Dessert/Bakery, Coffee/Drink, Vibe",keyword
근무중 핸드폰 사용하는거야,"Dessert/Bakery, Coffee/Drink",keyword
"제 알바 아닌데, 최소한 위생장갑은 벗으셔야 했던거 아닌지 싶네요.","Dessert/Bakery, Coffee/Drink, Vibe",keyword
바로 앞에 소금빵 생지들이 가득하던데.....,"Dessert/Bakery, Coffee/Drink",keyword
누구 하나 눈치보거니 제재하는 사람도 없고.....,"Dessert/Bakery, Coffee/Drink, Vibe",keyword
기본적인 위생교육이 필요할것 같아요.,"Dessert/Bakery, Coffee/Drink",keyword
환불할까 하다가 영수증 리뷰라도 남겨야겠다 싶어서 사들고 들어왔어요.,"Dessert/Bakery, Coffee/Drink",keyword
다신 안사먹을것 같아요.,"Dessert/Bakery, Coffee/Drink",keyword
버터듬뿍 소금빵 맛입니다.,Dessert/Bakery,keyword
포장이 예쁘고 스토리를 잘 만드셨네요.,"Vibe, Price",keyword
빵은 맛있는 편입니다.,Dessert/Bakery,keyword
혼자 먹을거라 2개정도 구입하고 싶었는데 무조건 4개세트만 구입가능 하고 줄서서 기다리는데 다른팀분들이 얘기하는거 들었는데 나눠서 포장도 불가 봉투 추가도 안주고 빠른 회전을 위해 그런거 같지만 고객을 배려하는 마음이 좀 부족하네요.,"Service, Dessert/Bakery, Coffee/Drink, Price",keyword
다른 지점에서 맛있게 먹어서 구매해봤어요.,"Dessert/Bakery, Coffee/Drink",keyword
웨이팅 없이 먹으면 맛있을 거 같아요.,"Service, Dessert/Bakery, Coffee/Drink",keyword
추운날 오래 웨이팅 하고 먹으니 그냥 그렇네요...,"Service, Dessert/Bakery, Coffee/Drink",keyword
"너무 맛있었어요:-)
성수가면 꼭 사오는 소금빵 맛집❤️","Dessert/Bakery, Coffee/Drink",keyword
"지나가다가 본 소금빵 맛집 발견 ,, 따뜻하게 먹었으면 더더더더더더더 맛있었을텐데 차가워서 조금 아쉬웠어요.","Dessert/Bakery, Coffee/Drink",keyword
갓 나오는 시간이 정해져있다하니 시간 확인하시고 시간 맞춰서 방문하시는걸 더더더더더더더 추천드립니다 !,"Service, Dessert/Bakery, Coffee/Drink, Vibe",keyword
버터맛이 강하고 맛있어요~~,Dessert/Bakery,keyword
"역시 자연도,,존맛",Coffee/Drink,keyword
오후 5시 48분 방문,Service,keyword
"4개 1세트(12,000)만 구매 가능해서 키오스크로 구매하고 픽업 줄 서서 받음","Vibe, Service, Coffee/Drink, Price, Dessert/Bakery",keyword
줄서는 내내 버터향 오짐,"Service, Dessert/Bakery",keyword
살까말까 고민했는데 안샀으면 후회할뻔 ㅠ 그리고 인기있는 소금빵치고 가격도 혜자같은느낌...,"Price, Dessert/Bakery, Coffee/Drink, Vibe",keyword
"다른데 소금빵은 3,300원이나 3,800원도 많이 봤는데 하루 7,000개 파는 개 핫 유명한곳치고는 저렴한편이라 강츄","Dessert/Bakery, Coffee/Drink, Vibe",keyword
맛이 있긴한데........,"Dessert/Bakery, Coffee/Drink, Vibe",keyword
가격이 사악하고 굳이 줄서먹을만한 맛은.......,"Service, Dessert/Bakery, Coffee/Drink, Price",keyword
개인차가 있겠쥬,"Vibe, Coffee/Drink",keyword
4개에 12000원 입니다~,Dessert/Bakery,keyword
두번째구입해서 먹었는데 역시 맛있네요.,"Dessert/Bakery, Coffee/Drink",keyword
늘줄서있는곳,"Service, Vibe, Coffee/Drink",keyword
평소 소금빵을 돈 주고 사먹어 본 적이 별로 없는데 자연도 소금빵은 평이 좋아 꼭 먹어보고 싶어 다녀왔습니다,"Dessert/Bakery, Coffee/Drink, Price",keyword
제가 그동안 먹었던 퍽퍽하고 밍밍한 모닝빵 같은 소금빵과 달리 처음 먹었을 때 느껴지는 버터의 향과 촉촉한 느낌이 너무 좋았습니다,"Dessert/Bakery, Coffee/Drink",keyword
4개씩 판매하는 거라 망설이시는 분이 있다면 주저말고 구매하면 좋겠다 생각할 정도로 추천드려용,"Dessert/Bakery, Coffee/Drink, Vibe",keyword
저는 성수에서 먹고 그 다음 날 도산점을 들려 또 샀답니다,Coffee/Drink,keyword
구매 직후 바로 먹거나 그 이후라면 에프에 살짝 돌려 먹어야 맛있어요,Coffee/Drink,keyword
안 그러면 그 버터의 풍미가 안 느껴집니다!!,"Dessert/Bakery, Coffee/Drink",keyword
심심하면서도 짭짤하고 버터의 풍미가 느껴져서 맛있었습니다,"Dessert/Bakery, Coffee/Drink",keyword
입안가득 풍미가 정말 좋아요~~,Coffee/Drink,keyword
"포장해 집까지 가져오는데
먹고싶은 마음 참아내느라 정말 힘들었어요","Price, Dessert/Bakery, Coffee/Drink, Vibe",keyword
소금빵이 유명하다고 해서 사봤어용,"Dessert/Bakery, Coffee/Drink",keyword
개당 3천원꼴이고 한세트에 4개 들어있어용,"Dessert/Bakery, Coffee/Drink, Vibe",keyword
소문이 그냥 나는게 아니네요^^,Coffee/Drink,keyword
고민할 필요도 없는 단일 메뉴라 전문성이 느껴져서 좋았어요~,"Dessert/Bakery, Coffee/Drink",keyword
"무조건 4개에 한 셋뜨🥐
버터향이 솔솔나고 사람들이 계속 줄지어있어서 저희도 구매해왔어요 ㅎㅎㅎ","Dessert/Bakery, Coffee/Drink, Vibe",keyword
겉바속촉 소금빵의 정석이랄까??,"Dessert/Bakery, Coffee/Drink",keyword
바삭한데 저는 조금 기름지더라구요!,"Dessert/Bakery, Coffee/Drink",keyword
아메리카노랑 잘 어울릴 듯합니다!,"Dessert/Bakery, Coffee/Drink",keyword
"여친의 최애 소금빵
소금빵은 크루아상에 비해 맛이 비슷비슷하게 느껴지는데
여긴 딱 먹어도 이집 맛있네 할 정도의 맛이다.","Dessert/Bakery, Coffee/Drink, Vibe",keyword
"지하철타고 건대가다가 이빵이 먹고싶어서
성수에서 내려서 사고, 걸어서 건대갔다.","Dessert/Bakery, Coffee/Drink",keyword
그정도의 소금빵 맛집!,Dessert/Bakery,keyword
을왕리에서 처음 먹어보고 자연도보이면 자연스레 돌격ㅎㅎ 🤍💖 을왕리에서 정말 맛있게 먹었어용 !!,Coffee/Drink,keyword
웨이팅 있으나 빨리 나와서 금방 받아갈수 있어용 !!,"Service, Vibe, Coffee/Drink",keyword
갯수가 정해져 있어서 소식가에겐 벅차긴 하지만 ㅠㅠ 맛있어서 다먹어용,"Dessert/Bakery, Coffee/Drink, Vibe",keyword
길가다 우연히 발견한 소금빵집이에요.,"Dessert/Bakery, Coffee/Drink, Vibe",keyword
촉촉하고 소금이 적절해서 만족했네요.,"Dessert/Bakery, Coffee/Drink, Price",keyword
갓 나온 소금빵을 받아서 좋았어요,"Dessert/Bakery, Coffee/Drink",keyword
빵 맛있어요,Dessert/Bakery,keyword
"사람들이 아침부터 줄서서 사먹길래
저도 엉겹결에 사봤네요","Service, Dessert/Bakery, Coffee/Drink, Vibe",keyword
근데 막또 사먹을거 같지는 않아요,"Dessert/Bakery, Coffee/Drink",keyword
엄청 핫한 소금빵 집이라 오래 기다릴 줄 알았는데,"Service, Dessert/Bakery, Vibe",keyword
"결제 줄 따로 픽업 줄 따로 있어서 
별로 안 기다리고 바로 받을 수 있어요!!","Service, Vibe, Coffee/Drink",keyword
소금빵 넘 맛있어요,Dessert/Bakery,keyword
에어프라이어에 돌려먹어도 짱짱 맛있움!!,"Dessert/Bakery, Coffee/Drink",keyword
정말 가고 싶었던 빵집이었는데 주말을 맞이해서 방문했습니다,"Service, Dessert/Bakery, Coffee/Drink",keyword
"☺️
가게로 찾아가는데 고소한 소금빵 냄새가 솔솔 풍기더라구요","Dessert/Bakery, Coffee/Drink, Vibe",keyword
우선 키오스크에서 소금빵을 먼저 주문하고 줄을 서는 방식이더라구요!,"Service, Dessert/Bakery, Coffee/Drink",keyword
포장이라 그런지 생각보다 빨리 받을 수 있었어요 ㅎ ㅎ,"Vibe, Coffee/Drink, Price",keyword
하나 꺼내서 바로 먹어봤는데 맛은 제가 살면서 먹었던 소금빵 중에서 젤 맛있었어용,"Dessert/Bakery, Coffee/Drink",keyword
"👍
버터향이 가득하고 쫄깃하니 먹으면서도 계속 맛있다는 감탄사만 나왔던 것 같아요 ㅎ ㅎ","Dessert/Bakery, Coffee/Drink",keyword
담에 또 방문하고 싶어요~,"Service, Dessert/Bakery, Coffee/Drink",keyword
친절은 없어도 빵맛은 있네,"Service, Dessert/Bakery, Coffee/Drink, Vibe",keyword
성수동에 신발사러 갔다가 식사할곳 찾아가는길에 버터향에 이끌렸고.,"Dessert/Bakery, Coffee/Drink, Vibe",keyword
많은사람들이 줄을 서 있는 모습을 보고 무작정 줄을 섰습니다.,"Service, Dessert/Bakery, Coffee/Drink, Vibe",keyword
가게가 예쁘고 소금빵 포장도 엄청 예쁩니다.,"Price, Dessert/Bakery, Vibe",keyword
4개 1세트로만 판매하다보니 빵을 받기까지 5분도 채 안걸렸습니다.,"Dessert/Bakery, Coffee/Drink, Vibe",keyword
온 골목에 진동하던 버터향에  금방만든 따끈따끈한 빵일거라 착각?,"Position, Dessert/Bakery, Coffee/Drink, Vibe",keyword
"을 하고 구매했던터라 아주 살~~짝 미지근한 빵은 실망감을 주었고
손가락에 흥건하게 묻어나는 기름기로 소금빵이 맛있다기보다 느끼하더라구요.","Dessert/Bakery, Coffee/Drink, Vibe",keyword
4명이 하나씩 먹었는데..,Coffee/Drink,keyword
"소금빵 4개 12000원🥐
빵 나오는 시간 있음.","Dessert/Bakery, Coffee/Drink, Vibe",keyword
맛있긴한데 웨이팅해서 먹을 정도인지는 모르겠음.,"Service, Dessert/Bakery, Coffee/Drink",keyword
낱개로도 판매하면 더 좋을거같아요,"Dessert/Bakery, Coffee/Drink, Vibe",keyword
자연도소금빵 진짜 완전 추천하니까 꼭 두세트는 사세요 ㅠ,"Dessert/Bakery, Coffee/Drink, Vibe",keyword
한세트 샀다가 바로 다 먹어서 후회했어요 ㅠㅠ,"Dessert/Bakery, Coffee/Drink",keyword
"버터향도 좋구
가까이 있음","Dessert/Bakery, Coffee/Drink, Vibe",keyword
자주 먹고싶어요,Coffee/Drink,keyword
아침 빵나온시간에 가니깐 바로 구입했네요,"Dessert/Bakery, Coffee/Drink",keyword
줄은 긴데 포장이라 금방 빠져요.,"Service, Price",keyword
4개씩 묶어서만 팔구요,Dessert/Bakery,keyword
"평일 오후 9시쯤 갔는데, 6시반 타임 소금빵 남아있어서 샀어요","Dessert/Bakery, Coffee/Drink, Vibe",keyword
따뜻하지 않았습니다,"Dessert/Bakery, Coffee/Drink",keyword
"맛은 타소금빵 대비 버터풍미 +30%, 빠삭하지 않은 겉질감이에요","Dessert/Bakery, Coffee/Drink",keyword
밥먹어서 배부른 상태인데도 버터 환장하는 저로서는 진짜 솔직히 너무 맛있게 먹었구요,"Dessert/Bakery, Coffee/Drink",keyword
포장도 예뻐서 선물하기 좋아요,"Price, Dessert/Bakery, Coffee/Drink, Vibe",keyword
고소한 냄새에 이끌려 어느새 결제하고 픽업 대기줄에 서있는 나를 발견.....ㅎㅎ,"Service, Dessert/Bakery, Coffee/Drink, Vibe",keyword
자연도 너무 유명해서 가야지,"Dessert/Bakery, Coffee/Drink",keyword
"가야지 하다가 이제왔는데
제가 좋아하는 식감이라 저는 맛있게먹었어요!","Dessert/Bakery, Coffee/Drink",keyword
제 소금빵 인생 중 탑이랄까요!,"Dessert/Bakery, Coffee/Drink",keyword
버터에 촉촉히 젖어서 느끼한듯 하면서 고소하고 소금때문에 짭짤한게 너무 맛있었습니다. ㅜㅜ,"Dessert/Bakery, Coffee/Drink",keyword
"https://m.blog.naver.com/o_ran2/223327375365
찐 내돈내산 후기입니닷","Coffee/Drink, Price",keyword
"소금빵이 다르면 뭐가 다르겠어했는데
뜯는 순간 부터 달라요ㅋㅎㅋㅎㅋㅎ","Dessert/Bakery, Coffee/Drink",keyword
입안에서 녹네요,Dessert/Bakery,keyword
왜 줄 서서먹는줄 알겠어요,"Service, Coffee/Drink",keyword
유명하길래 먹어봤습니다 !,"Dessert/Bakery, Coffee/Drink",keyword
"했는데 한 10분만에 바로 포장해서 웨이팅 거의 안했고 소금빵 너무 맛있습니다,,","Service, Dessert/Bakery, Coffee/Drink, Price",keyword
선물용으로 딱 좋을듯,Price,keyword
맛난 소금빵~~😆😜😝💜🧸🧸,Dessert/Bakery,keyword
자연도 소금빵 다녀옴,"Dessert/Bakery, Coffee/Drink",keyword
평일 낮에 다녀왔는데 줄서있었음,"Service, Vibe, Coffee/Drink",keyword
먼저 키오스크에서 결제하고 결제한 번호 주면 빵받는 시스템이였음,"Service, Dessert/Bakery, Coffee/Drink",keyword
"소금빵 4개 (12,0)",Dessert/Bakery,keyword
먹어본 소금빵 중 제일 버터버터했지만 맛있었음,"Dessert/Bakery, Coffee/Drink",keyword
재구매의사 있음!,"Vibe, Coffee/Drink",keyword
1세트(소금빵 4개) 포장해서 집에 가기 딱 좋음,"Price, Dessert/Bakery, Coffee/Drink, Vibe",keyword
맛도 있었음,"Vibe, Coffee/Drink",keyword
재구매 의사 있슴!!!,"Vibe, Coffee/Drink",keyword
줄은 빠르게 줄어들어서 웨이팅 가치있다고 봄,"Service, Vibe, Coffee/Drink, Price",keyword
역시나 언제 먹어도 맛있어요!!,Coffee/Drink,keyword
이번에는 2세트 사서 에어프라이어에 구워 먹으니 완전 겉바속촉!!!!!,"Dessert/Bakery, Coffee/Drink",keyword
"성수동 핫플레이스, 자연도소금빵 in 성수
100여 종의 재료 테스트와 1천 번의 구움","Dessert/Bakery, Coffee/Drink",keyword
테스트를 마친 세상에서 제일 맛있다는 프리미엄 소금빵집으로 줄 서서 먹는 집,"Service, Dessert/Bakery, Coffee/Drink, Vibe",keyword
오직 소금빵만 테이크아웃으로 판매하며 하루 여섯 번 나오고 구매 단위는 4개 1세트 단위,"Service, Dessert/Bakery, Coffee/Drink",keyword
"세상에서 제일 맛있다는 건 분명 매우 심한 과장이지만
작고 귀여운 사이즈에 부드럽고 촉촉한 식감의 빵, 짭짤한 맛으로 버터가 엄청 들어가 버터 동굴과 버터 바닥이 확실히 존재하여 버터 풍미가 장난 아님","Dessert/Bakery, Coffee/Drink",keyword
집에 가지고 와서 먹긴 했지만 구매하자마자 바로 그 자리에서 먹으면 그 감동은 몇 배는 커질 듯함!,"Dessert/Bakery, Coffee/Drink, Vibe",keyword
하지만 모두에게 최고일 순 없고 오일리한 스타일보다 담백한 스타일 선호하는 사람에겐 불호일 수도 있으니 주의,"Dessert/Bakery, Coffee/Drink, Vibe",keyword
아니 사람들이 줄을 길게 서있길래 뭔가 했더니 소금빵이였어요!!,"Service, Dessert/Bakery, Coffee/Drink, Vibe",keyword
일단 근처에만 가도 냄새가 장난 아닌데 먹어보면 왜 줄서는지 진짜 이해 가는 맛!,"Service, Coffee/Drink",keyword
진짜 여태 먹어본 소금빵중에 제일 맛있었던 것 같아요,"Dessert/Bakery, Coffee/Drink",keyword
"👏🏻
낱개로는 안 팔고 4개 묶음으로 파는데 진심 4개만 산거 후회할 정도로 너무 맛있어요!!!!!!!!","Dessert/Bakery, Coffee/Drink, Vibe",keyword
성수오면 항상 들려서 소금빵 사가요!,"Dessert/Bakery, Coffee/Drink",keyword
키오스크에서웨이팅하고오전이라서대기없이바로포장된거같아요,"Service, Dessert/Bakery, Coffee/Drink, Price",keyword
따듯한커피랑먹었어요,"Dessert/Bakery, Coffee/Drink",keyword
버터향기가 엄청 나길래 못지나치고 사먹었습니다.,"Dessert/Bakery, Coffee/Drink",keyword
"맛있긴 한데, 특별하진 않았어요.","Dessert/Bakery, Coffee/Drink",keyword
항상 줄서서 먹는 자연도 소금빵을 사먹어봤어요.,"Service, Dessert/Bakery, Coffee/Drink",keyword
손에 버터가 묻어나올 정도로 버터가 많이 들어가서 겉은 바삭하고 안은 촉촉해요.,"Dessert/Bakery, Coffee/Drink, Vibe",keyword
버터맛이랑 짭쪼름한 소금맛이 어울리는데 먹을 수록 느끼해져서 커피랑 같이 먹고 싶은 맛이에요!,"Dessert/Bakery, Coffee/Drink",keyword
줄서서  구매한  자연도 소금빵.,"Service, Dessert/Bakery, Coffee/Drink",keyword
단짠단짠 하고  속이  촉촉함.,"Dessert/Bakery, Coffee/Drink",keyword
성수동 가면  꼭 사온다는...,"Dessert/Bakery, Coffee/Drink",keyword
"소금빵 낱개로는 구매 불가, 4개가 한 묶음이에요!","Dessert/Bakery, Vibe",keyword
오른쪽 키오스크 주문 줄이 따로 있고 왼쪽 빵 받는 줄이 있어요!,"Service, Dessert/Bakery, Coffee/Drink, Vibe",keyword
근래 먹었던 소금빵중 제일 맛있었어요.,"Dessert/Bakery, Coffee/Drink",keyword
가격도 저렴하고 회전율도 좋아요.,"Service, Price",keyword
"방통대 우수 상장받으러 간 김에 겸사겸사 나들이한 성수에서 
좋은 빵냄새로 유혹을 해 줄서서 사봤습니다.","Service, Dessert/Bakery, Coffee/Drink, Vibe",keyword
"4개 12천원의 가격은 절대 저렴하지 않지만 
버터향 넘치는 따듯한 소금빵을 한 입 베어물면
입안에 넘쳐 흐르는 버터향과 짭쪼름한 소금의 맛이 참 조화롭기에 줄서서 사먹을만 하구나...","Service, Dessert/Bakery, Coffee/Drink, Price",keyword
하는 생각이 드는 소금빵입니다.,"Dessert/Bakery, Coffee/Drink",keyword
담아주시는 봉투 컨셉과 매장 컨셉 이쁜건 덤입니다ㅎㅎ,Vibe,keyword
빵구워 나오는 시간을 알려주시던데 빵이 가장 맛있는 갓구운 상태의 빵이 나오는 시간대에 줄 안서고 살 수 있다면 정말 좋을 것 같다는 생각이 드는 맛있는 빵집입니다.,"Service, Dessert/Bakery, Coffee/Drink, Vibe",keyword
"줄서서 기다리더라도 빵을 좋아하는 빵돌, 빵순이라면 줄서서 사먹어보기를 추천합니다","Service, Dessert/Bakery, Coffee/Drink, Vibe",keyword
"소금빵 원티어 
내원픽💕","Dessert/Bakery, Coffee/Drink",keyword
크로와상 버터 느낌이 강해요.,Dessert/Bakery,keyword
성수동소금빵 맛있어요,Dessert/Bakery,keyword
포장 전문 소금빵집~,"Dessert/Bakery, Price",keyword
늦은 시간까지 하네요~,"Dessert/Bakery, Coffee/Drink",keyword
지난번에 너무 맛있어서 성수 들린김에 또 포장하러왔어요!,"Dessert/Bakery, Coffee/Drink, Price",keyword
계산 따로 웨이팅 따로 시스템이라 아주 빠르게 돌아가서 긴 기다림없이도 바로 픽업이 가능합니다!,"Service, Dessert/Bakery, Coffee/Drink, Price",keyword
총 3세트를 구매해서 어무니에게도 드렸는데요 단짠단짠 담백빵을 좋아하신다면 무조건 기뻐하실겁니다!,"Dessert/Bakery, Coffee/Drink",keyword
다들 사랑하는 사람과 함께 자연도하세요,"Dessert/Bakery, Coffee/Drink, Vibe",keyword
소금빵은 이제 자연도입니다,"Dessert/Bakery, Coffee/Drink",keyword
성수에 들릴 때마다 꼭 방문하는 소금빵 맛집입니다,"Service, Dessert/Bakery, Coffee/Drink",keyword
"🧂 개당 3,000원으로 싼 가격은 아니지만, 요즘 어딜가나 3,000원은 기본으로 넘어서 비싸게 느껴지지도 않는...ㅜㅜ","Dessert/Bakery, Coffee/Drink, Price",keyword
여기는 무조건 4개씩 묶음 판매만 가능해요!,"Dessert/Bakery, Coffee/Drink, Price",keyword
그래서 낱개로 구매할 수가 없어서 아쉬워요.,"Dessert/Bakery, Coffee/Drink, Vibe",keyword
"그리고 종이 포장지에 끈을 묶어서 주시는데, 따로 봉투를 구매할 수 없어서 집에 가져가기 너무 번거로워요","Dessert/Bakery, Coffee/Drink, Vibe",keyword
😢 (집에 도착하면 빵이 다 구겨져 있는..),"Dessert/Bakery, Coffee/Drink, Vibe",keyword
식어도 폭신하니 부드러웠는데 저한테는 조금 짰어요,"Dessert/Bakery, Coffee/Drink",keyword
성수에 약속이 있어서 왔다가 소금빵 맛있는 곳이 있다고해서 첫번째로 들렀는데 😎 웨이팅은 줄서서 10분 정도 했고요,"Service, Dessert/Bakery, Coffee/Drink, Vibe",keyword
오후 2시 타임에 걸려서 빵은 빠르게 받았습니다,Dessert/Bakery,keyword
😭 근처에 버터 냄세가 진동 ㅎㅎ 무튼 일단 받아서 기분 좋게 먹었는데,"Dessert/Bakery, Coffee/Drink, Vibe",keyword
제것만 소금이 많이 들어간지 너무 짜서 먹기가 ~~ 그리고 버터가 너무 많이 들어간건지 너무 느끼 했습니다,"Dessert/Bakery, Coffee/Drink",keyword
😭 너무 느끼하고 짜서 먹다가 중도 포기 했고 다음날 아침에 먹었는데 짠맛 조금 덜하거 같긴한데 그래도 너무 짜더라고요.,"Dessert/Bakery, Coffee/Drink",keyword
😂 리뷰 보니 다덜 맛있다고 하시는데 제 입맛에는 안맞네요 ㅠㅠ,"Dessert/Bakery, Coffee/Drink",keyword
오래 줄서서 먹었으면 화날뻔 했습니다 ㅎㅎ,"Service, Dessert/Bakery, Coffee/Drink",keyword
매번 맛있게 먹고가요 :) 진짜 진짜 맛나요,Coffee/Drink,keyword
이 곳은 성수동의 성심당인가....,Vibe,keyword
소금빵 중에 최고 갓 나오자마자 먹는게 제일 맛있어요,"Dessert/Bakery, Coffee/Drink",keyword
평일은 대기가 짧아요,Service,keyword
주말은 빵나오는 시간 잘보고ㅠ방문하세요,"Service, Dessert/Bakery, Coffee/Drink",keyword
평일 점심쯤 지나가다 사람없길래 냉큼샀어요,"Dessert/Bakery, Vibe",keyword
"포장만 가능한 매장이고 4개 12,000원
가격은 뭐 다른곳이랑 비슷해요","Price, Dessert/Bakery, Coffee/Drink, Vibe",keyword
"무게감이 전혀없는
납작하게 누르면 진짜 얇게 눌리고 버터기름만 나올정도로
밀도없이 많이 가벼운 기름진 버터롤느낌
맛은 있는데 다른 소금빵맛집이 더나았어요","Dessert/Bakery, Coffee/Drink, Vibe",keyword
줄줄줄~  매일 줄을서는데 포장하는 시간이 진짜김 그래서 밀리는거 아닌가 싶을정도 포장없이 주면 엄청 빠를듯 이것또한 마케팅이 아닐까 합니다,"Service, Dessert/Bakery, Coffee/Drink, Price",keyword
빵맛은 😀 좋아요,Dessert/Bakery,keyword
제가 먹어본 소금빵 중에 제일 버터가 많이 들어간 것 같아요ㅠㅠㅠㅠ!,"Dessert/Bakery, Coffee/Drink",keyword
"❤️
안에는 촉촉하고 겉에는 바사삭..","Dessert/Bakery, Coffee/Drink",keyword
한참 기다려서 샀는데 후회 없구요,"Service, Coffee/Drink",keyword
아껴먹으려고 하나 냉장고에 남겨놨는데 누가 홀랑 먹어버려서 싸울뻔..,Coffee/Drink,keyword
그 정도로 넘 마시쒀여 🫶🏻,Vibe,keyword
"어마어마한 소금빵맛집,,,🤍 웨이팅이 엄청 길어서 항상 빵냄새만 맡고왔었는데 오늘은 운좋게 대기없이 구입할 수 있었어용","Service, Dessert/Bakery, Coffee/Drink, Vibe",keyword
"4개 구입하자마자 바로 입으로순삭,,🥲🩵 바로 나왔을 때 먹는게 젤마싯는듯 ㅠㅠ 자꾸 생각나는 맛이에용","Dessert/Bakery, Coffee/Drink",keyword
또먹구싶댜,Coffee/Drink,keyword
얼마나 맛있을지 궁금했는데 너무너무 맛있고 제가 먹어본 소금빵 중에 1등이에요,"Dessert/Bakery, Coffee/Drink",keyword
"⭐️⭐️
성수동 갈 때마다 들르고 싶은 곳입니다!",Vibe,keyword
다만 포장 과정 때문에 대기줄이 더 늘어지는 것 같아요,"Service, Dessert/Bakery, Price",keyword
소금빵 맛집이 왔어요,"Dessert/Bakery, Coffee/Drink",keyword
"😝😜
성수에 소금뽱 맛찝이 있어요.","Dessert/Bakery, Coffee/Drink, Vibe",keyword
"소금빵 특유의 짭짭하면서 단백한 맛이 
진짜 너무 최고다","Dessert/Bakery, Coffee/Drink",keyword
"진짜 한입 먹기 한다는 것이
한 박스 4개 다 먹었다","Dessert/Bakery, Coffee/Drink",keyword
대기 줄도 금방 빠져요,Service,keyword
"🤭🤭 
호다닥 댕겨 오시어요.","Dessert/Bakery, Coffee/Drink",keyword
진짜 핵핵핵존맛입미다.,Coffee/Drink,keyword
"🤣🤣
진짜 빵이 이루켐 맛있으면 
진짜 못 참 지",Dessert/Bakery,keyword
"- 쫠깃 쫠깃 하면서 
달달하면서 짭짭하니 
#존맛#디저트#소금빵#성수#뚝섬#빵","Dessert/Bakery, Coffee/Drink",keyword
다른곳의 소금빵과 가장 큰 차이점은 빵이 부드러운반면 쫄깃한 식감은 아니에요,"Service, Dessert/Bakery, Vibe",keyword
그냥 손으로 집어 바로먹어보면 생각보다 기름진 맛이 느껴져요,"Vibe, Coffee/Drink",keyword
결제하고 대기하면 생각보다 빨리 소금빵은 나와요,"Service, Dessert/Bakery, Coffee/Drink",keyword
한번은 먹어볼 만 하지만 우와 하는 맛은 아니에요,"Dessert/Bakery, Coffee/Drink",keyword
또 먹고시퍼요,Coffee/Drink,keyword
"핫플레이스 다녀왔어요
소금빵 강추",Dessert/Bakery,keyword
지나가다 길게 늘어선 줄을 보고 무슨 맛집인가 싶었는데 소금빵!!,"Service, Dessert/Bakery",keyword
소금빵 먹을려고 이렇게나 많은 사람들이 기다리는거야?,"Service, Dessert/Bakery, Coffee/Drink, Vibe",keyword
하고 지나쳤는데 지나가는 사람들마다 소금빵들고있는걸 보고 저도 도전해보았습니다,"Dessert/Bakery, Coffee/Drink, Vibe",keyword
역시나 인기있는곳은 그 이유가 있네요.,"Vibe, Coffee/Drink",keyword
따뜻한 소금빵 그자리에서 바로 한입 먹는걸 추천!,"Dessert/Bakery, Coffee/Drink, Vibe",keyword
우와~~~ 소금빵 진짜 진짜 진짜 맛있어요!!,Dessert/Bakery,keyword
버터 풍미 최고!!!,"Dessert/Bakery, Coffee/Drink",keyword
폭신하고 맛있었습니다~!,"Dessert/Bakery, Coffee/Drink",keyword
빵 싫어하는 아빠가 여기는 맛있다고 한 곳..,"Dessert/Bakery, Coffee/Drink, Vibe",keyword
진짜 맛있는 소금빵>< 중독성이 강해요,Dessert/Bakery,keyword
큰일났어요..,Coffee/Drink,keyword
"소금빵👍👍👍
4개 12000",Dessert/Bakery,keyword
😋바싹하고 풍미가 좡난아니네요,"Dessert/Bakery, Coffee/Drink",keyword
맛있게 먹었어요.,Coffee/Drink,keyword
계속 줄서있는곳,"Service, Vibe, Coffee/Drink",keyword
무조건 4개 세트로 구매를 해야해서 아쉬움,"Dessert/Bakery, Coffee/Drink, Vibe",keyword
바로 하나씩 손에 들고 맛보고 싶었는데 포장이 너무 꼼꼼해서 뜯어버리기도 애매함,"Dessert/Bakery, Coffee/Drink, Price",keyword
걍 집에와서 먹었음,"Dessert/Bakery, Coffee/Drink, Vibe",keyword
맛은 있음,"Vibe, Coffee/Drink",keyword
💗감히 인생 소금빵🥺💗 받자마자 바로 그 자리에서 한 봉지 클리어했어요ㅠ,"Dessert/Bakery, Coffee/Drink",keyword
진짜 버터맛+바삭함,"Dessert/Bakery, Coffee/Drink",keyword
지금까지 먹어본 소금빵 중에 1등,"Dessert/Bakery, Coffee/Drink",keyword
먹어본 소금빵 중에서 제일 맛있어요,"Dessert/Bakery, Coffee/Drink",keyword
지나가다 소금빵 맛집이라고해서 구매했는데 넘 맛있게 먹었어요!,"Dessert/Bakery, Coffee/Drink",keyword
맛있는게너무비쌈,Price,keyword
포장해서 선물했는데 받으신 분이 맛있다고 그러시더라구요.,"Dessert/Bakery, Coffee/Drink, Price",keyword
회사 근처니까 나도 담에 사먹어야지ㅠㅠ,Coffee/Drink,keyword
소금빵 처음엔 왜이렇게 기름지지?,Dessert/Bakery,keyword
했는데 계속 생각나고 다른데랑 비교했을때 정말 맛있어요~,"Dessert/Bakery, Coffee/Drink",keyword
다만 포장 전문점이니 포장직원을 한명 늘리던지 해서 빨리빨리 포장해 주셨으면 좋겠어요!,"Service, Dessert/Bakery, Coffee/Drink, Price",keyword
줄서있는거보고 따라서서 구매했습니다.,"Service, Dessert/Bakery, Coffee/Drink, Vibe",keyword
남은건 에프에 구워먹었는데 변함없이 맛있네용,Coffee/Drink,keyword
와 너무 짭쪼름하고 부드럽고 맛있어용!!!,"Dessert/Bakery, Coffee/Drink",keyword
본점꺼 넘 맛있게 사먹은 기억이 있었는데 성수에도 생긴지 몰랐네요ㅎ,"Vibe, Coffee/Drink",keyword
역시나 버터풍미 가득하고 너무너무 맛있어요!,"Dessert/Bakery, Coffee/Drink",keyword
여느 소금빵들과는 확실히 달라요,Dessert/Bakery,keyword
부ㅜㅜㅜㅜㅜㅜ 길빵함,"Dessert/Bakery, Coffee/Drink",keyword
소금빵 존맛,Dessert/Bakery,keyword
맛있고 친절해요ㅎㅎ,"Service, Dessert/Bakery, Coffee/Drink",keyword
근데 저는 비슷한거같기는 한데..,"Dessert/Bakery, Coffee/Drink",keyword
따끈한거 아니구 식은거라 아쉬웠어용ㅠㅠ!,"Dessert/Bakery, Coffee/Drink",keyword
대기줄 많지않았어요,Service,keyword
소금빵 입짧은 동생도 좋아함,Dessert/Bakery,keyword
"유명하고 맛있고
사진도 재밌게 찍을 수 있고
역시 자연도소금빵 입니다!!","Dessert/Bakery, Coffee/Drink, Vibe",keyword
모닝빵맛,Dessert/Bakery,keyword
주말이라 웨이팅 20분은 함..,"Service, Dessert/Bakery, Coffee/Drink",keyword
버터리해요,"Dessert/Bakery, Coffee/Drink",keyword
하루에 7천개 판매한다는 자연도 소금빵.,"Dessert/Bakery, Coffee/Drink",keyword
성수동에서 웨이팅이 긴 곳 두군데를 뽑으라면 소문난성수감자탕과 자연도소금빵.,"Service, Dessert/Bakery, Coffee/Drink, Vibe",keyword
항상 웨이팅 줄이 길어서 만약 근처를 지나가는데 줄이 짧다면 무조건 사야하는 성수동 핫템.,"Service, Dessert/Bakery, Coffee/Drink",keyword
"소금빵이 대세인 만큼 상향 평준화 되어있어 어딜 가든 맛있긴 하지만, 여기가 제일 맛있는듯.","Dessert/Bakery, Coffee/Drink, Vibe",keyword
"매장은 키오스크 결제하고 픽업하는 입구 공간이 다일 정도로 컴팩트 한데, 단일메뉴 그리고 낱개 판매가 아닌 4개 1박스 세트메뉴 구성, 하루  딱 6번 굽고 판매하는 점 등 극한의 매출 효율성을 높인 점이 인상적.","Service, Dessert/Bakery, Coffee/Drink, Vibe",keyword
"자연도 소금빵이 맛있는 이유
① 밀가루 : 캐나다산 최고등급 CW1 밀 100%
② 버터 : 프랑스 최초 AOP 품질인증 버터 100%
③ 소금 : 프랑스 토판 천일염 100%","Dessert/Bakery, Coffee/Drink, Price",keyword
소금빵은 자연도소금빵이죠,"Dessert/Bakery, Coffee/Drink",keyword
선물하기 좋아요!,"Dessert/Bakery, Coffee/Drink, Price",keyword
추운날 사서 집에와서 에프에 구워먹으니 진짜 맛있어요,"Dessert/Bakery, Coffee/Drink, Vibe",keyword
원래 버터많으면 맛있긴하지만요ㅎㅎㅎㅎ,"Dessert/Bakery, Coffee/Drink",keyword
소금빵 픽업 대기하기전에 미리 결제를 완료 해야해요!,"Service, Dessert/Bakery, Coffee/Drink",keyword
집에 가져와서 하루 뒤에 먹었음에도 맛있었습니다,"Vibe, Coffee/Drink",keyword
냉동했다가 에프에 구워먹어도 존맛임,"Dessert/Bakery, Coffee/Drink",keyword
"지나가다 냄샤에 이끌려서 구매
다담날 먹어도 에프에 살짝돌렷더니 방금 내온거처럼 맛잇네여",Coffee/Drink,keyword
비싸서그런가,Price,keyword
성수동 소금빵을 알게된건 팝업스토어 찾아서 가다가 사람들이 줄서있는거보고 친구가 줄서서 먹자고해서 방문하게된곳이에요,"Service, Dessert/Bakery, Coffee/Drink, Vibe",keyword
"‼️
테이크아웃 전용매장이고 한번 구매할때 4개씩 구매해야하는점이 있으니 참고하시면좋을거같아요","Service, Dessert/Bakery, Coffee/Drink, Vibe",keyword
매장은 전체적으로 깔끔하고 소금빵이라 그런지 소금이 가마솥에 엄청많이 있는게 신기해서 좋았고 줄도 빨리빨리 줄어들어서 금방구매할수있는점이 좋았어요,"Service, Dessert/Bakery, Coffee/Drink, Vibe",keyword
"👍
직원분들도 친절하시거 무엇보다 소금빵이 찐으로 맛있어요…🙏 한번 구매해서 길가면서 먹다가 한번더 구매했어요","Service, Dessert/Bakery, Coffee/Drink",keyword
ㅋㅋㅋㅋ진짜 찐으로맛있으니까 길가다 보이시면 무조건 사시는거 추천드리고싶어요,"Vibe, Coffee/Drink",keyword
그리고 포장도 예뻐서 들고다니기에도 편하고 좋았어요,"Vibe, Price",keyword
성수동 소금빵 맛집 찾으시면 자연도소금빵 성수점 추천드립니다,"Service, Dessert/Bakery, Coffee/Drink, Vibe",keyword
와 오늘 날씨 영하 18도 그대로1시간들고 집와서 그냥 먹었는데도 맛있어요,"Dessert/Bakery, Coffee/Drink, Vibe",keyword
6시대 나온빵,"Dessert/Bakery, Coffee/Drink",keyword
성수 방문한김에 또 방문 했어요,"Service, Dessert/Bakery, Coffee/Drink",keyword
다시 먹어도 맛있습니다,Coffee/Drink,keyword
에어프라이기에 180도 3분 돌리고 먹으면 겉바속촉 쫀득하게 먹을 수 있어요,"Dessert/Bakery, Coffee/Drink, Vibe",keyword
요즘 제일 최애 소금빵집이에요,Dessert/Bakery,keyword
겨울되서 매장 앞 나무에 귤도 꾸며져있는거 귀여워요,"Vibe, Coffee/Drink",keyword
집에 와수 에프에 구워먹으면 더..,"Dessert/Bakery, Coffee/Drink, Vibe",keyword
늦은 시간이였는데도 포장이 가능해서 좋았습니다!,"Dessert/Bakery, Coffee/Drink, Price",keyword
줄도 그렇게 오래 안섰어요,Service,keyword
인생소금빵입니다… 1개씩은 못 사고 무조건 4개씩 사야하지만 4개 살 가치 있어요,"Price, Dessert/Bakery, Coffee/Drink, Vibe",keyword
리뷰쓰는 이 순간에도 또 먹고싶어짐…,Coffee/Drink,keyword
테이크아웃전문이라 줄이 길어보여도 금방 빠져요,"Service, Coffee/Drink",keyword
지나가다 보이시면 무조건 사세요,Coffee/Drink,keyword
"오른쪽에 있는 키오스크로 꼭 주문후에
왼쪽 긴 줄을 서야합니다..","Service, Dessert/Bakery, Coffee/Drink, Vibe",keyword
"사람들 서있다고 섰다가
소금빵 교환하는 곳 나중에 알아채서 키오스크 주문 후
줄 다시 섰습니다..","Service, Dessert/Bakery, Coffee/Drink, Vibe",keyword
빵맛은 너무 기름진 소금빵 먹은 느낌이에요..,"Dessert/Bakery, Coffee/Drink",keyword
"포장만 가능, 포장이 독특한 걸로 컨셉을 잘 잡아서 인기몰이 한 것도 있지만 소금빵도 맛있음!!","Price, Dessert/Bakery, Coffee/Drink, Vibe",keyword
하지만 굳이 멀리서 이것만 먹으러 갈 정도는 아니고 근처 갈 일 있으면 방문해 보는 것 괜찮을 듯,"Service, Dessert/Bakery, Coffee/Drink, Vibe",keyword
다시와도 또 맛있었어요,"Dessert/Bakery, Coffee/Drink",keyword
"식었어도 그 꼬소한 향과 맛이 그대로 여서 오히려 식었다가 데워먹는게 더 맛있었던,,,!","Dessert/Bakery, Coffee/Drink",keyword
성수가면 꼭 들리는 빵집~,Dessert/Bakery,keyword
냄새가 너무 좋아서 구매했는데 5분 정도 대기하고 받았어요.,"Service, Dessert/Bakery, Coffee/Drink",keyword
순간의 유혹만 잘 견디면 굳이 안 먹어도 될 듯해요,"Dessert/Bakery, Coffee/Drink",keyword
소금빵 최고!,Dessert/Bakery,keyword
"맛있는 소금빵이긴한데, 두개만 구매하고싶엇는데 무조건 4개에 12,000원 세트로만 구매가능하다구..","Price, Dessert/Bakery, Coffee/Drink, Vibe",keyword
그래가지고 ㅜㅜ 그래도 맛있게 먹었어요,Coffee/Drink,keyword
웨이팅하는 이유가 있었네요,"Service, Dessert/Bakery, Coffee/Drink, Vibe",keyword
생각보다 많이 기다리지 않았고 빵이 진짜 존맛탱입니다ㅠㅠ,"Service, Dessert/Bakery",keyword
20분 기다렸는데 기다리는동안 친구랑 얘기도 하고 좋은 시간이었어요,"Service, Dessert/Bakery, Coffee/Drink, Vibe",keyword
빵은 다음날에 먹었는데 괜찮더라고요,"Dessert/Bakery, Coffee/Drink",keyword
"소금빵 전문점
역시라는 말이 나왔다","Dessert/Bakery, Coffee/Drink",keyword
빵의 고소힘 소금의 짠맛이 어우러짐,Dessert/Bakery,keyword
이 소금빵집 맛있는데 웨이팅 시스템도 체계적이라 빨리 빨리 줄이 줄어서 줄서서 살 만 합니당~!,"Service, Dessert/Bakery, Coffee/Drink, Vibe",keyword
"좀 비싸다 생각하지만
맛있어요","Dessert/Bakery, Coffee/Drink, Price",keyword
짭짤하고 버터맛나요,"Dessert/Bakery, Coffee/Drink",keyword
패키지도 넘 귀엽고 소금빵 가운덴 빠작하고 촉촉하고 더 사올 걸 후회….,"Dessert/Bakery, Coffee/Drink",keyword
성수동 갔다가 소금빵집 있길래 찾아갔더니 길에 사람들이 줄을 서 있더군요.,"Service, Dessert/Bakery, Coffee/Drink, Vibe",keyword
키오스크로 주문 먼저 하고 줄을 서서 차례로 빵을 받는 구조인데요.,"Service, Dessert/Bakery, Coffee/Drink, Vibe",keyword
생각보다 많이 대기하지 않고 받을 수 있어 좋았어요.,"Service, Dessert/Bakery, Coffee/Drink, Vibe",keyword
포장 전문 가게이고 규모는 작지만 가게 분위기가 좋더라고요.,"Price, Dessert/Bakery, Vibe",keyword
포장도 나름 인상적이고요.,"Coffee/Drink, Price",keyword
숙소에서 소금빵 맛보았는데 겉은 바삭하면서 쫀쫀한 맛이 느껴지고 속은 부드러웠어요.,"Dessert/Bakery, Coffee/Drink",keyword
다만 살짝 아쉬운 부분은 빵 아래쪽에 녹은 버터가 많이 내려가서 씹을 때 아래쪽이 너무 기름지다는 거였어요.,Dessert/Bakery,keyword
소금빵 맛집이라면 무조건 맛볼 정도로 좋아하고 즐겨 먹는데 여긴 찐 맛집이다라고 할 정도는 아니고 무난하게 괜찮은 정도였습니다.,"Dessert/Bakery, Coffee/Drink, Vibe",keyword
성수 가면 무조건 사오는데 집에서 먹을껀 동생이 따로 주문하고 지인 선물하려고 추가 구매했어요.,"Vibe, Service, Coffee/Drink, Price, Dessert/Bakery",keyword
대기가 좀 길긴 해요.,"Service, Dessert/Bakery, Coffee/Drink",keyword
성수동 놀러가서 빵 냄새에 이끌려서 사게 되었어요!,Dessert/Bakery,keyword
겉이 바삭보다는 약간 단단한 느낌이라 가루가 떨어지는 게 아니라서 너무 좋았어요,"Dessert/Bakery, Coffee/Drink",keyword
식감이 다른곳처럼 그냥 겉바속촉이 아니라 여기만의 느낌이 있어서 또 사고싶어요,"Dessert/Bakery, Coffee/Drink, Vibe",keyword
쫀득쫀득한  소금빵 맛나요~,"Dessert/Bakery, Coffee/Drink",keyword
박세리 소금빵 맛집으로 유명하다면서요.,"Dessert/Bakery, Coffee/Drink",keyword
그냥 테이크아웃해서 봉지에 싸여진 채로 차 안에 뒀는데 버터맛이 자욱~ 해요,"Service, Dessert/Bakery, Coffee/Drink, Vibe",keyword
"자연도 소금빵
이제껏  먹어본 소금빵중에 최고였다.","Dessert/Bakery, Coffee/Drink",keyword
너무 부드럽고 소금맛도 너무 좋았다..,Dessert/Bakery,keyword
인생 소금빵 이였어요~~,Dessert/Bakery,keyword
"빵 맛있어요, 걸어다니면서 다 먹었어요~","Dessert/Bakery, Coffee/Drink",keyword
"세리박님이 소금빵 겟한 성수 자연도
냄새부터 ..","Dessert/Bakery, Coffee/Drink",keyword
"지나가는 행인들 잡는다유~~~~~
겉바속촉 제대로 숙성부터 다르네요~~~",Dessert/Bakery,keyword
성수갔다가 버터냄새에 홀려 주문했습니다,"Service, Dessert/Bakery, Coffee/Drink",keyword
"🤣
4개단위로만 팔고 12000원입니다.","Dessert/Bakery, Vibe",keyword
"바로 나오자 마자 먹어서 따뜻했고, 직원분들도 친절하셨는데 특별히 더 맛있진 않았어요.","Service, Dessert/Bakery, Coffee/Drink",keyword
맛있는 소금빵맛,Dessert/Bakery,keyword
사람이 많고 결제줄과 픽업줄이 따로있음.,"Service, Dessert/Bakery, Coffee/Drink, Vibe",keyword
직원은 불친절함.,"Service, Dessert/Bakery, Coffee/Drink",keyword
다른 소금빵과의 맛 차이가 1도 없음.,Dessert/Bakery,keyword
줄서서 먹을 정도는 아님.,"Service, Coffee/Drink",keyword
왜 줄서는지 이해불가,Service,keyword
길기 긴 웨이팅 끝에 소금빵 GET 했습니다!!,"Service, Dessert/Bakery, Coffee/Drink",keyword
리뷰에 쏘쏘하다는 말이 많았지만 저는 개인적으로 너무 맛있게 먹었어요~,"Dessert/Bakery, Coffee/Drink",keyword
웨이팅만 좀 해결되면 많이 방문할것같아요!!,"Service, Dessert/Bakery, Coffee/Drink",keyword
매일 지나갈적마다 포장지가 너무 독특🫶🏻해서 눈길이 자주 갓거니와 고소한 #버터향에 취해다녓는데(?,"Dessert/Bakery, Coffee/Drink",keyword
드디어 첨으로 줄 서서 사먹기☺️#소금빵 🥐넘부드러움.,"Service, Coffee/Drink",keyword
"하루지낫는데도 촉촉함😘줄 서서사먹을만,, 한 세트(한 봉지4ea. )만이천원💶💷인데 :개당 삼천원꼴 다른데보다 싼편.","Service, Dessert/Bakery, Coffee/Drink",keyword
"소금빵맛집이라길래 
줄서서 사봄
맛은있긴함","Service, Dessert/Bakery, Coffee/Drink, Vibe",keyword
대기 장소가 마땅히 없는게 아쉬워요,Service,keyword
빵은 맛있음,Dessert/Bakery,keyword
"생각보다 많이 안 기다렸구요
에프에 살짝 돌려 먹으면 극락 갑니다","Service, Coffee/Drink",keyword
인천에 본점이 있는 오로지 소금빵만 파는 곳.,"Dessert/Bakery, Coffee/Drink, Vibe",keyword
100가지 재료 테스트와 1000번의 구움,Coffee/Drink,keyword
테스트를 거쳐 탄생한 자연도 소금빵은 하루에 칠천 개가 팔린다고 한대서 한 번 들러봤다.,"Dessert/Bakery, Coffee/Drink",keyword
빵 나오는 시간은 하루에 여섯 번.,"Dessert/Bakery, Coffee/Drink",keyword
"오전 9시, 오후 12시 반, 오후 2시, 오후 3시 반, 오후 5시, 오후 6시 반.",Dessert/Bakery,keyword
아무래도 이 시간 맞춰 먹는 게 제일 맛날 듯.,Coffee/Drink,keyword
한 시간 정도 후에 먹었더니 생각보다 덜 부드러웠음!,Coffee/Drink,keyword
무작정 줄 서지 말고 키오스크에서 꼭 결제하고 줄 서세요!!,"Service, Dessert/Bakery, Coffee/Drink",keyword
소금빵을 왜 먹는지 알겠어요,"Dessert/Bakery, Coffee/Drink",keyword
"성수동 소금빵 맛집^^
테이크아웃 전용이라 키오스크로 구매 후 빵 받는줄에 서야해요^^","Service, Dessert/Bakery, Coffee/Drink, Vibe",keyword
"한참 줄서고 사려고 보니
미리 구매부터 해야했어요","Service, Dessert/Bakery, Coffee/Drink",keyword
오른쪽에서 키오스크로 주문부터하고 줄서요.,"Service, Dessert/Bakery, Coffee/Drink, Vibe",keyword
"1세트 4개 12,000원
낱개로 못사요.","Dessert/Bakery, Vibe",keyword
대신 확실한 소금빵맛!,"Dessert/Bakery, Coffee/Drink",keyword
줄도 금방 빠지고 지나가면 필수코스!,Service,keyword
영종도에서 유명하다해서 가보고싶었는데 그나마 접근성 좋은 성수에 생겼다해서 다녀와봤어요.,"Position, Dessert/Bakery, Coffee/Drink",keyword
"소금빵 단일 제품만 팔고 가마솥에가득있는 소금하며 직원분들의 모자,앞치마, 그리고 포장스타일까지..","Vibe, Service, Coffee/Drink, Price, Dessert/Bakery",keyword
컨셉이 확실하면서 귀엽고 좋았어요.,"Dessert/Bakery, Coffee/Drink",keyword
"☺️
처음에 줄서있길래 바로 그 줄에 섰는데 미리 키오스크에서주문 후 나온 주문서를가지고 줄을 선 다음 받아가는거더라구요?","Service, Vibe, Coffee/Drink",keyword
"모르고있다가 시간만 날렸으니
오시는분들은 무조건 오른쪽에 ⭐키오스크부터가세요","Dessert/Bakery, Coffee/Drink, Vibe",keyword
"⭐️
주문하고 받는데까지 대략 15분정도 걸린듯 해요.","Service, Dessert/Bakery, Coffee/Drink",keyword
소금빵 나오는 시간대 맞춰서 간거여서 따끈하게 바로먹을수있었어요.,"Dessert/Bakery, Coffee/Drink, Vibe",keyword
하드하지않은 말랑.,"Dessert/Bakery, Coffee/Drink",keyword
"퐁신한 소금빵스타일이고 
무엇보다 엄~~~청 버터맛이강한데 장점이자 단점인듯 해요.","Dessert/Bakery, Coffee/Drink",keyword
버터가 즙으로 나오는줄알았네요..ㅋㅋㅋ,"Service, Dessert/Bakery, Coffee/Drink",keyword
한번 사먹어볼만합니다,"Dessert/Bakery, Coffee/Drink",keyword
최고의 소금빵🥹🥹,Dessert/Bakery,keyword
줄이 짧아서 얼른 샀네요.,Service,keyword
근데 무조건 4개 1세트는 별로.,Dessert/Bakery,keyword
소금빵 엄청 맛있다고하길래 10분정도 줄서서 구매했는데 일반 시중에 파는 소금빵보다 훨씬 더 맛있더라구요!!!,"Service, Dessert/Bakery, Coffee/Drink",keyword
일본 원조 소금빵집이랑 비빌수있는 정도...??,"Dessert/Bakery, Coffee/Drink, Vibe",keyword
시간지나서 좀 식었으면 에어프라이기 3분 돌리고 먹기 !!!,Coffee/Drink,keyword
기대했던것보다는 평범.,"Dessert/Bakery, Coffee/Drink",keyword
굳이 4개 단위로 묶어파는 상술때문에 반감,"Dessert/Bakery, Vibe",keyword
짭조름한 소금빵 존맛!!!,"Dessert/Bakery, Coffee/Drink",keyword
"지나가다가 냄새에 이끌려 웨이팅해서 먹었는데, 식어도 맛있네유
좀 짠감이 있지만 오히려 좋아~","Service, Dessert/Bakery, Coffee/Drink, Vibe",keyword
줄은 길었지만 맛있어요!!,Service,keyword
웨이팅이 있었지만 먹어보니 최애 소금빵 됐어요!!,"Service, Dessert/Bakery, Coffee/Drink, Vibe",keyword
따뜻할때 더 맛있다 하던데 빵나오는 시간에 맞춰 가봐야겠어요.,"Dessert/Bakery, Coffee/Drink",keyword
"이번엔 식은걸 받았는데
역시 바로 한게 맛있네요","Dessert/Bakery, Coffee/Drink",keyword
아침에 가면 줄을 안서네요.,Service,keyword
여기 소금빵 정말 맛있어요!,Dessert/Bakery,keyword
소금빵 너무너무 맛나네요!,Dessert/Bakery,keyword
입소문 난 이유가 있는듯해요!,"Dessert/Bakery, Coffee/Drink, Vibe",keyword
"버터가 아쥬 맛나고 위에 소금까지~ ㅎㅎ 
줄이 길어서 나중에 저녘에 줄었을때 갔어요!","Service, Dessert/Bakery, Coffee/Drink",keyword
다음날 발뮤땡에 돌려먹엇더니 캬~한번 드셔보시는거 츄천해용,Coffee/Drink,keyword
주말이라 줄을 많이 섰음,Service,keyword
특별한건 못느낌,"Dessert/Bakery, Coffee/Drink",keyword
짭짤하고 담백한 소금빵!,"Dessert/Bakery, Coffee/Drink",keyword
제가 평소에 너무 좋아하는 최애 빵 중에 하나에요!,Dessert/Bakery,keyword
자연도 소금빵은 좋은 버터를 사용해서 그런지 고소한 맛이 일품이에요,"Dessert/Bakery, Coffee/Drink",keyword
👍🏻 고소한 버터향 가득한 소금빵🥐 소금빵 4개가 들은 1세트에 12000원이에요!,"Dessert/Bakery, Coffee/Drink",keyword
한개씩 살 수 없어서 좀 비싼감이 있지만 버터를 좋아하신다면 한 세트 사서 나눠드시는 걸 추천합니다!,"Price, Dessert/Bakery, Coffee/Drink, Vibe",keyword
냄새에 이끌려 저번에도 가볼까햇다가 못가고 이번엔 동생이랑 줄서서 구매했어요!!!,"Service, Dessert/Bakery, Coffee/Drink",keyword
한봉지만 샀는데 후회 ㅜ ㅜ바로 먹어도 존맛이지만 에프에 좀 돌려먹으면 더 존맛... ㅠㅠ,Coffee/Drink,keyword
빵이 작아서 많이 돌리면 탈거같아서 좀만 돌렸는데도 바삭바삭하니 대존맛도리더라구요,"Dessert/Bakery, Coffee/Drink",keyword
💖💖한봉지만 사온거 후회중 ㅠㅠ 다음에 또 가서 먹어야겟어요....,"Dessert/Bakery, Coffee/Drink",keyword
갓 구운 소금빵이 나와서 그런지 바삭하고 맛있어요.,"Dessert/Bakery, Coffee/Drink",keyword
시간대에 맞춰 소금빵이 나오고 키오스크로 결제 먼저 하고 줄 서서 수령하면 됩니다.,"Service, Dessert/Bakery, Coffee/Drink, Vibe",keyword
이날 일빠로 구매했는데 ㅠㅠㅠㅠ 너무 맛있더라고요,"Dessert/Bakery, Coffee/Drink, Vibe",keyword
바삭촉촉의 정석이고 가격 다소 비싼듯 하지만 아무튼 소금빵의 정석이에요,"Dessert/Bakery, Coffee/Drink, Price",keyword
사람 많으면 어쩌나 걱정했는데 웨이팅은 있었지만 금방 줄었어요!!!,"Service, Dessert/Bakery, Coffee/Drink, Vibe",keyword
"받자마자 한입 먹었는데 존맛,, 버터향이 확 올라와요,, 에프 돌려 먹었는데 안돌려 먹는게 더 담백하고 맛있었어요!!","Dessert/Bakery, Coffee/Drink",keyword
다음엔 빵나오는 시간 맞춰서 가보려구요!!!,"Dessert/Bakery, Coffee/Drink",keyword
소금빵 으로 유명하다고 해서 사봄!!,"Dessert/Bakery, Coffee/Drink",keyword
포장도 구엽고 아직 맛은 보지 않았지만~~ 주변에서 바로 드시는분들  표정이 좋아보였음,"Coffee/Drink, Price",keyword
줄서서 먹을 정도는 아닌데 한번쯤 먹어볼만해요^^,"Service, Dessert/Bakery, Coffee/Drink",keyword
요즘 핫한 소금빵이여서 대기줄서서 기다려서 샀어요,"Service, Dessert/Bakery",keyword
줄이 길어서 기다림,Service,keyword
"특별한 맛인가 싶어 줄서고 
주문 제입에는 아니네요","Service, Dessert/Bakery, Coffee/Drink",keyword
왠지 비싸다,Price,keyword
평일저녁 줄을 좀 서야했지만 그래두 10분내외였던거 같아요.,"Service, Dessert/Bakery, Coffee/Drink",keyword
추워서 고민했는데 냄새 맡으면 ..,"Dessert/Bakery, Coffee/Drink",keyword
줄을 절로 스게됨 ㅋ,Service,keyword
4개가 세뚜 포장해서 바로 맛봤는데 맛있었구 담날 아침에 안데우고 또 먹었는데 전날 먹은거랑 큰 차이 없는 식감이었어요!,"Service, Dessert/Bakery, Coffee/Drink, Price",keyword
소금빵 좋아하시는분들 한번쯤 드셔보시길.,Dessert/Bakery,keyword
버터향에...,Dessert/Bakery,keyword
짜지않고 부드럽고 고소한 소금빵~^^,"Dessert/Bakery, Coffee/Drink",keyword
"맛은 있는데
제가 좋아하는 소금빵 느낌은 아니에요.","Dessert/Bakery, Coffee/Drink, Vibe",keyword
"전 겉이 바게트 같이 바삭한 겉바속촉 소금빵을
좋아하는데 자연도 소금빵은 버터 바른 식빵 느낌이랄까?","Service, Dessert/Bakery, Coffee/Drink",keyword
4개 세트 주문이라 어쩔 수 없이 구입했는데 다 못 먹어서 다음날 직장 동료들 나눔했어요.,"Service, Dessert/Bakery, Coffee/Drink",keyword
"소금빵 한동안 질려서 안먹었는데
하..","Dessert/Bakery, Coffee/Drink",keyword
나는 왜 한팩만 산걸까..,Coffee/Drink,keyword
더사올걸..,"Dessert/Bakery, Coffee/Drink",keyword
했네요,"Dessert/Bakery, Coffee/Drink",keyword
포장만 가능한데 여기 소금빵 맛있어요,"Dessert/Bakery, Coffee/Drink, Price",keyword
지나가면 항상 사람들이 줄서서 기다리고 있길래 얼마나 맛있으면 저렇게 기다리지?,"Service, Dessert/Bakery, Coffee/Drink, Vibe",keyword
라고 생각하면서 맨날 지나쳐갔는데 마침 평일이여서 줄이 많이 없길래 사보았습니다:) 주문은 키오스크로 하고 1봉지에 4개씩 들어있어서 가격은 12000원입니다.,"Vibe, Service, Coffee/Drink, Price, Dessert/Bakery",keyword
버터가 많이 들어있는지 소금빵의 고소한 냄새가 엄청났고 보들보들 촉촉하니 맛있었습니다.,"Dessert/Bakery, Coffee/Drink, Vibe",keyword
👍🏻 소금빵을 좋아하시는 분들은 꼭꼭 방문해보세요.!,"Service, Dessert/Bakery, Coffee/Drink",keyword
소금빵 맛집 완전 인정!,Dessert/Bakery,keyword
진짜 진짜 맛있다… 인생 소금빵,Dessert/Bakery,keyword
"소금빵이 엄청 버터리해서
담백한거보다 기름진거 좋아하는게
취향이시면 아주 좋아하실 듯!","Dessert/Bakery, Coffee/Drink",keyword
줄서요,Service,keyword
금방줄빠져요,Service,keyword
갓 나온빵 맛나고 좋았어요,"Dessert/Bakery, Coffee/Drink",keyword
포장밖에 안되는 곳인데도 줄이 길지만 소금빵 너무 맛있어요..♡,"Price, Service, Dessert/Bakery, Vibe",keyword
인생소금빵이에요,Dessert/Bakery,keyword
"갓 구운 빵 받아서 바로 먹었는데 버터, 소금 모두 비율이 너무 좋아요","Service, Dessert/Bakery, Coffee/Drink",keyword
담에 또 먹으러 가려구요,Coffee/Drink,keyword
소금빵 너무 맛있는곳!,"Dessert/Bakery, Vibe",keyword
생각보다 웨이팅이 길지는 않다요,Service,keyword
맛있지만 한참 기다려서 먹을만큼 특별한 맛은 아니예요,"Service, Dessert/Bakery, Coffee/Drink",keyword
"성수 소금빵 맛집이라고 해서 바로 줄서기 ㅎㅎ
주말 2시 좀 넘었는데 사람이 별로 없어서 바로 구매했네요","Service, Dessert/Bakery, Coffee/Drink, Vibe",keyword
집에 와서 에어프라이기로 돌려먹었는데..,"Dessert/Bakery, Coffee/Drink, Vibe",keyword
왜 다들 맛있다고 하는지 알것 같아요,"Dessert/Bakery, Coffee/Drink",keyword
"버터맛도 진하고 겉은 바삭 속은 촉촉 
다음에 또 사먹을것 같네요!","Dessert/Bakery, Coffee/Drink",keyword
사람들이 줄 서 있는데 맛있는 소금빵 냄새가 나서 저도 줄 서서 사보고 집에 가져와서 먹어봤는데 그냥 먹으면 촉촉쫀득한게 담백한듯 버터맛이 맛있고 에어프라이에 돌려 먹으니 훨씬 겉바속촉맛으로 먹을 수 있어요,"Service, Dessert/Bakery, Coffee/Drink, Vibe",keyword
🤤👍🏻 소금빵 맛있어요,Dessert/Bakery,keyword
세상에서 제일 맛있는 자연도 소금빵🥐,"Dessert/Bakery, Coffee/Drink",keyword
번호표 순서대로 불러서 빵을 줬으면 좋겟어요.,"Service, Dessert/Bakery",keyword
하염없이 기다리기 힘듬.,Service,keyword
"웨이팅하긴 했지만 그래도 다들 포장이라 기다릴만 했어요,
선물로 줄 용도였어서 포장도 예쁘고
빵도 감질맛나게 맛났습니다!","Vibe, Service, Coffee/Drink, Price, Dessert/Bakery",keyword
왜 유명한지 알겠네요ㅋㅋㅋㅋ,"Dessert/Bakery, Coffee/Drink",keyword
"😚👍
타이밍 좋게 웨이팅 없이 구매해서 너무 좋았어요","Service, Dessert/Bakery, Coffee/Drink",keyword
소금빵맛있어요,Dessert/Bakery,keyword
따뜻할때 먹어야 되용,"Dessert/Bakery, Coffee/Drink",keyword
맛있고 포장이귀여워요,Price,keyword
다만 줄서는 동선이 비효율적으로 보이네요,"Service, Coffee/Drink",keyword
최근에 먹은 소금빵중에 사장 맛있엇다.,"Service, Dessert/Bakery, Coffee/Drink",keyword
왜이렇게 줄이 긴지 이제 이해 된다.,Service,keyword
4개가 한세트 가격은 만이천원.,"Dessert/Bakery, Price",keyword
맨날 먹으러 오고싶을 정도로 맛있어요.,"Dessert/Bakery, Coffee/Drink, Vibe",keyword
와 빵이 엄청 맛있고 주변에도 버터향이 진동해서 그냥 지나칠 수 없었어요,"Dessert/Bakery, Coffee/Drink",keyword
"결제 후 대기해서 다시 받는 구조였는데 
그 시간이 참 길게 느껴졌고 
다시 데워먹는 방법을 좀 읽고 싶었는데 줄도많고 안내도 없어서 안내판을 발견했을땐 이미 빨리 빠져줘야했어요","Service, Dessert/Bakery, Coffee/Drink",keyword
맛있어서 또 대기할 의향 있어요(30분까지만),"Service, Dessert/Bakery, Coffee/Drink, Vibe",keyword
맛있는 소금빵!!,Dessert/Bakery,keyword
지날때마다 빵냄새가 너무 좋고 줄이 길어서 도전해봤습니다,"Service, Dessert/Bakery, Coffee/Drink",keyword
짭짤하고 빵바닥은 버터리합니다,"Dessert/Bakery, Coffee/Drink",keyword
데워먹어도 맛이있어요.,"Vibe, Coffee/Drink",keyword
한번쯤 먹어볼만한.,"Dessert/Bakery, Coffee/Drink",keyword
빵사진은 못찍었지만..,Dessert/Bakery,keyword
"🥲
제가 여태 먹어본 소금빵중에 제일 맛있었어요","Dessert/Bakery, Coffee/Drink",keyword
괜히 유명한게 아니더라구요!,"Dessert/Bakery, Coffee/Drink",keyword
"딱 성수점 방문하는데 그 매장이있는곳 사거리부터 풍기는 고소한 소금빵냄새와 한눈에봐도 핫하고 유명하다는것을 증명하는 웨이팅줄,, 예전처럼 엄청 오래기다리고 그러진 않아서 다행이였어요!","Service, Dessert/Bakery, Coffee/Drink, Vibe",keyword
매장 직원분들도 손도 정말 빠르시고 안내도 친절히 잘 해주셔서 너무너무 좋았습니다,"Service, Dessert/Bakery, Coffee/Drink, Vibe",keyword
특히 이 성수감성 뿜뿜 하는 빵포장지..,"Dessert/Bakery, Coffee/Drink",keyword
❤️ 별거아니지만 기분이 좋아지네요,Vibe,keyword
이곳은 제가 남자친구랑 방문하고 너무 맛았어서 그 바로 다음주 휴무일에 소금빵 좋아하는 친구랑 또 왔던곳이였습니다,"Service, Dessert/Bakery, Coffee/Drink, Vibe",keyword
리뷰쓰다보니 또 먹고싶어지네요 ㅠㅠ,Coffee/Drink,keyword
지인들이 성수동 까지 놀러오셔서.,"Dessert/Bakery, Coffee/Drink",keyword
요즘 성수동 핫한 소금빵 선물로 드렸어요~,"Price, Dessert/Bakery, Vibe",keyword
늘 줄이길어서 안사먹다가 오늘 줄이없기에 사봄.,"Service, Coffee/Drink",keyword
엄청 대기해서 먹을정도인가?,"Service, Dessert/Bakery, Coffee/Drink",keyword
소금도 튀지않고 소금만 냅다씹히는 일반 소금빵보다는 맛있긴한더 저세상맛은 아님.,"Dessert/Bakery, Coffee/Drink",keyword
시간들여서 힘들게먹을만한건 아닌듯.,"Dessert/Bakery, Coffee/Drink",keyword
이탈리안레스토랑에서 나오는 따끈쫄깃 식전빵이 훨 맛있다,"Dessert/Bakery, Coffee/Drink",keyword
그러나 줄서지않을땐  지나가다 사먹어볼만은함.,"Service, Dessert/Bakery, Coffee/Drink",keyword
가격은 비쌈.,Price,keyword
조금 대기했는데 소금빵이 너무 맛있어요ㅜ!,"Service, Dessert/Bakery, Coffee/Drink",keyword
재방문하려고요!,"Service, Dessert/Bakery, Coffee/Drink",keyword
"소금빵 덕후들이 여기 소금빵이 제일 맛있대영
단품으로는 안팔고 4개에 11,000원!","Dessert/Bakery, Coffee/Drink",keyword
"포장이 귀여워용
바로 먹는게 확실히 부드럽고 맛있었어요","Coffee/Drink, Price",keyword
"다음 날 에프에 구워먹는 것도 바삭하니 괜찮은데 살짝 기름진 느낌이 들긴하구
다른 소금빵에 비해 조금 더 짭짤한 것 같아용","Dessert/Bakery, Coffee/Drink",keyword
웨이팅이 없으면 또 사먹을만한 듯 해요,"Service, Dessert/Bakery, Coffee/Drink",keyword
소금빵 넘 맛있었어요^^,Dessert/Bakery,keyword
빵도 부드럽고 소금과 버터맛에 순식간에 먹어버렸네요ㅋㅋ,"Dessert/Bakery, Coffee/Drink",keyword
담에 또 먹고 싶어요,Coffee/Drink,keyword
줄서서 먹는 소금빵집이라 궁금했는데 맛있었어요!!,"Service, Dessert/Bakery, Coffee/Drink, Vibe",keyword
맛있긴한데 가격이 비싸고 웨이팅 길어서 한번 먹어본걸로 만족해요,"Vibe, Service, Coffee/Drink, Price, Dessert/Bakery",keyword
빵냄새에 이끌려 바로 구매했어요.,"Dessert/Bakery, Coffee/Drink",keyword
바닥이 빠작한 느낌이구 매우 부드럽고 어떻게보면 기름지다고 느껴질만큼 풍미가 좋아요.,"Dessert/Bakery, Coffee/Drink",keyword
식었을때도 엄청 맛있었던 소금빵입니다.,Dessert/Bakery,keyword
빵 맛있어요!,Dessert/Bakery,keyword
인기있는만큼 맛도 최고에요!,"Vibe, Coffee/Drink",keyword
요즘 유행하는 소금빵 맛집.,"Dessert/Bakery, Coffee/Drink",keyword
낱개 판매는 안되고 무조건 1세트를 구매해야 하는 게 좀 아쉽.,"Dessert/Bakery, Coffee/Drink",keyword
시간맞춰 나오는 거라 기다림은 필수.,"Service, Coffee/Drink",keyword
지금까지 평범한 소금빵만 먹어봐서 그런지 소금빵이 맛있다.,"Dessert/Bakery, Coffee/Drink",keyword
또 먹고 싶다.,Coffee/Drink,keyword
라고 느낀 적이 없어서 기대를 안 하고 방문했는데..,"Service, Dessert/Bakery, Coffee/Drink",keyword
✨️겉바속촉✨️ 식감도 좋고 반죽이 너무 맛있더라구요,Dessert/Bakery,keyword
🥹 소금빵의 참맛을 이제야 알았습니다!,Dessert/Bakery,keyword
주문하고 3분 정도 기다려서 받았는데 바로 먹었을 때 정말 감동적인 맛이었어요.,"Service, Dessert/Bakery, Coffee/Drink",keyword
또 방문하고 싶습니다!!,"Service, Dessert/Bakery, Coffee/Drink",keyword
부드럽고 풍미 좋은 소금빵!!!,"Dessert/Bakery, Coffee/Drink",keyword
"너무 너무 맛있고 ㅠㅠ
입안에서 살살 녹고 ㅠㅠ
줄서서 구매하는 이유가 있다…!!!","Service, Dessert/Bakery, Coffee/Drink, Vibe",keyword
"빵은 1세트(4개/12,000원)로 판매하네요","Dessert/Bakery, Coffee/Drink, Vibe",keyword
성수동 거리에서 버터냄새에 이끌려 자석처럼 끌려간 곳..,"Dessert/Bakery, Vibe",keyword
버터맛 제대로 인 겉바속촉 소금빵 그 잡채임..,Dessert/Bakery,keyword
소금빵 맛이있어요...,"Dessert/Bakery, Coffee/Drink, Vibe",keyword
줄서서 먹었네요,"Service, Coffee/Drink",keyword
우연히 평일에 길가다가 사람이 그저그래서 럭키로 잘먹었어요!,"Dessert/Bakery, Coffee/Drink, Vibe",keyword
인기있는 이유가 있는듯..,"Vibe, Coffee/Drink",keyword
일단 거리에 빵냄새가 최고에요..ㅋㅋ,Dessert/Bakery,keyword
"안에 버터 가득 들어간게 한입 먹자마자 느껴졌고
풍미도 좋았어요~","Dessert/Bakery, Coffee/Drink",keyword
빠작한 느낌보단 쫀득 부드러운 느낌이 더많이 났던 것 같아요,"Dessert/Bakery, Coffee/Drink",keyword
"💗
웨이팅 그렇게 오래안걸리고
빵냄새도 너무 좋았어요 ㅎㅎ","Service, Dessert/Bakery",keyword
줄서서 먹을 정도는 아닌 것 같아요.,"Service, Dessert/Bakery, Coffee/Drink",keyword
무난한 소금빵입니다!,"Dessert/Bakery, Coffee/Drink",keyword
소금빵 최고에여,Dessert/Bakery,keyword
지금까지의 딱딱하기만한 소금빵은 소금빵이 아니었다.,"Dessert/Bakery, Coffee/Drink",keyword
한입에 부드러움과 촉촉함이 느껴지는 진짜 소금빵이다,"Dessert/Bakery, Coffee/Drink",keyword
여기 소금빵이 제가 먹어본 소금빵 중 가장 버터맛이 진하게 나고 겉바속촉 제대로였습니다..,"Dessert/Bakery, Coffee/Drink",keyword
👍 테이크아웃만 되는데 다들 이거 사려고 줄 서는 이유를 갓 나온 소금빵 한입 먹자마자 정말 0.1초만에 깨달았어요….,"Service, Dessert/Bakery, Coffee/Drink",keyword
한 봉지에 4개가 들어있는데 한 봉지만 산거 넘 후회했어요..,"Dessert/Bakery, Coffee/Drink, Vibe",keyword
집에서 에어프라이어에 데워먹으면 갓 나온 맛 그대로 느낄 수 있어요,"Vibe, Coffee/Drink",keyword
전번에 지나갔을때 웨이팅 있었는데 웨이팅 없어서 가봤습니당.,"Service, Vibe, Coffee/Drink",keyword
4개로 12000원이었어요.,"Dessert/Bakery, Vibe",keyword
"자연도소금빵 성수
도대체 얼마나 맛있길래 빵 사려는 고객 대기줄이 저리 길까?","Service, Dessert/Bakery, Coffee/Drink",keyword
기다리는 대열에 합류할 수가 없어 살 엄두를 못냈었다.,"Service, Dessert/Bakery, Coffee/Drink",keyword
"키오스크 도입 후 정해진 수량을 시간대별로 포장 후 판매하는 형태로 운영 방식을 바꿔서인지, 오늘 대기인원이 2명뿐
드디어 샀다!","Vibe, Service, Coffee/Drink, Price, Dessert/Bakery",keyword
깔끔하게 군더더기 없이 담백하고 맛있다,"Dessert/Bakery, Coffee/Drink",keyword
"줄이 긴 맛집 
포장인데도 줄은 길었습니다","Service, Price",keyword
날이 추워지니 바로 먹는것 보단 집에서 살짝 데워 먹으면 너~무 맛있더라구요 ^^,"Vibe, Coffee/Drink",keyword
성수 가면 꼭 구매하는 소금빵!,"Dessert/Bakery, Coffee/Drink",keyword
"쫄깃한 빵이 맛있는데, 어떤날은 기름이 너무 많을때가 있어요ㅜㅜ","Dessert/Bakery, Coffee/Drink, Vibe",keyword
버터에 절여진 꼬소짭쪼롬 소금빵,Dessert/Bakery,keyword
한 번 먹어 볼만 합니다.,"Dessert/Bakery, Coffee/Drink",keyword
빵이 ㄹㅇ 맛있어요,Dessert/Bakery,keyword
돈이 안 아까워요,Price,keyword
"빵 1set에 12,000원에 판매해요!","Dessert/Bakery, Coffee/Drink",keyword
1set가 몇개인지 정확히 모르겠어요,Dessert/Bakery,keyword
그런데 6개 이상은 됩니다!,Dessert/Bakery,keyword
버터향이 깊어서 그런지 냄새유혹이 장난아닙니다,Dessert/Bakery,keyword
"하루에 7,000개 팔린다고 하니 한번쯤 사먹어보면 좋을 듯해요!","Dessert/Bakery, Coffee/Drink",keyword
웨이팅이 길어보여도 빵 받아가는건 순식간이라 내차례가 금방 옵니다,"Service, Dessert/Bakery, Coffee/Drink",keyword
4개단위로 팔아 포장속도가 빠름,"Price, Dessert/Bakery, Vibe",keyword
포장도 특별하구요♡,"Dessert/Bakery, Coffee/Drink, Price",keyword
소금빵 너무 맛있어요.,Dessert/Bakery,keyword
낱개 안팔아서 당황해ㅛ는데 그래도 맛잇어요!,"Dessert/Bakery, Coffee/Drink",keyword
저 멀리까지 빵냄새가 유혹하네요.,"Dessert/Bakery, Coffee/Drink",keyword
식어도 맛있고 또 사먹을만해요.,"Dessert/Bakery, Coffee/Drink",keyword
빵이 너무 맛있네요 ㅎㅎㅎ,Dessert/Bakery,keyword
버터향이 가득합니다,"Dessert/Bakery, Coffee/Drink",keyword
본점은 영종도에 있는데 성수에서 구매할 수 있어 좋아요.,"Dessert/Bakery, Coffee/Drink, Vibe",keyword
버터 맛이 많이 나는 리치한 맛의 소금빵입니다.,"Dessert/Bakery, Coffee/Drink",keyword
시간대별로 제한수량만 판매해서 빵 나오는 시간 맞춰 방문하시는 것을 추천 드립니다.,"Service, Dessert/Bakery, Coffee/Drink, Vibe",keyword
버터냄새 굳,Dessert/Bakery,keyword
"성수 버터 풍미 가득 소금빵 맛집
✯¸.•´*¨`*•✿ ✿•*`¨*`•.¸✯
지나가는 길에 본 소금빵집인데 줄을 항상 서있길래 궁금했는데 박세리 선수님도 사먹는 유명한 소금빵집이더라구요!","Service, Dessert/Bakery, Coffee/Drink, Vibe",keyword
"저도 안먹어볼 수가 없어서  ‘🥐 소금빵 4개 12,000원 세트’를 구매하고 그자리에서 뜯어서 먹었어요.","Dessert/Bakery, Coffee/Drink",keyword
따끈따끈하고 버터가 많이 들어서 굉장히 풍미가 가득한 맛이에요.,"Dessert/Bakery, Coffee/Drink",keyword
아주 담백한 맛은 아닌데 겉바속촉에 버터맛이 미쳐서 계속계속 생각나는 맛이에요.,Dessert/Bakery,keyword
꼭 사자마자 하나 드시는 걸 추천합니다!,"Dessert/Bakery, Coffee/Drink, Vibe",keyword
소금빵이 맛나요,Dessert/Bakery,keyword
사먹어본 소금빵 중에 역대급으로 맛있어요!,"Dessert/Bakery, Coffee/Drink",keyword
다른 곳보다 맛있어요,Vibe,keyword
하지만  무조건 4개 한세트 판매는 아쉬워요.,Dessert/Bakery,keyword
가격대비 크기도 좀 작고,"Dessert/Bakery, Price",keyword
따끈따근하고오...,"Dessert/Bakery, Coffee/Drink",keyword
파사삭 촉촉하고오....,"Dessert/Bakery, Coffee/Drink",keyword
성수 팝업스토어 다녀오는 길에 맛있는 소금빵집이 있다해서 들렸어요!,"Dessert/Bakery, Coffee/Drink, Vibe",keyword
소금빵이 나오는 시간대가 정해져있는데 그 시간대를 피해가면 줄은 안서도 되는 것 같아요.,"Service, Dessert/Bakery, Coffee/Drink, Vibe",keyword
먹어보니 겉은 감자칩 같은 식감에 짭짤한 맛이 느껴지면서 속은 완전 버터때문에 쫀쫀한 결이 있어서 정말 맛있었어요.,"Dessert/Bakery, Coffee/Drink, Vibe",keyword
빵 바닥은 윤기좔좔 누룽지마냥 바삭해서 더 좋았어요.,"Dessert/Bakery, Coffee/Drink",keyword
맛있는 소금빵의 삼박자를 다 갖췄읍니다..,Dessert/Bakery,keyword
가게 근처에서부터 빵냄새가 진동을 하는데..,"Dessert/Bakery, Coffee/Drink, Vibe",keyword
걷다가 보이면 꼭 한번 드셔보세요!!,Coffee/Drink,keyword
유면한데엔 이유가 있는것같아요!!,"Dessert/Bakery, Coffee/Drink, Vibe",keyword
살짝 물린다고 생각할수도있지만 아메리카노와 잘 어울려서 4개를 눈앞에서 순식간에 먹어버렸답니다.,"Dessert/Bakery, Coffee/Drink, Vibe",keyword
소금빵이 부드럽고 맛있어요!!,Dessert/Bakery,keyword
"사람들 줄 서 있길래 그냥 한 번 사 본 건데, 더 사올걸 그랬어요...","Service, Dessert/Bakery, Coffee/Drink, Vibe",keyword
"최애 소금빵집,, 성수 가면 꼭 필수로 사는 곳이에요,, 가끔 소금빵이 먹고 싶어서 다른 빵집을 가면 기대에 못 미쳐서,, 성수 종로 가면 필수로 먹어용,,!!!!!","Dessert/Bakery, Coffee/Drink, Vibe",keyword
빵 아래는 바삭하고 속은 촉촉 부드러운 사람들이 많이 찾는 이유가 있어요,"Service, Dessert/Bakery, Coffee/Drink, Vibe",keyword
귀여운 소금빵 일하는 직원분들 모자도 넘 귀여워요 ㅎㅎ,"Service, Dessert/Bakery, Coffee/Drink",keyword
포장 마저 귀여운거 증맬 귀여워서 미친거 같아요 ㅜ,"Dessert/Bakery, Price",keyword
줄서서 기다려서 샀는데 오오 진짜 맛있었어요 ㅠㅠ,Service,keyword
안먹었음,Coffee/Drink,keyword
후회할뻔!!,"Dessert/Bakery, Coffee/Drink",keyword
"갓 나왔을 때 먹을때는 쥬시한 버터가 입안을 강타하고 폭신폭신 향긋했고, 식은 다음 먹으니 쫄깃하면서도 보통의 소금보다 덜 짜서 맛있게 잘 먹었습니다~","Dessert/Bakery, Coffee/Drink",keyword
맛을  기대하며.,"Dessert/Bakery, Coffee/Drink",keyword
기꺼이 20분  줄 서서  구매.,Service,keyword
먹어보니  버터의  고소함과  소금의  적당하게  짠맛이  잘 어울리는 맛.,"Dessert/Bakery, Coffee/Drink",keyword
크기는  크지않고...,Service,keyword
저거  4개에  12.000원.............,Dessert/Bakery,keyword
역대급 소금빵,Dessert/Bakery,keyword
"인생소금빵
자연도는 전설이다...","Dessert/Bakery, Coffee/Drink",keyword
이제 자연도 아니면 안 되는 몸이 됐어..,Coffee/Drink,keyword
마니마니 사서 에프에 돌려먹으면 갓 나온 맛 그대로 ㅜㅜㅜㅜㅠㅜㅜ진자 너무 마싓당,Coffee/Drink,keyword
우연히 발견한 소금빵집 이었는 데 소금빵을 좋아해서 너무 기대되었는데 소금빵 결제 대기줄이창 소금빵 픽업 대기줄이 있는데 안내판 못보고 픽업 대기줄에서 기다리다가 결제를 먼저 해야되는 걸 깨닫고 다시 결제 줄에서 기다렸는데 갑자기 사람 너무 많아서 결제 줄에 서있지 말고 픽업 줄에 서서 결제하라고 해서 어이가 없었네요…,"Service, Dessert/Bakery, Coffee/Drink, Vibe",keyword
이럴꺼면 결제 줄은 왜 만든건지..,"Service, Vibe",keyword
갑자기 제가 픽업하고 나서 결제줄에 서서 다시 결제 가능해졌어요..,"Service, Dessert/Bakery, Coffee/Drink, Price",keyword
처음에 픽업 줄에 있었으면 빠른 구매가 가능했을 것 같아요ㅠㅠ,"Vibe, Service, Coffee/Drink, Price, Dessert/Bakery",keyword
결제할 때도 1세트 살려고 했는데 갑자기 2세트 시죠 하면서 결제할려고 하더라구요..,"Dessert/Bakery, Coffee/Drink",keyword
소금빵은 너무 맛있고 오븐에 돌려먹으니 바삭해서 좋았어요!,"Dessert/Bakery, Coffee/Drink",keyword
"추천받아 간 곳인데, 줄이 넘 길어서 가려가다
순환이 그래도 비교적 빨라서 괜찮았어요.
(10-15분)","Service, Vibe",keyword
"한입 베어 물면 바삭하면서 
바닥 부분에 기름쩐맛이
훅훅 올라오는데 버터리하구.","Dessert/Bakery, Coffee/Drink",keyword
짭짤하면서도 담백합니다 !!!!!,"Dessert/Bakery, Coffee/Drink",keyword
"웨이팅 합당 ☺️
+포장도 예뻐서 선물용으로도 좋겠어요.","Service, Vibe, Price",keyword
소금빵 땡길때마다 갈 듯 합니다 ....!,"Dessert/Bakery, Coffee/Drink",keyword
너무 비싸요,Price,keyword
튀긴듯 바삭한 맛입니다,"Dessert/Bakery, Coffee/Drink",keyword
버터맛이 가득찬 소금빵이에요,"Dessert/Bakery, Coffee/Drink",keyword
지금까지 먹어본 소금빵 중에서 제일 맛있어요!,"Dessert/Bakery, Coffee/Drink",keyword
사람들 줄서있어서 한 번 사봤는데.......,"Service, Dessert/Bakery, Coffee/Drink, Vibe",keyword
기다리면서 먹을만큼 아닙니다..,"Service, Coffee/Drink",keyword
그냥 나오자마자 먹어서 맛있게 느껴지는겁니다.,Coffee/Drink,keyword
컨셉 잘 잡은 거 같아요,Dessert/Bakery,keyword
4개 세트가 기본이고 낱개론 안팔아요,"Dessert/Bakery, Vibe",keyword
소금빵 존맛….,Dessert/Bakery,keyword
"4개 단위로만 판매하는게 아쉬워요, 빵 자체는 성수동 근처 소금빵들과 비슷비슷한 맛","Dessert/Bakery, Coffee/Drink, Vibe",keyword
웨이팅이 아주 긴 성수동 소금빵집!,"Service, Dessert/Bakery, Vibe",keyword
하루 7천개 소금빵.,Dessert/Bakery,keyword
도쿄 느낌나는  디테일,Coffee/Drink,keyword
갓구운빵이라서 그런지 진짜 맛있어요,Dessert/Bakery,keyword
아쉬운건 4개 한세트로만 판매해서 아쉽지만 맛은 추천합니다!,"Dessert/Bakery, Coffee/Drink, Vibe",keyword
줄도 생각보다 금방 줄어요,Service,keyword
유명하대서 가봤어요.,"Dessert/Bakery, Coffee/Drink",keyword
대기 길지 않았구요.,Service,keyword
크기는 좀 작아요,Dessert/Bakery,keyword
버터맛이 진해서 좋아하는 소금빵이에요~,Dessert/Bakery,keyword
소금이 조금만 더 많이 뿌려졌으면 좋겠어요~,Dessert/Bakery,keyword
성수 들린김에 소금빵 맛집 있다고 해서 포장 했습니다!,"Price, Dessert/Bakery, Coffee/Drink, Vibe",keyword
단일메뉴 포장만 되는 곳 인데요 11시 살짝 넘어서 도착했는데 10분정도 기다린후 받았네요ㅋ,"Vibe, Service, Coffee/Drink, Price, Dessert/Bakery",keyword
소금빵은 겉에 바삭하고 안에는 촉촉합니다!,"Dessert/Bakery, Coffee/Drink",keyword
버터의 크리미함과 소금의 짭짤한맛이 잘 느껴져요,"Dessert/Bakery, Coffee/Drink",keyword
집에서 식은상태에서 먹었는데도 맛있고 데워서 먹으면 버터의 풍미가 더 느껴집니다,"Dessert/Bakery, Coffee/Drink, Vibe",keyword
포장해서도 맛있음,"Dessert/Bakery, Coffee/Drink, Price",keyword
평일 이른아침 성수동 구경하다가 가마솥 포스에 구입하게됨.,"Dessert/Bakery, Coffee/Drink",keyword
먹어본 소금빵중에 으뜸하다 ㅎㅎ,"Dessert/Bakery, Coffee/Drink",keyword
9시 오픈인데 문을 연게 5분이 지나서 그것도 엄청 느긋하게 직원끼리 담소 나누면서 열더라고요..,"Service, Dessert/Bakery, Coffee/Drink",keyword
기다리는 사람이 네다섯명이 서있는데 미안하다는 말도 없었구요.,"Service, Dessert/Bakery, Coffee/Drink, Vibe",keyword
근데 빵이 안나와 13분 대기하래요…,"Service, Dessert/Bakery, Coffee/Drink",keyword
9시에 빵이 나와있는거 아닌가요?,"Dessert/Bakery, Coffee/Drink, Vibe",keyword
늦을 수 있죠..,"Vibe, Coffee/Drink",keyword
"포스 보시는 분도 늦게 출근하신듯하고…
빵이 맛있어서 멀리 오는건데… 다음에 오전시간은 
피해야겠네여;;","Dessert/Bakery, Coffee/Drink",keyword
빵이 맛있네요,Dessert/Bakery,keyword
빵은 엄청 맛있어요 ~,Dessert/Bakery,keyword
낱개로 안팔고 4개씩 팔아요,"Dessert/Bakery, Vibe",keyword
1개만 먹고싶었는데 ...,"Dessert/Bakery, Coffee/Drink",keyword
근데 너무 맛있어서 둘이 4개 다먹었네요 .......,"Dessert/Bakery, Coffee/Drink",keyword
빵은 맛있었지만 무조건 4개 단위로 강매해서 아쉽네요.,"Dessert/Bakery, Coffee/Drink, Vibe",keyword
소분해서 지인 주려고 돈 내고라도 봉투 산다고 했더니 봉투 수량 정해져있어서 안된다고 해서 아쉬웠습니다.,"Price, Dessert/Bakery, Coffee/Drink, Vibe",keyword
여긴 찐이에여… 여길가려고 간 건 아니구요… 걷다가 길거리에 퍼진 버터냄새로 유혹 당해서 홀려서 샀어요… 이 냄새 뭐지…,"Dessert/Bakery, Vibe",keyword
저기 사람들 왜케 줄서있지… 나도 가야지..,"Service, Dessert/Bakery, Coffee/Drink, Vibe",keyword
이루트로 홀린듯이 사버렸슴당,Vibe,keyword
근데 전 여태껏 먹어봤던 소금빵중 여기가 제일 맛있었어요.,"Dessert/Bakery, Coffee/Drink",keyword
줄도 긴데 빨리 빠지더라구요.,Service,keyword
본점에서 먹어본후 너무 맛있어서 성수 온김에 들렸어요~,"Dessert/Bakery, Coffee/Drink",keyword
시간 지나도 촉촉하니 너무 맛있어요!!,"Dessert/Bakery, Coffee/Drink",keyword
빵위에 거뭇한 구운소금 올라가져있는게 신기하고 소금빵 무척 맛있습니다!,"Dessert/Bakery, Coffee/Drink, Vibe",keyword
그치만 포장 굳이 이렇게까지 해야하나..,"Dessert/Bakery, Coffee/Drink, Price",keyword
일부러 포장 시간걸리게해서 줄서게 만드는것..,"Vibe, Service, Coffee/Drink, Price, Dessert/Bakery",keyword
소금빵 샀어요.,Dessert/Bakery,keyword
선물용.,Price,keyword
매장 앞을 지나가면 빵 굽는 냄새에 그냥 지나칠 수 없어요.,"Dessert/Bakery, Vibe",keyword
버터와 소금의 조합이 굿굿!!,Dessert/Bakery,keyword
이쁘게 모자 쓴 언니들이 정성스레 포장해주니 기분 좋아져요~,"Price, Dessert/Bakery, Coffee/Drink, Vibe",keyword
소금빵 존맛이에요,Dessert/Bakery,keyword
아 진짜 너무너무 맛잇어여!!,Coffee/Drink,keyword
한세트 산 거 너무 후회함 !,"Dessert/Bakery, Coffee/Drink",keyword
다음엔 몇세트 사야게써욤!!,"Dessert/Bakery, Coffee/Drink",keyword
소금빵이 너무 맛있어요,Dessert/Bakery,keyword
인생 소금빵이에요...,Dessert/Bakery,keyword
버터 풍미랑 고소함과 기분좋은 짭쪼름함이 최고예요!!,"Dessert/Bakery, Coffee/Drink, Vibe",keyword
받자마자 따뜻하고 맛있는 냄새 덕분에 그자리에서 봉지 열고 먹었어요 >_<,"Dessert/Bakery, Coffee/Drink",keyword
소금빵이 간이 잘 되어있고 버터 풍미 가득해요,"Dessert/Bakery, Coffee/Drink, Vibe",keyword
줄을 많이 섰길래 함 사봤는데 버터 풍미가 장난 아니네요.,"Service, Dessert/Bakery, Coffee/Drink",keyword
소금빵에서 크로와상 맛이나요.ㅎㅎ,"Service, Dessert/Bakery, Coffee/Drink, Vibe",keyword
다른 소금빵에 비해 소금과 버터 비율이 너무 맛있어요,"Service, Dessert/Bakery",keyword
강추할만한곳입니다,"Dessert/Bakery, Coffee/Drink, Vibe",keyword
제 인생소금빵이세요..,Dessert/Bakery,keyword
갓나온 소금빵 미쳤어요ㅠㅠ,"Dessert/Bakery, Coffee/Drink",keyword
골목 전체가 소금빵 냄새로 가득합니더,"Position, Dessert/Bakery, Vibe",keyword
"👀✨
4개씩 파는게 아쉬웠었는데 냉동했다가 에프 넣어도 맛있더라구요","Dessert/Bakery, Coffee/Drink",keyword
"다만, 줄서서 먹을 만큼은 아닌거 같아요.","Service, Dessert/Bakery, Coffee/Drink",keyword
성수동이니까 먹어보는 기대감은 있습니다.,"Vibe, Coffee/Drink",keyword
지점 마다 맛 차이가 조금 있는것 같아요!,"Dessert/Bakery, Coffee/Drink, Vibe",keyword
주말에 웨이팅 필수 결제후 픽업까지 15분 정도 기다렸어요,Service,keyword
갓나온 빵이라서 그런지 따뜻한 소금빵이거 엄청 부드럽네요,"Dessert/Bakery, Coffee/Drink",keyword
빵이 맛잇어요,Dessert/Bakery,keyword
"소문으로만 듣던 유명한 소금빵집 우연히 
발견해서 냉큼 주문하고 줄섰서요ㅋ","Service, Dessert/Bakery, Coffee/Drink, Vibe",keyword
"매장도 귀엽고 포장은 더 귀엽고ㅋ
빵 맛은 말해 뭐해","Price, Dessert/Bakery, Coffee/Drink, Vibe",keyword
"네요ㅋㅋ 
더 사올걸","Dessert/Bakery, Coffee/Drink",keyword
소금빵 미쳤어요 ㅠㅠ,Dessert/Bakery,keyword
완전 갓 나온 상태로 받아서 받고 바로 먹었는데 기절..,"Vibe, Coffee/Drink",keyword
그냥 버터 그 자체에요,Dessert/Bakery,keyword
버터 줄줄 ㅠㅠㅠㅠ 존맛탱입니다,Dessert/Bakery,keyword
가게 앞에서 풍기는 버터 구워지는 냄새가 넘 치명적이라 그냥 지나치기가 힘든데 빵 나오는 시간대가 정해져 있어서 미리 알아보고 가는게 좋아요.,"Dessert/Bakery, Coffee/Drink, Vibe",keyword
근데 빵 크기 생각하면 비싼편이고 제 입에는 버터를 좀 더 가미한 모닝빵정도로 쏘쏘였던.,"Price, Dessert/Bakery, Coffee/Drink, Vibe",keyword
그런 부드러운 맛을 지향하는 소금빵인듯.,"Dessert/Bakery, Coffee/Drink",keyword
하루에 칠천개 판다더니 낱개로는 못사고 4개 한세트로만 팔아서 칠천개를 파나봐요,"Dessert/Bakery, Coffee/Drink, Vibe",keyword
개당 3천원인지 한세트에 12000원인데 바로 나와서 따뜻한거 말고는 장점이 없는거 같아요,"Dessert/Bakery, Coffee/Drink",keyword
무조건 4개 단위로만 파시는 거 같은데 왜 한 묶음만 샀는지 엄청 후회했어요ㅠㅠ,"Dessert/Bakery, Coffee/Drink, Vibe",keyword
심지어 다음날 데우지도 않고 차가운 채로 먹었는데도 엄~~청 맛있었습니다.,"Vibe, Coffee/Drink",keyword
다음에 꼭 많이 사올 거예요!,"Dessert/Bakery, Coffee/Drink",keyword
버터의 풍미와 짭짤한 소금이 너무 잘 어울리고 겉바속촉이여서 정말 취향 저격인 인생 소금빵이였습니다!,"Dessert/Bakery, Coffee/Drink",keyword
자주 이용하게 될것같네요!,"Dessert/Bakery, Coffee/Drink",keyword
평소에도 소금빵 좋아해서 새로 오픈했다해서 가봤는데 역시 전문점이라그런지 일반빵집과는 다르다라는 생각이 들었습니다.,"Dessert/Bakery, Coffee/Drink",keyword
하나부터 열까지 정성스럽다는 생각이 들었습니다.,Coffee/Drink,keyword
소금빵 좋아하시면 절대 후회하지 않는곳 입니다.,"Dessert/Bakery, Coffee/Drink, Vibe",keyword
추천합니다.,"Dessert/Bakery, Coffee/Drink, Vibe",keyword
진짜 제가 다른 브랜드의 소금빵은 너무 가운데만 소금이 모여져 있어서 느끼하고 짜기만 하고 그랬는데 아니 가다가 사람이 줄이 길어서 뭐지,"Service, Dessert/Bakery, Coffee/Drink, Vibe",keyword
하고 궁금해서 사 봤는데 여기는 짭잘한 정도가 적당하고 겉바 속촉 아니 쫀쫀하기 까지…?,"Dessert/Bakery, Coffee/Drink",keyword
.ᐟ\ฅ  바로 먹는게 제일 맛있지만 얼렸다가 에어프라이기로 해 먹어도 고놈 참 맛나네요 ໒꒰ྀི ˃ ᵕ ˂ ꒱ྀི১,"Dessert/Bakery, Coffee/Drink",keyword
포장지도 너무너무 귀엽고 엔틱한 느낌이라 좋았어요!!,"Dessert/Bakery, Coffee/Drink",keyword
앞으로 성수 갈 일 많을거 같아요… 소금빵 먹으러 다음에 가면 친구들도 맛있다고 해서 사다줄려고요~,"Dessert/Bakery, Coffee/Drink, Vibe",keyword
맛있는 소금빵 감사해요 ^ ̳. ̫,"Dessert/Bakery, Coffee/Drink",keyword
"빵순이라면 무조건 달려가야 하는 곳 갈때마다 2봉지는 기본ㅎ
거짓말 안 치고 서울사는데 영종도에 이거먹으러 세번 갔다옴
집근처에 생겨서 얼마나 행복하게요ㅠ","Dessert/Bakery, Coffee/Drink, Vibe",keyword
"요즘 소금빵 유행이라고 개당 3500 4000넘게 받는 곳들은 다 반성하시길
바로나온 소금빵 바삭 하는 순간 머리에서 종 울림 내 인생소금빵ㅠㅠ","Dessert/Bakery, Coffee/Drink, Vibe",keyword
"제 최애소금빵이라 기대를 잔뜩 안고 갔는데
더 사올 걸..","Dessert/Bakery, Coffee/Drink",keyword
"하는 후회만 남았답니다 호호
집에가서는 딸기쨈 발라먹우면 진짜 맛있어용~~~","Service, Dessert/Bakery, Coffee/Drink, Vibe",keyword
맛있오요 짱짱 굿 짱 맛,"Dessert/Bakery, Coffee/Drink",keyword
버터양이 다른곳보다 확연히 많아요,"Dessert/Bakery, Vibe",keyword
저는 뚜레쥬르 소금빵을 좋아하는데 버터가 좀 과해서 이 집은 다시 찾지는 않을것 같아요 ㅠ,"Service, Dessert/Bakery, Vibe",keyword
줄서서 먹는대요,"Service, Coffee/Drink",keyword
평일 2시 기준 10분 이내 대기했어요,"Service, Dessert/Bakery, Coffee/Drink",keyword
"100가지의 재료 테스트와 1,000번의 구움",Coffee/Drink,keyword
"테스트를 마쳤다는 소문듣고 간 소금빵집
자연도소금빵 드시고 싶은분은 줄을 서시요~~~","Service, Dessert/Bakery, Coffee/Drink",keyword
🚶‍♂️🚶‍♀️🚶🧍‍♂️🧍‍♀️🧍👭🧑‍🤝‍🧑👬👫  성수동에 신발사러 갔다가 빵냄새에 심취에 사본 자연도소금빵맛에 홀딱 반한 소금빵 요즘 빵위에 달달한것들이 덕칠하니 깔끔한 맛에 줄서서 먹는거 같아요,"Service, Dessert/Bakery, Coffee/Drink",keyword
😊😊😊 성수동 가시면 연무장길 56-1 가셔서 드셔보시길 추천드려용,Vibe,keyword
"예전에는 기다리기 싫어서 그냥 왔는데 ㅋ
여기는 기다려도 먹어야 함~","Service, Dessert/Bakery, Coffee/Drink",keyword
따끈할 때 먹으면 계속들어가요~,"Dessert/Bakery, Coffee/Drink",keyword
하루 지나고 먹었어도 맛있어요,Coffee/Drink,keyword
당일에 먹었을땐 향과 식감이 좋았어요,Coffee/Drink,keyword
소금이 시중에 일반소금빵에서 쓰는 것과 달라요,Dessert/Bakery,keyword
아무튼 맛있고 또 먹을 의향있어요,"Vibe, Coffee/Drink",keyword
포장도 귀여워서 선물하기도 좋을거 같아요,"Dessert/Bakery, Coffee/Drink, Price",keyword
"추천요
구매방법은 결제대기줄에서 결제먼저하시고 소금빵 받으러 줄 서시면 돼요!(","Service, Dessert/Bakery, Coffee/Drink, Vibe",keyword
줄 두개에요),"Service, Dessert/Bakery",keyword
"소금빵 풍미가 너무 좋고
넘 맛있어요ㅠ","Dessert/Bakery, Coffee/Drink",keyword
인생소금빵이에용ㅋㅋ,Dessert/Bakery,keyword
하루에 7천개만 파는 소금빵.,Dessert/Bakery,keyword
줄이 너무길어서 사봤는데 낱개로 팔지않아서 당황햇고..,"Service, Dessert/Bakery, Coffee/Drink, Vibe",keyword
냄새만 좋고 맛은 그럭저럭인 소금빵...,Dessert/Bakery,keyword
버터가 너무 많이 들어가서 느끼하요..,"Dessert/Bakery, Coffee/Drink",keyword
두번 안사먹을듯,Coffee/Drink,keyword
소금빵을 좋아해서 다양하게 먹어봤는데 자연도는 식어도 맛있는 소금빵이네요,"Dessert/Bakery, Coffee/Drink",keyword
🥺 식었는데도 겉에 바삭한 식감이 남아있고 버터맛도 풍부합니다!,"Dessert/Bakery, Coffee/Drink, Vibe",keyword
포장도 친환경적인 것에 가까운데 정성스러워요~,Price,keyword
다만 하나의 단점이 있다면 소금이 많이 뿌려진 편이라 다른 소금빵들에 비해 담백함 보다는 짭짤한 맛이 강렬하게 느껴졌어요! ㅎㅎㅎ,"Dessert/Bakery, Coffee/Drink, Vibe",keyword
커피와 함께 드시는 걸 추천합니다,"Dessert/Bakery, Coffee/Drink, Vibe",keyword
아,Coffee/Drink,keyword
"개인적으로 저는 별로 였습니다,,
소금빵 특유의 겉바속촉은 없구
그냥 눅눅하니 별로였어욤 ㅠㅠㅠ","Dessert/Bakery, Coffee/Drink",keyword
"힝,,
엄청 기대하고 가서 웨이팅 하고
산건데,,, 쩝,,🥲","Service, Dessert/Bakery, Coffee/Drink",keyword
최고의 소금빵 맛집!,Dessert/Bakery,keyword
솔직하고 객관적이고 꼭 보시면 도움될 후기,"Dessert/Bakery, Coffee/Drink",keyword
최근들어 계속 기다리는 빵집이라 한번쯤 먹어보고 싶었습니다.,"Service, Dessert/Bakery, Coffee/Drink",keyword
오늘은 기다림이 없더군요,Service,keyword
그래서 기회다 싶어서 한두개나 먹어보자 했습니다.,"Dessert/Bakery, Coffee/Drink",keyword
성수동에 연무장에 빵집 등은 하나 있길 바랬는데 그런면에서는 잘했다 생각합니다,"Dessert/Bakery, Coffee/Drink, Vibe",keyword
소금빵이 이렇게 느끼할 수 있나?,"Dessert/Bakery, Coffee/Drink, Vibe",keyword
"세트로만 12,000원에 4개씩 판매한다","Dessert/Bakery, Coffee/Drink, Vibe",keyword
"마케팅은 승리
- 소금빵에 기대하는 그런 맛은 전혀 없다
-","Dessert/Bakery, Coffee/Drink",keyword
"포장 디자인 컨셉은 잘했다
-","Dessert/Bakery, Coffee/Drink, Price",keyword
"기다림에 누구든 한번씩은 시도하겠지만
- 재구매는 안할 것이다.","Service, Dessert/Bakery, Coffee/Drink",keyword
"이것은 너무 느끼한 기름덩이다
-","Dessert/Bakery, Coffee/Drink",keyword
성수가 젊은 사장님들의 기획 전쟁터이지만 근본적인 맛이 부족하면 결국 소비자는 마케팅을 제외하고 본질로 선택라게된다.,"Service, Dessert/Bakery, Coffee/Drink, Vibe",keyword
"성수동 갔다가 너무 맛있는 냄새가 나서 보니
자연도 소금빵에서 나는 빵냄새였어요","Dessert/Bakery, Coffee/Drink",keyword
바로 줄 섬,Service,keyword
"낱개로 살 수는 없고 4개를 한 번에 사야하지만
여러 개 사길 잘한 게 맛있어서 순삭했어요","Dessert/Bakery, Coffee/Drink, Vibe",keyword
"겉바속촉한 소금빵 스타일인데 요즘 먹은 소금빵
중에서 제일 맛있었습니당","Dessert/Bakery, Coffee/Drink",keyword
먹어본 소금빵중에 제일 맛있고 자극적임..!,"Dessert/Bakery, Coffee/Drink",keyword
웨이팅 덜할때마다 사먹는중!,"Service, Dessert/Bakery, Coffee/Drink",keyword
"길 지나가다가 냄새를 못참고 구매
줄 진짜 많이 기다림",Service,keyword
"매장에서 먹을 수 있는 곳은 없고 무조건 포장
1개 안되고 4개 1세트로만 구매 가능","Price, Dessert/Bakery, Coffee/Drink, Vibe",keyword
"😊
포장이 예뻐서 선물로도 딱 좋아요","Vibe, Price",keyword
진짜 여기 소금빵 미친맛 🥐🧂 짭짤하고 기름진 게 너무 맛있음,"Dessert/Bakery, Coffee/Drink",keyword
버터풍미 가득 🧈,"Dessert/Bakery, Coffee/Drink",keyword
묶음 구매해야한다는 단점은 있지만 가성비는 괜찮은 것 같아요!,"Price, Dessert/Bakery, Coffee/Drink, Vibe",keyword
손에 기름기 잔뜩 묻어나올만큼 버터리한데 호불호 좀 잇을 것 같아요 ㅎㅎ,"Dessert/Bakery, Coffee/Drink",keyword
냄새만큼은 끝장나긴 합니다…,"Dessert/Bakery, Coffee/Drink",keyword
버터향이 향긋하고 빵도 짭짤하니 맛있어요,"Dessert/Bakery, Coffee/Drink",keyword
"역시❤️
성수에생겨서 금방먹을수잇어요",Coffee/Drink,keyword
굳굳특색있네요,"Vibe, Coffee/Drink",keyword
"예전에 본점에서 먹어보고, 너무 맛있어서 또 언제가나했는데 성수역 오픈했다는 소식듣고 찾아가봤는데..","Dessert/Bakery, Coffee/Drink",keyword
인테리어는 더 멋있어지고 맛도 여전히 너무 맛있습니다.,Vibe,keyword
정말 제 인생 소금빵이에요.,Dessert/Bakery,keyword
서울에도 생기니 자주 사먹으려고요해요.,"Dessert/Bakery, Coffee/Drink",keyword
진짜 한봉은 안되고 최소 2봉부터 사야합니다.,"Dessert/Bakery, Coffee/Drink",keyword
맛있긴한대,"Dessert/Bakery, Coffee/Drink",keyword
가격이 좀 있음,"Vibe, Coffee/Drink, Price",keyword
성수동가서 포장해오기 좋은듯,"Dessert/Bakery, Coffee/Drink, Price",keyword
"지나다니면서 맛있는 냄새에 이끌려 구매했어요…
항상 대기가 있으나 금방 빠져요","Service, Dessert/Bakery, Coffee/Drink, Vibe",keyword
"🌟🌟🌟🌟🌟
담백한 소금빵아닌 기름에 쩌른 맛🫶🏻
너무 좋아요.","Dessert/Bakery, Coffee/Drink",keyword
성수동 자연도 소금 빵이 유명하다고 해서 줄서서 구매했습니다.,"Service, Dessert/Bakery, Coffee/Drink",keyword
가격대가 있는 편인데 사실 다른 곳이랑 큰 차이점을 모르겠습니다.,"Service, Vibe, Coffee/Drink",keyword
금방 너무 기름기가 많아 포장지를 뚫고 기름이 흘러 나오더라구요,Coffee/Drink,keyword
따뜻할 때 먹으면 굿,"Dessert/Bakery, Coffee/Drink",keyword
"분명 얼마전에 먹었는데 또 생각나서 먹은 소금빵,, 줜맛탱,,","Dessert/Bakery, Coffee/Drink",keyword
여태껏 먹었던 소금빵 중 단연 1등입니다..,"Dessert/Bakery, Coffee/Drink",keyword
매일먹게..,Coffee/Drink,keyword
친절하고 맛있어요,"Service, Dessert/Bakery, Coffee/Drink",keyword
소금빵이 버터풍미도좋고  소금이 신의한수.,"Dessert/Bakery, Coffee/Drink",keyword
완전 내스타일 ㅎ,Coffee/Drink,keyword
포장이 너무 예뻐요~~,"Vibe, Price",keyword
오는길에 소금빵 냄새 솔솔...,"Dessert/Bakery, Coffee/Drink",keyword
인기 많길래 줄 서서 받았는데 생각보다 금방 나옵니다!,"Service, Coffee/Drink",keyword
와 진짜 제가 살면서 먹어본 소금빵 중 1위..,"Dessert/Bakery, Coffee/Drink",keyword
갓구운빵을 바로 먹으니 바삭하더군요..,"Dessert/Bakery, Coffee/Drink",keyword
글고 버터맛이 강해서 더 맛있어요!!!,Dessert/Bakery,keyword
"ㄲ ㅑ 옴팡지게 귀여운 소그미빵 🥐💛
성수 거리 지나다니다 버터향에 이끌려 가다보니 자연스레 자연도 소금빵 웨이팅 줄에 서있더라구요 ?!","Service, Dessert/Bakery, Coffee/Drink, Vibe",keyword
버터홀 제대로인 소금빵!,Dessert/Bakery,keyword
쏘 해삐 디저트 타임..,Dessert/Bakery,keyword
5시타임 10분전에 도착해서 빵 받기까지 약 30분정도 소요됐네요,"Dessert/Bakery, Coffee/Drink",keyword
왜 사람들이 이렇게 줄서서 사는지 이해가 가는맛이었어요,"Service, Dessert/Bakery, Vibe",keyword
"집 도착하니 빵이 식어서 예열된 에프에 2분가량 돌렸는데
와...","Dessert/Bakery, Coffee/Drink, Vibe",keyword
"👍🏻👍🏻
버터도 아낌없이 둘어갔는지 엄청 고소하고 ㅎㅎ
담에 기회가 되면 잔뜩 사와서 주변 지인들에게도 돌리고싶어요 ㅎㅎ","Dessert/Bakery, Coffee/Drink",keyword
소금빵은 맛있는데 미묘하게 불친절...,"Service, Dessert/Bakery, Coffee/Drink, Vibe",keyword
줄이 없는 줄 알았는데 키오스크 주문하고 줄서서 받아가는 시스템이더라구요.,"Service, Dessert/Bakery, Coffee/Drink",keyword
제 앞에서 빵이 똑떨어져서 ㅈㅎㅁ 기다렸지만 맛은 있네요~,"Service, Dessert/Bakery, Coffee/Drink, Vibe",keyword
"으아💛
소금빵 마이 좋아해서 
어떤빵집가도 소금빵 주문은 디폴트라
여기저기꺼 먹어본 전데 
자연도께 소프트 소금빵중에선 일등이네요!!","Service, Dessert/Bakery, Coffee/Drink",keyword
버터리한게 너무 맛남,"Dessert/Bakery, Coffee/Drink",keyword
"🤭
성수동 가시면 꼭 한번 드셔보시길 추천드려용",Vibe,keyword
(제 기준 하드 소금빵은 성북동이 일등!!),"Dessert/Bakery, Coffee/Drink",keyword
구매후바로 드셔야 합니다.,"Dessert/Bakery, Coffee/Drink",keyword
나증에 드시면 기르이 많이 나와요,Coffee/Drink,keyword
소문 보다는  못한 것 같습니다,"Dessert/Bakery, Coffee/Drink",keyword
"자연도 맛있어서 종종 사먹는데, 많은 사람들이 줄 서는 만큼 결제 순서 제대로 확인하고 소금빵 주셔야할거 같네요.","Service, Dessert/Bakery, Coffee/Drink, Vibe",keyword
"제가 먼저 결제 하고 줄 설려고 하니, 일행분 줄 먼저 세우시고, 결제 후 저보다 앞자리로 돌아 오시더라구요,","Service, Dessert/Bakery, Coffee/Drink, Vibe",keyword
"소금빵 픽업할때 주문번호 확인 후 주실 줄 알아서 기다렸는데, 확인도 안하시고 먼저 주실려고 해서 기다리는 입장에서 기분이 좋지 않았습니다.","Service, Dessert/Bakery, Coffee/Drink, Vibe",keyword
4개씩  판매해요,"Dessert/Bakery, Coffee/Drink",keyword
호불호가 있더라구요.,"Vibe, Coffee/Drink",keyword
저는 버터맛이 풍부해서 맛있어요.,Dessert/Bakery,keyword
"단, 낱개 판매도 하면 좋겠어요!","Dessert/Bakery, Coffee/Drink",keyword
생각보다 오래 줄 서서 기다리지 않았고 갓 구운 소금빵이 정말 맛있었습니다.,"Service, Dessert/Bakery",keyword
너무 느끼하거나 하지 않고 소금도 맛있어서 좋았습니다.,"Dessert/Bakery, Coffee/Drink",keyword
버터 가득한 소금빵이에요!,"Dessert/Bakery, Coffee/Drink",keyword
개인적으로는 기다림과 포장 맵시에서 오는 기대에 미치진 못했습니다.,"Service, Dessert/Bakery, Coffee/Drink, Price",keyword
포장부터 맛있고 바삭하면서 쫄깃하며 버터 풍미가 입 안 가득합니다.,"Dessert/Bakery, Coffee/Drink, Price",keyword
겉바속촉~심플이즈베스트ㅋ,Dessert/Bakery,keyword
맛있는 소금빵!,Dessert/Bakery,keyword
"소금빵 줄서서 사는데
소금빵 한메뉴만 판매한다","Service, Dessert/Bakery, Coffee/Drink",keyword
겉빠 속 짭짤 부드러움과 진한 버터의 오일링이라고나 할까...,"Dessert/Bakery, Coffee/Drink",keyword
"아이스카페라떼와 먹으니 좀 느끼
핫아메리카노와 잘 어울릴듯
핫 플 성수에서~~~*",Coffee/Drink,keyword
성수에 새로 오픈해서 전 오늘 처응 구매합니다.,"Dessert/Bakery, Coffee/Drink",keyword
근데 아니  결재는 키오스크에서 하는데 저는 키오스크 만져보지도 못했어요.,"Dessert/Bakery, Coffee/Drink",keyword
갑자기 직원분이 9시 소금빵 밖에 없어요.,"Service, Dessert/Bakery",keyword
하더니 버튼 누르고 카드 넣으라고 하더니  영수증도 안주고 번호표주더니 다음분  주문을 직접 버튼 누르고 하시는거에요.,"Service, Dessert/Bakery, Coffee/Drink",keyword
기분이 얼마나 나쁘던지;;  나는 영수증도 받을꺼고 메뉴가 뭐가 있나  구경도 하고 싶었고.,"Dessert/Bakery, Coffee/Drink, Vibe",keyword
빵 가격이 얼마인지도 모르는 상태에서 영수증 보고 4개 12000원이라는것도 알았고.,"Dessert/Bakery, Price",keyword
픽업받고  나서야.,"Service, Coffee/Drink",keyword
이곳이 4개1세트 12000원 소금빵 단품만 판다는걸 알았어요.,Dessert/Bakery,keyword
아니 고객이 선택할수도 없겠 직원분이 결재를 후다닥 하는데.,"Service, Dessert/Bakery, Coffee/Drink",keyword
기분이 화가났어요.,"Vibe, Coffee/Drink",keyword
뭐해요?,"Dessert/Bakery, Coffee/Drink",keyword
줄서서 샀습니다,Service,keyword
소금빵,Dessert/Bakery,keyword
"진짜 인생 소금빵
촉촉하고 바삭하고 쫀득하고 부드러워요","Dessert/Bakery, Coffee/Drink",keyword
웨이팅이 길어요ㅠ,Service,keyword
평일 저녁이라 별로 안 기다리고 구매했어요,"Service, Dessert/Bakery, Coffee/Drink",keyword
버터맛이 진해서 맛있어요.,Dessert/Bakery,keyword
지나가다가 풍기는 버터향이 저를 이끌었어요..,Dessert/Bakery,keyword
"친구와 한세트씩 구매했고, 구매줄과 포장줄이 나눠져있어 좋았어요.","Vibe, Service, Coffee/Drink, Price, Dessert/Bakery",keyword
돌돌 말려진 귀여운 포장지 뜯고 먹어봤는데 한세트만 산 걸 후회했오요 바삭 촉촉 극락행•••🥹🤍,"Dessert/Bakery, Coffee/Drink",keyword
세개 그자리에서 순삭!!!!,Dessert/Bakery,keyword
맛있는 이유 사진에 있어욤^^~~,"Vibe, Coffee/Drink",keyword
평범해요 .,"Dessert/Bakery, Coffee/Drink",keyword
한번먹을만 해요.,"Dessert/Bakery, Coffee/Drink",keyword
꼭 결제하고 대기줄 가야돼요!,"Service, Dessert/Bakery, Coffee/Drink",keyword
"바로 나오자 먹어도 맛있고, 집에서 에어프라이기 돌려 먹었는데 처음 먹었던 것과 같은 맛이 나고 너무 맛있어요","Dessert/Bakery, Coffee/Drink, Vibe",keyword
또 먹고싶어요,Coffee/Drink,keyword
포장도 너무 깔끔하고 아이디어가 좋은거 같아요,"Dessert/Bakery, Coffee/Drink, Price",keyword
에프에 구워서 먹으면 지이인짜 맛있는데 한개이상 먹으면 많이 느끼해여,"Dessert/Bakery, Coffee/Drink, Vibe",keyword
"오로지 소금빵만 팔고, 테이크아웃 전문.","Service, Dessert/Bakery",keyword
사람들이 줄 서있길래 사봤어요.,"Service, Dessert/Bakery, Coffee/Drink, Vibe",keyword
소금빵 4개에 만이천원.,Dessert/Bakery,keyword
포장이 특색있어요.,"Vibe, Coffee/Drink, Price",keyword
"남자친구가 영종도에서 소금빵 먹고오더니 소금빵만 보면 영종도에서 먹었던 자연도 소금빵이 원탑이다 라고 매번 그래서 너무 궁금 했는데
성수 왔다가 발견하고 줄서서 먹었어요","Service, Dessert/Bakery, Coffee/Drink, Vibe",keyword
원탑 인정해요ㅎㅎ,"Dessert/Bakery, Coffee/Drink",keyword
"매장 앞에서부터 버터 냄새가 후각을 자극하고, 진짜 겉은 바삭하고 속은 촉촉?!","Dessert/Bakery, Coffee/Drink, Vibe",keyword
하고 맛있어요!!,"Dessert/Bakery, Coffee/Drink",keyword
다음날 에프 돌려서 먹으면 더 맛있어요!!,Coffee/Drink,keyword
지나가다가 빵냄새도 너무 좋고 사람들이 줄 서있길래 바로 사버렸는데 진짜 너무 맛있었어요.,"Service, Dessert/Bakery, Coffee/Drink, Vibe",keyword
포장도 너무 귀엽고 여캐껏 먹어본 소금빵 중에 최고임..,"Dessert/Bakery, Coffee/Drink, Price",keyword
냄새만 맡으면 엄청난 버터풍미가 가득 할거 같은데 막상 먹으면 딱히 맛있다라는 싶은 느낌은 없어서 실망했어요ㅜ,"Dessert/Bakery, Coffee/Drink",keyword
빵 맛있음.,Dessert/Bakery,keyword
따듯하면 더 맛있음.,"Dessert/Bakery, Coffee/Drink",keyword
맛있는 버터...!,Dessert/Bakery,keyword
소금빵 좋아하는데 아주 맛있어요,Dessert/Bakery,keyword
줄서서 사는 빵,"Service, Dessert/Bakery",keyword
줄이 길고 냄새가 좋아서 홀린듯이 따라갔습니다.,Service,keyword
그냥도 맛있는데 집에 가져와서 오븐에 구워먹으니 더 맛있어요:),"Vibe, Coffee/Drink",keyword
성수 돌아다니다가 사람들 줄 서있길래 그냥 서봤는데 소금빵 줄이더라고요?,"Service, Dessert/Bakery, Coffee/Drink, Vibe",keyword
받자마자 먹어봤는데 식어있긴 했지만 버터동굴 크게 있고 짭짜롬하니 맛있네요!,"Service, Dessert/Bakery, Coffee/Drink, Vibe",keyword
꼭 결제 먼저하고 줄서세요%,"Service, Dessert/Bakery, Coffee/Drink",keyword
"친구가 소금빵을 좋아해서, 친구집에 놀러가는 날 기기념 선물로 사갔어요 ㅎㅎ","Price, Dessert/Bakery, Vibe",keyword
요즘 핫해서 줄이 길더라고요,Service,keyword
"😂
빵나오는 시간 맞춰서가서 그래도 한 10분정도만 기다렸던 것 같아요.","Service, Dessert/Bakery, Coffee/Drink",keyword
친규랑 같이 먹었는데 빵이 담백하고 고소해서 좋았어요~,"Dessert/Bakery, Coffee/Drink",keyword
너뮤 짜지 않고 깔끔해서 딱 좋았답니다!,"Dessert/Bakery, Coffee/Drink",keyword
받을 때부터 봉지가 심하게 찌그러져 있었습니다.,"Vibe, Coffee/Drink",keyword
미리 담겨져 있던 것을 받아서 빵을 담는 과정을 보지는 못했습니다.,"Dessert/Bakery, Coffee/Drink, Vibe",keyword
봉지만 찌그러진 것이겠지 하는 마음에 그냥 가져가서 집에서 열어보았는데 아니나 다를까 빵도 모두 찌그러져 있었고요.,"Dessert/Bakery, Coffee/Drink, Vibe",keyword
"뜨거운 빵이 봉투에 들어가서 찌그러진 것일 수도 있으니 다른 리뷰 사진들을 찾아봤고, 같이 산 친구의 빵도 봤는데 멀쩡하더라고요.","Dessert/Bakery, Coffee/Drink, Vibe",keyword
누가 언제 다시 열어봤고 만졌을지도 모르는 불쾌한 마음에 차마 그냥 먹을 수 없었네요.,"Dessert/Bakery, Coffee/Drink",keyword
솔직히 대기 인원 대비 맛은 평범..?,Service,keyword
했어요,"Dessert/Bakery, Coffee/Drink",keyword
주변에 더 가성비 좋은 소금빵집도 많아서..,"Dessert/Bakery, Price",keyword
다시 방문하진 않을 것 같아요,"Service, Dessert/Bakery, Coffee/Drink",keyword
포장도 예쁘고 빵 맛도 좋네요~,"Price, Dessert/Bakery, Vibe",keyword
줄서서 사오는곳,"Service, Dessert/Bakery, Coffee/Drink, Vibe",keyword
두번째 왔어요.,"Dessert/Bakery, Coffee/Drink",keyword
다행히 10분 만에 구매했습니다,"Dessert/Bakery, Coffee/Drink",keyword
한 세느틑 바로 먹고 한 세트는 냉동실에 넣고 나중에 먹으려구요 ㅎㅎ,"Dessert/Bakery, Coffee/Drink",keyword
회사근처라자주방문합니다,"Service, Dessert/Bakery, Coffee/Drink",keyword
용 너무 기대 했나봐요!!,"Dessert/Bakery, Coffee/Drink",keyword
그래도 많이 안기다렸고 먹었습니다.,"Service, Coffee/Drink",keyword
"직원분들 너무 친절해요여
저는 빵나오는시간에 갔는데 전꺼 주신것같아서 좀 아쉽네요.....ㅠㅠ","Service, Dessert/Bakery, Coffee/Drink",keyword
"소금맛집^^ 
9시근처에가니 사람없고 바로 구매가능합니다","Price, Dessert/Bakery, Coffee/Drink, Vibe",keyword
세트로만 파는게 좀 아쉬웠지만 빵자체는 맛있었어요~,"Dessert/Bakery, Vibe",keyword
작년에 성수에 갔다가 우연찮게 본 소금빵집 워낙 유명한 곳이었는데 모르고 들렀는데 이젠 제 최애 소금빵집!!,"Dessert/Bakery, Coffee/Drink, Vibe",keyword
"소금빵 좋아해서
사람들 줄 서 있길래 저도 줄서서 샀어요","Service, Dessert/Bakery, Coffee/Drink, Vibe",keyword
포장만 가능하고 4개들이가 기본이에요,"Dessert/Bakery, Coffee/Drink, Price",keyword
"기름진스탈 소금빵 좋아하면 맛있는 곳
저는 쫄깃 담백 소금빵스탈","Dessert/Bakery, Vibe",keyword
소금빵 쵝오,Dessert/Bakery,keyword
웨이팅 없이 바로 구매해서 좋았어욬ㅋㅋㅋ,"Service, Dessert/Bakery, Coffee/Drink",keyword
바로 먹는게 가장 맛있어요,Coffee/Drink,keyword
퇴근하고 먹었더니 감동이줄어듬 ㅠㅠ,"Service, Dessert/Bakery, Coffee/Drink",keyword
항상 줄서있어 무슨일인가하고 나도 줄서봄...,"Service, Dessert/Bakery, Coffee/Drink, Vibe",keyword
방금나온 소금빵 맛남...,"Dessert/Bakery, Coffee/Drink",keyword
짭짤해서 좋고 살짝 바삭하고..,"Dessert/Bakery, Coffee/Drink",keyword
버터좌르르...,Dessert/Bakery,keyword
커피랑 먹기좋은데..,Coffee/Drink,keyword
여긴 빵만.,Dessert/Bakery,keyword
테이크아웃 가능...,"Service, Price",keyword
빨나오는 시간 맞춰서 줄서세요..,"Service, Coffee/Drink",keyword
줄은 금방 빠져요,Service,keyword
여기 소금빵은 퐁신퐁신하고 담백한 맛이었고 물리지 않는 맛이었어요!~,"Dessert/Bakery, Coffee/Drink",keyword
그치만 제 취향은 겉바속쫀의 소금빵이라 마음속의 일등은 다른 곳...,"Dessert/Bakery, Vibe",keyword
"귀여운 복장으로 특색있는 곳, 소금빵 단일 메뉴로 키오스크에서 주문하려면 줄, 후에 픽업 줄을 또 서야 해서 일행이 있으면 나눠 서는 게 빨리 받는 방법이에요","Service, Dessert/Bakery, Coffee/Drink, Vibe",keyword
소금빵 워낙 판매하는 곳 많은데 가격이랑 생각했을 때 괜찮은 맛입니다,"Price, Dessert/Bakery, Coffee/Drink, Vibe",keyword
오묘하게 중독되는맛..,"Dessert/Bakery, Coffee/Drink",keyword
처음엔 이게왜유명하지?,"Dessert/Bakery, Coffee/Drink",keyword
했다가 먹으면 먹을수록 맛있게느껴짐,"Dessert/Bakery, Coffee/Drink",keyword
다음에가도 또 사먹을것같아용,"Dessert/Bakery, Coffee/Drink",keyword
소금빵 맛있었어요 ㅎ,Dessert/Bakery,keyword
다음에도 올듯합니다,"Dessert/Bakery, Coffee/Drink",keyword
지나가다가 빵냄새에 이끌려 저도 모르게 줄섰네요ㅋ,"Service, Dessert/Bakery",keyword
"소금빵 파는곳, 4개에 12000원.","Dessert/Bakery, Vibe",keyword
빵 나오는 시간 하루6번 이더라고요.,"Dessert/Bakery, Coffee/Drink",keyword
포장방법이 정말 신박해보였어요,"Dessert/Bakery, Coffee/Drink, Price",keyword
"귀욤ㅎㅎ
2시타임 빵나오는 시간에 2:08에 주문완료했는데,
빵이 전혀 따뜻하지 않더라고요ㅠ","Service, Dessert/Bakery, Coffee/Drink",keyword
방금 구운 뜨끈한 빵냄새에 홀려서 갔는데 제가 이전타임 소금빵을 산건가 싶었어요..,Dessert/Bakery,keyword
"봉지에 캐나다산 밀가루, 프랑스버터와 소금 사용하셨다 써있어요.","Dessert/Bakery, Coffee/Drink, Vibe",keyword
"맛은 있지만 그냥 평범한 소금빵ㅠ
개당 3000원인데, 그닥 착하지 않은 가격 같아서 ..","Price, Dessert/Bakery, Coffee/Drink, Vibe",keyword
이번 한번 먹어본것으로 만족하겠습니다!,"Dessert/Bakery, Coffee/Drink, Price",keyword
"고소한 버터냄새에 이끌려 구매한 소금빵🥐
부드럽고 맛있어여","Dessert/Bakery, Coffee/Drink",keyword
성수에 새로 생긴 소금빵 맛집입니다,Dessert/Bakery,keyword
메뉴는 하나밖에 없고 거의 항상 웨이티있는곳이예요,"Vibe, Coffee/Drink",keyword
소금빵1위임,Dessert/Bakery,keyword
"줄 없으면 1,2개 사먹을수도 있지만 줄도 서, 갑자기 끊음(?) 무조건 최소 12,000원 사야되고.","Service, Dessert/Bakery, Coffee/Drink, Vibe",keyword
특별히 맛있는 소금빵 아님.,Dessert/Bakery,keyword
흔한 맛.,"Dessert/Bakery, Coffee/Drink",keyword
줄이 넘 기네요,Service,keyword
맛있게 먹었습니다~ദ്ദി,Coffee/Drink,keyword
"또 먹고 싶은데~~
또 사러가야 하는데~~~
또 먹어야 하는데~~~","Dessert/Bakery, Coffee/Drink",keyword
진심 찐 맛있는 소금빵이었어요,Dessert/Bakery,keyword
"따듯할때 먹어도 기절하게 맛있고
식었을때 먹어도 진심 맛있어요","Dessert/Bakery, Coffee/Drink",keyword
4개 구매해야되서 1만2천원입니당,"Dessert/Bakery, Coffee/Drink",keyword
줄 엄청 길더라구요,Service,keyword
"4개에 1세트 12000원 구매했는데, 금방 사라져요","Dessert/Bakery, Coffee/Drink",keyword
나눠먹을 거 생각하면 2세트는 구매하는 것도 좋음,"Dessert/Bakery, Coffee/Drink",keyword
식은 후에 먹어서 그런지 버터향이 아주 강했어요.,"Dessert/Bakery, Coffee/Drink",keyword
한 번으로 맛 본걸로 만족해요.,"Price, Dessert/Bakery, Coffee/Drink, Vibe",keyword
사람들이 왜 줄서서 기다리는지 알겠더라고요!,"Service, Dessert/Bakery, Vibe",keyword
일단 주문결제줄에서 주문하고 픽업줄에 서야함니다,"Service, Dessert/Bakery, Coffee/Drink",keyword
"집에돌아오ㅏ  다 식어빠진 소금빵이엇지만
쫄깃함이 살아있고 맛있었어요!!","Dessert/Bakery, Coffee/Drink, Vibe",keyword
아마 따끈할때 구매직 후 먹었더라면 더더더 맛있을거라 생각됩니다,"Dessert/Bakery, Coffee/Drink",keyword
"줄 서서 먹길래 사봤는데 
이유가 있었네요 :)","Service, Vibe, Coffee/Drink",keyword
소금빵 맛있게 잘 먹었습니다.,"Dessert/Bakery, Coffee/Drink",keyword
"따뜻할때 먹으니 맛있었고
오븐에 데워먹어도 괜찮앗어요","Dessert/Bakery, Coffee/Drink",keyword
30분 줄선집!,"Service, Vibe",keyword
웨이팅 타이밍 잘 맞추면 대기 많이 안하고 받을 수 있더라고요!!,"Service, Dessert/Bakery, Coffee/Drink, Vibe",keyword
소금빵 너무 맛있어요..,Dessert/Bakery,keyword
처음에는 다른 소금빵이랑 비슷하다고 생각했는데 시간이 지나도 계속 맛있네요!,"Dessert/Bakery, Coffee/Drink",keyword
세리언니가 강추한 이유를 알겠어요,"Dessert/Bakery, Coffee/Drink",keyword
줄서서 먹는 이유가 있어요.,"Service, Vibe, Coffee/Drink",keyword
인생소금빵 찾았다아 ㅠㅠ,"Service, Dessert/Bakery, Coffee/Drink",keyword
맛있능 소금빵!,Dessert/Bakery,keyword
성수점이 신규 오픈하였다고 하여 방문했어요,"Service, Dessert/Bakery, Coffee/Drink",keyword
"🥐
먼저 키오스크로 주문하고 웨이팅 줄 서있으면 됩니다","Service, Dessert/Bakery, Coffee/Drink, Vibe",keyword
주말 3pm에 갔는데 운 좋게 2pm 빵이 몇 피스 남아있어서 바로 구입할 수 있었어요!,"Dessert/Bakery, Coffee/Drink, Vibe",keyword
"4개가 한 세트인데 개당 3,000원이니 다른 빵집에 비해 가성비가 좋고 맛있어요","Dessert/Bakery, Price",keyword
"😋
포장도 예쁘게 되어있어 사진 찍기도 좋고 지인들 선물 주기도 좋아요","Vibe, Coffee/Drink, Price",keyword
소금빵 하나만 고집하는 이유가 있는 곳.,"Dessert/Bakery, Coffee/Drink, Vibe",keyword
집에가서 에어프라이기에 데워먹었어용,"Vibe, Coffee/Drink",keyword
겉바속촉 빵은 쫄깃 제가먹어본 소금빵 중 일등이었습니다.,"Dessert/Bakery, Coffee/Drink",keyword
매장식사는 불가하고 포장만가능해서 줄이길어도 금방금방줄어듭니다.,"Vibe, Service, Coffee/Drink, Price, Dessert/Bakery",keyword
대기때문에 걱정하시는분들은 걱정말고 대기에 일초라도빨리 합류하시길 바래요!!!,"Service, Dessert/Bakery, Coffee/Drink",keyword
재방문의사 소금빵 먹고싶을때마다 가고싶어요~,"Service, Dessert/Bakery, Coffee/Drink",keyword
여기서 먹은이후로 다른집에서 파는 소금빵은 마시가움씁니다..ㅠㅠ,"Dessert/Bakery, Coffee/Drink, Vibe",keyword
다음엔 받자마자 따끈한빵 먹어보고싶네용 :),"Dessert/Bakery, Coffee/Drink",keyword
역대급 소금빵.....,Dessert/Bakery,keyword
다음엔 소금빵 나오는 시간 맞춰서 방문할께요ㅠㅠㅠ,"Service, Dessert/Bakery, Coffee/Drink",keyword
왜 줄서는지 모르겠지만 인기 있다는 소금빵집.,"Service, Dessert/Bakery, Coffee/Drink, Vibe",keyword
"제
스타일은 아니네요",Coffee/Drink,keyword
줄서있길래 맛있을거같아서 사먹어봤는데 너무 기름지고 별로에요,"Service, Dessert/Bakery, Coffee/Drink, Vibe",keyword
제입엔 다른 가게 소금빵들이 훨씬 맛있어요,"Dessert/Bakery, Vibe",keyword
바로 나올때가 맛나요~,Coffee/Drink,keyword
따끈하게 구워서 바로 주시긴 하는데 뜨거운 채로 봉투에 넣어서 닫으니까 눅눅해지더라구요ㅜㅜ,"Dessert/Bakery, Coffee/Drink, Vibe",keyword
겉바속촉 소금빵을 기대했는데 좀 실망스러운 맛이었어요.,"Dessert/Bakery, Coffee/Drink",keyword
"그리고 낱개 구매는 불가능하고 4개 단위(12,000원)로만 구매 가능한 점 참고하세요.!","Price, Dessert/Bakery, Coffee/Drink, Vibe",keyword
"왜 줄서서 먹어야 하는지
잘 모르겠네요","Service, Dessert/Bakery, Coffee/Drink",keyword
"소금빵
12,000",Dessert/Bakery,keyword
"성수동에 새로 오픈 했다는 소금빵집🧂🥐 
점심 먹고 빵 나오는 시간에 맞춰 갔더니 근처에 가기만해도 맛있는 소금빵 향기 + 웨이팅 줄로 바로 저기구나 바로 알아봤어요!","Service, Dessert/Bakery, Coffee/Drink, Vibe",keyword
"👀
계산줄은 짧았는데, 소금빵을 받는 줄은 꽤 있었어요!","Service, Dessert/Bakery, Coffee/Drink, Vibe",keyword
"그래도 금방 줄어들었고, 따듯하게 나온 소금빵을 바로 받을 수 있어서 좋았습니당!","Dessert/Bakery, Coffee/Drink, Vibe",keyword
"이 날은 아쉽게도 배불러서 바로 먹어보지는 못하고 집에서 에어프라이어로 데워 먹었는데, 맛있었어요","Vibe, Coffee/Drink",keyword
"😆
포장도 깔끔하고 예뻐서 선물하기도 좋아서 추천드립니당!","Price, Dessert/Bakery, Coffee/Drink, Vibe",keyword
덕분에 소금빵 맛있게 먹었습니당,"Dessert/Bakery, Coffee/Drink",keyword
"길가다 사람들이 줄서있길래 우연히 구매하게되었는데
빵이 너무맛있어요!","Service, Dessert/Bakery, Coffee/Drink, Vibe",keyword
소금빵 좋아하신다면 추천해요,"Dessert/Bakery, Coffee/Drink, Vibe",keyword
사자마자 순삭해요,"Dessert/Bakery, Coffee/Drink",keyword
자연도 소금빵 좋아해서 성수 들른 김에 샀어요.,"Dessert/Bakery, Coffee/Drink",keyword
비오는 날임에도 빵 굽는 냄새가 너무 좋더라고요.,"Dessert/Bakery, Coffee/Drink",keyword
소금빵은 자연도 소금빵이 최고입니다,"Dessert/Bakery, Coffee/Drink",keyword
"소금빵 처돌이로 저는 여기 너무 좋아합니다,,,","Dessert/Bakery, Vibe",keyword
"줄서있길래 홀린듯 섰는데
특별한건 모르겠어요","Service, Dessert/Bakery, Coffee/Drink, Vibe",keyword
진한 버터향에 이끌려 사봤어요.,Dessert/Bakery,keyword
사고 다음날 설명대로 에프에 돌려먹었는데 많이 기름져서 저는 개인적으로 별로였지만 다른 가족들은 맛있다고 하시네요 :),"Service, Dessert/Bakery, Coffee/Drink",keyword
근처만기도 버터 냄새가 상당해요 ㅎㅎ,"Dessert/Bakery, Coffee/Drink",keyword
소금빵 진짜 맛있네요,Dessert/Bakery,keyword
웨이팅없이 운좋게 바로사서 더 좋았어요,Service,keyword
진짜 자주 먹는 소금빵!!,"Dessert/Bakery, Coffee/Drink",keyword
담백하고 소프트한 바게트같은 소금빵보단 버터향 가득하고 촉촉한 소금빵을 더 좋아해서 여기 소금빵이 너무너무 입맞에 잘 맞네용><,"Dessert/Bakery, Coffee/Drink",keyword
JMT다음에 가면 더 많이 사올래여>..<,"Dessert/Bakery, Coffee/Drink",keyword
맛은 평범한 소금빵맛🥐,"Dessert/Bakery, Coffee/Drink",keyword
무조건 픽업!,Service,keyword
4개 1세트로 세트로만 가능함!!,"Price, Dessert/Bakery, Coffee/Drink, Vibe",keyword
시간대별로 빵 나와서 줄서서 결제후(키오스크 결제만 받는 직원 한분계심),"Service, Dessert/Bakery, Coffee/Drink, Vibe",keyword
옆 줄로 옮겨가서 빵 받아야함!,"Service, Dessert/Bakery, Coffee/Drink, Vibe",keyword
근데 진짜 사람 많아욬ㅋㅋ,"Dessert/Bakery, Vibe",keyword
그래도 기다렸다 먹을 만큼 맛있어서 다음에 성수 가면 또 방문할듯합니다!,"Service, Dessert/Bakery, Coffee/Drink",keyword
키오스크 결제 후 픽업 웨이팅 줄이 따로 있어요!,"Service, Vibe, Coffee/Drink",keyword
일행이 먼저 픽업 웨이팅한다해도 번호표가 따로 있어서 번호에 맞춰 기다려주셔야해요!,"Service, Dessert/Bakery, Coffee/Drink, Vibe",keyword
빵은 4개 한세트로 구매 가능합니댱,"Price, Dessert/Bakery, Vibe",keyword
줄 서있어서 사봤어요.,"Service, Vibe, Coffee/Drink",keyword
4개 묶음 12000원이구요.,Dessert/Bakery,keyword
버터맛 많이 느껴져서 맛있긴 하네용,"Dessert/Bakery, Coffee/Drink",keyword
네개가 한세트라 너무 많은데 싶었으나 한입 먹자마자 4개사서 다행이다 싶었어요ㅋㅋㅋ,"Dessert/Bakery, Coffee/Drink",keyword
너무 맛있어서 그자리에서 뚝딱 가능하구요,"Dessert/Bakery, Coffee/Drink, Price",keyword
버터가 많이 들어갔는지 풍미가 작렬이에요.,"Dessert/Bakery, Coffee/Drink",keyword
그리고 포장이 되게 신박하고 예뻐서 들고 구경하기도 편하더라구용.,"Price, Dessert/Bakery, Coffee/Drink, Vibe",keyword
줄이 긴데 빨리 빠졌어요,Service,keyword
"추석 연휴 일요일 아침 11시 정도 갔는데
15분 정도 웨이팅하고 받았습니다","Service, Dessert/Bakery, Coffee/Drink",keyword
줄설만 한 맛있는 빵이네요,"Service, Dessert/Bakery, Coffee/Drink",keyword
버터도 많이 들어가고 약간 기름진 느낌의 소금빵입니다,"Dessert/Bakery, Coffee/Drink",keyword
안에 빵도 부드럽고 겉은 쫄깃한편이에요,Dessert/Bakery,keyword
소금빵 좋아하시는 분들은 비교적 한가한 시간에서 가서 한번 드셔보시는거 추천드립니다,"Dessert/Bakery, Coffee/Drink, Vibe",keyword
진짜 맛있긴하네요,"Dessert/Bakery, Coffee/Drink",keyword
인생 소금빵입니다!,Dessert/Bakery,keyword
제가 먹어본 소금빵중에 탑3안에 드는 소금빵이에요.,"Dessert/Bakery, Coffee/Drink",keyword
버터향의 풍미가 정말 잘 느껴지고 넘 고소해요.,"Dessert/Bakery, Coffee/Drink",keyword
아쉬운점은 낱개로는 살 수없고 최고 4개씩 단위로 살 수 있어요.,"Dessert/Bakery, Coffee/Drink, Vibe",keyword
소금빵 진짜 와방 맛있음!!!,Dessert/Bakery,keyword
인생 소금빵을 만났어요..,Dessert/Bakery,keyword
"🙊
성수 골목을 고소한 버터 냄새로 가득채우는 근원지에요.","Position, Dessert/Bakery, Coffee/Drink, Vibe",keyword
4개 세트로만 판매하며 대기줄이 상당하여 반신반의하며 구매했어요.,"Service, Dessert/Bakery, Coffee/Drink, Vibe",keyword
식은 상태에서 먹었는데 부드러운 빵피와 고소짭짜름한 버터와 소금의 조화가 완벽해요.,"Dessert/Bakery, Coffee/Drink",keyword
다이어트 중인데 정신차려보니 순삭했더라구요ㅠㅠ,"Dessert/Bakery, Coffee/Drink",keyword
조만간 소금빵 다시먹으러 성수동 방문해야겠어요,"Service, Dessert/Bakery, Coffee/Drink",keyword
"박세리가 반한맛집~
진짜 맛있네요",Dessert/Bakery,keyword
소금빵!,Dessert/Bakery,keyword
5세트 살걸~~ㅠㅜ,Dessert/Bakery,keyword
"성수동 어슬렁 거리다가 빵 냄새가 너무 좋아서 보니, 사람들이 엄청 줄서서 기다리고 있더라구요.","Service, Dessert/Bakery, Coffee/Drink, Vibe",keyword
"기다리기 귀찮아서 지나칠까 하다가 4개 12000원 포장 하나 키오스크로 주문하고 한 20분 정도 기다려서 
갓 나온 빵 받아서 먹었는데 정말 맛있네요.","Vibe, Service, Coffee/Drink, Price, Dessert/Bakery",keyword
엄청 뜨거우니 손 조심 하세요.,"Dessert/Bakery, Coffee/Drink",keyword
기다려도 화 안남.,"Service, Coffee/Drink",keyword
연휴때 가서 3분 정도 기다리고 샀어요.,Service,keyword
버터가 엄청 들어간 것 같은데 빵 먹을 때 좀 느끼했어요.,"Dessert/Bakery, Coffee/Drink",keyword
4개 세트로 사야하지만 가격이 비싼건 아니라서 한번 먹어볼만 한거같아요.,"Price, Dessert/Bakery, Coffee/Drink, Vibe",keyword
"저 멀리서부터 소금빵 냄새 나길래 홀린듯이 가서 
줄이 긴거보니 딱봐도 맛집이길래 샀는데 개맛도리 
근데 너무 버터리한거 안 좋아하시면 비추
빵 삼킬때 버터국물 같이 삼키는 느낌 
먹어본 소금빵중에 젤 버터버터,,
에프 살짝 데우면 당연히 더 맛있슴 
비싼 감은 있지만 마시써요","Vibe, Service, Coffee/Drink, Price, Dessert/Bakery",keyword
추석전날밤에 사먹었을때 넘.,Coffee/Drink,keyword
맛있길래 어머님도 빵 좋아하시니까 사고!,Dessert/Bakery,keyword
또 한개는 사촌언니남친오셔서 드렸당!,"Dessert/Bakery, Coffee/Drink",keyword
진짜 따끈하니 버터맛이 느껴지면서 너무 맛있어영!,Dessert/Bakery,keyword
성수 소금빵맛집 자연도소금빵 👍🏻👍🏻,"Dessert/Bakery, Coffee/Drink",keyword
소금빵 치고는 기름지긴 하지만 이게 이집의 특징이겠지요,"Dessert/Bakery, Coffee/Drink, Vibe",keyword
맛 있습니다,"Vibe, Coffee/Drink",keyword
추석전날 연무장길왔는데 소금빵냄새가 장난아니고 웨이팅이어마어마하길래 저도 사먹어봣는데 너무 맛있더라구여!!,"Service, Dessert/Bakery, Coffee/Drink",keyword
👍🏻 막구운 소금빵이라 더 맛있어요,Dessert/Bakery,keyword
성수핫플 자연도 소금빵집,"Dessert/Bakery, Coffee/Drink, Vibe",keyword
유명한 줄도 모르고 그냥 빵냄새에 이끌려 자연스럽게 줄 서서 사먹음,"Service, Dessert/Bakery, Coffee/Drink",keyword
4개들이로만 파심!,"Dessert/Bakery, Vibe",keyword
버터가 진짜 많이 들어가있어서 맛있어요,"Dessert/Bakery, Coffee/Drink, Vibe",keyword
마요네즈 완전 많이 먹여서 구운 식빵 같은 느낌임,Dessert/Bakery,keyword
소금빵을 줄서서먹다니 신박해요,"Service, Dessert/Bakery, Coffee/Drink",keyword
9시오픈런하면 갓 구운 빵을 먹을수있어요,"Dessert/Bakery, Coffee/Drink, Vibe",keyword
소금빵은 맛있는데 사람이 너무많네요,"Dessert/Bakery, Coffee/Drink, Vibe",keyword
단품은 없지만 먹어보고 싶었던 소금빵!,"Dessert/Bakery, Coffee/Drink",keyword
소금빵 정말 맛있어요!,Dessert/Bakery,keyword
밑부분이 바삭바삭해서 좋네요!,"Dessert/Bakery, Coffee/Drink",keyword
소금빵은 이래야 됩니다,Dessert/Bakery,keyword
"4개 12000
줄서지 않을때^^ 추천","Service, Dessert/Bakery, Vibe",keyword
이때까지 먹은 소금빵은 다 소금빵이 아님.,"Dessert/Bakery, Coffee/Drink",keyword
자연도 소금빵 아니면 못 먹는 사람 됨..,"Dessert/Bakery, Coffee/Drink, Vibe",keyword
지나가면서 항상 버터버터한 향에 눈이 갔는데 줄 없을때 샀어요.,"Service, Dessert/Bakery",keyword
왠만해서는 좋아할 맛~ 재료가 좋은게 느껴져요!,"Dessert/Bakery, Coffee/Drink",keyword
집에서 에어프라이어 1-2분 추천합니다,"Dessert/Bakery, Coffee/Drink, Vibe",keyword
버터향이 강하지만 좀더 바삭하면 좋겠어요,"Dessert/Bakery, Coffee/Drink",keyword
길 지나다가 빵 냄새때문에 돌아봤는데 사람들 줄서있더라고요,"Service, Dessert/Bakery, Coffee/Drink, Vibe",keyword
호기심에 사서 먹었는데 거의 역대급 소금빵이네요,"Dessert/Bakery, Coffee/Drink",keyword
갓 구운 빵이라 그런지 따듯하고 촉촉허고 좋앗습니다,"Dessert/Bakery, Coffee/Drink",keyword
회전이 빨라 줄서도 금방 갯 할수 있어요,"Service, Dessert/Bakery, Coffee/Drink, Vibe",keyword
버터가 아주 많이 들어간 소금빵이라 맛이 없을수가 없이 맛있음,Dessert/Bakery,keyword
"겉바속촉 소금빵의 정석은 아니구
하드한 크로와상 느낌
그냥 인테리어랑 포장이 예쁜것 같아요","Price, Dessert/Bakery, Coffee/Drink, Vibe",keyword
낱개가 아니라 4개 한묶음 12000원으로 팔고 키오스크에서 주문하고 옆에 줄서서 영수증 보여주고 받아가면됩니다.,"Service, Dessert/Bakery, Coffee/Drink",keyword
모르고 줄섰어요 ㅠ,Service,keyword
성수동 방문할 때마다 자연도 소금빵 한봉씩 사는데 먹을 때마다 맛있어요ㅠㅠ,"Service, Dessert/Bakery, Coffee/Drink",keyword
요기 사거리에서 버터냄새가 진동을 합니다!,"Dessert/Bakery, Coffee/Drink",keyword
안살수가 없는 소금빵!,Dessert/Bakery,keyword
시간별로 빵이 나오고 따듯한 소금빵을 맛볼수 있어요!,"Dessert/Bakery, Coffee/Drink, Vibe",keyword
빵은 작고 소중하게 4개가 들었구 한개에 3000원!,"Dessert/Bakery, Coffee/Drink",keyword
4개들이만 파는듯해요!,"Dessert/Bakery, Coffee/Drink",keyword
1개씩 팔면 좋을텐데!,Dessert/Bakery,keyword
나머지는 집으루 델꾸와요!,"Dessert/Bakery, Coffee/Drink, Vibe",keyword
길가다가 줄서 있길래 홀린듯이 서서 구매했는데 버터향이 풍부한 소금빵 맛있네요,"Service, Dessert/Bakery, Coffee/Drink, Vibe",keyword
소금빵 한가지만 판매하고 있어서 자신감이 느껴지는 집이었어요,"Dessert/Bakery, Coffee/Drink, Vibe",keyword
"출근길에 사람들보고 따라 사봤는데 다른빵집과는 다르게 빵이 쫀득하고 뭔가 꽉찬느낌
메뉴는 단 하나!","Dessert/Bakery, Coffee/Drink, Vibe",keyword
"무조건 4개 12,000원 사야하는게 아쉽지만 빵은 진짜 맛있어요~","Dessert/Bakery, Coffee/Drink",keyword
바로사서 먹으니 쫀맛이더라구요,Coffee/Drink,keyword
다들 사서 바로 드세요 버터 풍미가 너무좋구 따뜻하니 쫀득하고 너무 맛있더라구요,"Dessert/Bakery, Coffee/Drink",keyword
전부터먹어보고싶던 자연도소금빵!,"Dessert/Bakery, Coffee/Drink",keyword
오전9시  빵나오는시간이라 아침에가서 구매  존맛탱!,"Dessert/Bakery, Coffee/Drink",keyword
가는길 근처빵냄새가  장난아니더라고요,Dessert/Bakery,keyword
집에와서   아침 식사로   나름 플레이팅도마에   분위기내서 먹어봅니다,"Dessert/Bakery, Coffee/Drink, Vibe",keyword
빵이 부드럽고 소금의조화가  알맞게  잘되어있네요,"Dessert/Bakery, Coffee/Drink, Vibe",keyword
"4개에 12,000원 가격이  싼편은아니지만  그래도  맛있고 포장도넘이쁘구  담에또사먹으러 가야지ㅎㅎㅎ","Price, Dessert/Bakery, Coffee/Drink, Vibe",keyword
많이파세용♡,Dessert/Bakery,keyword
먹어본 소금빵 중에 역대급으로 맛있었다...,"Dessert/Bakery, Coffee/Drink",keyword
냄새에 이끌려 샀는데 후회 안하고 다음날 먹어도 꿀맛...ㅠㅠ,"Dessert/Bakery, Coffee/Drink",keyword
가격이 조금 사악하긴하지만 그래도 또 사먹을거 같네요,"Dessert/Bakery, Coffee/Drink, Price",keyword
촉촉하고 짭조름하고 부드러워요,"Dessert/Bakery, Coffee/Drink",keyword
"워낙 유명하고 맛있는곳이란걸 알아서 평일에 그나마 사람 없고 구매가능할때 얼마나 기다리면되냐,","Vibe, Service, Coffee/Drink, Price, Dessert/Bakery",keyword
15분이면 된다하고 지금 줄서면 받을수있다는 확인을 받고 줄서서 기다리기 시작했고 왜안나오지,"Service, Dessert/Bakery, Coffee/Drink, Vibe",keyword
"하며 기다린지20분이 지날때쯤 반죽이 잘못됐다며 10분을 더 기다려야한대서 1차 기운이 빠졌고 10분후에 받기 직전, 빵이 없다고 죄송하다며 15분을 더 기다려야한다고 말을하는데 정말 화가났습니다.","Service, Dessert/Bakery, Coffee/Drink",keyword
제 시간을 낭비한것도 그렇고 저는 다음 다른 일정이 있어서 더 기다릴수가 없었거든요.,"Service, Dessert/Bakery, Coffee/Drink, Vibe",keyword
애초에 30분이상을 기다려야하는것을 알았으면 기다리지않았을겁니다.,"Service, Dessert/Bakery, Coffee/Drink",keyword
"유명한건 알겠는데, 이런식으로 판매를 하는건 너무 잘못된것같아요.","Dessert/Bakery, Coffee/Drink",keyword
빵의 갯수가 모자랄것같았으면 충분히 먼저 수량을 확인해서 사전안내를 충분히 해줄수 있었을거라생각합니다.,"Dessert/Bakery, Coffee/Drink, Vibe",keyword
방금 갓나온 소금빵먹었는데 넘맛잇더라구요,"Dessert/Bakery, Coffee/Drink",keyword
근데 좀비싼거같아요..,"Dessert/Bakery, Price",keyword
집에 와서 에프에다시돌린건 그맛이안납니다,"Dessert/Bakery, Coffee/Drink, Vibe",keyword
소금빵굿 커피 존맛탱,"Dessert/Bakery, Coffee/Drink",keyword
따뜻하게 바로 먹었으면 더 좋았을듯해요,"Dessert/Bakery, Coffee/Drink",keyword
촉촉하고 맛있어요!,Dessert/Bakery,keyword
가족들이랑 함께 먹었는데 다 맛있었다고 하네요.,"Dessert/Bakery, Coffee/Drink",keyword
정말 컨셉을 잘 잡은 것 같아요.,Dessert/Bakery,keyword
대기하실 때 꼬옥 먼저 계산부터 하고 줄 서야해요.,"Service, Dessert/Bakery, Coffee/Drink",keyword
무작정 줄서면 안된다는 점-!,Service,keyword
그리고 빵 나오는 시간이 따로 있어서 맞춰서 오면 좋겠더라구요.,"Dessert/Bakery, Coffee/Drink, Vibe",keyword
또 무조건 4개 세트로 사야한다는 점.,"Dessert/Bakery, Coffee/Drink, Vibe",keyword
갓 지은 소금빵이라 맛있었어요!,Dessert/Bakery,keyword
근데 요새 소금빵이 너무 많다보니 특별한 맛은 아니었어요.,"Dessert/Bakery, Coffee/Drink",keyword
"따뜻해서 좋았지만 맛은 다른 곳과 별반 다르지 않다는,,","Dessert/Bakery, Coffee/Drink, Vibe",keyword
"맛있다고 소문나서 성수 간김에 들렀는데, 빵이 식빵같아요..!!!!!",Dessert/Bakery,keyword
촉촉한 소금빵이네요,"Dessert/Bakery, Coffee/Drink",keyword
소금빵 미쳤어여....,Dessert/Bakery,keyword
다음에 가면 또 살거예오..,"Dessert/Bakery, Coffee/Drink",keyword
소금빵 맛있고 단백해서 좋아요.,"Dessert/Bakery, Coffee/Drink",keyword
줄서서 주문~,Service,keyword
소금빵 맛있습니다!,Dessert/Bakery,keyword
맛있는 소금빵 냄새에 저절로 발걸음을 멈추게 되는 곳입니다,"Dessert/Bakery, Vibe",keyword
줄 서서 사먹는 집이면 끝났죠,"Service, Vibe, Coffee/Drink",keyword
빵이 자주 나와서 항상 따뜻한 빵을 맛볼 수 있어 좋은 것 같아요!,"Dessert/Bakery, Coffee/Drink, Vibe",keyword
영종도에서만 가봤는데 성수에도 생겨서 더 자주 갈 것 같아요!!,Dessert/Bakery,keyword
따뜻할 때 너무 맛있어요,"Dessert/Bakery, Coffee/Drink",keyword
쌀로 만든 소금빵이라 건강에 좋고 맛있어요!!,"Dessert/Bakery, Vibe",keyword
시간지나니까 줄이 길어져서 일찍 가는걸 추천해욧,"Service, Dessert/Bakery, Coffee/Drink, Vibe",keyword
웨이팅이 길지만 버터맛이 많이 나는 소금빵!,"Service, Dessert/Bakery, Coffee/Drink",keyword
소금빵이 맛있네여!,Dessert/Bakery,keyword
한번 먹어볼만 함,"Dessert/Bakery, Coffee/Drink",keyword
걍 다른곳과 비슷한 가격인데 세트로 4개같이 구매해야하며 인테리어가 멋있어용,"Price, Dessert/Bakery, Coffee/Drink, Vibe",keyword
"따뜻하게먹으니까 진짜존맛 ㅋㅋ
비싸긴해도 버터향때매 지나치기어럅네요","Dessert/Bakery, Coffee/Drink, Price",keyword
소금빵을 4개 한세트로만 팔아서 왜 낱개로 안팔까 싶었는디...,"Dessert/Bakery, Vibe",keyword
4개 한세트 사온것도 부족합니다 ㅎㅎ,"Dessert/Bakery, Coffee/Drink",keyword
지금까지 먹은 소금빵중에 최고입니다,"Dessert/Bakery, Coffee/Drink",keyword
👍👍 더 사올걸,"Dessert/Bakery, Coffee/Drink",keyword
무슨 소금빵을 줄서서 먹나 했는데 줄서서 먹을만합니다 ㅎㅎ,"Service, Dessert/Bakery, Coffee/Drink",keyword
"무조건 4개씩만 팔고, 시간대별로 한정수량 파는 것 같아요.","Dessert/Bakery, Vibe",keyword
소금빵의 탈을 쓴 버터롤 맛이구요.,Dessert/Bakery,keyword
"줄 서서 사먹을 정도인지는 모르겠어요,,","Service, Coffee/Drink",keyword
맛있긴한데 비싸요ㅜ,"Dessert/Bakery, Coffee/Drink, Price",keyword
갓 나온 소금빵 짭짤하니 맛있네요,"Dessert/Bakery, Coffee/Drink",keyword
빵이 부드러워요,Dessert/Bakery,keyword
"4개 세트로 밖에 안파는게 좀 불편하고
너무 비싸네요","Price, Dessert/Bakery, Coffee/Drink, Vibe",keyword
여기 종로에 있는곳이랑 같은곳 인줄 영수증 인증하면서 알았네요,"Service, Dessert/Bakery, Coffee/Drink, Vibe",keyword
여기 언제나 맛있고 품질 좋은 곳이었습니다!,"Vibe, Price",keyword
🥐 소금빵 4개 (12.0),Dessert/Bakery,keyword
공장처럼 주문줄/픽업줄 따로 나뉘어져있어 주말 피크타임치고 대기가 길진 않았어요!,"Service, Vibe, Coffee/Drink",keyword
확실히 갓구운 빵이다보니 겉이 바삭하고 버터향 확 느껴지는 진한 소금빵… ෆ⃛,"Dessert/Bakery, Coffee/Drink",keyword
성수동가면 또 먹을만해용,"Dessert/Bakery, Coffee/Drink",keyword
선물용으로 구매했어요.,"Dessert/Bakery, Coffee/Drink, Price",keyword
집 근처라 자주 오고싶은데 늘 줄이 길어요.,"Service, Dessert/Bakery, Coffee/Drink, Vibe",keyword
오 또 포장하러 올게오 ♥ ㅎㅎ,"Dessert/Bakery, Coffee/Drink, Price",keyword
"정말 극강의 컨셉러들이 만든,,, 왜 혼자서만 포장하는지모르겠어요","Price, Dessert/Bakery, Coffee/Drink, Vibe",keyword
"포장만 같이했으면 줄이 짧거나 없었을텐데,, 줄을 통해 마케팅을 하는듯한 느낌","Service, Dessert/Bakery, Coffee/Drink, Price",keyword
소금빵 좋아해서 성수 방문했을 때 구매해봤어요.,"Service, Dessert/Bakery, Coffee/Drink",keyword
웨이팅 길지 않았고 번호표 뽑아서 좋은거 같아요.,"Service, Dessert/Bakery",keyword
가격은 조금 비싼 느낌?,Price,keyword
약간 있었지만 소금빵 맛집 맞음 ㅎ,"Dessert/Bakery, Coffee/Drink, Vibe",keyword
기름기도 있고 짠맛이 ㅋㅋㅋ 제 스타일이였어요.,"Vibe, Coffee/Drink",keyword
포장이 너무 예뻐서 선물용으로도 좋아요.,"Vibe, Price",keyword
먹어본 소금빵 중에 식감 쫀득하고 제일 고소해요,"Dessert/Bakery, Coffee/Drink",keyword
"요즘 성수에서 핫하다는 소금빵집
컨셉너무 귀여웠습니다.",Dessert/Bakery,keyword
"단품으로 한개씩 팔지않는게 좀 아쉬웠는데
소금빵은 버터리하고 꽤 맛있었습니다",Dessert/Bakery,keyword
"👍🏻
꼭 먹어야 할정도는 아닌것 같구 근처에 있으면 들랴볼 만 한 곳!","Dessert/Bakery, Coffee/Drink, Vibe",keyword
빵은 인기폭발이라 두말할 필요가없어요.,"Dessert/Bakery, Coffee/Drink",keyword
"다만
포장시간이 너무 오래 걸려요.",Price,keyword
"남자분 혼자 빵 담고 포장하고
옆에 계신 두 여자분은 영수증 확인하고.","Dessert/Bakery, Coffee/Drink, Price",keyword
"키오스크 도우미만 하시고
너무나 업무효율이 떨어져서
뜨거운 햇빛에 대기 시간이 오래걸려","Service, Dessert/Bakery, Coffee/Drink",keyword
아쉬어요.,Coffee/Drink,keyword
빵이 맛있고 포장이 깔끔해요.,"Dessert/Bakery, Coffee/Drink, Price",keyword
"성동구 성수동 카페
테이크아웃 소금빵 전문점 까지","Service, Dessert/Bakery, Coffee/Drink",keyword
다만 낱개판매는 하지않는게 아쉽다,"Dessert/Bakery, Coffee/Drink",keyword
근데 좀 느끼해요,"Dessert/Bakery, Coffee/Drink",keyword
"시간맞춰서 픽업 바로 하는 소금빵 맛집
맛있어요","Service, Dessert/Bakery, Coffee/Drink",keyword
익선동 놀러갔다가 우연히 들린 소금빵집인데 너무 바삭하고 버터향 많이 나서 맛있어요ㅠㅠㅠㅠ,"Dessert/Bakery, Coffee/Drink, Vibe",keyword
배불러서 하나 남은거 집에 가져와서 먹었는데도 엄청 바삭하더라고요,"Dessert/Bakery, Coffee/Drink, Vibe",keyword
소금빵 굿👍,Dessert/Bakery,keyword
다른소금빵이랑 다르게 소금양이 적정해서 짜다라는 느낌이 안나고 맛있어요,"Dessert/Bakery, Coffee/Drink",keyword
영종도에서 하루에 7000개씩 파릴는 소금빵이 성수에 왔다고 해서 바로 가봤어요!,"Dessert/Bakery, Coffee/Drink",keyword
가장 중요한 건 1개씩 못 사요!,"Dessert/Bakery, Coffee/Drink",keyword
"무조건 4개가 1세트여서 12,000원이 최소주문입니다!","Service, Dessert/Bakery",keyword
참고하세요!,"Dessert/Bakery, Coffee/Drink",keyword
결제 대기줄로 가서 키오스크로 주문하고 상품교환권 들고,"Vibe, Service, Coffee/Drink, Price, Dessert/Bakery",keyword
- 픽업 대기줄로 가서 교환권 주고 기다려서 번호 듣고 빵 받으면 됩니다.,"Service, Dessert/Bakery, Vibe",keyword
겉은 파삭 바삭아니고 파삭하구요,"Dessert/Bakery, Coffee/Drink",keyword
인생 소금빵 등극스,Dessert/Bakery,keyword
- 웨이팅은 오히려 점심이 덜해요.,"Service, Dessert/Bakery, Coffee/Drink",keyword
오픈하자마자 가는게 가장 웨이팅 적을 듯,"Service, Dessert/Bakery, Coffee/Drink",keyword
성수에서 소금빵 먹고 싶으시면 여기 가보세요.,"Dessert/Bakery, Coffee/Drink",keyword
다만 자리가 있는 가게는 아닙니다,"Vibe, Coffee/Drink",keyword
무조건 포장임.,Price,keyword
"자연도 소금빵이 성수에도 있어서 사봤는데 
평일 오후 시간 대에도 사러 오는 사람이 많더라구요.","Dessert/Bakery, Coffee/Drink, Vibe",keyword
그래도 바로바로 픽업해 갈수 있어서 빠르게 받았어요,"Service, Dessert/Bakery, Coffee/Drink, Vibe",keyword
"픽업매장이라 앉을 자리는 없지만 가게 자체가 고즈넉하니 인테리어가 이뻐요 :)
빵도 집에와서 먹어봤는데 겉은 바삭하고 안은 촉촉하고
버터향이 확 풍기면서 결대로 찢어지는게 너무 맛있어요.","Service, Dessert/Bakery, Coffee/Drink, Vibe",keyword
또 먹을 집으로 지명그!,"Vibe, Coffee/Drink",keyword
줄서서 많이들 사는 곳이라해서 사봤는데  바로 만든거라 겉바속촉이네요,"Service, Dessert/Bakery, Coffee/Drink, Vibe",keyword
빵 버터소금빵 양이 적은데 가격이 비쌈,"Dessert/Bakery, Price",keyword
진짜 맛있게 먹었어요,Coffee/Drink,keyword
소금빵 맛은 솔직히 비슷한 거 같고 ㅎ 사진이 잘 나와요,"Dessert/Bakery, Coffee/Drink",keyword
요즘 소금빵에 푹 빠져있는지라 카페에 파는 소금빵은 다 먹어봤는데 커피도 안팔고 소금빵 하나만 판다기에 기대를 하고 먹어봤는데 역시 이렇게 맛있는 소금빵은 처음 먹어본다.,"Dessert/Bakery, Coffee/Drink, Vibe",keyword
줄까지 서서 먹었어도 더운것도 상관없었고 시간도 아깝지 않았다.,"Service, Coffee/Drink",keyword
재방문 의사100%😍😍😍,Service,keyword
냄새가 미쳐버린 소금빵 버터향이 지인짜 가득해서 크로와상 좋아하시는 분들이 엄청 좋아할 맛이에요!,"Dessert/Bakery, Coffee/Drink",keyword
꼭 커피랑 드세여,Coffee/Drink,keyword
포장이 너무 귀여워요,Price,keyword
지나다니는데 냄새가 사람 미치게해요,"Dessert/Bakery, Coffee/Drink, Vibe",keyword
매장 인테리어도 너무 아름답네요,Vibe,keyword
소금빵도 갓 나와서 맛있었어요,"Dessert/Bakery, Coffee/Drink",keyword
"새로생겨서 사먹어봤는데 
맛있어요",Coffee/Drink,keyword
"한개씩만
구매안되는게 아쉽지만
맛있어서 또 사먹을거같아요","Dessert/Bakery, Coffee/Drink",keyword
소금빵 짱맛,Dessert/Bakery,keyword
가격은좀,Price,keyword
부드러운 소금빵 최고 맛집👍🏻,Dessert/Bakery,keyword
버터맛이 풍부한 소금빵.,Dessert/Bakery,keyword
평일 오전에는 줄서지 않고 구입 가능해요.,"Service, Dessert/Bakery, Coffee/Drink, Price",keyword
줄서서 먹을 만 했어요,"Service, Dessert/Bakery, Coffee/Drink",keyword
갓구운 빵 먹으니 더 맛잇엇어요!,"Dessert/Bakery, Coffee/Drink",keyword
소금빵 맛있긴한데 기름 좀 많은거 알고 먹는 게 좋을듯ㅎㅎ그리고 4개 단위로 밖에 못사는건 좀 아쉽.,"Dessert/Bakery, Coffee/Drink, Vibe",keyword
포장이 귀여워요,Price,keyword
맛있는데 버터양이 많아 두개 먹기는 버거워요^^,"Dessert/Bakery, Coffee/Drink, Vibe",keyword
서울 여행으로 돌아다니고 있있는데 이 가게에 사람들이 줄을 많이 서있더라구요,"Service, Dessert/Bakery, Coffee/Drink, Vibe",keyword
나중에 볼 일 끝나고 다시 돌아오는 길에 보니 마침 사람들 없길래 주문해서 사왔어용,"Service, Dessert/Bakery, Coffee/Drink, Vibe",keyword
당일에 못 먹고 다음날 먹었는데도 너뮤 맛있더라구요..?,Coffee/Drink,keyword
진짜 찐찐찐맛집,Vibe,keyword
성수의 유명한 소금빵집!!,"Dessert/Bakery, Coffee/Drink, Vibe",keyword
버터도 많이 들어간 것 같고 바싹 꾸워진 바닥 부분이 맛있어요.,Dessert/Bakery,keyword
포장 시간이 조금 덜 걸리면 좋겠어요.,Price,keyword
추천해요,"Dessert/Bakery, Coffee/Drink, Vibe",keyword
버터축축한 소금빵,"Dessert/Bakery, Coffee/Drink",keyword
빵순이라...,Dessert/Bakery,keyword
성수 소금빵 돌아다니면서 다 먹는데......,"Dessert/Bakery, Coffee/Drink",keyword
진짜 인생 최악의 소금빵이네요 ㅠㅠ,Dessert/Bakery,keyword
한개 먹고 속이 느글느글 거리네요.,"Dessert/Bakery, Coffee/Drink",keyword
겉바속촉이 아니라 눅눅 기름이 뚜뚝 떨어집니다..,Dessert/Bakery,keyword
마치 명절때 기름 가득한 전 엄청 먹은 것 같아요.,"Dessert/Bakery, Coffee/Drink",keyword
빵 먹고 나면 입 주변이 기름으로 번들번들....,"Dessert/Bakery, Coffee/Drink",keyword
인테리어나 포장에 신경쓰기보단 맛에 신경쓰셔야할 것 같습니다.,"Price, Dessert/Bakery, Coffee/Drink, Vibe",keyword
빵시간 나오는 시간에 줄서서 구매하는곳입니다,"Service, Dessert/Bakery, Coffee/Drink, Vibe",keyword
대기 10분했는데 세상에서 이렇게 맛있는 소금빵은 처음이에요,"Service, Dessert/Bakery, Coffee/Drink",keyword
줄서서 주문하고 줄서서 번호표 받은거 대기줄서서 받는 소금빵집 🥐🥐🥐 맛은 짭쪼름하니 안은 촉촉한데 에프돌려먹으며누더 겉이 바삭하고 맛있음 ㅎ,"Service, Dessert/Bakery, Coffee/Drink",keyword
약간 기름기가 좀 많음 ㅎ,Coffee/Drink,keyword
커피랑 같이 드시길 강추 !!,Coffee/Drink,keyword
👍👍😋😋 아 그리고 주문은 빵나오는대 시간대별 체크로 주문하고 4개 를 묶어서만 판매함,"Service, Dessert/Bakery, Coffee/Drink, Vibe",keyword
가격은 무난한데 혼자사는사람은 빵 맛만보려고 사서 먹기는 힘들듯 ㅎ😢😢 나눠주면서 드시길 ㅎㅎ 🍞🍞,"Price, Dessert/Bakery, Coffee/Drink, Vibe",keyword
지난 주말 점심 먹고 지나는 길에 새로 생긴 가게 앞에 줄이 길게 있더군요.,"Service, Vibe, Coffee/Drink",keyword
인테리어도 무언가 스러운듯 레트로 느낌이 물씬 나고 밖에서 빵을 판매하는 분들도 알프스 소녀 하이디 처럼 하고 계셔서 눈길을 끌었습니다.,"Dessert/Bakery, Coffee/Drink, Vibe",keyword
나중에 알고 보니 영종도에서 유명한 소금 빵 집이라고 이야기를 들었어요.,"Dessert/Bakery, Coffee/Drink, Vibe",keyword
빵을 사러 갔더니 정각 9시부터 주문이 가능했습니다.,"Service, Dessert/Bakery, Coffee/Drink, Price",keyword
"테이크 아웃만 가능하고, 빵도 4개 1봉지씩 판매하는 방법이 새롭네요.","Dessert/Bakery, Coffee/Drink, Price",keyword
키오스크에 주문하고 대기하면 빵을 받을 수 있습니다.,"Service, Dessert/Bakery, Coffee/Drink, Vibe",keyword
다른 곳의 소금 빵과 비교해보니 속이 촉촉한 건 비슷하고 겉부분이 더 바삭한 게 차이가 있네요.,"Dessert/Bakery, Coffee/Drink, Vibe",keyword
칼로리만 생각하지 않는다면 재방문해서 더 먹고 싶습니다.,"Service, Dessert/Bakery, Coffee/Drink",keyword
자세한 내용은 제 블로그 <힐링 인 서울 포레스트>에 있어요.,"Dessert/Bakery, Coffee/Drink, Vibe",keyword
많이 방문해주세요~,"Service, Dessert/Bakery, Coffee/Drink",keyword
뜨끈할때먹으니쥰맛,"Dessert/Bakery, Coffee/Drink",keyword
"줄이 많이 서있길래 궁금해서 사봤는데, 맛있어요!!","Service, Dessert/Bakery, Coffee/Drink, Vibe",keyword
고소하고 빵 자체 맛이 계속 끌리는 맛이에요,Dessert/Bakery,keyword
가게랑 빵포장이 너무너무 예쁘고 소금빵 나오자마자 먹었더니 따뜻하고 겉바속촉 너무 맛있었어요!!!,"Price, Dessert/Bakery, Coffee/Drink, Vibe",keyword
"4개 묶음으로만 판매해요
기름기 많다고 하는데 그래서 밑부분이 바삭하고 맛있어요!","Dessert/Bakery, Coffee/Drink",keyword
소금이 적당히 올라가있어서 담백하고 맛있네요,"Dessert/Bakery, Coffee/Drink, Vibe",keyword
빵하나로 서울진출 👍,"Dessert/Bakery, Vibe",keyword
"테이크아웃만 되는 매장인데
인테리어도 가보고싶게 잘 만드셨어요","Service, Vibe",keyword
소금빵을 좋아해서 지나치지 못하고 들렀던 곳이예요.,"Dessert/Bakery, Vibe",keyword
포장이 귀여운 곳,"Vibe, Price",keyword
"자연 담은 소금 인테리어도 예쁘고, 소금빵 패키지도 너무 예쁜 가게","Dessert/Bakery, Coffee/Drink, Vibe",keyword
대존맛 지나가는데 여기가 있음,"Vibe, Coffee/Drink",keyword
"안먹으면 유죄, 지나쳐도 유죄, 그냥 유죄…",Coffee/Drink,keyword
빵이 맛잇긴한데 가성비는 별로인거같아요!!,"Dessert/Bakery, Coffee/Drink, Price",keyword
인생 소금빵입니다,Dessert/Bakery,keyword
어제 오픈 했다고 해서 사서 먹었는데 못 참고 아침에 또 먹으러 왔습니다,"Dessert/Bakery, Coffee/Drink",keyword
두번 갔으면 말 다 했다고 생각합니다,"Dessert/Bakery, Coffee/Drink",keyword
진짜 저도 성수동 주민이라 다 먹어봤는데 여기가 진짜 찐입니다,Coffee/Drink,keyword
4개 한 세트라 많다고 생각하는 사람들 많은데 아시잖아요,"Dessert/Bakery, Coffee/Drink, Vibe",keyword
빵이라는 존재가 한 번 먹으면 계속 먹고 싶잖아요,"Dessert/Bakery, Coffee/Drink",keyword
또 계속 구워서 주시는지 빵이 따땃해요..,"Dessert/Bakery, Coffee/Drink",keyword
🫶 갓 구운 빵 최고..,Dessert/Bakery,keyword
진짜진짜 인생 소금빵입니다.,Dessert/Bakery,keyword
인테리어도 너무 멋있고 좋아요!!,Vibe,keyword
1인1봉 무조건 해야해요.,"Dessert/Bakery, Coffee/Drink",keyword
1봉만 사서 후회했어요!!,"Dessert/Bakery, Coffee/Drink",keyword
"더워 죽겠는데 사람 세워놓고
어차피 이 사람들은 구매하려고 하는 사람들이니 포장을 신경써서 해야한다 라고 말하는데
맛집 처럼 보이려고 일부로 줄세우는 느낌??ㅎㅎ","Vibe, Service, Coffee/Drink, Price, Dessert/Bakery",keyword
제 시간도 소중하거든요…,"Dessert/Bakery, Coffee/Drink",keyword
"같이 간 일행이 먹고싶어해서 기다리긴했지만, 혼자였으면 그냥 결제 취소하고 다른곳 갔습니다 ㅎㅎ","Service, Dessert/Bakery, Coffee/Drink, Vibe",keyword
맛은 그냥 소금빵,Dessert/Bakery,keyword
한봉지 사서 먹다 뛰어가서 두봉지 사온다는 그집..,"Dessert/Bakery, Coffee/Drink, Vibe",keyword
"성수점 오픈날 오픈런 했는데 또 넘나 맛있는것 🥹
우리집은 성수랑 멀다는것이 치명적인 단점 😭","Dessert/Bakery, Coffee/Drink, Vibe",keyword
바스크치즈케잌 넘 맛있어요,Dessert/Bakery,keyword
커피가 맛있네요!!,Coffee/Drink,keyword
커피가맛있어요,Coffee/Drink,keyword
성수 느좋 카페 ^_^ 날 좋아서 밖에서 커피 마셬ㅅ,"Vibe, Coffee/Drink",keyword
힙하고 커피가 맛있어요ㅋㅋ,"Dessert/Bakery, Coffee/Drink, Vibe",keyword
커피 마셨어용!!,Coffee/Drink,keyword
"커피 종류도 여러개라서 골라먹기 너무 좋고 통창이라 뻥뚫린게 👍👍
커피마시다가 위에서 아이쇼핑하니까 너무 좋습니당","Dessert/Bakery, Coffee/Drink",keyword
커피도 맛있고 케이크도 맛있어요,"Dessert/Bakery, Coffee/Drink",keyword
매장이 넓어서 좋아요~~^^,Vibe,keyword
취향별 커피 종류룰 고를수 있고 맛이 좋아요!,"Vibe, Coffee/Drink",keyword
커피도 맛있고 공간도 예뻐요,"Vibe, Coffee/Drink",keyword
2층에 옷도 있어서 둘러볼수 있어서 볼수있는게 다양해요~~,"Dessert/Bakery, Coffee/Drink, Vibe",keyword
카페 예쁘고 커피 맛있고 너무 좋아여!!,"Vibe, Coffee/Drink",keyword
또 올게용~~!!,"Dessert/Bakery, Coffee/Drink",keyword
매장이 상당이 넓고 연인이랑 오기 좋은거 같습니다!,"Dessert/Bakery, Coffee/Drink, Vibe",keyword
나중에 재방문 할거같아요!,"Service, Dessert/Bakery, Coffee/Drink",keyword
예쁘고 커서 예전부터 자주 방문하는 성수 카페에요,"Service, Dessert/Bakery, Coffee/Drink, Vibe",keyword
성수 길거리를 걷다가 갑자기 대형 카페가 나와서 무의식적으로 들어왔는데 테라스도 괜찮고 커피도 맛있었습니다,"Service, Coffee/Drink",keyword
커피가 너무 맛있어요,Coffee/Drink,keyword
멋진 분위기에 맛있는 커피 그리고 잘 페어링 되는 디저트까지 너무 좋은 곳이었습니다!!,"Dessert/Bakery, Coffee/Drink, Vibe",keyword
공간이 넓어서 쾌적하고 비 안 오는 날 테라스에 앉아 커피 마시기 에 너무 좋았습니다,"Dessert/Bakery, Coffee/Drink, Vibe",keyword
커피와 음료가 맛있고 인테리어가 멋집니다.,"Vibe, Coffee/Drink",keyword
음료만 시켰는데 디저트를 서비스로 주셨어요!,"Service, Dessert/Bakery, Coffee/Drink, Vibe",keyword
재방문하겠습니다!,"Service, Dessert/Bakery, Coffee/Drink",keyword
커피가 맛있네요.,Coffee/Drink,keyword
분위기가 좋습니다.,Vibe,keyword
야외 테이블 사이에 공간도 넓어서 시야도 트이고 답답하지 않아서 좋았어요.,"Dessert/Bakery, Coffee/Drink, Vibe",keyword
커피가 쓴편인데 디저트랑 먹으니까 조합이 좋았습니다!,"Dessert/Bakery, Coffee/Drink",keyword
커피가 정말 맛있어요,Coffee/Drink,keyword
엄마 아빠 모시고 아이랑 같이 왔어요,"Dessert/Bakery, Coffee/Drink",keyword
크로와상도 맛있고 커피도 맛있어요.,"Dessert/Bakery, Coffee/Drink",keyword
원두 종류가 달라서 선택할 수 있어요^^,"Service, Dessert/Bakery, Coffee/Drink, Vibe",keyword
크루키도 맛있구 커피도 원두 선택할수있어서 좋아요 :),"Service, Dessert/Bakery, Coffee/Drink, Vibe",keyword
성수 오면 자주와요,"Dessert/Bakery, Coffee/Drink",keyword
커피도 티라미수도 맛있네요!!,"Dessert/Bakery, Coffee/Drink",keyword
매장이 넓고 좌석간 간격이 넖어 편하게 쉴수있어요.,"Vibe, Coffee/Drink",keyword
오늘은 조금 쌀쌀해서 라떼를 따뜻하게 마셨는데 좋은선택..,"Service, Dessert/Bakery, Coffee/Drink",keyword
"디저트도 궁금해서 티라미슈 주문했는데 살살녹네요
~","Service, Dessert/Bakery, Coffee/Drink",keyword
쎈느슈패너 위에 시나몬 올라가요!,Dessert/Bakery,keyword
매장 넓고 회전 빠른 것 같아요,"Service, Dessert/Bakery, Vibe",keyword
무엇보다 직원분들이 매우 친절해요>_<,"Service, Dessert/Bakery, Coffee/Drink",keyword
의자가 편하고 콘센트도 있어서 작업하기 좋았어요,"Service, Dessert/Bakery, Coffee/Drink, Vibe",keyword
소음도 적당하고 좋습니다,"Dessert/Bakery, Coffee/Drink",keyword
평일에 와서 대기없었네요,"Service, Dessert/Bakery, Coffee/Drink",keyword
매장이 넓고 쾌적해요,"Dessert/Bakery, Coffee/Drink, Vibe",keyword
화장실도 깨끗해서 좋네요,"Dessert/Bakery, Coffee/Drink, Vibe",keyword
커피가 진짜 맛있어요.,Coffee/Drink,keyword
깔끔하고 넓어서 재방문하고 싶어요,"Service, Dessert/Bakery, Coffee/Drink, Vibe",keyword
애견동반 카페예요,Coffee/Drink,keyword
"넓고 조아요
커피 맛나요","Vibe, Coffee/Drink",keyword
커피가 너무 맛았어요!!,Coffee/Drink,keyword
빵도 너무 맛있고 가격도 합리적이라고 생각해요 ㅋㅋ,"Dessert/Bakery, Coffee/Drink, Price",keyword
매장 내부도 넓어서 답답하지않아요+,"Dessert/Bakery, Coffee/Drink, Vibe",keyword
커피 맛있어서 순삭했습니다,"Dessert/Bakery, Coffee/Drink",keyword
디저트도 최고...♡,Dessert/Bakery,keyword
직원분들이 친절하세용 ㅎㅎ,"Service, Dessert/Bakery, Coffee/Drink",keyword
넓고 시원해서 쉬다 가기 좋아요!,"Dessert/Bakery, Coffee/Drink, Vibe",keyword
사장님이 너무 친절하시고 커피가 너무 맛있어요,"Service, Dessert/Bakery, Coffee/Drink",keyword
ㅠㅜ매장도 넓고 쾌적하고 작업하기 좋아요,"Service, Dessert/Bakery, Coffee/Drink, Vibe",keyword
카페내부도 넓고 음료도 다 맛있어요~!,"Dessert/Bakery, Coffee/Drink, Vibe",keyword
"성수에 은근
대형카페가 없어서 다음번에도 또 오려고 합니다!","Dessert/Bakery, Coffee/Drink",keyword
직원분들이 친절하셔서 좋았어요 :),"Service, Dessert/Bakery, Coffee/Drink",keyword
오렌지에이드❤️,Coffee/Drink,keyword
커피도 맛있고 디저트도 넘 마시써요.. ♥,"Dessert/Bakery, Coffee/Drink",keyword
음료 디저트 맛있어요~!^^,"Dessert/Bakery, Coffee/Drink",keyword
"성수에서 넓고 작업하기 좋은 카페 찾다가 왔는데
딱 너무 붐비지않고 좋아서 추천합니다","Service, Dessert/Bakery, Coffee/Drink, Vibe",keyword
커피 다 마싰구 디저트류도 괜차나여,"Dessert/Bakery, Coffee/Drink",keyword
오늘 운 좋게 자리가 있네요,"Vibe, Coffee/Drink",keyword
분위기도 힙하고 커피도 맛있습나다~^^,"Dessert/Bakery, Coffee/Drink, Vibe",keyword
와 샌드위치 기대안했는데 대존맛..,"Dessert/Bakery, Coffee/Drink",keyword
오랜만에 왔는데 좋네요 !,"Dessert/Bakery, Coffee/Drink",keyword
원두가 3종류라 선택의 폭이 넓어서 좋아요 !,"Service, Vibe, Coffee/Drink",keyword
넓고 쾌적해요!!,"Dessert/Bakery, Coffee/Drink, Vibe",keyword
성수역 커피맛집 쎈느!,Coffee/Drink,keyword
추천받아서 왔는데 정말 좋네요!!,"Dessert/Bakery, Coffee/Drink, Vibe",keyword
힙하고 성수 다운 카페네요!!,"Vibe, Coffee/Drink",keyword
케이크가 무지 인상적 ㅎㅎ,"Dessert/Bakery, Coffee/Drink",keyword
커피 맛있어용,Coffee/Drink,keyword
편집샵이랑 같이 하는 카페인데 넓고 시원해서 좋아오!!,"Dessert/Bakery, Coffee/Drink, Vibe",keyword
근처 팝업에서 직원 언니 추천받고 들렸는데 아아 괜찮아요,"Service, Vibe",keyword
"다크한 거 좋아하시면 베를린, 산미있는 건 플로럴 드세요~","Dessert/Bakery, Coffee/Drink, Vibe",keyword
케잌은 과일 케잌이 나을 것 같아요,Dessert/Bakery,keyword
아아 2잔에 말차요거트 케이크 시켰는데 케잌은 달고 아아는 도쿄랑 플로런스 중 플로런스가 더 취향이었어요,Dessert/Bakery,keyword
리뷰 이벤트로 리필 가능해서 좋아요~,"Price, Dessert/Bakery, Coffee/Drink, Vibe",keyword
다음에 또 오고 싶어요,"Dessert/Bakery, Coffee/Drink",keyword
"토요일 2시반쯤이었는데, 별 사람 없다가 3시쯤 사람이 많아졌어요..!","Dessert/Bakery, Vibe",keyword
너무 더워서 피신한 곳이었는데 그리 시원히진 않었어요,"Dessert/Bakery, Coffee/Drink, Vibe",keyword
"맛있는 빵 많아보였고, 커피도 괜찮았던걸로 기억합니다!","Dessert/Bakery, Coffee/Drink",keyword
추천해주신 커피가 너무 맛있었습니다.,"Dessert/Bakery, Coffee/Drink, Vibe",keyword
에그타르트 너무 맛있고 다른것도 먹어보고싶어요.,Coffee/Drink,keyword
넓고 쾌적해서 대화하기도 너무 좋아요.,"Dessert/Bakery, Coffee/Drink, Vibe",keyword
"성수동 핫플카페 찾아서 와봤는데
쾌적하고 커피,디저트가 너무 맛있네요","Service, Dessert/Bakery, Coffee/Drink",keyword
쎈느자주오던곳인데공간넓고 진짜 핵시원….,"Dessert/Bakery, Coffee/Drink, Vibe",keyword
"여름에피서오기넘나좋은곳 음료는당연맛있고 말모…,느좋….","Dessert/Bakery, Coffee/Drink, Vibe",keyword
"음식이 맛있고, 빨리 나와용 추천드립니다 :)","Vibe, Coffee/Drink",keyword
카체 자리 너무 편하고 넓어서 좋아요,Vibe,keyword
커피도 맛있네요,Coffee/Drink,keyword
커피 진짜맛있어요!,Coffee/Drink,keyword
디저트도 맛있네용 ㅎㅎ,Dessert/Bakery,keyword
라떼가 맛있어요.,Coffee/Drink,keyword
컵이 이중이라 손이 편했고 얼음이 빨리 녹지 않아 시원하면서 라떼의 진한맛이 끝까지 좋았어요.,"Dessert/Bakery, Coffee/Drink",keyword
카페 공간이 넓어서 대화하기 좋아요.,"Dessert/Bakery, Coffee/Drink, Vibe",keyword
베이커리 맛집같아요.,Dessert/Bakery,keyword
케이크류 넘 이쁘고요.,"Dessert/Bakery, Vibe",keyword
창이 넓고 야외에는 빈백도 넓은 공간에 있어 시원할 땐 밖을 즐겨도 좋겠어요,"Dessert/Bakery, Coffee/Drink, Vibe",keyword
커피 맛 좋아요!,Coffee/Drink,keyword
프렌치 토스트도 맛있어요!!,Dessert/Bakery,keyword
친절하시고 장소도 편안해요:),"Service, Dessert/Bakery, Coffee/Drink",keyword
분위기 좋고 넓어서 좋아요!,Vibe,keyword
2층 편집샵도 구경하는재미!,"Dessert/Bakery, Coffee/Drink, Vibe",keyword
공간이 넓직해서 좋아요!,"Dessert/Bakery, Coffee/Drink, Vibe",keyword
보자마자 망고케이크 소리질렀어요!,Dessert/Bakery,keyword
망고가 크게크게 들어있어서 너무 좋았어요!,"Service, Vibe, Coffee/Drink",keyword
팝업투어로 지칠때 여기와요,"Dessert/Bakery, Coffee/Drink, Vibe",keyword
좌석이 넓어서 편하고 대화하기가 좋아요,"Dessert/Bakery, Coffee/Drink, Vibe",keyword
망고케이크가 맛있으니 꼭 드세요,Dessert/Bakery,keyword
인테리어도 예쁘고 넓어서 좋아요!!,Vibe,keyword
커피랑 아이스티 둘다 맛있어요,Coffee/Drink,keyword
매장도 넓어서 쉬고 가기도 굳👍,Vibe,keyword
매장이 넓어서 자리가 많아요!!!,Vibe,keyword
디저트도 맛있습니다!,Dessert/Bakery,keyword
"길 걷다가 건물이 예뻐서 들어왔는데, 커피랑 케이크 다 맛있네요!!","Dessert/Bakery, Coffee/Drink, Vibe",keyword
케이크도 맛있고 분위기도 너무너무 좋아요 ㅎㅎ,"Dessert/Bakery, Vibe",keyword
오렌지 에이드 맛있어요,Coffee/Drink,keyword
쾌적해요,"Dessert/Bakery, Coffee/Drink",keyword
바람빠진 의자도 있긴 해요~_~,"Dessert/Bakery, Coffee/Drink, Vibe",keyword
성수 오면 항상 오는 카페에요,"Dessert/Bakery, Coffee/Drink",keyword
"커피랑 디저트가 너무 맛있고 친절하시고 카페
강추합니당!!","Service, Dessert/Bakery, Coffee/Drink",keyword
레몬얼그레이 존맛탱,Coffee/Drink,keyword
디저트도 존맛!!,Dessert/Bakery,keyword
성수 한가운데 이런 카페가,Coffee/Drink,keyword
카페 규모도 크고 인테리어도 예뻐요,"Service, Vibe, Coffee/Drink",keyword
음료랑 베이커리 종류가 많아서 여러가지 먹어보기 좋은 것 같아요,"Dessert/Bakery, Coffee/Drink",keyword
야외테이블도있고 넓고 커피가 맛있어요,"Vibe, Coffee/Drink",keyword
"독특한 공간
맛있는 커피 + 프렌치 토스트","Dessert/Bakery, Coffee/Drink, Vibe",keyword
성수동 올 때 마다 들리는 쉼터❤️🍷,"Dessert/Bakery, Coffee/Drink",keyword
커피도 맛있고 야외 좌석도 좋았어요!,Coffee/Drink,keyword
커피보단 티라미수가 맛있었어요~,"Dessert/Bakery, Coffee/Drink",keyword
"분위기도 예쁘고
케이크 메뉴도 매우 맛있어요","Dessert/Bakery, Vibe",keyword
야외공간 사잔 찍기 좋음,Vibe,keyword
작업하기 좋은 애견동반 카페라 좋아요!,"Service, Dessert/Bakery, Coffee/Drink",keyword
바로 앞 공원에서 산책시키기도 좋고 공간도 쾌적하고 뷰도 좋아사 아쥬 맘에 듭니당,"Dessert/Bakery, Coffee/Drink, Vibe",keyword
"♥️
애견동반으로 또 오고 싶은 쎈느에요","Dessert/Bakery, Coffee/Drink",keyword
커피가 맛있어요!!,Coffee/Drink,keyword
쾌적하고 매장이 넓어서 좋아요,"Dessert/Bakery, Coffee/Drink, Vibe",keyword
자리도 많고 노트북 하기에도 좋아요,"Dessert/Bakery, Coffee/Drink",keyword
케잌 크기는 작지만 맛있습니당!! >_<,Dessert/Bakery,keyword
케이크 너무 맛있고 장소 분위기 너무 좋네요,"Dessert/Bakery, Vibe",keyword
쎈느 또 와야지,"Dessert/Bakery, Coffee/Drink",keyword
케잌이 생크림 풍부하고 맛있었어요!!,"Dessert/Bakery, Coffee/Drink",keyword
음료도 향이 독특하고 맛있어요,"Dessert/Bakery, Coffee/Drink",keyword
"분위기도 좋구요,",Vibe,keyword
케잌이랑 음료도 맛있구 아메리카노는 원두몇가지가 있어서 고를수 있어 좋았습니다.,"Vibe, Coffee/Drink",keyword
잘먹고갑니다!,Coffee/Drink,keyword
라떼 맛있어요,Coffee/Drink,keyword
원두 고르는데 도쿄인가 그걸로 했어요,"Dessert/Bakery, Coffee/Drink, Vibe",keyword
널찍한 작좋카에요 ㅎㅎ,"Dessert/Bakery, Coffee/Drink",keyword
성수 최애 커피맛집..,Coffee/Drink,keyword
"🥹💖
산미 있는 커피 좋아하시면 달려오세요.","Vibe, Coffee/Drink",keyword
야외공간이 넓네요,Vibe,keyword
넓고 멋진 카페에요,"Vibe, Coffee/Drink",keyword
너무 맛있어서 정신없이 먹다가 아차했네요…,"Dessert/Bakery, Coffee/Drink",keyword
다음에는 토스트 먹으로 올게요~,"Dessert/Bakery, Coffee/Drink",keyword
라떼가 너무 맛있어요 / 아메리카노도 진해서 맛있어요 / 인테리어도 이쁘고 야외에서 먹었는데 날씨도 좋아서 최고였습니다,"Vibe, Coffee/Drink",keyword
성수에서 넓고 깔끔하고 분위기 엄청 좋은 카페,"Dessert/Bakery, Coffee/Drink, Vibe",keyword
"커피 고소한거 산미있는거 둘다 맛있고
티라미슈가 끝내줌","Vibe, Coffee/Drink",keyword
친구와 항상 들리는 커피숍.,Vibe,keyword
커피가 맛있어요^^,Coffee/Drink,keyword
매장도 예쁘고 음료도 맛있어요,"Vibe, Coffee/Drink",keyword
를 느낄수 있음,"Vibe, Coffee/Drink",keyword
아인슈페너 추천합니다ㅋㅋㅋ,"Dessert/Bakery, Coffee/Drink, Vibe",keyword
밀리의 서재 할인되는 대형 카페라 좋았어요~,Coffee/Drink,keyword
위치도 좋고 좌석도 편해요,Position,keyword
커피 맛있음!!!,Coffee/Drink,keyword
공간이 넘 멋지고 여유로운 분위기에요~,Vibe,keyword
음료는 쏘쏘ㅎㅎ,Coffee/Drink,keyword
야외좌석이 있어 완전 굿!!,"Vibe, Coffee/Drink",keyword
하지만 바람이 부는날이라면 티라미수는 비추!ㅋㅋㅋ,Dessert/Bakery,keyword
🥲 티라미수 가루 샤워 맞을 수 있음,"Dessert/Bakery, Coffee/Drink, Vibe",keyword
매장이 넓어서 좋아요 ㅎㅎ,Vibe,keyword
화이트 말차라떼가 정말 맛있는 카페!,"Dessert/Bakery, Coffee/Drink",keyword
"화이트 말차라떼를 마셨는데, 초콜릿과 말차의 비율이 딱 적당해서 너무 달지도 않고, 그렇다고 쓰지도 않아서 정말 맛있었어요!","Service, Dessert/Bakery, Coffee/Drink",keyword
"카페 분위기는 트렌디하고 아늑해서 대화하기에도 좋았고, 가족들이랑 오기에도 괜찮았어요.","Dessert/Bakery, Coffee/Drink, Vibe",keyword
"🏡☕ 하지만 가격 대비 양이 적은 편이고, 사진 속 유리컵이 아니라 종이컵으로 제공된 점은 살짝 아쉬웠어요..!","Service, Price",keyword
그래도 화이트 말차라떼의 맛 하나만큼은 정말 최고라서 다시 방문하고 싶을 정도였어요!,"Service, Dessert/Bakery, Coffee/Drink",keyword
쎈느 말차케익 꼭드세요!!,Dessert/Bakery,keyword
넓어서 좋아요,Vibe,keyword
매장이 넓고 베이커리가 맛있었어요.,Vibe,keyword
주말 아침에 작업 하는 사람들이 많았어요.,"Service, Dessert/Bakery, Coffee/Drink, Vibe",keyword
아인슈패너는 크림이 다소 아쉬우나 마늘소금빵은 아주 굿,Dessert/Bakery,keyword
편하게 앉아있기좋아요 :),"Vibe, Coffee/Drink",keyword
음료가 맛잇어요,Coffee/Drink,keyword
담에는 빵도 먹어볼래요,"Dessert/Bakery, Coffee/Drink",keyword
넓고 좋아요,Vibe,keyword
안녕하세요,"Dessert/Bakery, Coffee/Drink",keyword
다양ㆍ유익ㆍ맛ㆍ서비스까지 감사합니다 ㅡ,"Service, Dessert/Bakery, Coffee/Drink",keyword
수고하세요,"Dessert/Bakery, Coffee/Drink",keyword
✌️ 💞 😄 Happy New Year♡ See you next time♧♧(20250111土10:50 방문고객 ),Service,keyword
맛있어오,"Dessert/Bakery, Coffee/Drink",keyword
"커피 굿, 디자인 굿, 빵은 잘 ..","Dessert/Bakery, Coffee/Drink",keyword
그냥 자유분방한 알바같은 직원들 ㅋㅋㅋㅋㅋ 서비스에나 더 집중 하시길 ..,"Service, Dessert/Bakery, Coffee/Drink",keyword
매장이  넓네요.,Vibe,keyword
주차장쪽 야외 테이블도 많고.,Coffee/Drink,keyword
좀 썰렁한 느낌도 있고.,"Dessert/Bakery, Coffee/Drink, Vibe",keyword
피곤해서 달달한 크림라떼 좋네요.,"Dessert/Bakery, Coffee/Drink",keyword
2층 매장 구경하고  싶었는데 약속 시간이 다 되어서  아쉽게 나옴.,"Dessert/Bakery, Coffee/Drink, Vibe",keyword
담에 다시 올께염~,"Dessert/Bakery, Coffee/Drink",keyword
콘센트가 있어서 좋아요!,"Vibe, Coffee/Drink",keyword
빵도 커피도 맛있어요,"Dessert/Bakery, Coffee/Drink",keyword
💗 성수동 댕댕이랑 가기 좋은 카페 “쎈느”,Coffee/Drink,keyword
"💗 메뉴 : 아메리카노, 쎈느슈페너, 소금빵",Dessert/Bakery,keyword
💗 댕댕이 데리고 성수팝업갔다가 방문했어요!,"Service, Dessert/Bakery, Coffee/Drink",keyword
늘 지나갈 때만 잠깐 쳐다보고 방문은 처음인데 1층은 카페/2층은 편집샵으로 되어있어요.,"Service, Vibe, Coffee/Drink",keyword
베이커리 류도 있어서 당 충전 하기도 좋아요~,"Dessert/Bakery, Coffee/Drink, Vibe",keyword
사람이 많아서 처음에 좌석이 없는줄 알고 좌절했다가 들어가서보니 좌석이 있더라고요.,"Service, Dessert/Bakery, Coffee/Drink, Vibe",keyword
요즘 날씨가 좋아서 그런지 실내보다 야외테라스가 더 인기 많은 것 같네용,"Dessert/Bakery, Vibe",keyword
내부에 보면 좌석이 은근이 있으니 저처럼 포기하지 마시고 실내 좌석을 잘 살펴보세용....,"Dessert/Bakery, Coffee/Drink, Vibe",keyword
"😆
🐶 반려견은 1층 카페공간, 야외 테라스만 출입 가능합니다.","Price, Dessert/Bakery, Coffee/Drink, Vibe",keyword
반려견 입장 제한은 없는 것 같아요.,Dessert/Bakery,keyword
옆 테이블도 시바견이 있었는데 그냥 하네스 한 채로 있었답니다.,"Vibe, Coffee/Drink",keyword
시그니처 커피 맛있네요.,Coffee/Drink,keyword
단 종이컵에 나와서 다소 아쉽네요.,Coffee/Drink,keyword
"근처에 동료와 일이 있어 성수에 왔다가
커피, 디저트, 편집샵으로 유명해진 
쎈느에 들러 1시간 남짓 차한잔 때림","Dessert/Bakery, Coffee/Drink, Vibe",keyword
"아아 원두는 깔끔한 tokyo로
동료는 아이스 루이보스티
티백이 없으니 하이볼같기두 ㅋ
매장두 넓구 사람두 많구
부러우면 지는건데..","Dessert/Bakery, Coffee/Drink, Vibe",keyword
성수동 오면 자주 오는곳이에요,"Dessert/Bakery, Coffee/Drink, Vibe",keyword
소품 구경하는 재미가잇어요,"Dessert/Bakery, Coffee/Drink, Vibe",keyword
평타는 하는 곳,"Dessert/Bakery, Coffee/Drink, Vibe",keyword
커피랑 빵 모두 맛있었어요:),"Dessert/Bakery, Coffee/Drink",keyword
야외 분위기촣네요,Vibe,keyword
"역시 👍 
쥬스와 빵 맛있네요",Dessert/Bakery,keyword
디저트 맛있었어요.,Dessert/Bakery,keyword
디저트가 진짜 맛있었어요!!,Dessert/Bakery,keyword
"건대점은 커피 맛있었는데, 성수점 세팅을 조금 더 잘 하시면 좋겠음.","Dessert/Bakery, Coffee/Drink, Vibe",keyword
대형 카페입니다.,Coffee/Drink,keyword
"시원시원하게 탁 트인 카페이며, 2층에는 옷이나 소품을 팔고 있어","Dessert/Bakery, Coffee/Drink, Vibe",keyword
커피 한잔 하며 구경하기 좋습니다.,"Dessert/Bakery, Coffee/Drink",keyword
🙌매장은 깔끔하고 넓어서 좋았습니다.,"Dessert/Bakery, Coffee/Drink, Vibe",keyword
커피를 주문 했을 때 선택한 원두의 설명이 담긴 종이를 같이 제공하며 어떤 맛을 느낄 수 있는지 알 수 있어 좋았습니다.,"Service, Dessert/Bakery, Coffee/Drink, Vibe",keyword
야외 풍경이 너무 예쁘고,Vibe,keyword
"🌿🍀
빵도 괜찮고",Dessert/Bakery,keyword
"🥐
마시는 물도 비치되어있어 좋아요~~!","Vibe, Coffee/Drink",keyword
휴대폰충전어렵구 디카페인은1천원추가인데맛이없음,Coffee/Drink,keyword
1층에 카페고 2층에 상품을 구경할 수 있게 되어있어요,"Price, Dessert/Bakery, Coffee/Drink, Vibe",keyword
그리고 특히 디저트!!!!,Dessert/Bakery,keyword
추천해요~,"Dessert/Bakery, Coffee/Drink, Vibe",keyword
"애플 유자 갸또와 발로나 초코무슨빵에 음료는 아이스라떼와 피치우롱티를 마셨는데
디저트도 음료도 모두다 맛있잖아요","Dessert/Bakery, Coffee/Drink",keyword
"🫢♥️♥️♥️
디저트 종류도 다양하고 다른곳에서 맛볼수없는 시그니처 메뉴들도 많아 인기있는 성수동 커피 맛집이 아닌가 싶어요","Dessert/Bakery, Coffee/Drink, Vibe",keyword
장소가 커서 의자가 많고 다양한 디저트가 있습니다!,"Service, Dessert/Bakery, Coffee/Drink, Vibe",keyword
커피도 네가지 원두가 있어서 좋았습니다~,"Vibe, Coffee/Drink",keyword
맛난 키위케이크~~,Dessert/Bakery,keyword
크로와상 맛있네요~,Dessert/Bakery,keyword
후추소금빵은 후추맛이 강해서 제입맛에는 별로 였어요ㅠㅠㅠ,Dessert/Bakery,keyword
소금빵 존맛집,"Dessert/Bakery, Vibe",keyword
분위기 좋고 원두 선택 가능하고 커피 맛있어요,"Vibe, Service, Coffee/Drink, Price, Dessert/Bakery",keyword
감성있구 좋아요,"Vibe, Coffee/Drink",keyword
음료도 다 맛있었어요,Coffee/Drink,keyword
"❤️😘
디저트 종류도 다양하더라구요","Dessert/Bakery, Coffee/Drink",keyword
그리고 매장이 큼직하고 창이 시원시원하게 되어있어서 답답하지 않아요,"Dessert/Bakery, Coffee/Drink, Vibe",keyword
그리고 대화하기 좋은 카페인거 같아요,"Dessert/Bakery, Coffee/Drink",keyword
성수 쎈느추천합니당,"Dessert/Bakery, Coffee/Drink, Vibe",keyword
그냥 베이커리 존맛탱집 아빠가 맛있다며 포장해가자고… 할 정도… 커피 원두도 4가지 중 고를 수 있어서 너무 좋았구요 !,"Price, Dessert/Bakery, Coffee/Drink, Vibe",keyword
디카페인도 있어요!,"Vibe, Coffee/Drink",keyword
"빵은 그냥 다 먹어보고 싶을 정도…
주차장 있는게 킬포","Dessert/Bakery, Coffee/Drink, Vibe",keyword
카페 자리 만석🥲 ㅎㅎ 이여서 2층에서 열심히 구경 했네용,"Dessert/Bakery, Coffee/Drink",keyword
"👍🏻👍🏻👍🏻
바닐라 라떼를 좋아 하는 사람으로서 바닐라라떼 최애집❤️😍😍 너무 만족하고 가용!","Price, Dessert/Bakery, Coffee/Drink, Vibe",keyword
"네이버에서 검색하고 쎈느Scene카페 다녀왔어요, 키위 케이크와 소금빵 맛있어요","Dessert/Bakery, Coffee/Drink",keyword
베이커리류도 많고 디저트 케이크도 많아요.,Dessert/Bakery,keyword
매장도 넓구 무엇보다 생각보다 이 주변 카페가 일찍 닫는데 여긴 늦게까지 해서 좋아요!,"Dessert/Bakery, Coffee/Drink, Vibe",keyword
커피도 맛있고 빵도 다 만족합니당 ◡̈,"Dessert/Bakery, Coffee/Drink, Price",keyword
매장 넓고 분위기 좋아요,Vibe,keyword
주차도 되고 커피도 맛있고 케이크도 예뻐요 ^^,"Position, Dessert/Bakery, Coffee/Drink, Vibe",keyword
"공간이 넓고 창이 커서 사진도 잘나오고~ 
담에 또 들릴려구요^^","Service, Vibe, Coffee/Drink",keyword
커피 맛도 좋고 직원 분도 친절하시고 사람도 없고 너무 좋았어요:) 오전부터 친절한 직원분 덕분에 오늘 하루 기분이 되게 좋을 것 같아 감사합니다,"Service, Dessert/Bakery, Coffee/Drink, Vibe",keyword
매장이 넓고 천장이 높아 탁트인 느낌의 카페에요,"Vibe, Coffee/Drink",keyword
걸그룹 '스테이씨' 팝업으로 오랜만에 방문하게 된 '쎈느 카페' 오랜만에 이곳에서 라떼 먹으니 맛있었네요,"Service, Dessert/Bakery, Coffee/Drink",keyword
더워 죽기 직전에 도착해서 살았어요.,"Dessert/Bakery, Coffee/Drink",keyword
커피 맛있고 직원분도 친절하심,"Service, Dessert/Bakery, Coffee/Drink",keyword
"🥹
매장 넓고 시원한데 사람 많아서 시끄러워용","Dessert/Bakery, Coffee/Drink, Vibe",keyword
카페가 넓어서 좋아요,"Vibe, Coffee/Drink",keyword
야외자리도 분위기있고 잘 있다 왔어요,"Dessert/Bakery, Coffee/Drink, Vibe",keyword
공간이 넓고 좋아요.,Vibe,keyword
2층 편집숍도 같이 있어서 마시고 바로 올라가 쇼핑한다고 사진을 한장밖에 못찍었다는ㅜㅜ 카페 내부도 외부도 깔끔하고 예뻐욯ㅎ,"Dessert/Bakery, Coffee/Drink, Vibe",keyword
카페도 넓구 유일하게 성수동 주차도 돼서 조아요,"Position, Dessert/Bakery, Coffee/Drink, Vibe",keyword
점심 약속 시간까지 시간이 남아 가장 가까운 카페 검색해서 들어온건데 보석같은 카페 발견.,"Dessert/Bakery, Coffee/Drink",keyword
갤러리 느낌으로 인테리어가 되어있어 사진 찍으니 예쁘게 나오고 2층은 소품?,"Vibe, Coffee/Drink",keyword
옷을 파는거 같은데 가보진 않았습니다.,Dessert/Bakery,keyword
시그니쳐 메뉴 먹어보려고 쎈느슈페너 한잔 주문했는데 크림이 아주 고소하고 맛있었어요.,"Service, Dessert/Bakery, Coffee/Drink",keyword
빵도 종류가 많고 냄새가 미친듯 유혹적이었는데 점심약속때문에 패스..,Dessert/Bakery,keyword
다음에 다시 빵먹으러 찾아올거에요,"Dessert/Bakery, Coffee/Drink",keyword
아메리카노 산미 없는 고소한 원두 맛있어요!,"Dessert/Bakery, Coffee/Drink",keyword
매장도 엄청 넓고 깔끔한 분위기라서 대화하기 좋았습니다~,"Dessert/Bakery, Coffee/Drink, Vibe",keyword
매장이 넓은 거  좋음,Vibe,keyword
테이블 사이도 넓직,"Vibe, Coffee/Drink",keyword
"커피맛은 뭐 그냥 쏘쏘
불친절한 손님 응대","Service, Dessert/Bakery, Coffee/Drink",keyword
내가 못 올 때 왔나?,"Dessert/Bakery, Coffee/Drink",keyword
"아메리카노 ⭐️⭐️
커피맛은 보통, 매장은 넓어서 좋아요.","Vibe, Coffee/Drink",keyword
힙한곳인지 사람들이 사람을 배경으로 사진을 너무 찍어요 ㅠ,"Dessert/Bakery, Coffee/Drink, Vibe",keyword
밖에 테블은 특히 더더욱.,Vibe,keyword
편하게 대화할 수 있는 곳는 아니네요.,"Dessert/Bakery, Coffee/Drink, Vibe",keyword
직원들도 사람에 질린건지 뭘 물어봐도 불친절,"Service, Dessert/Bakery, Vibe",keyword
우연히 방문했는데 커피랑 티라미수 잘 먹었어요!,"Service, Dessert/Bakery, Coffee/Drink",keyword
빵 종류도많고 여유로워요,Dessert/Bakery,keyword
"떵개랑 데이트,
떵개 대접받는날
멍푸치노 가성비 최고😭
아메도 맛있음","Dessert/Bakery, Coffee/Drink, Price",keyword
"개방감이 너무 멋진 2층 건물에 야외존까지 매력한가득인 쎈느♡ 
주기적으로 기업들과 콜라보 협업도 진행하며 팝업스토어 공간으로 같이 운영하는 카페에요~","Dessert/Bakery, Coffee/Drink, Vibe",keyword
지금 2층에는 의류매장이 있네요,"Vibe, Coffee/Drink",keyword
내부 좌석도 많고 한쪽면이 전면 통창이에요,Dessert/Bakery,keyword
"오늘 날씨가 너무 따뜻해서 야외좌석에 앉았는데, 분위기도 너무 좋고, 
좌석 간격도 넓어서 대화하기에도 좋았어요","Dessert/Bakery, Coffee/Drink, Vibe",keyword
"식사 후 방문이어서 음료만 먹었는데, 디저트 종류들도 맛있어 보였어요~","Service, Dessert/Bakery, Coffee/Drink",keyword
"레몬 아이스티와 레몬 얼그레이 티는 비주얼도 예쁘지만, 맛이 인위적이지 않고 건강한 맛이어서 먹기 편했어요!!","Dessert/Bakery, Coffee/Drink, Vibe",keyword
따뜻한 봄날에 멋진공간의 쎈느에서 여유로움을 즐겨보세요^^,"Dessert/Bakery, Coffee/Drink, Vibe",keyword
비씬만큼 맛있지는 않았어요!,Coffee/Drink,keyword
왤케 여기 사람이 많은가..??,"Dessert/Bakery, Coffee/Drink, Vibe",keyword
루이보스레몬은 그냥 아이스티!,Coffee/Drink,keyword
6500원 비싸다!,Price,keyword
오랜지에이드 7500원,Coffee/Drink,keyword
디저트도 이쁘고 맛있었고 카페가 넓어서 대화 나누기 좋더라구요!,"Dessert/Bakery, Coffee/Drink, Vibe",keyword
인테리어도 깔끔해서 마음에 드네요,"Dessert/Bakery, Coffee/Drink, Vibe",keyword
마침 방문한 날 르세라핌 사쿠라 생일기념 팝업이 열려서 재밌게 구경했어요,"Service, Dessert/Bakery, Coffee/Drink",keyword
케이크가 너어어어어무 맛있어요,Dessert/Bakery,keyword
역시 커피맛 분위기  다 쵝오,"Vibe, Coffee/Drink",keyword
넓은 통창 카페입니다!,"Vibe, Coffee/Drink",keyword
쿠키류 케이크류 다양하고 맛있어서 여러 번 방문했네요,"Service, Dessert/Bakery, Coffee/Drink",keyword
넓고 쾌적하고 친절하궁 맛있궁,"Service, Dessert/Bakery, Coffee/Drink, Vibe",keyword
"아이와 함께 서울라이프 팝업 왔다가
1층에 있는 쎈느~방문!!","Service, Dessert/Bakery, Coffee/Drink, Vibe",keyword
딸기라떼!!,Coffee/Drink,keyword
딸기 케이크 너무 맛있어요~,Dessert/Bakery,keyword
"가격이 비싸다 생각했는데 너무 맛있어서 
만족합니다!!","Dessert/Bakery, Coffee/Drink, Price",keyword
아이가 라떼 엄지척했어요~~,"Dessert/Bakery, Coffee/Drink",keyword
매장이 커요!!,"Service, Vibe",keyword
"좋아용
카페 이용시 주차 2시간 4천원이네용","Position, Coffee/Drink",keyword
이용 안하면 1시간 8천원이네용,"Dessert/Bakery, Coffee/Drink",keyword
지나가다가 분위기 좋아서 들렀는데 음료 디전트 다 너무 맛있어요~,"Vibe, Coffee/Drink",keyword
대형카페구 와안전 큰트리가 예쁘게 세워져있었어여,"Service, Vibe, Coffee/Drink",keyword
"너무 추워서 따듯한 애플시나몬라떼랑 밀크티 마셨는데 시나몬라떼는 씹히는 사과랑 계피조합이 너무 좋았구
밀크티가 정말 부드럽고 맛 진하니 계속 먹고싶은 맛이었어요!","Dessert/Bakery, Coffee/Drink",keyword
이미 카페 한군데 더 갔다온 상태였는데도 동생이랑 정말 맛있게 클리어!,Coffee/Drink,keyword
다먹고 위층에 옷구경하는 재미도 있어서 좋았습니다 ㅎㅎ,"Dessert/Bakery, Coffee/Drink, Vibe",keyword
"성수동가면 항상 사람이 북적거려 궁금했는데 
처음 방문해보았습니당 ㅎㅎ","Service, Dessert/Bakery, Coffee/Drink, Vibe",keyword
위에 옷이랑 악세서리 구경 하기도 좋고 크리스마스 트리도 있어서 커피마시고 볼거리 구경하기 좋습니다,"Dessert/Bakery, Coffee/Drink, Vibe",keyword
1층은 카페고 2층은 지금 편집샵이네요.,"Vibe, Coffee/Drink",keyword
"통창에 큰 크리스마스트리가 있어서 사진 찍기 좋았고, 
트리가 예쁘네요.","Service, Vibe, Coffee/Drink",keyword
커피는 고소하고 맛있어요.,Coffee/Drink,keyword
크리스마스 트리가 예쁘다~~^^,Vibe,keyword
성수역 카페들이 생각보다 일찍 문닫아서 그나마 영업시간이 긴곳으로 찾아왔어요!,"Vibe, Coffee/Drink",keyword
매장도 넓고 통창이라 분위기 있습니다,"Vibe, Coffee/Drink",keyword
대신 겨울에 조금 추워요!,Coffee/Drink,keyword
"2층은 편집샵, 의류 매장이 있어서 둘러보기 좋아요!","Vibe, Coffee/Drink",keyword
디저트 종류도 많고 커피도 굿입니다!,"Dessert/Bakery, Coffee/Drink",keyword
"좀 많이 비싸요,,밀크티한잔에 8천원;;
인테리어랑 2층공간 구경할거리있어서 좋아요","Price, Dessert/Bakery, Coffee/Drink, Vibe",keyword
피팅도 가능하더라구요,"Dessert/Bakery, Coffee/Drink, Price",keyword
공간이 엄청 넓고 다양한 음료와 디저트가 많아요!,"Dessert/Bakery, Coffee/Drink, Vibe",keyword
밀크티가 많이 안달고 은은해서 넘 좋았어용 ٩( ᐛ )و,"Dessert/Bakery, Coffee/Drink",keyword
"저녁먹고 들리는 곳
직원분들 친절하시고 커피도 잘 만들어주십니다","Service, Dessert/Bakery, Coffee/Drink, Vibe",keyword
"🙂
커피 맛있어졌어요",Coffee/Drink,keyword
2층에서 진행하고 있는 전시 보러 왔다가 들렀어요!!,"Dessert/Bakery, Coffee/Drink, Vibe",keyword
커피가 고소하고 맛있구 바스크 치즈케이크도 맛나요...☆,"Dessert/Bakery, Coffee/Drink",keyword
전시도 너무 멋있고 커피도 맛있게 먹어서 아주 기분 좋았습니다,"Vibe, Coffee/Drink",keyword
콜드브루 오트라떼 처돌이로써 실패하지 않는 맛이고 디저트와 잘 어울려요.,"Dessert/Bakery, Coffee/Drink",keyword
블루베리 요거트 갸또는 안에 블루베리가 소량밖에 들어있지 않아 쥼 의아하면서 아쉬웠어요.,"Dessert/Bakery, Coffee/Drink, Vibe",keyword
까눌레는 여느 곳과 다르지 않게 겉바속촉이라 음료와 잘 어울렸네요.,"Dessert/Bakery, Coffee/Drink, Vibe",keyword
깔끔란 화이트톤 매장에 좌석이 불편하지 않아 꽤 오랫동안 쉬고 갈 수 있는 카페에요.,"Dessert/Bakery, Coffee/Drink, Vibe",keyword
"매장이 넓기도 하고, 2층에 옷가게도 있으니 커피 마시다 구경하면서 둘러보기 좋습니다.","Dessert/Bakery, Coffee/Drink, Vibe",keyword
디저트가 안달아서 좋아요.,Dessert/Bakery,keyword
디저트 타입이 주기적으로 바뀌는거 같네요.,Dessert/Bakery,keyword
오랜만에 왔더니 생과일케잌은 없고 다른 디저트로 라인업^^됐네요~~,"Dessert/Bakery, Coffee/Drink, Vibe",keyword
커피 맛있어요.,Coffee/Drink,keyword
커피 탄내 안나고 오랜만에 왔더니 고소하니 맛있어졌어요.,"Dessert/Bakery, Coffee/Drink",keyword
개방감이 큰 카페라 기분전환으로 저녁에 나들이로 와서 커피나 과일티 마시고 가기 좋은 공간이에요.,"Service, Dessert/Bakery, Coffee/Drink, Vibe",keyword
"사람들 떠들어도 별로 시끄럽다고 느껴지지 않고
앞마당은 주차하기 좋고요 발렛비 별도 부과
이제 추워져서 마당 테이블엔 못앉겠어요^^","Position, Dessert/Bakery, Coffee/Drink, Vibe",keyword
"밖이 좋은대^^ 
#비건라떼#오가닉레몬티#lemon#무화과파운드",Vibe,keyword
"가격대는 좀 있지만 커피 괜찮구
디저트도 특이하고 예뻤어요","Dessert/Bakery, Coffee/Drink, Vibe",keyword
오렌지 에이드 너무 달지 않고 새콤해서 맛있어요,Coffee/Drink,keyword
"성수동 구경하다가
발견한곳...","Dessert/Bakery, Coffee/Drink, Vibe",keyword
"소품 의류 구경할거리도 많고
매장도넓고..","Dessert/Bakery, Coffee/Drink, Vibe",keyword
여태먹어본맛이랑 넘달라요,Coffee/Drink,keyword
케잌이 비싼만큼 보기도 좋고 맛있어요,Price,keyword
커피도 맛있는 몇 집 안에 듭니다,"Vibe, Coffee/Drink",keyword
비싸지만 진짜 맛있어요!!,Price,keyword
디저트도 둘 다 맛있었어요,Dessert/Bakery,keyword
애플시나몬밀크티마시러갓는데ㅠ시즌음료네요 ㅠㅠㅠ,Coffee/Drink,keyword
오렌지라떼 맛있어요!,Coffee/Drink,keyword
디카페인가능해서 조았어용,"Dessert/Bakery, Coffee/Drink, Price",keyword
매장이 넓고 환하구요,Vibe,keyword
커피도 다양합니다,"Dessert/Bakery, Coffee/Drink",keyword
커피 맛있고 매장이 넓어서 탁 트인 곳에서 대화내누기 좋았네요~,"Vibe, Coffee/Drink",keyword
자몽의 상큼함이 느껴지는 소품들과 인테리어예요,"Dessert/Bakery, Coffee/Drink, Vibe",keyword
배가 너무 꽉~ 차서 디저트 못 먹어 아쉽네요,"Dessert/Bakery, Coffee/Drink",keyword
자몽을 싫어하는데도 불구하고 맛있는 맥주였습니다.,"Dessert/Bakery, Coffee/Drink",keyword
호가든 자몽 팝업했을때 왔습니다,"Dessert/Bakery, Coffee/Drink",keyword
공간도 넓고 인터리어도 절 꾸며져있어서 팝업 관련해서 올때 자주 들립니다,"Dessert/Bakery, Coffee/Drink, Vibe",keyword
맛있어서 또 가고싶은 곳이예요!,Vibe,keyword
소르베가 다 소진되어 만드는 와중에 있었는데 대략 30분~정도 기다리면 먹을 수 있었어요!,"Service, Vibe, Coffee/Drink",keyword
(앞에 분들이 없다는 전제하에.!),"Dessert/Bakery, Coffee/Drink",keyword
원래 샘플만 먹어볼까하다가 샘플은 구매자들 음료 먼저 다 빠진 후에 먹어볼 수 있어서 언제 먹을 수 있는지 측정불가라,"Dessert/Bakery, Coffee/Drink, Vibe",keyword
😢 구매해봤는데 넘 만족스러운 구매였습니다~~!,"Dessert/Bakery, Coffee/Drink, Price",keyword
직원분들도 친절하게~ 답변해주셔서 넘 좋았습니다~~!,"Service, Dessert/Bakery, Coffee/Drink",keyword
특히 밖에서 슬러시 만들어 주신 분 엄지척 친절!:),"Service, Dessert/Bakery, Coffee/Drink, Vibe",keyword
행사 중이라 예쁜 거 먹고 왔네요.,"Dessert/Bakery, Coffee/Drink, Vibe",keyword
카페가커서 친구들이랑 가기 좋을것갘아요,"Service, Vibe, Coffee/Drink",keyword
인테리어가멋있어요.,Vibe,keyword
커피가종류도다양하고콜드브루도맛있네요,"Dessert/Bakery, Coffee/Drink",keyword
호가든 팝업하길래 가보았어요,"Dessert/Bakery, Coffee/Drink",keyword
일단 날이 더운데 사람들마다 간격이 좀 있는 좌석이라 좋앗고 2층에 쇼핑도 할 수 잇어서 좋네요,"Dessert/Bakery, Coffee/Drink, Vibe",keyword
분위기가 예뻐요.,Vibe,keyword
호가든 팝업 스토어일 때 왔는데 시진 찍기 예쁜 캠핑 컨셉이네요.,"Dessert/Bakery, Coffee/Drink, Vibe",keyword
호가든 포멜로 팝업스토어로 방문했습니다 :),"Service, Dessert/Bakery, Coffee/Drink, Vibe",keyword
"자몽맛 호가든이라니, 신기했습니다!","Dessert/Bakery, Coffee/Drink",keyword
라떼 6500원에 마셨다,Coffee/Drink,keyword
전시 보고 쿠폰 있어서 아아 겟!,"Vibe, Coffee/Drink",keyword
산미 있는 원두입니다요.,"Vibe, Coffee/Drink",keyword
yes24 전시 보구 커피도 마실 수 있어서 좋았어요~,"Vibe, Coffee/Drink",keyword
커피가 매우 맛잇어서 놀람,"Dessert/Bakery, Coffee/Drink",keyword
라임에스프레소였던가..,Vibe,keyword
처음 먹어본 맛인데 조합이 어울렸어요,Coffee/Drink,keyword
"원두 고소, 산미, 디카페인 선택가능
1층에 카페 자리 계속 만석 ㅜㅜ
2층에는 편집솝 처럼 예쁜 옷들 판매
커다란 회전 문이 인상 깊은 가게에요","Vibe, Service, Coffee/Drink, Price, Dessert/Bakery",keyword
친구들과 같이 대화하기 좋네요 ~,"Dessert/Bakery, Coffee/Drink, Vibe",keyword
하이볼도 주셔소 잘 먹었습니다 :),Coffee/Drink,keyword
"야외에 앉기 멋진곳
커피는 비싼편 맛은 소소","Vibe, Coffee/Drink, Price",keyword
커피도 맛있고 스콘도 마시써요.,"Dessert/Bakery, Coffee/Drink",keyword
넓은 야외테라스도 있어요,"Vibe, Coffee/Drink",keyword
"🍋라임 샤베트 에스프레소🍋
첨엔 생소해서 뭔가 했는데
자꾸 자꾸 입이 가는게
은근 매력적이에요!","Dessert/Bakery, Coffee/Drink, Vibe",keyword
마싯다.,"Dessert/Bakery, Coffee/Drink",keyword
근데 가격 사악함..,"Dessert/Bakery, Coffee/Drink, Price",keyword
자리는 많지만 사람두 많음 ㅎ,"Dessert/Bakery, Vibe",keyword
매장이 넓어서 편하게 대화하기 좋고 커피와 디저트가맛있어요,"Dessert/Bakery, Coffee/Drink, Vibe",keyword
굿 야외자리 운치있어요,"Vibe, Coffee/Drink",keyword
"오렌지 라떼 약간 시큼한 과일향
힙한 카페","Dessert/Bakery, Coffee/Drink, Vibe",keyword
아바라 맛집이네요~,Coffee/Drink,keyword
샷추가는 천원으로 비싼감이 있지만 기회가 되면 또 먹으러가게 될것 같아요,"Price, Dessert/Bakery, Coffee/Drink, Vibe",keyword
분위기 너무 좋아용,Vibe,keyword
분위기도 좋고 넓어서 좋아요ㅡ,Vibe,keyword
카페 엄청 넓고 디저트들 다 이쁘게 생겼어요!,"Dessert/Bakery, Coffee/Drink, Vibe",keyword
초코라떼 마셨는데 진해서 너무 맛있었어요~~,Coffee/Drink,keyword
2층에는 옷가게도 있는데 마시다가 올라가서 구경하면 즐거워요,"Dessert/Bakery, Coffee/Drink, Vibe",keyword
방문 당시 카페에서 켈빈클라인 팝업을 진행하고 있었음에도 카페랑 공간분리와 통제가 잘 되어있어서 방해받지 않고 커피 잘 마시다가 갔어요~,"Service, Dessert/Bakery, Coffee/Drink, Vibe",keyword
디저트 개비싸니까 당연히 개맛있음 !,"Dessert/Bakery, Price",keyword
르세라핌 팝업 마카롱인줄 알았지롱?,Service,keyword
대기 한 2시간 했어용,"Service, Dessert/Bakery, Coffee/Drink",keyword
"대기 걸어놓고 밥먹고 오니까 딱 맞는듯
케익은 맛있었는데 크림이 살짝 느끼했고
생각보다 커서 다 못먹었음 ㅠ","Service, Dessert/Bakery, Coffee/Drink",keyword
르세라핌 팝업으로 다녀왔어요 공간도 넓고 깔쌈하고 좋았네요!,"Dessert/Bakery, Coffee/Drink, Vibe",keyword
르세라핌 팝업 왔어,"Dessert/Bakery, Coffee/Drink",keyword
"용
케이크 맛있어요",Dessert/Bakery,keyword
"역시 르세라핌 짱짱~ 
디저트도 맛있구요~",Dessert/Bakery,keyword
르세라핌 팝업때 방문했어요!,"Service, Dessert/Bakery, Coffee/Drink",keyword
르세라핌 팝업스토어 해서 쎈느 방문했습니다.,"Service, Dessert/Bakery, Coffee/Drink",keyword
매장 크기 크고 쾌적했습니다.,"Service, Dessert/Bakery, Coffee/Drink, Vibe",keyword
사진 찍어도 잘 나올 것 같았어요.,"Dessert/Bakery, Coffee/Drink",keyword
특히 기대 안했는데 음료가 굉장히 맛있었습니다.,"Dessert/Bakery, Coffee/Drink",keyword
팝업스토어 끝나도 들러볼 만한 카페 같습니다.,"Dessert/Bakery, Coffee/Drink",keyword
"2시간 기다려서
품절 뜬 거 보고 우울했는데","Service, Dessert/Bakery, Coffee/Drink",keyword
음료하나 먹고 가요.,Coffee/Drink,keyword
"르세라핌 팝업으로 다녀왔는데 디저트진짜 도른맛이네여,,,",Dessert/Bakery,keyword
🔥 한정으로 이젠 안판다는게 눈물만 날뿐...,Coffee/Drink,keyword
좌석이 많고 인테리어가 심플하지만 예쁩니다.,"Dessert/Bakery, Coffee/Drink, Vibe",keyword
맛있었고 공간이 좋네요,Vibe,keyword
매장이 넓고 깔끔해요.,"Dessert/Bakery, Coffee/Drink, Vibe",keyword
야외 테이블까지있어서 좌석은 정말 많아요.,"Vibe, Coffee/Drink",keyword
음악을 크게 틀지않아서ㅡ대화하기도 좋답니다.,"Service, Dessert/Bakery, Coffee/Drink, Vibe",keyword
음료 단가는 좀 있어요.,"Vibe, Coffee/Drink",keyword
쇼핑도 하고 커피 디저트도 먹고 사진찍기도 좋아요,"Dessert/Bakery, Coffee/Drink",keyword
모임하기 좋아요,"Dessert/Bakery, Coffee/Drink",keyword
사람 많아요.,"Dessert/Bakery, Vibe",keyword
가격이 좀 비싸네요 ㅠ,Price,keyword
음료도 빵도 다양하고 공간도 넓습니다.,"Dessert/Bakery, Coffee/Drink, Vibe",keyword
직원분들도 은근 세심하고 친절하셔요,"Service, Dessert/Bakery, Coffee/Drink",keyword
라떼맛있고 분위기도 좋아요,"Vibe, Coffee/Drink",keyword
"성수동 카페는 어딜가도 커피맛도, 인테리어도 평타이상인듯...^^;","Dessert/Bakery, Coffee/Drink, Vibe",keyword
콜드브루 맛있어요 :),Coffee/Drink,keyword
자주 방문하는 곳이에요,"Service, Dessert/Bakery, Coffee/Drink, Vibe",keyword
"👍
주문 후 여유가 있어 기다리고 있는데,조금 음료가 늦게 나온 것 같다고 디저트 챙겨주시는 섬세함 ㅠㅠ","Service, Dessert/Bakery, Coffee/Drink, Vibe",keyword
공간이 주는 매력도 짱이에요!,Vibe,keyword
특히 오전에도 방문해보시길 🤗,"Service, Dessert/Bakery, Coffee/Drink",keyword
음료 맛있어요,Coffee/Drink,keyword
야외도 넓고 날씨 좋은 날 딱이에요!,Vibe,keyword
디저트 종류는 다 맛있고 좋았습니다!,Dessert/Bakery,keyword
날씨가 좋아서 밖에 앉았는데 빵가루 때문인지 비둘기가 좀 많이 돌아다니거 자꾸 날아다녀서 새 무서워하시면 실내에 꼭 앉으시길 추천드립니다!,"Dessert/Bakery, Coffee/Drink, Vibe",keyword
날이 너무 좋아 야외에서 먹었어요,Coffee/Drink,keyword
매장 넓고 혼자 있기 굉장히 편한 카페!,"Vibe, Coffee/Drink",keyword
이층에는 의류매장 있어요.,"Vibe, Coffee/Drink",keyword
구경하기도 좋네요,"Dessert/Bakery, Coffee/Drink",keyword
얼그레이 아이스티 맛있어요!!!,Coffee/Drink,keyword
콘센트가 사이사이에 있어서 작업하기 좋아요~,"Service, Dessert/Bakery, Coffee/Drink, Vibe",keyword
매장 넓고 커피 맛있어요,"Vibe, Coffee/Drink",keyword
주위가 시장통같이 시끄러워도 난 괜찮다 하면 가셔도 될거같아요,"Dessert/Bakery, Coffee/Drink",keyword
매장이 넓어요!,Vibe,keyword
다양한 메뉴가 있고 비쌉니당 ㅋㅋ,"Price, Dessert/Bakery, Coffee/Drink, Vibe",keyword
치즈케이크 많이 달지않고 맛있어요,Dessert/Bakery,keyword
비싸지만 맛이 괜찮고 분위기가 좋아요!!,"Vibe, Price",keyword
성수역에서 가까워서 편하게 가기 좋구 2층 편집샵에 예쁜 상품도 많아요,"Vibe, Coffee/Drink, Price",keyword
베이커리도 종류도 다양하고 커피도 맛선택 가능해요,"Service, Dessert/Bakery, Coffee/Drink, Price",keyword
오늘은 조금 쌀쌀해서 테라스에 앉지 못했지만 따뜻한날 밖에서 커피 마시고 싶네요,"Dessert/Bakery, Coffee/Drink, Vibe",keyword
매장이 널찍하고 멋있네요,"Dessert/Bakery, Coffee/Drink, Vibe",keyword
바닐라라떼와 티라미수도 맛있어요,"Dessert/Bakery, Coffee/Drink",keyword
비싸요!,Price,keyword
근데 뭐 분위기는 좋습니당,Vibe,keyword
매장이 너무 예뻐요,Vibe,keyword
내부도 외부도 예쁘고 자연광이 끝내줘요,"Dessert/Bakery, Coffee/Drink, Vibe",keyword
음료도 꿀맛,Coffee/Drink,keyword
매장 넓고 좋아요,Vibe,keyword
"성수동 디올 들렀다가 걷다보니 
 날씨도 좋고 해서 야외 자리 앉았는데 커피도 맛나고 좋네요","Dessert/Bakery, Coffee/Drink",keyword
분위기 밝고 좋습니다!!,Vibe,keyword
디저트류도 다양하게 많아서 선택의 폭이 넓어요,"Service, Dessert/Bakery, Coffee/Drink, Vibe",keyword
늘 사람이 많지만 자리도 띄어져있고 창도 커서 좋아욤,"Service, Dessert/Bakery, Coffee/Drink, Vibe",keyword
커피랑 디저트도 맛있었어요 :),"Dessert/Bakery, Coffee/Drink",keyword
히히히 진짜오랜만에 성수에 놀러왔는데요.,"Dessert/Bakery, Coffee/Drink",keyword
핫플 쎈느에 왔답니다.,"Dessert/Bakery, Coffee/Drink",keyword
카페 바로앞이 주차장이라서 넘 편했구요!,Coffee/Drink,keyword
힙한느낌낭낭 거기에 커피도맛깔나고 케이크도 맛있어서 진짜 찐만족💓,"Price, Dessert/Bakery, Coffee/Drink, Vibe",keyword
예전에 성수 디올 팝업스토어 열었던 곳이더라구요,"Vibe, Coffee/Drink",keyword
"1층은 카페 2층은 디자이너샵 
앞마당에 테이블이 많던데","Vibe, Coffee/Drink",keyword
넓어서 날씨 좋은날엔 밖에서 마셔도 넘 좋을거 같아요,"Dessert/Bakery, Vibe",keyword
"통유리로 되있고 대형 컨테이너 인테리어도 멋지고
무엇보다 오렌지 커피맛이 특별하고 맛있었어요","Dessert/Bakery, Coffee/Drink, Vibe",keyword
"산미 가득한 커피맛에 오렌지향 가득~
진한 파인애플 쥬스도 일품이었네요","Dessert/Bakery, Coffee/Drink",keyword
텐동식당 맛집 다녀와서 튀김류에 살짝 느끼함까지 잡아주는 음료라 선택이 좋았어요 :),"Service, Coffee/Drink",keyword
사람 많지만 오트 비건라떼가 진짜 맛있어요,"Dessert/Bakery, Coffee/Drink, Vibe",keyword
분위기좋습니다,Vibe,keyword
발렛비 있어요,"Vibe, Coffee/Drink",keyword
넓찍해서 너무 좋아요,"Dessert/Bakery, Coffee/Drink, Vibe",keyword
얼그레이파운드랑 아몬드 브라우니 진짜 추천합니다,"Dessert/Bakery, Coffee/Drink, Vibe",keyword
뷰가 이쁩니다!,Vibe,keyword
오렌지라떼 맛있어요,Coffee/Drink,keyword
멀지만 공기쐬며 있는 커피 마시러갑니다,"Vibe, Coffee/Drink",keyword
신기해엽!!!,"Dessert/Bakery, Coffee/Drink",keyword
인테리어가 예뻐요~,Vibe,keyword
커피가 맛있고 발렛주차가 가능해서 좋아요,"Position, Dessert/Bakery, Coffee/Drink, Price",keyword
이 가게만의 특별한 디저트 맛있어요,"Dessert/Bakery, Coffee/Drink, Vibe",keyword
음료가 다 맛있습니다,Coffee/Drink,keyword
꾸덕한 케익도 굿,"Dessert/Bakery, Coffee/Drink",keyword
매장 크고 졸아요!!,"Service, Vibe",keyword
커피도 맛있고 인테리어도 좋습니다,"Vibe, Coffee/Drink",keyword
내부가 넓다.,"Dessert/Bakery, Vibe",keyword
대화하기 좋다.,"Dessert/Bakery, Coffee/Drink",keyword
커피 원두 선택이 가능하며 맛있다.,"Service, Dessert/Bakery, Coffee/Drink, Price",keyword
커피잔이 무겁다.,Coffee/Drink,keyword
화장실이 깔끔하다.,"Dessert/Bakery, Coffee/Drink, Vibe",keyword
"저번에 지나가다가 봤는데
저녁엔 앞마당에서 공연?",Coffee/Drink,keyword
사람들 앉아서 불멍 때리는 것 같더라.,"Dessert/Bakery, Vibe",keyword
"설날에 가족들하고 기분삼아 갔는데
좋았어요",Vibe,keyword
딸기케이크도 맛있고 디저트 종류도 다양해요.,"Dessert/Bakery, Coffee/Drink",keyword
초콜릿 라떼도 맛있고 특히 오렌지 에이드가 착즙한것 처럼 상큼하고 신선해서 너무 맛있어어요!!,"Dessert/Bakery, Coffee/Drink",keyword
음료랑 케이크도 다 맛있고 매장이 넓어서 좋았아요~ 단체 모임 때 딱입니다-!,"Dessert/Bakery, Coffee/Drink, Vibe",keyword
아메리카노 원두 종류 3가지 고를 수 있어요,"Vibe, Coffee/Drink",keyword
디저트는 소금빵 앙바터가 진짜 단짠단짠 미쳤습니다..,Dessert/Bakery,keyword
"👍
일요일 오후에 갔는데 사람이 너무 많아서 시끄러웠구요","Dessert/Bakery, Vibe",keyword
직원분들 친절하세요,"Service, Dessert/Bakery, Coffee/Drink",keyword
화장실은 칸 한개라 좀 불편했지만 깔끔했어요,"Dessert/Bakery, Coffee/Drink, Vibe",keyword
"2층도 구경하고 싶었는데 다음 일정이 있어서ㅠ
다음에 또 가려구요!","Dessert/Bakery, Coffee/Drink, Vibe",keyword
2층에 구경도할 수 있어서 좋아요,"Dessert/Bakery, Coffee/Drink, Vibe",keyword
매장이 매우 넓고 탁트인 큰 창이 너무 좋았습니다.,"Service, Vibe",keyword
오후 5시쯤 어두워질때쯤 카페 분위기가 확 바뀌어 먼가 더 감성있고 대화할때 더 집중할 수 있어서 좋았어요 ㅎㅎ,"Dessert/Bakery, Coffee/Drink, Vibe",keyword
음료도 너무 맛있고 좋은시간 보내고 갑니다^^,Coffee/Drink,keyword
예전에 두 번비 방문해보고 세번째 방문!,"Service, Dessert/Bakery, Coffee/Drink",keyword
쿠키가 아주 쫀쫀한걸보아 조금 오래된 듯 합니다….,"Dessert/Bakery, Coffee/Drink",keyword
파운드케이크와 커피는 아주 맛있었습니다!,"Dessert/Bakery, Coffee/Drink",keyword
매장넓어요!!,Vibe,keyword
"매장은 넓어서 좋은데, 좌석끼리는 좀 비좁은 느낌...",Vibe,keyword
음료는 좋았어요,Coffee/Drink,keyword
음료랑 디저트 무난하고 갈만해요~~,"Dessert/Bakery, Coffee/Drink",keyword
딸기케잌 맛있고 무엇보다 뱅쇼가 완전 맛있어요.......,Vibe,keyword
음료와 디저트가 예뻐서 사진 찍기 좋았어요,"Dessert/Bakery, Coffee/Drink, Vibe",keyword
오레오 케이크가 맛있네요~,Dessert/Bakery,keyword
친구와 떠들기 좋아요,Vibe,keyword
외관이 신기하고 멋있어서 저녁식사 후에 가 보았는데 음료가 상당히 비싸다고 느껴졌습니다,"Dessert/Bakery, Coffee/Drink, Price",keyword
"넓고 좋아요 :) 
발렛 가능인데 2시간이후에는 추가 금액 내야 하더라구요","Price, Dessert/Bakery, Coffee/Drink, Vibe",keyword
특별한 메뉴 흙푸라치노,"Dessert/Bakery, Coffee/Drink",keyword
사장님?,Service,keyword
알바하시는분 너무 유쾌하시고 친절하셔서 좋았어요~,"Service, Dessert/Bakery, Coffee/Drink",keyword
특이한 음료말고 그냥 커피 드세요!,"Dessert/Bakery, Coffee/Drink",keyword
평범한 커피류 맛있습니다!,"Dessert/Bakery, Coffee/Drink",keyword
tvn 이벤트로 와서 재미있게 놀다 갑니다~,"Dessert/Bakery, Coffee/Drink, Vibe",keyword
"제가 방문했을때 크리스마스 전이고, 티비엔이랑 콜라보 해서 매장이 너무너무 귀여웠어요 ><","Service, Dessert/Bakery, Coffee/Drink, Vibe",keyword
"그리고 디져트 픽업해서 집가서 먹었는데 
다 맛있었어요!","Service, Dessert/Bakery, Coffee/Drink, Vibe",keyword
"경기도민이라 가져갈때 케이크는
누워버렸지만ㅠㅠ 포장도 정성껏해주시고 
베이커리류가 전반적으로 만족스러웠어요","Dessert/Bakery, Coffee/Drink, Price",keyword
길가다가 눈에 띄어서 궁금해서 들어가봤습니다!,"Dessert/Bakery, Coffee/Drink",keyword
알고보니 카페였어요!!,Coffee/Drink,keyword
2층에는 엽서도 있고 포토존도 있어서 너무 좋았어요 ㅎㅎ,"Vibe, Coffee/Drink",keyword
시멘트케이크포장해서 먹었는데 너무너무 맛있었어요!!:),"Dessert/Bakery, Coffee/Drink, Price",keyword
팝업이라니 어서 방문해보세요!!,"Service, Dessert/Bakery, Coffee/Drink",keyword
"tvN즐건제일 보러가서
차도 주문~","Service, Coffee/Drink",keyword
"우블라떼, 오렌지가 들어간 카푸치노 느낌의
커피라떼인데 달지도않고 오렌지향이 강하거나해서거부감도 없이 은은하고
너무 예쁘게 담겨나와요~","Dessert/Bakery, Coffee/Drink, Vibe",keyword
"또 말차에 쿠앤크초코가루 올라간
흙말차라떼도 너무 맛있어요.","Dessert/Bakery, Coffee/Drink",keyword
"가격은 비싼 편이지만
구경하고 예쁘게 눈호강하며 마시기 좋습니다.","Price, Dessert/Bakery, Coffee/Drink, Vibe",keyword
티비엔 즐건제일 사랑해요!,"Dessert/Bakery, Coffee/Drink",keyword
춥고 시끄럽고 비싸고 사람많고...,"Price, Dessert/Bakery, Vibe",keyword
장점이라고는 남자친구랑 간 추억이 있다는거 말고는 없는거같아용...,"Dessert/Bakery, Coffee/Drink, Vibe",keyword
사람이 자리가 없도록 많아도 창문으로는 차가운바람 계속 들어오고 얼어 죽는줄 알았어요...,"Service, Dessert/Bakery, Vibe",keyword
음료맛있고 특별한날가기좋아요.,"Dessert/Bakery, Coffee/Drink",keyword
"tvN 즐건제일 팝업으로 방문했는데, 케이크 다 귀여운데, 맛도 있었어요","Service, Dessert/Bakery, Coffee/Drink, Vibe",keyword
"😍😍 주변에 트리도 있고, 이벤트 공간도 있어서 음식 받으러 왔다갔다 할 때 복작복작 했지만 일행들과 즐기기에는 부족함이 없었네요!","Dessert/Bakery, Coffee/Drink, Vibe",keyword
2층 포토존에서도 알차게 잘 놀다왔어요,"Dessert/Bakery, Coffee/Drink, Vibe",keyword
좌석 금방차서 눈치 싸움 필요!,Coffee/Drink,keyword
연예인 오면 분주해지고 어수선해짐,"Dessert/Bakery, Coffee/Drink",keyword
전시이쁘고 쏠쏠했슴!!,Vibe,keyword
디저트가 다양해요,"Dessert/Bakery, Coffee/Drink",keyword
커피도 맛있고 딸기라떼도 엄청 달고 맛있었답니다.,Coffee/Drink,keyword
너무 맛있게 잘 먹었어요~,Coffee/Drink,keyword
특히 벽돌 케이크 너무 맛있었습니다 ㅎㅎ,Dessert/Bakery,keyword
즐건제일 테마로 공사장으로 해놔서 더 재밌게 즐겼어용,"Dessert/Bakery, Coffee/Drink, Vibe",keyword
독특한 메뉴가 좋아요,"Dessert/Bakery, Coffee/Drink",keyword
크리스마스 한정음료들 깨알같이 다 맛있기에요!?,Coffee/Drink,keyword
시멘트라떼랑 tvn딸기라떼 먹었는데 진짜 맛에 감동했어요 ㅋㅋ,"Dessert/Bakery, Coffee/Drink",keyword
인테리어 이렇게 되있는줄 모르고 갔다가 신나게 사진찍고 체험하고 놀다왔어요~ㅋㅋ,"Service, Dessert/Bakery, Coffee/Drink, Vibe",keyword
강추합니다 ㅋㅋ,"Dessert/Bakery, Coffee/Drink",keyword
맛있고 재미있는 팝업을 해서 구경하는 재미가 있었어요 : ) 음료도 맛잇고 디저트는 케이크가 꿀맛,"Dessert/Bakery, Coffee/Drink, Vibe",keyword
티라미수 진짜 도른맛 진짜 너무 맛있어요,Dessert/Bakery,keyword
차 종류는 녹차도 있었으면 좋겠네요,"Vibe, Coffee/Drink",keyword
저렴하지는 않지만 다양한 디저트가 있음,"Dessert/Bakery, Coffee/Drink, Vibe",keyword
지금 tvN 즐건제일 연말 특별기획 팝업전시 하고있어요!,"Dessert/Bakery, Coffee/Drink, Vibe",keyword
tvN쿠키 너무 맛있어요!,Dessert/Bakery,keyword
흙라푸치노는 은은한 말차향이 느껴지는 쿠키가루가들어간 음료였어요~^^,"Dessert/Bakery, Coffee/Drink",keyword
"그리고 tvN 레드 라떼는 
너무 달지 않은 딸기 라떼였어요^^",Coffee/Drink,keyword
tvN즐건제일 땜에왔는데 ㅋㅋ 맛나게먹고 사진도 찍고 그랬어요.,"Dessert/Bakery, Coffee/Drink",keyword
케이크 저거 까만거먹으면 입술이랑 이빨이 다 까매져요 ㅎㅎ,"Dessert/Bakery, Coffee/Drink",keyword
먹고 2층가서사진찍으시려면 입이랑 이빨 다 행구고 보고가세요 ㅋㅋㅋ,Coffee/Drink,keyword
"넘 즐거운 곳이에요, 음료맛있어요^^","Vibe, Coffee/Drink",keyword
즐건제일 팝업 때 가서 원래 쎈느 분위기는 모르는데 넓고 예뻐요!!!,Vibe,keyword
음료도 특이한거 많구 맛있어요.,"Dessert/Bakery, Coffee/Drink",keyword
베이커리류도 많았는데 못먹어서 아쉽 ㅠㅠ,Coffee/Drink,keyword
쎈느카페를 티비엔에서 잠시동안 팝업스토어를 열었어요 !,Coffee/Drink,keyword
볼거리 구경거리도 많다보니 테이블은 많지않지만 베이커리가 맛있어서 만족 ..!!!,"Coffee/Drink, Price",keyword
디저트랑 음료 독특해서 한번쯤 먹을만해요~,"Dessert/Bakery, Coffee/Drink",keyword
인테리어 예쁘고 음료도 맛있어요,"Vibe, Coffee/Drink",keyword
커피 맛있고 디저트도 너무 맛있어요!,"Dessert/Bakery, Coffee/Drink",keyword
"에티오피아 원두를 좋아하고 복숭아맛과 딸기맛을
특히 좋아하는 저는 이 커피를 참을수 없었습니다",Coffee/Drink,keyword
"👏
큰 크리스마스 트리가 빤짝빤짝 빛나고 깔끔하면서
창고를 연상시키는 인테리어가 공존합니다","Service, Dessert/Bakery, Coffee/Drink, Vibe",keyword
"🙂
1층은 카페고 2층은 쇼핑을 위한 공간인데 뭔가","Vibe, Coffee/Drink",keyword
"😊
감사합니다","Dessert/Bakery, Coffee/Drink",keyword
이렇게 하면 힙알못 벗어날수 있는거 맞나요??,"Dessert/Bakery, Coffee/Drink, Vibe",keyword
커피 마셨어요.,Coffee/Drink,keyword
"커피도 맛있도, 디저트도 맛있어요!","Dessert/Bakery, Coffee/Drink",keyword
찐 성수 분위기👍,Vibe,keyword
인테리어 깔끔하고 디저트 음료 다,"Dessert/Bakery, Coffee/Drink, Vibe",keyword
햄치즈 샌드위치 기대안하고 먹었는데 맛있어요.,"Dessert/Bakery, Coffee/Drink",keyword
소금빵에 앙버터에 있던 버터 발라먹으니 쫀득쫀득 천국의 맛이네요,"Service, Dessert/Bakery, Coffee/Drink, Vibe",keyword
"😍 
직원분들도 멋지고 친절하시고 평일오전에 갔더니 여유 부릴 수 있어서 너무 행복했네요.","Service, Dessert/Bakery, Coffee/Drink, Vibe",keyword
"커피도 맛있고, 인테리어도 이쁘고","Vibe, Coffee/Drink",keyword
"성수동의 만남의 광장같은 곳 
더워도 야외 좌석은 인기가 많고 
팝업도 자주 하다보니 가끔 들리게 되는 곳","Dessert/Bakery, Coffee/Drink, Vibe",keyword
지나다니면서 궁금했던 곳✨✨,"Dessert/Bakery, Coffee/Drink, Vibe",keyword
커피가 약간 시긴한데 라테로 극뽁,"Dessert/Bakery, Coffee/Drink, Vibe",keyword
회사 근처에 있어 가보았는데 괜찮습니다 :),"Vibe, Coffee/Drink",keyword
커피 싫어하는데 아메리카노 맛있게 잘 마셨어요,Coffee/Drink,keyword
😊 분위기도 좋고 좋아용,Vibe,keyword
여긴 공간 대여가 잦아서 볼거리가 많앙,Vibe,keyword
넓고 맛있어요,Vibe,keyword
"특이한 커피 주문 명세서
묵직한 맛이
학동역 근처 코버커피랑 유사
젊은친구들 많네","Service, Dessert/Bakery, Coffee/Drink, Vibe",keyword
음료가 아주 맛있습니다,Coffee/Drink,keyword
같은거 해놨는데 신기하고 좋더라고요~<,"Dessert/Bakery, Coffee/Drink",keyword
인테리어도 예쁘구 전시공간도 좋아요,Vibe,keyword
가볍게 한잔 마셨어용 안주하라고 치즈 같이 주시는데 꼬릿허이 맛있음,"Dessert/Bakery, Coffee/Drink",keyword
커피가 진짜 맛있고 나중에 먹은 디저트도 맛있었어요!,"Dessert/Bakery, Coffee/Drink",keyword
인테리어도 멋지고 사진 찍기 진짜 좋아요!,Vibe,keyword
감사합니다~,"Dessert/Bakery, Coffee/Drink",keyword
분위기 좋고 직원분들 다 친절하세요!,"Service, Dessert/Bakery, Coffee/Drink, Vibe",keyword
성수에 특이한 인테리어가 돋보이는 카페 scene을 처음 가봤는데요~,"Dessert/Bakery, Coffee/Drink, Vibe",keyword
놀란 가슴을 진정시키고 둘러본 카페에는 의류와 잡화도 판매하고 있는 편집샵이기도 했어요~,"Dessert/Bakery, Coffee/Drink, Vibe",keyword
커피도 맛있었어요 ㅎ,Coffee/Drink,keyword
매장이 이뻐요,Vibe,keyword
특별한 옷들과 악세서리가 있어요.,"Dessert/Bakery, Coffee/Drink, Vibe",keyword
커피보다 분위기 마시러 가는 핫플같아요 !,"Dessert/Bakery, Coffee/Drink, Vibe",keyword
디제잉파티하고 있어서 좋은 노래 들으면서 선선한 날씨에 커피마시니까 너무 행복했습니다,"Dessert/Bakery, Coffee/Drink, Vibe",keyword
주말엔 사람이 참 많습니다!,"Dessert/Bakery, Vibe",keyword
"커피에 대한 설명도 참 자세해서 참고해 맛보기 좋았어요:)
매장 이용시에도 일회용 컵으로 주셔서 쓰레기 걱정이 되긴했습니다..","Service, Dessert/Bakery, Coffee/Drink, Vibe",keyword
선선한날 야외에서 커피마시니까 기분 좋아요 ㅎㅎ,"Dessert/Bakery, Coffee/Drink, Vibe",keyword
늦게까지 영업해서 좋네요 ㅎㅎ,"Dessert/Bakery, Coffee/Drink",keyword
인테리어 멋있어요 ㅎㅎ,Vibe,keyword
커피 맛있음,Coffee/Drink,keyword
디져트가 예쁘고 맛있어요,Vibe,keyword
디저트 맛집 이네요!,Dessert/Bakery,keyword
음료도 맛있고 디저트도 맛있고 직원분들이 친절하셔요,"Service, Dessert/Bakery, Coffee/Drink",keyword
디저트들이 맛있어요,Dessert/Bakery,keyword
성수동에사 주차가 제일 편한 카페!!,Coffee/Drink,keyword
발레파킹 해주시는분 너무 친절하고 좋으셔요.,"Service, Dessert/Bakery, Coffee/Drink",keyword
카운터 직원분도 바리스타분도 모두 친절하고 좋으셨어요.,"Service, Dessert/Bakery, Coffee/Drink",keyword
카페말고 윗층에서 악세사리 구매.,Coffee/Drink,keyword
토요일 낮 여직원분 친절하셨고 매장이 크진 않지만 재밌게 볼만했음.,"Service, Dessert/Bakery, Coffee/Drink, Vibe",keyword
화장실이 작아서 불편.,"Dessert/Bakery, Vibe",keyword
야외에 앉을 수 있어 좋네요 ㅎㅎ,"Vibe, Coffee/Drink",keyword
보통 사람이 많은데 예쁘고 빵도 맛있어요,"Dessert/Bakery, Vibe",keyword
"왁작왁작 바글바글 ㅠㅠ
주차는 근처 공영주차장이용했으","Position, Dessert/Bakery, Coffee/Drink",keyword
커피랑 디저트 다 맛있어요!,"Dessert/Bakery, Coffee/Drink",keyword
"티라미슈도🙌
맥주 시키면 나쵸를 무료로 주네요",Vibe,keyword
다른 디저트들도 많고 공간 예쁘고 좋아요,"Dessert/Bakery, Vibe",keyword
주차하기 편해요,"Position, Dessert/Bakery, Coffee/Drink",keyword
발렛비 유료이나 아저씨 프로임,Coffee/Drink,keyword
나이있으신데 테슬라도 잘 운전하심,"Dessert/Bakery, Coffee/Drink, Vibe",keyword
"초콜렛 라떼 강추  
미팅장소로도 추천","Vibe, Coffee/Drink",keyword
스콘진짜너무맛나요!!!,Dessert/Bakery,keyword
친절하고 빵이 진짜 맛있어용,"Service, Dessert/Bakery, Coffee/Drink",keyword
핫플레이스 커피 맛있어요.,Coffee/Drink,keyword
비싸지만 맛있어요,Price,keyword
커피맛이 훌륭,"Vibe, Coffee/Drink",keyword
화장실이 매우 청결하고 매장이 넓어서 좋아요.,"Dessert/Bakery, Coffee/Drink, Vibe",keyword
디저트랑 커피는 그냥 평타,"Dessert/Bakery, Coffee/Drink",keyword
커피는맛있음,Coffee/Drink,keyword
성숟역에서 가까운 갈만한 멋진 카페,"Position, Dessert/Bakery, Coffee/Drink",keyword
"티라미수는 괜찮았는데, 음료로 시킨 아이스티는 팔각이랑 시나몬을 띄워줘서 좀 별로였다.","Dessert/Bakery, Coffee/Drink, Vibe",keyword
분위기 나쁘지않고 2층에서는 이것저것 판매도 한다.,"Dessert/Bakery, Coffee/Drink, Vibe",keyword
빵종류도 많던데 다음에 가게되면 베이커리 위주로 주문해봐야할 듯.,"Service, Dessert/Bakery, Coffee/Drink, Vibe",keyword
제가찾던 스콘맛!!!,"Service, Dessert/Bakery",keyword
소금빵도 맛나고!,Dessert/Bakery,keyword
빵순이해피요~~,Dessert/Bakery,keyword
"시원하게 전창으로 꾸며진 2층까페라
지나가며 눈여겨보았다가
고기먹은 날이라 커피마시러 gogo~~~
앙증맞은 레몬케잌과 배부르지만
항상 빵먹을 배는 있는지라 올리브치아바타도 하나 얼른 픽하고 산미 있는 아아와
산미없는 뜨아를 한잔씩 주문했다","Service, Dessert/Bakery, Coffee/Drink, Vibe",keyword
골라먹을 수 있어서 참 좋은 것 같다,"Dessert/Bakery, Coffee/Drink, Vibe",keyword
"보기보다 더 맛좋은 레몬케잌에 반하고
담백하고 쫄깃쫄깃한 치아바타도
칭찬받아 마땅한 맛이었다","Dessert/Bakery, Coffee/Drink",keyword
"선선해진 날씨여서 야외테이블에도
꽤 많이 자리한 모습이 가을이 왔음을
일깨워 주었다","Dessert/Bakery, Coffee/Drink",keyword
"쎈느는요
점점 변해가는 멋진 성수동의 가고싶은 집이
될 것 같아요","Dessert/Bakery, Vibe",keyword
베이커리는 그저그랬지만 카페가 참 예쁘고 친절해요,"Service, Dessert/Bakery, Coffee/Drink, Vibe",keyword
디카페인 커피도 주스도 다 맛있었어요,Coffee/Drink,keyword
카페가 넓고 쾌적해서 대화 나누기 좋아요~,"Dessert/Bakery, Coffee/Drink, Vibe",keyword
카페 넓어서 조음!!,"Vibe, Coffee/Drink",keyword
피치얼그레이아이스티랑 피치 에스프레소 먹었습니당!,"Vibe, Coffee/Drink",keyword
아이스티는 덜달면서 깔끔한 맛이고 피치 에스프레소는 쌉싸름한 커피맛 뒤에 복숭아 시럽맛 나고 복숭아조각이랑 탄산수 마시면 아이스티 마시는 기분이에요,"Dessert/Bakery, Coffee/Drink, Vibe",keyword
힙한 갬성의 카페네요!!,"Dessert/Bakery, Coffee/Drink, Vibe",keyword
다음에는 티라미수 먹어보고 싶네용,"Dessert/Bakery, Coffee/Drink",keyword
앙버터랑 커피 맛있어요,"Dessert/Bakery, Coffee/Drink",keyword
아이스 오렌지라떼(7000)이 특이하면서 인상깊은 맛이었어요.,"Dessert/Bakery, Coffee/Drink",keyword
"피치파운드(4500), 햄앤치즈샌드위치(5700), 치킨바게뜨(7000), 솔티드바게트(4200), 아이스라떼(7000), 핑크블렌디(12000), 아이스아메리카노(5000)","Dessert/Bakery, Coffee/Drink",keyword
그래도 성수에 주차 편한 까페라 주차때문에라도 또 방문할 것 같긴해요;;,"Service, Position, Dessert/Bakery, Coffee/Drink",keyword
아아메 대박적 숨도 안쉬고 원샷함,"Dessert/Bakery, Coffee/Drink",keyword
"깔끔한 화이트톤 인테리어
2층에 가면 옷이랑 악세사리 구경하고 구매할 수 있어요","Dessert/Bakery, Coffee/Drink, Vibe",keyword
피치얼그레이 시켰었는데 은은한 향이 좋더라고요.,"Dessert/Bakery, Coffee/Drink",keyword
음료 맛있고 조용하고 좋았어요!,"Dessert/Bakery, Coffee/Drink",keyword
"굿 
커피  맛있고 
앙버터빵  굿굿굿","Dessert/Bakery, Coffee/Drink",keyword
"핫한 성수동 카페 🔥🔥🔥
드립커피가 근본있다고 하네요 ㅋㅋ","Dessert/Bakery, Coffee/Drink, Vibe",keyword
"이층엔 옷이랑 여러가지 제품 팔아요
통유리라 낮에가면 창가쪽은 못 앉아요",Dessert/Bakery,keyword
"날씨 좋으면 밖에 자리에 앉았을텐데
원두도 선택 가능하네요.","Vibe, Service, Coffee/Drink, Price, Dessert/Bakery",keyword
매장이 넓어요,Vibe,keyword
시원하니 좋아요 ㅎㅎ,"Dessert/Bakery, Coffee/Drink",keyword
뭐 특별하지도 않고 베이커리나 음료도 비싸고 딱히..,"Dessert/Bakery, Coffee/Drink, Price",keyword
재방문의사 없떠용!,Service,keyword
필터커피 산미도 딱 좋습니다.,Coffee/Drink,keyword
크고 시끄러운 분위기에욥,"Service, Vibe",keyword
스콘이 맛있어요,Dessert/Bakery,keyword
커피 괜찮더라구요,Coffee/Drink,keyword
원두가 산미가 있는 편이었어요,"Vibe, Coffee/Drink",keyword
하나부터 열까지 다 맛있어요!,Coffee/Drink,keyword
특히 앙버터!,Dessert/Bakery,keyword
"핫플답게 시끄럽고 분주하나, 깔끔 쾌적했다.","Dessert/Bakery, Coffee/Drink",keyword
"사람이 많다보니 분위기 자체가 소란하기는 하지만 대화가 불가한 정도는 아니라 연인과 잘 대화할 수 있었고, 빵도 맛있었다.","Dessert/Bakery, Coffee/Drink, Vibe",keyword
인테리어가 엄청 감각적이에요,Vibe,keyword
디저트 맛집!,Dessert/Bakery,keyword
이라고 한 이유를 알 것 같았어요!!!,"Dessert/Bakery, Coffee/Drink",keyword
"진짜 음료 완전 호로록 했고, 디저트도 지존 지대짱!!!","Dessert/Bakery, Coffee/Drink",keyword
으로 맛있었어요 ㅠㅠ,Vibe,keyword
"커피뿐만 아니라~
액새서리, 잡화 등 가볍게 쇼핑하고
수다 떨 수 있는 보석 같은곳^^","Dessert/Bakery, Coffee/Drink, Vibe",keyword
카페전문 유튜브 유리소리TV,Coffee/Drink,keyword
주차공간이 넓직히 카페앞에 있어서 너무 편하고 좋았습니다.,"Position, Vibe, Coffee/Drink",keyword
커피도 음료도 디저트도 다 맛있고 윗층에 마련되어 있는 쇼룸과 카페 공간도 인테리어도 감각적이고 멋진 곳입니다.,"Dessert/Bakery, Coffee/Drink, Vibe",keyword
커피가맛잇어요,Coffee/Drink,keyword
매장 넓고 2층엔 편집샵 있어요,"Vibe, Coffee/Drink",keyword
"핫한 성수감성카페 ,, 또 가야지",Coffee/Drink,keyword
스콘 맛집!!,Dessert/Bakery,keyword
이번엔 지프랑 일하네,"Dessert/Bakery, Coffee/Drink",keyword
센느 커피가 궁금해서 시켜봤는데 에스프레소에 오렌지 시럽이 들어가서 끝맛이 좋았어요,"Dessert/Bakery, Coffee/Drink, Vibe",keyword
아이스 아메리카노는 원두를 고를 수 있어서 좋았어요!,"Vibe, Coffee/Drink",keyword
"그리고 전체적으로 깔끔한 분위기가 좋았습니다,,!","Dessert/Bakery, Coffee/Drink, Vibe",keyword
저녁에 바람 선선할때 밖에서 커피마시기 좋아용,"Dessert/Bakery, Coffee/Drink, Vibe",keyword
역에서 가깝고 카페랑 팝업처럼 구경할 것들이 있어서 재밌어요!,"Position, Dessert/Bakery, Coffee/Drink, Vibe",keyword
커피가 너무 맛없어요,Coffee/Drink,keyword
넓고 야외가 있어 좋아요,"Vibe, Coffee/Drink",keyword
커피가 맛있는 까페예요ㅡ,Coffee/Drink,keyword
후회안하실껄요,"Dessert/Bakery, Coffee/Drink",keyword
심지어 스콘도 맛있어요 ㅜㅅㅜ,Dessert/Bakery,keyword
우리집 앞이였음,Vibe,keyword
맨날 가고싶은곳,Vibe,keyword
"예쁘고 넓은 성수동 카페
커피도 수준 높고
디저트류 맛있어요","Dessert/Bakery, Coffee/Drink, Vibe",keyword
인테리어 최고-!,Vibe,keyword
음료도 맛나요,Coffee/Drink,keyword
커피원두 3가지 중 고를 수 있어요,"Vibe, Coffee/Drink",keyword
취향따라 고를 수 있어서 좋아요,"Vibe, Coffee/Drink",keyword
군더더기없는 깔끔인테리어에 시원하고 넓어서 좋아요.,"Dessert/Bakery, Coffee/Drink, Vibe",keyword
창가에 앉으면 밖에 앉으신 분 티라미슈를 참새에게 뺏기는 장면을 목격할 수 있어요.,"Dessert/Bakery, Coffee/Drink, Vibe",keyword
말차파운드랑 마들렌은 달지않아 맛있어요.,Dessert/Bakery,keyword
재방문의사 있어요,"Service, Vibe, Coffee/Drink",keyword
공간이 넓어 편해요~,Vibe,keyword
디저트랑 음료 둘다 맛있어요.,"Dessert/Bakery, Coffee/Drink",keyword
넓어서 좋아요.,Vibe,keyword
카페가 짱 커요!!,"Service, Coffee/Drink",keyword
"성수에서 큼직큼직한 카페별루없는데
여기 커서좋음","Service, Dessert/Bakery, Coffee/Drink",keyword
레몬파운드 케잌 꼭 드세요,Coffee/Drink,keyword
"😉
날씨가 너무 더워서 실내에 앉았는데 선선할 때 오면 야외에 앉아 있는 것도 좋을 것 같아요","Dessert/Bakery, Coffee/Drink, Vibe",keyword
2층에는 옷이랑 굿즈 팔아서 구경하는 재미가 있네요.,"Dessert/Bakery, Coffee/Drink, Vibe",keyword
"친절, 커피맛집, 장소도 너무 마음에 들어요","Service, Coffee/Drink",keyword
분위기 좋아용 커피 맛있어요,"Vibe, Coffee/Drink",keyword
"스콘맛집👍👍
커피도 맛있어요","Dessert/Bakery, Coffee/Drink",keyword
강아지음료도 우리강아지가 좋아해요,"Dessert/Bakery, Coffee/Drink",keyword
"핫한 이유가 있구나 느낀 
찾는사람들도 다 핫한 사람들","Service, Dessert/Bakery, Coffee/Drink, Vibe",keyword
왜 인기 많은지 알꺼같아요,Dessert/Bakery,keyword
직원분이 친절하고 커피가 맛있네요,"Service, Dessert/Bakery, Coffee/Drink",keyword
주스 맛있는데 비쌈,Price,keyword
성수에서 유명한 카페라서 가봤는데 디저트도 맛있고 음료도 맛있어요,"Dessert/Bakery, Coffee/Drink",keyword
사진도 잘 나오고 디저트도 너무 맛있어서 좋네욤,"Dessert/Bakery, Coffee/Drink",keyword
딸기 케이크 엄청 맛있어요,Dessert/Bakery,keyword
매장 깨끗하고 디저트 종류도 많아요.,"Dessert/Bakery, Coffee/Drink, Vibe",keyword
근데 화장실 줄이 너무 길어요^^;,"Service, Vibe",keyword
대화하기 좋아요,"Dessert/Bakery, Coffee/Drink",keyword
라떼가 제 입맛에 딱 맞았어요,Coffee/Drink,keyword
매장이 넓고 인테리어가 깔끔해요,"Dessert/Bakery, Coffee/Drink, Vibe",keyword
플렛화이트 음료 개노맛ㅎㅅㅎ,Coffee/Drink,keyword
커피 맛이 좋네요,Coffee/Drink,keyword
가격은 좀 비싸지만 장소가 엄청 넓고 인테리어가 예뻐요,"Vibe, Price",keyword
2층에서 팝업스토어도 하고있어서 즐기고 가요,"Dessert/Bakery, Coffee/Drink, Vibe",keyword
"성수역 4번 출구와 가깝고, 매장이 넓어서 약속시간에 일찍 도착했을때 여기서 기다리면 좋습니다!! :)","Vibe, Service, Position, Coffee/Drink, Dessert/Bakery",keyword
간단한 빵 종류도 제공이 되어 커피와 같이 먹기 좋습니다!!,"Service, Dessert/Bakery, Coffee/Drink",keyword
직원분들도 굉장히 친절하고 대화하기 좋습니다! :),"Service, Dessert/Bakery, Coffee/Drink",keyword
"커피는 괜찮음
공간은 엄청 넓음","Vibe, Coffee/Drink",keyword
커피와 디저트 다 맛있어요 !,"Dessert/Bakery, Coffee/Drink",keyword
바닐라라떼가 부드럽고 맛있어서 다음에 또 먹으러 오고 싶어요.,"Dessert/Bakery, Coffee/Drink",keyword
내부가 넓어서 대화하기좋아요,"Dessert/Bakery, Coffee/Drink, Vibe",keyword
원두를 선택할 수 있고 디저트 종류가 많아서 좋아요,"Service, Dessert/Bakery, Coffee/Drink, Vibe",keyword
별기대없엇는데 오 왠욜 굿굿♥,"Dessert/Bakery, Coffee/Drink",keyword
커피가 너무 맛있어요!,Coffee/Drink,keyword
"매장 엄청 넓고 시원시원
공간이 매력적인 곳이었어요",Vibe,keyword
커피맛도 무난~ 괜찮아요,Coffee/Drink,keyword
인테리어도 너무 좋고 깔끔해요,"Dessert/Bakery, Coffee/Drink, Vibe",keyword
케이크 테이크아웃 해서 잘 먹었습니다 ◡̎,"Service, Dessert/Bakery, Coffee/Drink",keyword
채광이 좋아서 밝고 따뜻한 분위기에요.,"Dessert/Bakery, Coffee/Drink, Vibe",keyword
음료랑 디저트도 맛있고 옷이랑 악세사리도 트랜디하고 예뻐요!:),"Dessert/Bakery, Coffee/Drink, Vibe",keyword
음료 맛있아용,Coffee/Drink,keyword
라떼 맛있어요.,Coffee/Drink,keyword
넓고 자리가 많아요.,Vibe,keyword
1968년 지었다는 170평 공장 대지 공간에 1층은 카페로 2층은 편집숍 쇼룸으로 운영한다.,"Dessert/Bakery, Coffee/Drink, Vibe",keyword
커피와 디저트 모두 퀄리티 괜찮다,"Dessert/Bakery, Coffee/Drink",keyword
"만날 수 있을 것 같은 동네지만 
 오픈 초기 카페층은 <아르코>라는 이름으로 운영했었는데 이제 하나의 이름을 쓰나 보다.","Dessert/Bakery, Coffee/Drink, Vibe",keyword
시그니처 뷰포인트는 약간의 그래픽 요소로 컬러풀한 분위기를 더한 익스테리어.,"Dessert/Bakery, Coffee/Drink, Vibe",keyword
"오후 채광이 잔뜩 드는 통창 인테리어도, 이 근처에서 보기드문 야외 테라스와 주차공간도 심리적인 여유를 보탠다.","Position, Vibe",keyword
사람들이 많아용ㅜㅡㅜ 디카페인이 있어서 좋아요,"Dessert/Bakery, Coffee/Drink, Vibe",keyword
사람이 많고 조금 시끄럽긴 한대,"Dessert/Bakery, Coffee/Drink, Vibe",keyword
음료랑 디저트는 맛있어용,"Dessert/Bakery, Coffee/Drink",keyword
공간도 엄청 넓고 깨끗해요~,"Dessert/Bakery, Coffee/Drink, Vibe",keyword
"빵도, 커피도 다 맛있고요!","Dessert/Bakery, Coffee/Drink",keyword
일하시는 분들도 상당히 친절하십니다.,"Service, Dessert/Bakery, Coffee/Drink",keyword
공간이넓어요,Vibe,keyword
라떼 맛있고 얼그레이 케잌도 맛있어요.,Coffee/Drink,keyword
바치케 맛나요,"Dessert/Bakery, Coffee/Drink",keyword
대화하기 좋아요~,"Dessert/Bakery, Coffee/Drink",keyword
친구랑 고고^^,Vibe,keyword
분위기 좋고 인테리어 좋고 멍때리기 좋고 생각정리하기도 좋은 곳~^^ 디저트 베이커리 케익류 다 맛나지만~통유리 창가자리 찜콩하면 완전 햇살맛집~커피 찐 맛집~!! ^^,"Service, Dessert/Bakery, Coffee/Drink, Vibe",keyword
서비스마인드 중요하게 여기는 1인으로서  직원분들도 넘 친절하시구~,"Service, Dessert/Bakery, Coffee/Drink",keyword
대만족!!!,Price,keyword
재방문 의사 백퍼 이백퍼~!!,Service,keyword
성수동을 대표하는 힙한 카페 중 하나입니다.,"Dessert/Bakery, Coffee/Drink, Vibe",keyword
"가끔은 팝업스토어로 변신을 하기도 해서 ""어 없어졌나"" 생각도 들지만 성수동 터줏대감답게 항상 늘 붐비는 카페에요","Dessert/Bakery, Coffee/Drink, Vibe",keyword
성수동 일대는 주차가 힘든 편인데 센느는 발렛주차가 가능해서 차 가지고 오기 좋습니다.,"Position, Dessert/Bakery, Coffee/Drink, Price",keyword
넓은 부지 앞의 야외 테라스 자리로 유명한 카페이니 날씨 좋은 날 방문하는게 좋아요,"Service, Dessert/Bakery, Coffee/Drink, Vibe",keyword
(날씨 좋은날 테라스 자리 앉으면 파리지앵 느낌 납니다 ㅎㅎ),Coffee/Drink,keyword
분위기만 좋은 건 아니고 원두 맛집에 빵도 괜찮습니다.,"Dessert/Bakery, Coffee/Drink, Vibe",keyword
바쁜 카페에서는 취급하지 않는다는 드립 커피도 판매합니다.,"Dessert/Bakery, Coffee/Drink",keyword
붐비는 시간에 가면 정말 붐비는 곳입니다.,Vibe,keyword
2층에도 자리 있으니 1층이 붐빈다면 2층 추천드려요!,"Vibe, Coffee/Drink",keyword
걱정했던거 보단 괜춘,"Dessert/Bakery, Coffee/Drink",keyword
디저트 먹고싶었는데 개비싸ㅠㅠ,"Dessert/Bakery, Coffee/Drink, Price",keyword
딸기 크루아상은 겹겹이 파스라지는 식감 굿😚 오렌지 버터 스콘은 짭짤한 버터 맛이 강하고 오렌지 마멀레이드는 향보다는 버터를 잡아주는 정도,"Dessert/Bakery, Coffee/Drink",keyword
탁 트여 있고 2층인데 인테리어가 시크해요!,"Dessert/Bakery, Coffee/Drink, Vibe",keyword
오래 대화하기 좋은 곳🗣👥,"Dessert/Bakery, Coffee/Drink, Vibe",keyword
넓어서 앉을 자리가많아요!,Vibe,keyword
여기서 팡순이랑 미래설계 했어요,"Dessert/Bakery, Coffee/Drink",keyword
"너나경보다가 승현이랑 대일이 소개팅 장소길래
찾아서 바로 방문했는데 직원분들 친절하시고 
카페 내부 이쁘고 넓음!!!!!","Service, Dessert/Bakery, Coffee/Drink, Vibe",keyword
넓고 아늑하고 직원들이 친절해요,"Service, Dessert/Bakery, Coffee/Drink, Vibe",keyword
오렌지라떼 맛있네요,Coffee/Drink,keyword
"좌석이 많고, 카페가 굉장히 큰 편입니다.","Service, Coffee/Drink",keyword
"직원분들도 친절하시고, 따뜻한 애플시나몬 우유 먹었는데 맛있어요!!!","Service, Dessert/Bakery, Coffee/Drink",keyword
성수역 만남 장소로 추천합니당!!,"Dessert/Bakery, Coffee/Drink, Vibe",keyword
너무 자주 왓지만 ㅋㅋㅋ 맛잇어서 자주 와용 낮시간 점심에욤,"Dessert/Bakery, Coffee/Drink",keyword
넓어서 자주 갓엇어용ㅎㅎ,Vibe,keyword
아인슈페너 마싯어요:) 그리규 말차쿠키 취저에요ㅠㅠ,"Dessert/Bakery, Vibe",keyword
시그니처 메뉴 여쭤보았는데 추천해주신 음료 아인슈페너 바닐라크림맛이라고 추천해주신 음료 매우 맛있었습니다~,"Dessert/Bakery, Coffee/Drink, Vibe",keyword
그리고 친절하셨어요:),"Service, Dessert/Bakery, Coffee/Drink",keyword
몇몇 메뉴는 톡 튀게 가격이 좀 있네요!,"Vibe, Coffee/Drink, Price",keyword
매장 넓어요~,Vibe,keyword
화장실은 한칸뿐이라 다소 불편 ㅎ,Vibe,keyword
커피가 괜찮아요~!,Coffee/Drink,keyword
인스타갬성 카페입니다~!!,"Dessert/Bakery, Coffee/Drink",keyword
디저트류 다 맛있어요~~~,Dessert/Bakery,keyword
분위기 너무 좋았어요,Vibe,keyword
매장도 엄청 크고요!,"Service, Vibe",keyword
"화장실도 예쁘고
사장님이 엄청 신경 쓰신게 티가 나요","Service, Vibe, Coffee/Drink",keyword
요즘 아아 못먹는 저한테 필수 선택,"Service, Coffee/Drink",keyword
지나갈때 항상 사람이 북적거려요,"Dessert/Bakery, Vibe",keyword
음료는 괜찮은 편 매장이 넓어서 좋아요,"Vibe, Coffee/Drink",keyword
까페도 넘 예쁘고 음료도 맛있어요,"Vibe, Coffee/Drink",keyword
넓고 좋아요!,Vibe,keyword
"#scene #성수동카페
공간이 넒어요
쇼룸과 함께해서 좋고 
하얀색으로 건물 인테리어
트리도 멋진곳입니다","Dessert/Bakery, Coffee/Drink, Vibe",keyword
가격은 비싸지만 케이크랑 커피 다 맛있네요,"Dessert/Bakery, Coffee/Drink, Price",keyword
키위케이크 👍🏻,Dessert/Bakery,keyword
"매장 분위기도 좋고, 케익맛있어요!",Vibe,keyword
매장두 이쁘고 크고 커피도 마시쪄영,"Service, Vibe, Coffee/Drink",keyword
친절하고 깔끔해서 좋았어요,"Service, Dessert/Bakery, Coffee/Drink",keyword
아케인 때문에 갔었는데 카페 자체가 예쁘고 좋아요,"Vibe, Coffee/Drink",keyword
주말에는 사람이 정말 많네요 ㅠㅠ,"Dessert/Bakery, Vibe",keyword
조용하게있기보단 좀 시끄러워요,"Dessert/Bakery, Coffee/Drink, Vibe",keyword
디저트가 맛있고 주차가되서 좋아요,"Position, Dessert/Bakery",keyword
화사한 분위기라 사진도 잘나오고 좋아요,"Dessert/Bakery, Coffee/Drink, Vibe",keyword
커피맛좋아요,Coffee/Drink,keyword
쿠키 너무 맛있어요.,Dessert/Bakery,keyword
특히 말차쿠키 짱,Dessert/Bakery,keyword
아케인 이벤트 잘 참여하고 갑니다,"Dessert/Bakery, Coffee/Drink",keyword
비건쿠키랑 브라우니가 진짜 맛있었어요,"Dessert/Bakery, Coffee/Drink",keyword
맛있게 잘먹었습니다!,Coffee/Drink,keyword
애플 시나몬 맛있는데 우유가 너무 안 뜨거웠어요,"Vibe, Coffee/Drink",keyword
카페도 예쁘고~!~,"Vibe, Coffee/Drink",keyword
대구에서 서울놀러가서 먹었어요,Coffee/Drink,keyword
오랜지라에 그냥 노맛,Dessert/Bakery,keyword
음료 맛이써요,Coffee/Drink,keyword
많이 비싼것 같습니다,"Dessert/Bakery, Price",keyword
분위기도 좋고 커피 맛도 굿 !,"Vibe, Coffee/Drink",keyword
주차가 되서 좋음.,Position,keyword
실내는 매우 시끄러움.,Vibe,keyword
음료양이 상당히 적음,Coffee/Drink,keyword
비건 쿠키가 되게 쫀득하고 맛있다,"Dessert/Bakery, Coffee/Drink",keyword
매장이 커서 그런가,"Service, Vibe",keyword
돗대기시장같이 사람 너무 많아요ㅠ,"Dessert/Bakery, Vibe",keyword
음료 다,Coffee/Drink,keyword
맛있고 매장이 넓어서 좋음!,Vibe,keyword
그냥 저냥 갈만해요,"Dessert/Bakery, Coffee/Drink",keyword
날좋을때 한번가고 날 안좋을때 가면 안으로 들어가야 해서 답답해요,"Dessert/Bakery, Coffee/Drink",keyword
친절하시고 커피 원두 넘 맛있어요!,"Service, Dessert/Bakery, Coffee/Drink",keyword
키위케이크랑 말차쿠키도 맛나요♡,Dessert/Bakery,keyword
사람이 많아서 음료나오는데 시간이 걸리긴 햇지만 널찍아니 자리도 띄엄띄엄인것도 좋고 야외에 앉을 수 있는것도 좋아요!,"Dessert/Bakery, Coffee/Drink, Vibe",keyword
야외에서 마시고 좋은데 사람이 너무 많아요ㅠ,"Dessert/Bakery, Vibe",keyword
좌석도 편하고 넓어서 앉을 자리도 많고 괜찮았어요~~,Vibe,keyword
매장이 넓어서 좋고 커피 맛있어요,"Vibe, Coffee/Drink",keyword
커피가 너무 비싼 감이 있지만 자리도 많고 넓고 커피도 괜찮았어요~!,"Vibe, Coffee/Drink, Price",keyword
주차편함.,Position,keyword
음료맛있음.,Coffee/Drink,keyword
오렌지버터스콘 진짜 너무 맛있고 말차쿠키도 훌륭해요,"Dessert/Bakery, Coffee/Drink, Vibe",keyword
넓고 쾌적 아인슈페너 맛나요,Vibe,keyword
그리고 친절하세요,"Service, Dessert/Bakery, Coffee/Drink",keyword
매장규모에 놀라그 인테리어에 놀라그 짜디짰던 브라우니에 또 한 번 놀랐습니다.,"Dessert/Bakery, Coffee/Drink, Vibe",keyword
(우리입맛이 이상한건가,"Dessert/Bakery, Coffee/Drink",keyword
고민고민하다가 카운터에 말하니 바로 확인해주시고 조치해주셔서 감동) 주차장 옆 야외테라스 유럽인줄❤️ 애플시나몬밀크랑 키위케이크 먹으러 또 갈래용,"Service, Dessert/Bakery, Coffee/Drink, Vibe",keyword
핫플레이스라고 하던데 그래서인지 평일 5시쯤인데도 사람이 많았어용!,"Dessert/Bakery, Coffee/Drink, Vibe",keyword
주차장공간 인상적.,"Vibe, Coffee/Drink",keyword
커피는 보통.,Coffee/Drink,keyword
카페 예쁨,"Vibe, Coffee/Drink",keyword
쿠키 맛남!,Dessert/Bakery,keyword
베이커리류 다 맛있어보이는데 브런치를 배부르게 먹고 와서 아쉬워요.,"Dessert/Bakery, Coffee/Drink",keyword
커피도 맛있고 특히 라떼류 비건으로 변경할 수 있어 좋아요!,"Dessert/Bakery, Coffee/Drink, Vibe",keyword
공간 자체가 넓어서 시원시원해요.,"Dessert/Bakery, Coffee/Drink, Vibe",keyword
상당히 넓고 야외석도 있는데 사람이 엄청 많아요 ㅎㅎ,"Dessert/Bakery, Coffee/Drink, Vibe",keyword
가격은 좀 비싸지만 성수역 근처라.,Price,keyword
디저트 맛있고 주차 넘 좋아요...,"Position, Dessert/Bakery",keyword
사진 찍기도 좋고 오렌지 음료가 특이해요,"Dessert/Bakery, Coffee/Drink",keyword
분위기 좋고 시원하고 테이블도 많고 콜드브루 디카페인 맛있네요,"Dessert/Bakery, Coffee/Drink, Vibe",keyword
스콘도 저렴하고 딱좋아요!,"Dessert/Bakery, Coffee/Drink, Price",keyword
카페 안이 통창으로 탁 트여 있어서 밝고 좋았어요!,"Vibe, Coffee/Drink",keyword
디저트가 맛있습니당,Dessert/Bakery,keyword
음료가격이 좀 쎈데 맛은 쏘쏘,"Coffee/Drink, Price",keyword
여윽시 인싸 카페답게 예ㅃㅓ요,Coffee/Drink,keyword
분위기 좋고 커피 맛있어요,"Vibe, Coffee/Drink",keyword
"분위기도 힙하고, 케이크 맛도 좋네요~","Dessert/Bakery, Coffee/Drink, Vibe",keyword
애플시나몬 어쩌구 맛있는데 6500까지는 아닌 것 같아요,Dessert/Bakery,keyword
"산미 적고 바디감이 느껴지는 원두로 선택했는데, 굉장히 진하고 묵직한 느낌이었습니다.","Service, Dessert/Bakery, Coffee/Drink, Vibe",keyword
브런치 세트로 주문할 때 스틱으로 변경하는 거 추천해요!,"Service, Dessert/Bakery, Coffee/Drink, Vibe",keyword
조용한 편은 아니었지만 나름의 북작거리는 분위기도 나쁘지 않았어요.,"Dessert/Bakery, Coffee/Drink, Vibe",keyword
매장분위기가 좋은편이에요 ㅎ,Vibe,keyword
산미있는 원두도 좋구요 ㅎ,"Vibe, Coffee/Drink",keyword
조용한걸 원한다면 다소 불편할수도 ㅎ,"Dessert/Bakery, Coffee/Drink",keyword
사람이 많아요~~,"Dessert/Bakery, Vibe",keyword
브런치 먹으러왔는데 맛있어요,"Dessert/Bakery, Coffee/Drink",keyword
오전에 오면 한적하니 너무 좋습니다.,"Dessert/Bakery, Coffee/Drink",keyword
강아지 동반 가능하니 반려인들은 오전 시간 노리세요,"Dessert/Bakery, Coffee/Drink, Price",keyword
😎 직원분들도 핵 친 절 !,Service,keyword
"분위기도 좋고
커피랑 맛있네요","Vibe, Coffee/Drink",keyword
분위기 좋은 카페,"Vibe, Coffee/Drink",keyword
너무 비쌈;,Price,keyword
ㅠㅠ노맛..,Dessert/Bakery,keyword
"케쿠 좀 비싼데(8,500) 맛있음",Price,keyword
분위기도 좋음,Vibe,keyword
넓고 깔끔한 분위기,"Dessert/Bakery, Coffee/Drink, Vibe",keyword
넓고 좋아요~!,Vibe,keyword
되게 멋드러지고 넓어요,Vibe,keyword
케이크랑 스콘도 맛있고 자몽에이드도 맛있어요!,"Dessert/Bakery, Coffee/Drink",keyword
가격도 요즘 카페들이랑 비교하면 soso,"Dessert/Bakery, Coffee/Drink, Price",keyword
쎈느 분위기 너무 좋아요!,Vibe,keyword
앉을 자리 마련해주셔서 감사했어요,"Dessert/Bakery, Coffee/Drink",keyword
친절해요,"Service, Dessert/Bakery, Coffee/Drink",keyword
자리가 넓고 좋아요!,Vibe,keyword
주차가발렛이에용,Position,keyword
분위기도 좋고 커피맛도 맛있어용 ㅎ,"Vibe, Coffee/Drink",keyword
커피맛있고 자리가 많아서 좋았어요~,"Vibe, Coffee/Drink",keyword
밖에서 잘 이용했습니다,"Dessert/Bakery, Coffee/Drink, Vibe",keyword
분위기 좋아요,Vibe,keyword
존맛탱 바닐라 라떼 많이 달아요,Coffee/Drink,keyword
스콘 맛집이라해서 갔는데 잘못 알았나봐요.,"Dessert/Bakery, Coffee/Drink",keyword
"가격도 있는 편인데, 맛고 평범하고 크기도 작아요.","Price, Dessert/Bakery, Coffee/Drink, Vibe",keyword
커피는 맛있었어요.,Coffee/Drink,keyword
"사람 많고 장소는 넓은데, 스콘 종류는 그냥 그래요.","Dessert/Bakery, Vibe",keyword
스콘은 삼청동 레이어드!,Dessert/Bakery,keyword
커피 맛있고 친절해요,"Service, Dessert/Bakery, Coffee/Drink",keyword
분위기도 좋아요,Vibe,keyword
"스콘 포장했더니 20%할인
최고예요","Dessert/Bakery, Coffee/Drink, Price",keyword
레몬티에서 예상치못한 건강한맛이...,"Dessert/Bakery, Coffee/Drink",keyword
계피향인가..ㅜㅜ,Coffee/Drink,keyword
드실분은 참고하세용...,"Dessert/Bakery, Coffee/Drink",keyword
레몬티 가격도 너무 비싸여 ㅜㅜ,"Coffee/Drink, Price",keyword
공간 넓고 분위기 좋고 #good,Vibe,keyword
애견동반이 가능해서 좋구 케이크 진짜 맛있었어요,"Dessert/Bakery, Coffee/Drink, Price",keyword
샌드위치 너무맛있음!!,Dessert/Bakery,keyword
얼그레이한가득~~친절하시고넓고 다만 주차가안됨ㅠ,"Vibe, Service, Position, Coffee/Drink, Dessert/Bakery",keyword
발렛가능인데 3시간3천원..,Price,keyword
힙한건 인정.,"Dessert/Bakery, Coffee/Drink, Vibe",keyword
맛과 가격은 아니올시다.,Price,keyword
카운터에 있는 직원분 너무 친절하시고 설명도 잘 해주시고 좋았습니다~,"Service, Dessert/Bakery, Coffee/Drink, Vibe",keyword
커피 엄청 맛있게 잘 먹었습니다 ㅎㅎ,Coffee/Drink,keyword
인테리어 분위기도 너무좋구 1번 출구랑 가까워서 너무 좋아요!!!!!,"Position, Vibe",keyword
"친절하고, 너무너무 맛있어요!!!","Service, Dessert/Bakery, Coffee/Drink",keyword
쿠키 맛있어용,Dessert/Bakery,keyword
샌드위치랑 커피 다 맛있었어용,"Dessert/Bakery, Coffee/Drink",keyword
메뉴 설명 감사해요 !!,"Service, Dessert/Bakery, Coffee/Drink",keyword
브런치메뉴&쿠키&커피 다 다 다 맛잇어요!!,"Dessert/Bakery, Coffee/Drink",keyword
"테이크아웃 20프로 할인 좋은거같용
맛있게 잘 마셨습니다 !!","Service, Dessert/Bakery",keyword
커피랑 케이크 정말 맛있게 잘 먹었습니당,"Dessert/Bakery, Coffee/Drink",keyword
손님한텐 마스크쓰라면서 정작 여기 키큰 바리스타는 턱스크?,Service,keyword
레몬 아이스티 많이 달지않아서 너무 좋았어요!,Coffee/Drink,keyword
얼그레이 향이 진해서얼그레이 좋아하시는 분들은 정말 좋아하실 듯한!,"Dessert/Bakery, Coffee/Drink",keyword
크림도 많이 달지않아서 전체적으로 깔끔했어요.,"Dessert/Bakery, Coffee/Drink",keyword
스콘도 은은하게 오렌지향이 나고 버터와의 조합이 좋았어요!!~,"Dessert/Bakery, Coffee/Drink",keyword
매장이 넓고 쾌적해서 좋네요,"Dessert/Bakery, Coffee/Drink, Vibe",keyword
바닐라라떼랑 애플시나몬밀크,Coffee/Drink,keyword
7시 50분 받아주셔서 감사해요,"Dessert/Bakery, Coffee/Drink",keyword
맛은 그냥그럼데 가격이 비쌈,Price,keyword
분위기도 좋고 널찍하고 애견동반 가능해서 좋아요.,"Price, Dessert/Bakery, Coffee/Drink, Vibe",keyword
주차장도 있어서 넘 편하게 이용했어요.,"Dessert/Bakery, Coffee/Drink, Vibe",keyword
그릴드 머쉬룸 샌드위치 완전 맛나고요.,Dessert/Bakery,keyword
테이블간 거리가 넓어서 좋습니다,"Vibe, Coffee/Drink",keyword
인테리어도 예쁘고 커피도 맛있어요,"Vibe, Coffee/Drink",keyword
그냥 먹기만해요ㅎ,"Dessert/Bakery, Coffee/Drink",keyword
요즘 카페에서 커피 마실수가 없는데 식사류에 포함되는 샐러드나 브런치류 같이 시키면 실내에서 취식 가능해서 좋네요.,"Price, Dessert/Bakery, Coffee/Drink, Vibe",keyword
라떼는 맛있고 아메리카노도 산미가 강한걸 좋아해서 좋았습니다.,Coffee/Drink,keyword
다만 음료구분을 위해 마킹한 싸인펜 냄새가 많이 났습니다.,"Dessert/Bakery, Coffee/Drink",keyword
직원들 응대가 아직 서툴어보이고 전시된 음식이 현상황에서 공기중에 노출된게 오염에 취약해보였습니다.,"Service, Dessert/Bakery, Coffee/Drink",keyword
스콘도 맛있었다,Dessert/Bakery,keyword
사진 찍을 곳이 많아요,Vibe,keyword
인테리어 감각이 살아있는 곳,"Vibe, Coffee/Drink",keyword
맛있긴해요:),"Dessert/Bakery, Coffee/Drink",keyword
직원도 발렛 아저씨도 친절하고 맛도 있고 또 가고싶어요~~~,"Service, Dessert/Bakery, Coffee/Drink, Vibe",keyword
두번째 방문 쏘쏘 친절함,"Service, Dessert/Bakery, Coffee/Drink",keyword
테이크아웃 할인 좋고 빵도  맛잇어보이고 산뜻한 모티브의 디자인도 맘에든다.,"Service, Dessert/Bakery, Coffee/Drink",keyword
사람만 많고 가격 비쌈...,"Price, Dessert/Bakery, Vibe",keyword
인스타용카페,Coffee/Drink,keyword
그런데 가격이 비싸네요...,Price,keyword
"커피, 디저트 공간 분위기 좋아요.","Dessert/Bakery, Coffee/Drink, Vibe",keyword
소소한 느낌 인스타핫플답게 사람이많다,"Dessert/Bakery, Coffee/Drink, Vibe",keyword
근방 카페 중 티라미수가 제일 맛있는 곳.,"Dessert/Bakery, Coffee/Drink, Vibe",keyword
주차 발렛비 받고 골목에 주차해놈,"Position, Dessert/Bakery, Coffee/Drink",keyword
끄악 넘나비싼것~~,"Coffee/Drink, Price",keyword
"원두 선택할 수 있고 주차비 저렴한 편
일요일 한시반쯤 들어갔는데 3시쯤 내/외부 좌석 거의 다 찼어요","Vibe, Service, Position, Coffee/Drink, Dessert/Bakery",keyword
커피맛도 별로고 비싸요,"Coffee/Drink, Price",keyword
커피 꼬숩고 맛나용,Coffee/Drink,keyword
분위기는 좋은데 음료가 비싸고 별로..,"Vibe, Coffee/Drink, Price",keyword
가격이 꽤 나가네요..,Price,keyword
좀 비싸네요,Price,keyword
맛은 가격과 정비례하지는 않네요,"Dessert/Bakery, Coffee/Drink, Price",keyword
"커피맛은 만족스럽지 않았지만,
선곡이 좋았어요","Coffee/Drink, Price",keyword
🙆🏻‍♀️🙆🏻‍♀️ 분위기 굿,Vibe,keyword
커피 맛있어요 :),Coffee/Drink,keyword
분위기도 좋고 커피도 좋았어요,"Vibe, Coffee/Drink",keyword
다음엔 빵도먹어보고싶어요,"Dessert/Bakery, Coffee/Drink",keyword
오렌지 라떼가 특이하고 맛있음 !,"Dessert/Bakery, Coffee/Drink",keyword
케이크는 보통...,Dessert/Bakery,keyword
커피는 별로..,Coffee/Drink,keyword
크로아상 JMT!!!!,"Dessert/Bakery, Coffee/Drink",keyword
넓은건 좋은데 커피 비싸고 보통이예요,"Vibe, Coffee/Drink, Price",keyword
사람이 너무 많움,"Dessert/Bakery, Vibe",keyword
재방문의사 있어요~~^,"Service, Vibe, Coffee/Drink",keyword
사진찍는곳이 많아요!!,Vibe,keyword
넓고 분위기 좋아요.,Vibe,keyword
샌드위치 먹으러 오는 사람들은 별로 없는거 같애서 별로 기대 안했는데 맛있었어요.,"Dessert/Bakery, Coffee/Drink, Vibe",keyword
그릴드 머쉬룸 샌드위치였는데 피자같은 맛이었어요.,Dessert/Bakery,keyword
사실 아침 일찍 문 열어서 간거였는데 샌드위치는 10시부터 나온다고 합니다.,"Dessert/Bakery, Coffee/Drink",keyword
블루베리 크로오ㅓ상 맛있음,"Dessert/Bakery, Coffee/Drink",keyword
또 방문하고싶어요,"Service, Dessert/Bakery, Coffee/Drink",keyword
비싸영 근데 자릿값하니까 머 ㅇㅈ,"Dessert/Bakery, Coffee/Drink, Price",keyword
분위기는 감각 있으나 커피에서 벌레 다리 나옴,"Vibe, Coffee/Drink",keyword
"생각없이 마시다 문득 봤는데
뭐가 떠 있길래 설마 하고 건져냄","Dessert/Bakery, Coffee/Drink, Vibe",keyword
근데 또 떠있길래 자세히 보니 벌레 다리.,"Vibe, Coffee/Drink",keyword
"거의 다 마신 상태라 그냥 나갈 때 말씀드렸더니 
친절하게 사과와 음료 환불은 해주셨음","Service, Dessert/Bakery, Coffee/Drink",keyword
"먹다 들어갔는지 모르겠다 하셨는데
저 정도 다리의 벌레를 몰랐을리는 없고 개인적으로 얼음에 붙어 있던 것 같음","Dessert/Bakery, Coffee/Drink, Vibe",keyword
몇 개 마신 것 같아 찝찝한데 바빠도 신경 좀 쓰세요~~,"Dessert/Bakery, Coffee/Drink",keyword
늦게까지 하고 야외에서 먹을수있다는!,"Dessert/Bakery, Coffee/Drink, Vibe",keyword
스콘 짱 ㅎㅎ,Dessert/Bakery,keyword
티라미수 맛있어요,Dessert/Bakery,keyword
다음에는 샌드위치도 먹어볼래요,"Dessert/Bakery, Coffee/Drink",keyword
내부 예쁘고 좋아요~,"Dessert/Bakery, Vibe",keyword
"와글와글 하태하태
힙한 분위기 먹으러 가는곳.","Dessert/Bakery, Coffee/Drink, Vibe",keyword
그냥 이쁘다,Vibe,keyword
사람은 너무 많으나 힙힙힙,"Dessert/Bakery, Vibe",keyword
크고 아름답다.,Service,keyword
커피도 굿,Coffee/Drink,keyword
음료가 조금 비싸긴하지만 스콘도 넘 맛있고 분위기도 좋네요,"Price, Dessert/Bakery, Coffee/Drink, Vibe",keyword
인테리어 넘 멋있어여!,Vibe,keyword
커피도 맛있음,Coffee/Drink,keyword
핫한 카페에요,Coffee/Drink,keyword
"분위기는 좋지만 커피는 맛 없어요,,,","Vibe, Coffee/Drink",keyword
ㅋㅋㅋ비오네 ㅠㅠ,"Dessert/Bakery, Coffee/Drink",keyword
커피 맛잇엇엉ㅎ,Coffee/Drink,keyword
오렌지 라떼 우와 맛있어요..,Coffee/Drink,keyword
슈퍼커피 오렌지 피앙코 맛이 비슷해요,"Dessert/Bakery, Coffee/Drink",keyword
핫한 성수동 갔다왔어요,"Dessert/Bakery, Coffee/Drink",keyword
오랜지라떼가 비안코 맛이네요,Coffee/Drink,keyword
"오렌지버터스콘
애플크럼블바
아이스 초코라떼
아이스 로얄밀크티","Dessert/Bakery, Coffee/Drink",keyword
커피맛 굿❤️장소도 굿!!!,Coffee/Drink,keyword
그냥저냥 무난했어요,"Dessert/Bakery, Coffee/Drink",keyword
스콘도 커피도 괜찮았어요,"Dessert/Bakery, Coffee/Drink",keyword
테이블이 너무 다다닥 붙어있어요..,"Vibe, Coffee/Drink",keyword
사람도 많고 음료도 나름 괜찮았습니다.,"Dessert/Bakery, Coffee/Drink, Vibe",keyword
아인슈페너 아이스 먹었는데 맛있더라구요.,Coffee/Drink,keyword
친구 자몽에이드 뺏어먹었는데 그것도 맛있었습니다.,"Vibe, Coffee/Drink",keyword
빵도 평타.,"Dessert/Bakery, Coffee/Drink",keyword
커피나 음료가 특별할건 없었지만 나쁘진 않았어요.,"Dessert/Bakery, Coffee/Drink",keyword
케익도 음료도 넘 맛있어요.,Coffee/Drink,keyword
다만 여름에 밖엔 더울것같아요ㅠ.ㅠ,"Dessert/Bakery, Coffee/Drink, Vibe",keyword
프리오픈중이라 방문했는데 분위기는 세련되고 야외에서 먹을수도 있어서 넘 좋지만 음료맛이 너무 별로여서 깜짝놀랐습니다. ㅜㅜ,"Service, Dessert/Bakery, Coffee/Drink, Vibe",keyword
분위기도 중요하지만 음료 연구가 더 필요할거가타여ㅜ,"Dessert/Bakery, Coffee/Drink, Vibe",keyword
커피 빵 분위기 모두 완벽,"Dessert/Bakery, Coffee/Drink, Vibe",keyword
분위기가 넘 좋아요,Vibe,keyword
너무 이뻐용!!!!!,Vibe,keyword
케이크가 비싸욤...,"Dessert/Bakery, Price",keyword
"마감이 열시까지라고 들었고 
아직 시간이 꽤 남았었는데 청소기를 계속 돌려서 너무 시끄러웠습니다",Coffee/Drink,keyword
남아있는 손님들 목소리가 계속 커졌어요...,"Vibe, Coffee/Drink",keyword
분위기도 좋고 맛있음!,Vibe,keyword
카페아르코 커피 맛있어요,Coffee/Drink,keyword
"커피도 빵도 맛있고, 무료 발렛이 좋아요!","Dessert/Bakery, Coffee/Drink",keyword
올때마다 좋아요!,"Dessert/Bakery, Coffee/Drink",keyword
야외석도 오픈했네요,"Dessert/Bakery, Coffee/Drink",keyword
원래는 가로수길에 있었던 유명카페,"Vibe, Coffee/Drink",keyword
사람 많고 커피맛은 흔함,"Dessert/Bakery, Coffee/Drink, Vibe",keyword
케이크 존맛!,Dessert/Bakery,keyword
핫플이긴 핫플이네여 사람도 많아유,"Dessert/Bakery, Vibe",keyword
분위기도 좋구요~~,Vibe,keyword
밀크티 맛있는데 파인애플 쥬스가 더 맛있어요!!,"Vibe, Coffee/Drink",keyword
앞에 외관도 예뻐서 다음에 또 올 것 같아요 ㅎㅎ,"Dessert/Bakery, Coffee/Drink, Vibe",keyword
주문 받고 다 틀리게줬어요ㅋ,Service,keyword
덜 주고 그래서 기다려서 다시 받았네요.,Service,keyword
근데 직원들 마스크도 제대로 안쓰고 (턱에다 끼우면 마스크 왜써요?) 머리 긴사람도 엄청 길게 묶고 헤어밴드같은거 하긴했지만 ..,"Service, Dessert/Bakery, Coffee/Drink, Vibe",keyword
길어서 똥머리하던지 머리망 하던지 햇으면 좋겠어요.,"Dessert/Bakery, Coffee/Drink",keyword
그냥 코로나땜에 아무래도 좀 예민한데  크고 좋은 신생카페인 만큼 위생에 좀 더 신경쓰면 좋겠네요.,"Service, Coffee/Drink",keyword
"커피는 그저그래요~~ 아인슈페너는 괜찮아용
딸기크로와상은 맛없을 수가 없고요!","Dessert/Bakery, Coffee/Drink",keyword
바질크로와상은 바질맛 은근 마니 나요㉪㉪㉪,"Dessert/Bakery, Coffee/Drink",keyword
근데 약간 햄스터 톱밥 냄새 맛 남 ㅋㅋㅋ,Coffee/Drink,keyword
맛있고 주차가 편해서좋어요,Position,keyword
월요일인데도 사람이 많고 음료는 비싼데 맛은 그닥,"Price, Dessert/Bakery, Coffee/Drink, Vibe",keyword
사람 많은데 맛있고 좋았어요,"Dessert/Bakery, Vibe",keyword
주차 편하고 커피도 맛있네요/,"Position, Coffee/Drink",keyword
친절하고 깨끗합니다,"Service, Dessert/Bakery, Coffee/Drink",keyword
"사람이 너무 붐빔, 코로나 걸릴듯한 위험 ㅋㅋ
하지만, 커피랑 디저트 평타는 칩니다","Dessert/Bakery, Coffee/Drink, Vibe",keyword
"하지만 가격 있는편, 건물 자체는 디자인 잘해놓고 잘 꾸며놓음","Price, Dessert/Bakery, Coffee/Drink, Vibe",keyword
가게예쁘고 커피맛도 괜찮네요!,"Vibe, Coffee/Drink",keyword
딸기케이크가 맛나요,Dessert/Bakery,keyword
엄청 넓어서 좋아요,Vibe,keyword
가격대는 좀 있네요ㅠ,"Vibe, Coffee/Drink",keyword
"사람이 너무 많아서 소란스럽고 정신없었다
붐비지 않을때 가면 좋을 것 같은 카페
아르코커피는 호불호갈림","Dessert/Bakery, Coffee/Drink, Vibe",keyword
비싼데 맛있어요,Price,keyword
경쾌하고 밝은분위기의 카페,"Dessert/Bakery, Coffee/Drink, Vibe",keyword
여긴 친구가 계속 맛있다고 해서 기대하고 간 곳이에요.,"Dessert/Bakery, Coffee/Drink, Vibe",keyword
쑥라떼 먹었는데 은은한 쑥향이 올라오면서 너무 맛있더라구요.,"Dessert/Bakery, Coffee/Drink",keyword
다음에는 말차라떼도 먹어 봐야겠어요.,"Dessert/Bakery, Coffee/Drink",keyword
저녁에 가니 성수 메인길이 보이면서 뷰가 너무 예뻤고 사람들로 꽉찬 카페였지만 다들 조용조용하는 분이기라 오붓하게 대화나누기 좋은 카페에요.,"Dessert/Bakery, Coffee/Drink, Vibe",keyword
분위기가 너무 좋아요.,Vibe,keyword
다양한 차 종류들이 있고 친절하고 맛있었어요.,"Service, Dessert/Bakery, Coffee/Drink, Vibe",keyword
다만 티를 직접 우릴 수는 없어,Coffee/Drink,keyword
임산부도 먹을 수 있는 카페인 없는 쑥차 맛있어요,"Vibe, Coffee/Drink",keyword
"쑥라떼는 오트밀크로 변경가능해요
분우기도 좋고 또 방문할 예정입니다 ~","Vibe, Service, Coffee/Drink, Price, Dessert/Bakery",keyword
지인선물로 MD제품도 사고 갑니다,"Price, Dessert/Bakery, Vibe",keyword
성수에서 가장 뷰가 좋은 티룸!,"Vibe, Coffee/Drink",keyword
성수에서 이것저것 달달구리 사먹다보면...,Coffee/Drink,keyword
커피나 차가 땡기잖아요,Coffee/Drink,keyword
"근데 커피는 잘 못마시고, 차는 아주아주 좋아해서 찾다가 가게 된 곳이에요","Service, Vibe, Coffee/Drink",keyword
찾아가는 길은 좀 어렵지만 성수역까지 대로가 쭉 보이는 멋진 뷰를 보면서 차 한잔 여유롭게 할 수 있어서 좋았어요,"Dessert/Bakery, Coffee/Drink, Vibe",keyword
무엇보다 차 맛!,Coffee/Drink,keyword
취향대로 즐길 수 있는 차 종류가 매우 많아요,"Vibe, Coffee/Drink",keyword
차에 대한 향 설명도 너무 잘 되어있어서 어렵지 않게 고를 수 있을 거에요!,"Service, Vibe, Coffee/Drink",keyword
"차를 정말 많이 즐겨마셔서 많은 차들을 마셔봤는데, 깔끔하고 가볍게 즐기기 좋았어요","Dessert/Bakery, Coffee/Drink",keyword
차도 한번 리필 가능하니 넉넉하게 마실 수 있어요,"Price, Dessert/Bakery, Coffee/Drink, Vibe",keyword
남자친구랑 둘이서 각자 한 잔씩 주문한 후에 다 마시고 리필해서 바꿔서 마셔보는 재미도 있었네요ㅎㅎ,"Service, Dessert/Bakery, Coffee/Drink, Vibe",keyword
매우 추천합니다,"Dessert/Bakery, Coffee/Drink, Vibe",keyword
티 깔끔하고 맛있어요,"Dessert/Bakery, Coffee/Drink",keyword
"뷰와 분위기 좋고 
말차와 티 종류 너무 맛있어요","Vibe, Coffee/Drink",keyword
직원분들 친절하세요^^,"Service, Dessert/Bakery, Coffee/Drink",keyword
말차에이드 마셨는데 색다르고 맛있어서 담엔 말차 라떼 마시러 또 가고싶어용,"Dessert/Bakery, Coffee/Drink",keyword
분위기도 최고!!,Vibe,keyword
맛있게 먹고 갑니다!,Coffee/Drink,keyword
차 한잔의 여유를🥰,Coffee/Drink,keyword
평일 점심시간대라 사람이 많이 없어 좋았어요~,"Dessert/Bakery, Vibe",keyword
검색이나 위치 찾기는 좀 힘들었지만 주변 다른 카페에 비해서 분위기도 좋고 전망도 탁 열려서 편안해요,"Vibe, Service, Position, Coffee/Drink, Dessert/Bakery",keyword
음료를 따듯한 걸 주문한 줄 알았는데 차가운 음료가 나와서 당황했는데 작은 잔으로 따듯한 차를 한잔 준비해 주셔서 따듯한 배려에 너무나 감동했어요,"Service, Dessert/Bakery, Coffee/Drink, Vibe",keyword
성수 오면 또 방문할게요^^,"Service, Dessert/Bakery, Coffee/Drink",keyword
여름날 시원하게 쉬었다 가기 좋은 찻집,"Dessert/Bakery, Coffee/Drink",keyword
티를 좋아하지만 즐길 곳이 많지않아서 아쉬운데 맥파이앤타이거가 궁금해서 방문했다.,"Service, Dessert/Bakery, Coffee/Drink, Vibe",keyword
말차라떼는 당도조절이 되어서 좋았고 맛도 적당히 쌉쌀했다.,"Dessert/Bakery, Coffee/Drink",keyword
목련현미녹차는 녹차를 좋아하지않는 사람도 익숙한 현미맛으로 구수하게 즐길 수 있었다.,"Dessert/Bakery, Coffee/Drink, Vibe",keyword
주말 오후 기준 20분정도 웨이팅 했어요,"Service, Dessert/Bakery, Coffee/Drink",keyword
생각보다 조용한 분위기는 아니지만 통창이라 분위기가 넘 좋아서 차 마시고 싶을때 추천드려요!,"Dessert/Bakery, Coffee/Drink, Vibe",keyword
분위기도 넘 편안해서 좋고 티백차가 아닌 여러차들을 볼수있어서 좋았다,"Dessert/Bakery, Coffee/Drink, Vibe",keyword
개인적으로 쑥 티라미수 굳굳 !!!,Dessert/Bakery,keyword
호박 파운드를 못먹어봐서 넘 아숩다,Coffee/Drink,keyword
"뉴욕 어딘가에서 마시는 차 전문점
음 근데 비싸다 ㅎㅎ","Dessert/Bakery, Coffee/Drink, Price",keyword
사람도 많이 없고 분위기도 좋아요.,"Dessert/Bakery, Vibe",keyword
직원분도 잔잔하시고 친절하세요.,"Service, Dessert/Bakery, Coffee/Drink",keyword
재방문의사 완전 있음.,"Service, Vibe, Coffee/Drink",keyword
"팥 말차 라떼, 말차 라떼, 쑥 티라미수, 말차 유자 크럼블 브라우니를 시켰습니다.","Service, Dessert/Bakery, Coffee/Drink",keyword
"이번에 말차 라인이 새로 나와 구매도 할 겸 들렀는데, 세레모니얼 말차와 프리미엄 말차의 차이를 알려주시더라구요.","Service, Dessert/Bakery, Coffee/Drink",keyword
"세레모니얼 말차는 물에 타 마시는 걸 추천하고, 프리미엄 말차는 라떼로 마시는 것을 추천하시더라구요.","Dessert/Bakery, Coffee/Drink, Vibe",keyword
"그래서 말차 라떼를 밑에 깔린 시럽과 섞지 않고 마셧을 때, 프리미엄 말차의 맛을 느낄 수 있다고 하셨습니다.","Dessert/Bakery, Coffee/Drink, Vibe",keyword
저는 말차 초보라 아직 프리미엄 말차도 쓰더라구요.,Dessert/Bakery,keyword
말차라떼 시럽과 섞어도 그렇게 달지 않고 본연의 맛을 느낄 수 있습니다.,"Dessert/Bakery, Coffee/Drink, Vibe",keyword
그리고 쑥 티라미수가 정말 맛있습니다.,Dessert/Bakery,keyword
원래도 쑥을 좋아하는데 쑥향이 많이 나서 너무 좋았어요!,Coffee/Drink,keyword
다음에도 곁들여 먹으려구요!,Coffee/Drink,keyword
"월요일 휴무였던거 알고 있어서 그동안 못갔었는데 
바뀌었나??!!","Vibe, Coffee/Drink",keyword
암튼 드뎌 가본 성수점 역시나 5층 통유리라 저녁때 가니 분위기 넘 좋았어요,"Vibe, Coffee/Drink",keyword
"신사점과는 완전 다른 분위기
차도 맛있고 다시 가고 싶은 곳","Vibe, Coffee/Drink",keyword
영수증에 이제 주식회사로 찍혀서 낯설지만 맛있는 차맛과 케이크 맛은 그대로 ^^ 서울국제도서전 참가하신 후에 손님이 부쩍 많아진 것 같아요.,"Dessert/Bakery, Coffee/Drink, Vibe",keyword
월요일인데도 바까지 꽉 차서 빨리 마시고 나왔어요!,"Dessert/Bakery, Coffee/Drink",keyword
여기서 말차라떼는 처음 마셔봤는 데 맛있고 건강한 맛이었어요.,"Dessert/Bakery, Coffee/Drink",keyword
차 마시는 걸 좋아해서 방문했어요!,"Service, Dessert/Bakery, Coffee/Drink",keyword
"주말이었는데 운 좋게 웨이팅 없이 바로 입장했고, 편하고 시원하게 차 마시면서 쉬었어요.","Service, Dessert/Bakery, Coffee/Drink",keyword
"다른 티룸과 비교했을 때 가격도 합리적이고, 깔끔하고 미니멀한 인테리어와 다구가 마음에 들었어요.","Price, Dessert/Bakery, Coffee/Drink, Vibe",keyword
시간대에 따라 웨이팅이 생기기도 해서 잘 맞춰서 가시는 거 추천드려요.,"Service, Dessert/Bakery, Coffee/Drink, Vibe",keyword
"바 자리나 창가 자리가 예쁘고, 간단한 작업이나 짧은 독서하기에도 좋아요.","Service, Dessert/Bakery, Coffee/Drink, Vibe",keyword
"차는 2번 우려주시고, 모두 자리로 가져다 주십니다.","Vibe, Coffee/Drink",keyword
직원분들도 엄청 친절하셔서 차가 처음이어도 방문해보세요~,"Service, Dessert/Bakery, Coffee/Drink",keyword
카카오톡 친구추가 시 추천 티백 하나 주시니까 꼭 받아가세요!,"Vibe, Coffee/Drink",keyword
티룸이라 커피는 없어요.,"Vibe, Coffee/Drink",keyword
"팥말차라떼 여름 시즌메뉴라고 써있어서 주문해봤는데
인공적인 단맛이 아닌 팥의 단맛이라 좋았어요.","Service, Dessert/Bakery, Coffee/Drink, Vibe",keyword
"단 거 좋아하시는 분들은 별로 안좋아할 수도 있지만,
평소에 라떼류 즐겨드시는 분들이 단 거 마시고 싶을 때 적당한 음료예요:)","Dessert/Bakery, Coffee/Drink, Vibe",keyword
"너무 친절하고 맛도있어서 또 가고 싶은 카페 -💖
쑥티라미슈 맛있었고 차도 블렌딩해서 음료같은류도 있어서 좋았어요~","Service, Dessert/Bakery, Coffee/Drink, Vibe",keyword
웨이팅했지만 있는동안 친절하고 편하게 있었네요! ㅎㅎ,"Service, Dessert/Bakery, Coffee/Drink, Vibe",keyword
너무 분위기좋아용....,Vibe,keyword
직원분들도 다 친절하세용,"Service, Dessert/Bakery, Coffee/Drink",keyword
친구 추천으로 왔는데 성수 뷰도 보이고 좋았어요,"Dessert/Bakery, Coffee/Drink, Vibe",keyword
디저트도 특색 있게 맛있었네요,"Dessert/Bakery, Coffee/Drink, Vibe",keyword
다음에는 차를 제대로 마셔보고 싶어요 ㅎㅎ,Coffee/Drink,keyword
"차마시기 좋은카페
차를 두번정도 우려주시고 (한번더 리필되니 꼭 두번드세요!)
주말저녁에 갓는데 아늑한느낌 넘조아요
손님들도 꽤있는편
현미녹차는 구수한맛, 호박차는 쌉쌀한맛","Dessert/Bakery, Coffee/Drink, Vibe",keyword
입구 찾기가 어려웠어요.,"Service, Vibe",keyword
화장실도 깔끔해요.,"Dessert/Bakery, Coffee/Drink, Vibe",keyword
요즘 차 문화에 빠져서 집에서 주문해 먹다 티룸 방문했어요.,"Service, Dessert/Bakery, Coffee/Drink, Vibe",keyword
호지차라떼도 쑥 티라미수도 많이 달지 않아 좋았고 차와 잘 어울려요.,"Dessert/Bakery, Coffee/Drink",keyword
평일에 가니 한적하고 좋네요,"Dessert/Bakery, Coffee/Drink",keyword
새로 나온 말차 메뉴 먹어보러 갔습니다,"Dessert/Bakery, Coffee/Drink",keyword
쑥라떼 먹었는데 역시 여긴 쑥메뉴 맛집이에요,Coffee/Drink,keyword
다음엔 찐 말차 먹어보러 한번 더 가고 싶습니다,"Dessert/Bakery, Coffee/Drink",keyword
"말차라떼, 호지차 냉침 밀크티, 자몽 에이드 마시고 바스크치즈케이크 먹었어요 ㅎㅎ!","Dessert/Bakery, Coffee/Drink",keyword
평소에 집에서도 말차 라떼 만들어먹는 편이라 뭔가 카페같은데에서는 항상 만족스럽지 못했는데 맥파이앤타이거는 정말 맛있었어요,"Price, Dessert/Bakery, Coffee/Drink, Vibe",keyword
그래서 말차 파우더도 샀답니다— 매장 직원분들도 엄청 친절하세요!,"Service, Dessert/Bakery, Coffee/Drink, Vibe",keyword
부모님과 갔는데 웨이팅 없이 바로들어갔어요!,Service,keyword
점심 시간 살짝 지나면 오히려 사람이 더 많아지니까 참고하세요,"Dessert/Bakery, Coffee/Drink, Vibe",keyword
티룸을 가보고 싶어서 찾아보다가 처음은 체인 + 후기 좋은 곳으로 가자 해서 방문했어요!,"Service, Dessert/Bakery, Coffee/Drink, Vibe",keyword
주말 4시쯤 방문하니 웨이팅 15팀 정도 있었는데 같은 건물 1~4층까지 옷구경 하다보니 순서가 금방 왔습니다,"Service, Dessert/Bakery, Coffee/Drink, Vibe",keyword
"제가 주문란 메뉴는 호지차 / 잭살차 / 쑥티라미수 
사실 디저트는 큰 기대 안 했는데 쑥티라미수가 정말 맛있더라구요","Service, Dessert/Bakery, Coffee/Drink",keyword
같이 방문한 짝꿍이 디저트를 안 좋아해서 디저트는 거의 저 혼자만 먹는데 이건 맛있다고 80%를 짝꿍이 먹었어요 ㅋㅋㅋㅋ,"Service, Dessert/Bakery, Coffee/Drink",keyword
호지차 따듯하게 먹으니 안그래도 구수한 호지차 향이 더 진하게 느껴져서 너무 맛있게 먹었구요,"Dessert/Bakery, Coffee/Drink",keyword
잭살차 아이스도 한입 맛 봤는데 아이스로 먹어도 향긋하니 맛있더라구요,"Vibe, Coffee/Drink",keyword
요즘 같은 날씨에는 아이스로 드시는 것도 좋을 거 같습니다,"Dessert/Bakery, Vibe",keyword
첫 티룸 대만족하구 갑니댜~!,"Price, Dessert/Bakery, Coffee/Drink, Vibe",keyword
놀랄만큼 너무 좋았어요,Dessert/Bakery,keyword
그동안 제가 먹은 차는 차가 아니라고 느낄 정도였어요,Coffee/Drink,keyword
성수에서 이렇게 바깥 풍경을 본 건 처음인 거 같은데 앞이 트여있어서 눈도 즐거웠습니다,"Dessert/Bakery, Coffee/Drink, Vibe",keyword
쑥티라미수 진짜진짜 맛있어요,Dessert/Bakery,keyword
차가 맛있어요,Coffee/Drink,keyword
두번 우려 먹을 수 있어 좋아요,"Vibe, Coffee/Drink",keyword
호지차라떼 쑥라떼 너무 맛나네요!,Coffee/Drink,keyword
5층이라 뷰도 좋고 공간도 멋져요,Vibe,keyword
나만 알고 싶은 찻집인데 이미 너무 많은 사람들이 알고있네요 ^^!,"Dessert/Bakery, Coffee/Drink, Vibe",keyword
주말 기준 웨이팅 1시간 정도는 각오하셔야 하지만 그만큼 가치 있는 찻집입니다,"Vibe, Service, Coffee/Drink, Price, Dessert/Bakery",keyword
쑥 티라미수가 엄청 맛있어요,Dessert/Bakery,keyword
분위기 좋고 음료랑 디저트도 맛있어요.,"Dessert/Bakery, Coffee/Drink, Vibe",keyword
특히 바 자리에 앉으면 더 좋을 것 같아요.,Dessert/Bakery,keyword
다만 자리가 몇개 없어서 운이 나쁘면 웨이팅을 길게 할것 같아요.,"Service, Dessert/Bakery, Coffee/Drink",keyword
말차아포가토도 진하고 티룸 처음와봤는데 뷰도 좋아요,"Dessert/Bakery, Coffee/Drink, Vibe",keyword
"맥파이앤타이거 차도, 간편한 다구들도, 브랜딩도 정말 좋아하는데요..","Dessert/Bakery, Coffee/Drink, Vibe",keyword
"평일 낮에 방문 했음에도, 옆자리 뒷자리 할 것 없이, 대부분의 테이블들이 찰칵 거리며 카메라로 인증샷을 찍는 외국인 관광객으로 꽉 차있었어요.","Service, Dessert/Bakery, Coffee/Drink, Vibe",keyword
특히 중국인 여성분이 제 지인 어깨에 닿는 지도 모르고 계속 포즈를 취하시길래 티룸 내 직원분께도 따로 말씀드릴 정도였습니다…오랜만에 만난 지인이랑 조용히 차 마시며 대화하려고 간 곳인데 인상 찌푸리게 되는 주변 관광객들의 행동으로 여기가 언제 이렇게 변했나 싶어 아쉬웠습니다.,"Service, Dessert/Bakery, Coffee/Drink, Vibe",keyword
"외국인들에게도 인기 많아지는 것은 좋지만 티룸 분위기가 이렇게나 변질 된 것은 아쉽고, 오프라인 매장은 당분간 안 가게 될 것 같아요..","Dessert/Bakery, Coffee/Drink, Vibe",keyword
성수에서 조용히 차 마시기 좋습니다,Coffee/Drink,keyword
쑥티라미수 넘 맛있고 하동 잭살차 차게 마셨는 데 넘 좋았어요!!!,"Dessert/Bakery, Coffee/Drink",keyword
따뜻하게 마실 수 있게 티팟도 준비해주셨고 차가운 거 다 마시면  말씀해달라고 하셔서 친절하게 느껴졌어요.,"Service, Dessert/Bakery, Coffee/Drink, Vibe",keyword
채광도 좋고 차분한 분위기인데 일상 대화하시는 분들도 있고 업무 보시는 분들도 있고 5층인데 나무도 보이고  도시 안 온실 느낌.,"Dessert/Bakery, Coffee/Drink, Vibe",keyword
친구들이랑 따뜻한 시간 보냈어요.,"Dessert/Bakery, Coffee/Drink, Vibe",keyword
공간이 쾌적하고 디저트 음료 다,"Dessert/Bakery, Coffee/Drink, Vibe",keyword
직원분들도 몹시 친절하십니다.,"Service, Dessert/Bakery, Coffee/Drink",keyword
기분 좋은 연휴 보낼 수 있었어요.,"Vibe, Coffee/Drink",keyword
다양한 티와 디저트를 즐기며 통창 너머로 성수동이 내려다볼 수 있는 힐링 스폿 ..,"Dessert/Bakery, Coffee/Drink, Vibe",keyword
!! 바 좌석마다 콘센트가 마련되어 있어 작업하기에도 좋은 공간이였습니다,"Service, Dessert/Bakery, Coffee/Drink, Vibe",keyword
💻 밀크티와 말차 브라우니 주문했는데 두가지 다 맛있었어요,"Service, Dessert/Bakery, Coffee/Drink",keyword
맛있는 차를 마시면서 이야기 나누기 좋았어요!,Coffee/Drink,keyword
디저트로 시킨 케잌과 브라우니도 너무 맛있어요,"Dessert/Bakery, Vibe",keyword
저번에 만석이라 못마셔서 다시 왔어요,"Dessert/Bakery, Coffee/Drink",keyword
차도 맛있고 쑥티라미수도 맛있어요!,"Dessert/Bakery, Coffee/Drink",keyword
쑥 티라미수가 진자 맛있어요,Dessert/Bakery,keyword
호박차도 구수하고 깔끔해서 잘 마셨어요,"Dessert/Bakery, Coffee/Drink",keyword
직원분들 다 너무 친절하셔서 더 즐거웠어요!,"Service, Dessert/Bakery, Coffee/Drink",keyword
따뜻한 tea 2 잔과 레몬 그린티를 마셨어요.,Coffee/Drink,keyword
아이스 그린티 였는데 레몬청?,Coffee/Drink,keyword
쌉싸름한 그린티 맛을 기대했는데 아니었어요.,"Dessert/Bakery, Coffee/Drink",keyword
이곳은 따뜻한 티 종류가 더 좋았던 것 같습니다.,"Dessert/Bakery, Coffee/Drink",keyword
쑥티라미수는 너무너무 녹아내려 아쉽네요.,Dessert/Bakery,keyword
직원 분이 친절해서 만족합니다.,"Service, Dessert/Bakery, Coffee/Drink, Price",keyword
무신사 매장 5층에 맥파이앤타이거 성수티룸 티라미수 사진을 보고 이끌려 가보았습니다!,"Dessert/Bakery, Coffee/Drink, Vibe",keyword
처음가봤는데 자리수가 많지 않아서 웨이팅이 꽤 많더라구요,Service,keyword
그래서 한 2-30분정도 기다렸습니다!,Service,keyword
티라미수는 쑥 티라미수인데 생각보다 특별한 맛은 아니었구요!,"Dessert/Bakery, Coffee/Drink",keyword
대신 차가 맛있더라구요!,Coffee/Drink,keyword
차 좋아하시는 분들끼리 방문하기 좋겠다는 생각이 들었습니다!,"Service, Dessert/Bakery, Coffee/Drink",keyword
5층높이에서 바라보는 성수 뷰도 볼만합니다!,"Dessert/Bakery, Coffee/Drink",keyword
성수 방문시 한번쯤 방문해보시길 추천드려요!,"Service, Dessert/Bakery, Coffee/Drink, Vibe",keyword
밖에서 차 마시는 거같은 통창뷰에서 다양한 차의 향과 맛을 즐길 수 있어요,"Dessert/Bakery, Coffee/Drink, Vibe",keyword
"성수역에 또또또간집 맥파이엔타이거
제 최애는 쑥 말차 아포가토 입니다.","Dessert/Bakery, Coffee/Drink, Vibe",keyword
"이번엔 위에 튀일을 쬐끔만 올려주셔서 아쉽긴했는데,
서걱하고 부드러운 우유아이스크림에 쌉쌀한 쑥 말차 조합이 끝내줘요.","Dessert/Bakery, Coffee/Drink",keyword
그리고 위에 올라간 바삭 달달 꼬소한   토핑이 식감을 더해줍니다,"Dessert/Bakery, Coffee/Drink",keyword
"친구따라 알게된 찻집인데 정갈하고, 탁 트인 뷰라 넘 좋았어요!","Dessert/Bakery, Coffee/Drink, Vibe",keyword
디저트도 맛나요:)💛💚,Dessert/Bakery,keyword
"잭살차 아이스 레몬아이스티 그리고 쑥티라미수
맛있어요","Dessert/Bakery, Coffee/Drink",keyword
힐링 제대로 하구 옴~🍵,"Dessert/Bakery, Coffee/Drink",keyword
분위기도 좋고 차를 전문적으로 하는 매장에서 마실 수 있다는 게 좋았습니다.,"Dessert/Bakery, Coffee/Drink, Vibe",keyword
조용하니 집중하기 좋은 공간이었네요!,"Dessert/Bakery, Coffee/Drink, Vibe",keyword
갈때 마다 만족하는 티룸 ~ 차분해지는 겨울,"Price, Dessert/Bakery, Coffee/Drink, Vibe",keyword
차를 즐기기 좋은 곳.,"Vibe, Coffee/Drink",keyword
전통 찻집보다는 보급형 찻집느낌이라 차 입문 시키기 위해 지인 데려가기 좋은 곳이었어요.,"Vibe, Coffee/Drink",keyword
"차는 두 번 우려마실 수 있었고 하동 잭살의 묵직한 맛, 백차의 산뜻한 맛이 좋았어요.","Dessert/Bakery, Coffee/Drink, Vibe",keyword
매장 이용 시 찻잎 구매가 가능해 보이숙차 구매했는데 향이 아주 좋았습니다.,"Price, Dessert/Bakery, Coffee/Drink, Vibe",keyword
오픈 초기 이후 오랜만에 방문했는데 사람이 많아졌네요,"Service, Dessert/Bakery, Coffee/Drink, Vibe",keyword
차 종류도 다양하고 맛도 괜찮아요,"Dessert/Bakery, Coffee/Drink",keyword
치즈케이크는 정말 진해요,Dessert/Bakery,keyword
올 때마다 좋아요,"Dessert/Bakery, Coffee/Drink",keyword
이번에는 티 세트도 구매했는데 선물 받은 사람이 좋아했어요,"Price, Dessert/Bakery, Coffee/Drink, Vibe",keyword
🍰 티라미수가 진짜 맛있었어요!!,Dessert/Bakery,keyword
분위기 좋고 차도 맛있어요,"Vibe, Coffee/Drink",keyword
"말차라떼도 맛난데, 호지차 냉침 밀크티도 굿!!","Dessert/Bakery, Coffee/Drink",keyword
주말이라 대기가 오시는 분들이 많았습니다.,"Service, Dessert/Bakery, Coffee/Drink",keyword
뷰도 좋고 특히 바형태로 되어잇는 곳이 이야기하기 좋았어요.,"Service, Dessert/Bakery, Coffee/Drink, Vibe",keyword
테이블 앉으려고 했는데 테이블보다는 바가 나은 것 같아요 :),"Dessert/Bakery, Coffee/Drink",keyword
"처음 고른 차를 먹었을 때 취향이 아니었는데
두번째 우린 차로 먹으니 너무 맛있더라구요","Vibe, Coffee/Drink",keyword
"혹시라도 고른 차가 처음에 입맛에 안맛더라도
두번째까지 우려서 드셔보시길 추천합니다.","Dessert/Bakery, Coffee/Drink, Vibe",keyword
공간이 좁은 편이지만 차 마시기 좋아요,"Vibe, Coffee/Drink",keyword
너무 이쁜 곳 이였습니다.,Vibe,keyword
서비스도 너무 감사한 곳 입니다.,"Service, Dessert/Bakery, Coffee/Drink, Vibe",keyword
다시 방문 할 것 같아요,"Service, Dessert/Bakery, Coffee/Drink",keyword
티가 좋고 뷰가 맛있어요,Coffee/Drink,keyword
사람이 많았다는 후기가 있는거 같아서 딱 오픈 하자마자 도착해서 들어갔어요!,"Dessert/Bakery, Coffee/Drink, Vibe",keyword
차에 관심이 생겨서 갔던 티룸인데 무척 만족하고 갔다왔네요.,"Price, Dessert/Bakery, Coffee/Drink, Vibe",keyword
세작 쿠폰을 써서 마시고 쑥 티라미수 하나랑 같이 즐겼어요.,Dessert/Bakery,keyword
혼자 서울로 여행 와서 온 곳이었는데 멀리서 올 만큼 정말 좋았습니다ㅎㅎ,"Dessert/Bakery, Coffee/Drink, Vibe",keyword
차랑 여러가지 용품도 구매해서 집에서도 잘 마시고 있어요,"Dessert/Bakery, Coffee/Drink, Vibe",keyword
웨이팅 있었는데 혼자이다보니 금방 들어갔어요,"Service, Vibe, Coffee/Drink",keyword
평일 오후도 웨이팅 있음,"Service, Vibe, Coffee/Drink",keyword
티 따로 구매할 의향 있을 정도,"Dessert/Bakery, Coffee/Drink, Vibe",keyword
큰 창에 빛도 잘 들어오고 친절하셔서 좋았습니다.,"Service, Dessert/Bakery, Coffee/Drink",keyword
자리가 없어 바자리에 앉았는데 대화하기도 차 마시기도 좋았어요,"Dessert/Bakery, Coffee/Drink",keyword
만석이였지만 한자리있어서 바로 들어갈수있었습니당,"Vibe, Coffee/Drink",keyword
"차를 마실수있는 공간에
아늑하고 코지,,한 너낌으로 넘좋았어요","Dessert/Bakery, Coffee/Drink, Vibe",keyword
디카페인 메뉴도 있어서 더 좋았습니다,"Vibe, Coffee/Drink",keyword
"따뜻한 감잎차 마셨고, 
향긋하고 따뜻해서 겨울에 딱이였어요,,,","Dessert/Bakery, Coffee/Drink",keyword
선물로 티백세트 구매했습니다,"Price, Dessert/Bakery, Coffee/Drink, Vibe",keyword
들어가서 마실려면 웨이팅 좀 있었어요!,"Service, Vibe, Coffee/Drink",keyword
그만한 가치있는 찻집이라 생각합니다,"Price, Dessert/Bakery, Coffee/Drink, Vibe",keyword
방문할땐 친구나 부모님이라 차한잔 해야겠어요!,"Service, Dessert/Bakery, Coffee/Drink, Vibe",keyword
무신사건물 윗층이라 뷰도 괜찮아보였어요,"Vibe, Coffee/Drink",keyword
시간제한 있으니 주의하세요,"Dessert/Bakery, Coffee/Drink, Vibe",keyword
성수에서 그나마 조용한곳,"Dessert/Bakery, Coffee/Drink, Vibe",keyword
"이런 멋진곳에서 차를 마실수 있다니, 온전히 나에게 집중할 수 있는 분위기.","Dessert/Bakery, Coffee/Drink, Vibe",keyword
차는 간식과 곁들여지는 것.,"Dessert/Bakery, Coffee/Drink",keyword
그냥 사람만날때 마시는 것.,"Dessert/Bakery, Vibe",keyword
차가 내 일상을 거들어주는 정도에 그치는 것이 아닌 차에게 집중해보는 일이 가능한 티룸까페,"Price, Dessert/Bakery, Coffee/Drink, Vibe",keyword
"커피보다는 차가 좋아서 
쑥차, 쑥라떼, 쑥케익이었나?",Coffee/Drink,keyword
"장소가 좁아서 사람들이 돌아다니면 
먼지가 좀 날리다보니 차에 먼지가 다 쌓이더라고요","Dessert/Bakery, Coffee/Drink, Vibe",keyword
차라서 천천히 마시고 싶었는데..ㅎㅎㅎ,Coffee/Drink,keyword
"웨이팅 있었지만 친절하게 응대해주셨고
평소 티를 좋아하는 사람이라면 
호불호 없이 좋아할 맛.","Service, Dessert/Bakery, Coffee/Drink, Vibe",keyword
도심 속에서 여유롭게 즐길 수 있는 티룸이 성수에 있는지 처음 알았어요.,"Vibe, Coffee/Drink",keyword
오랜만에 엄마와 서울로 나들이 와서 함께 방문했는데 분위기도 너무 좋고 엄마가 정말 좋아하셨어요 : ) 하동녹차와 작살차 그리고  단호박 파운드 시켜먹었는데 티도 한번씩 더 리필 할 수 있고 무엇보다 티가 진하고 맛있더라구요!,"Service, Dessert/Bakery, Coffee/Drink, Vibe",keyword
그리고 방문하시게 된다면 단호박파운드 꼭 시켜드세요 !,"Service, Dessert/Bakery, Coffee/Drink",keyword
티와도 너무 잘어울리고 너무 부드럽고 안에 단호박 슬라이스라 그대로 씹혀서 진짜 맛있더라구요!,Coffee/Drink,keyword
엄마도 달지않고 맛있다고 하셨어요 ㅎㅎ,"Dessert/Bakery, Coffee/Drink",keyword
부모님 모시고 오면 좋아할 공간이니 방문해보시길 추천드려요 :),"Service, Dessert/Bakery, Coffee/Drink, Vibe",keyword
티소믈리에님도 친절하시구 일단 다 맛납니다!,"Service, Dessert/Bakery, Coffee/Drink",keyword
접근성도 좋아요!,Position,keyword
말차라떼 : 진하고 부드러운데 너무 달지않고 맛있음.,"Dessert/Bakery, Coffee/Drink",keyword
말차라떼 맛집!,"Dessert/Bakery, Coffee/Drink",keyword
자몽 홍차 아이스티 : 자몽의 상콤한 맛이 강함.,"Dessert/Bakery, Coffee/Drink",keyword
호지차마들렌 : 너무 퍽퍽하지 않고 따뜻하게 데워주심.,"Dessert/Bakery, Coffee/Drink",keyword
호지차 맛도 잘 나서 할인쿠폰 사용해서 먹는거 추천.,"Dessert/Bakery, Coffee/Drink, Vibe",keyword
분위기도 좋고 맛도 있어서 자리만 있다면 너무 괜찮은 곳.,"Vibe, Coffee/Drink",keyword
마들렌도 맛있고 차도 맛있고 분위기도 너무 좋아요!,"Vibe, Coffee/Drink",keyword
"무신사 건물 5층에 위치한 티룸 🍵
건물 왼쪽편에 바로 연결된 엘레베이터가 있어요!","Vibe, Service, Position, Coffee/Drink, Dessert/Bakery",keyword
꼭 무신사 건물 통해서 안 들어가셔도 됩니다 ㅎㅎ,Vibe,keyword
자몽아이스티 시켰는데 많이 달지 않으면서 과육도 씹히고 맛있었어요,Coffee/Drink,keyword
아쉬운 점은 음료 양이 살짝 적은 편..!,Coffee/Drink,keyword
너무 맛있어서 빨리 마신 탓인가 싶기도 하고요,"Dessert/Bakery, Coffee/Drink",keyword
"🤔
소리가 살짝 울리는 편이라 조용한 분위기는 아니지만 그래도 카페 자체는 좋아요","Dessert/Bakery, Coffee/Drink, Vibe",keyword
사장님 두분 다 친절하십니다!!,"Service, Dessert/Bakery, Coffee/Drink",keyword
일단 성수에 이렇게 이색적인 티카페가 있다는것도 특별하고 평일 낮이라 사람이 별로 없는게 한몫했지만  나이대 상관없이 즐길수있는 분위기라 너무 좋아요,"Dessert/Bakery, Coffee/Drink, Vibe",keyword
여기서 차마시고 너무 맛있어서 티백도 사왔어요^^,"Dessert/Bakery, Coffee/Drink",keyword
생일날에 혼자 맥파이앤타이거 와서  음료랑 디저트 먹네요,"Dessert/Bakery, Coffee/Drink, Vibe",keyword
"😭
티라미수가 쓰러진줄도 모르고 있었는데 직원분이 오시더니 티라미수 접시에 옮기다가 쓰러졌다며 죄송하다고 하시면서 티백 하나 서비스로 주셨어요...","Service, Dessert/Bakery, Coffee/Drink, Vibe",keyword
세심하게 신경써주셔서 감사합니다,"Dessert/Bakery, Coffee/Drink",keyword
"😊
디저트, 음료 모두 맛있어요","Dessert/Bakery, Coffee/Drink",keyword
직원분들은..,Service,keyword
🥹🥹 정말 너무 친절하세요,"Service, Dessert/Bakery, Coffee/Drink",keyword
"최고ㅠㅠ 차 맛, 분위기, 인테리어, 음악까지 이렇게 완벽한 카페는 정말 오랜만이에요.","Dessert/Bakery, Coffee/Drink, Vibe",keyword
굳이굳이 결제내역 연동까지 해서 리뷰쓰고싶어지는 친절도 정말 오랜만..,"Service, Dessert/Bakery, Coffee/Drink",keyword
공간이 좋아서 며칠만에 재방문했어요,"Service, Dessert/Bakery, Coffee/Drink, Vibe",keyword
마시는 차마다 다 좋아요,Coffee/Drink,keyword
"자몽아이스티는 인위적인 맛이 아닌 자몽 그대로의
맛이 잘 어우러진 것 같더라구요.","Dessert/Bakery, Coffee/Drink",keyword
무엇보다 주문할때나 음료가 나올때 대응이 되게 친절하고 좋았어요.,"Service, Dessert/Bakery, Coffee/Drink",keyword
감잎차도 구수하니 마무리로 좋았습니다!,"Dessert/Bakery, Coffee/Drink, Vibe",keyword
성수동에 이런 곳이 있는지 몰랐어요,"Vibe, Coffee/Drink",keyword
공간도 좋고 차도 쑥티라미수도 넘 맛있어요,"Dessert/Bakery, Coffee/Drink, Vibe",keyword
다만 사람이 많아지니 엄청 시끄럽더라구요!,"Dessert/Bakery, Vibe",keyword
무신사 건물 안 5층에 위치해 있어서 찾아가면서도 여기가 맞나 갸우뚱 했는데 맞아요!!!!,"Position, Dessert/Bakery, Coffee/Drink, Vibe",keyword
차도 티팟으로 두번 먹을 수 있고 한번은 따뜻하게 한번은 차갑게 마시니 딱 좋았어요!,"Dessert/Bakery, Coffee/Drink, Vibe",keyword
특히 가장 기대했던 쑥티라미수!!!!,"Dessert/Bakery, Coffee/Drink",keyword
쑥향 낭낭하구 시트 크림 훌훌 넘어가게 부드러워요...,"Dessert/Bakery, Coffee/Drink",keyword
쑥티라미수 홀케이크 판매하실 생각 없으실까요...ㅠㅠ,"Dessert/Bakery, Coffee/Drink",keyword
"마침 방문한 날이 2주년이라구 시루떡도 예쁘게
 내어주셨어요!!!","Service, Dessert/Bakery, Coffee/Drink, Vibe",keyword
티 오마카세랑 바치케 먹으러 꼭 갈거에요!,Coffee/Drink,keyword
하이볼까지도 차향이 은은해서 맛있어요,"Dessert/Bakery, Coffee/Drink",keyword
창가자리 앉았는데 호텔 라운지바 느낌으로다가 노을 지는 뷰 보면서 대화나누기 좋았어요!,Dessert/Bakery,keyword
쑥라떼 두유로 넣어서 먹었는데 괜찮았어요ㅎㅎ,"Vibe, Coffee/Drink",keyword
1-2층에서 옷구경도 하고 엘베타고 바로 올라올 수 있네요~,"Dessert/Bakery, Coffee/Drink, Vibe",keyword
분위기 좋은 성수티룸으로 추천해요,"Dessert/Bakery, Coffee/Drink, Vibe",keyword
티 좋아하는 사람들에게 강추하는 티룸!,"Dessert/Bakery, Coffee/Drink, Vibe",keyword
"인테리어는 모던하고, 여러 특이한 차를 맛볼수 있어요!","Dessert/Bakery, Coffee/Drink, Vibe",keyword
차는 2번까지 우려주신답니다!,Coffee/Drink,keyword
특히 밤에 가면 잔잔한 조명과 함께 티 한잔하게 좋아요,"Dessert/Bakery, Coffee/Drink, Vibe",keyword
분위기도 맛도 좋은곳 차분한 이곳 좋다,"Dessert/Bakery, Coffee/Drink, Vibe",keyword
일요일 늦은 오후 핫한 시간에 가서 혹시 될까하며 웨이팅 걸었는데 오잉 운좋게 10분만에 자리났움,"Service, Dessert/Bakery, Coffee/Drink",keyword
"✨️  뷰가 미쳤고, 성수거리 보이는 바, 마주볼 수 있는 다이닝 테이블, 티메이커와 살짝 대화도 할 수 있는 바, 알콩달콩 할 수 있는 2인테이블 다양하게 되어있습니다.","Dessert/Bakery, Coffee/Drink, Vibe",keyword
소비가 후회되지 않을만큼 세심한 서비스랑 차퀄리티가 돋보여요.,"Service, Dessert/Bakery, Coffee/Drink",keyword
성수동 놀러오면 올만하다구 추천드립니당,"Dessert/Bakery, Coffee/Drink, Vibe",keyword
😋 옷구경하고 잠시 쉬기도 좋아요.,"Dessert/Bakery, Coffee/Drink",keyword
"그래도 핫한 주말엔 쪼금 수다스러운 환경이지만 압도하는 뷰때문에 별로 신경 안쓰이구요,","Dessert/Bakery, Coffee/Drink",keyword
"그래서 개인 업무나, 공부를 하기에도 적합하네요","Dessert/Bakery, Coffee/Drink",keyword
저 와야 되니까 너무 소문나면 안돼,"Dessert/Bakery, Coffee/Drink",keyword
티 여러종류가 있었고 추천해달라고 하니 친절하게 응대해주셔서 좋았습니다,"Service, Dessert/Bakery, Coffee/Drink, Vibe",keyword
"😊
우려낸 티는 한번더 마실수 있었어요","Vibe, Coffee/Drink",keyword
글고 같이 먹은 쑥 티라미수 부드럽고 넘 맛났어요,"Dessert/Bakery, Coffee/Drink",keyword
"아, 커피는 없습니다!",Coffee/Drink,keyword
"백차/감잎차
최애 쑥 말차 아포가토💚
티 카드에 적혀있는 맛이 그대로 느껴지는게 조하요","Service, Dessert/Bakery, Coffee/Drink, Vibe",keyword
따뜻한 티를 다 마시면 차갑게도 한 번 더 우려주시더라구요.,"Dessert/Bakery, Coffee/Drink",keyword
선택이지만 두가지 방법으로 마시니 좋았습니다.,Service,keyword
성수가면 생각나는 곳이에요.,Vibe,keyword
"성수에 갈일이 있었는데 어느 카페를 갈지 많고 많던 카페 중에서 고민하던 중, 요즘 완전 빠져있는 맥파이앤타이거 티룸으로 고고!!","Dessert/Bakery, Coffee/Drink, Vibe",keyword
마침 신메뉴인 쑥차티라미수도 먹게 되고 완전 럭키비키🤘😎,"Dessert/Bakery, Coffee/Drink",keyword
티는 달달한 끝맛이 일품인 호박차로 티라미수랑 완전 찰떡궁합!,"Dessert/Bakery, Coffee/Drink, Vibe",keyword
집에서 내가 우려서 마셨던거랑 살짝 더 맛있다고 느껴지는건 왜 일까?,"Vibe, Coffee/Drink",keyword
"분위기 인테리어, 메뉴 모 하나 빠지는게 없었음!",Vibe,keyword
재방문의사 10000%,Service,keyword
짐 리뷰 쓰다가도 바에 앉아서 차 마시면서 책 읽고 싶어지네요ㅎㅡㅎ,"Dessert/Bakery, Coffee/Drink",keyword
서울에서 이곳만 다른 세계같음.,Dessert/Bakery,keyword
같으신 분에게 차를 추천받으면서 이것 저것 짧게 이야기 해주셨는데 차를 좋아하시는 분이라는게 확 느껴져서 뭔가 세계관 일치하는 느낌 같아서 좋았다.,"Dessert/Bakery, Coffee/Drink, Vibe",keyword
"추천 음료는 호지차 아이스
따뜻하게 먹었던 호지차는 무거운 느낌이 들어서 추운겨울 아침에 생각날 것 같은데
아이스로 먹는 순간 청량함이 백배이다.","Dessert/Bakery, Coffee/Drink, Vibe",keyword
우유를 결정할 수 없다는 점과 디저트가 빵종류 밖에 없다는 점이 아쉽지만 커피 전문점과 여기를 고르라고 한다면 조금 비싸도 여기가 좋은 것 같다,"Dessert/Bakery, Coffee/Drink, Price",keyword
"자리가 없어서 테이크 아웃 했어요…😭
다음에는 매장에서 먹어보고싶네요!","Dessert/Bakery, Coffee/Drink, Vibe",keyword
조용한 분위기에서 티 즐기기에 좋습니다,"Dessert/Bakery, Coffee/Drink, Vibe",keyword
아늑하고 모던한 분위기가 좋아요,"Dessert/Bakery, Coffee/Drink, Vibe",keyword
대화하기도 좋고 작업하기도 좋을거 같아요!ㅎㅎ,"Service, Dessert/Bakery, Coffee/Drink",keyword
"여름이 느껴지는 시원하고, 깔끔한 녹차였어요:)
먹고 한번더 우려주셔서 가성비도 좋아요","Dessert/Bakery, Coffee/Drink, Price",keyword
높은 층에 자리잡아 통창으로 바깥풍경 막힘없이 볼 수 있어서 좋았어요.,"Vibe, Coffee/Drink",keyword
저번에 찻잎을 구매하고 받은 쿠폰을 쓰러왔는데 살짝 문제가 있었지만 친절하게 대응해주셔서 맛있게 잘 먹고 좋은 기억 남기고 왔네요.,"Service, Dessert/Bakery, Coffee/Drink, Vibe",keyword
다음엔 다른 디저트도 먹어보고 싶습니다.,"Dessert/Bakery, Coffee/Drink",keyword
차향도 맡아볼 수 있고 리필도 한번 해주셔서 배부르게 먹고 왔어요,"Dessert/Bakery, Coffee/Drink, Vibe",keyword
친절하시고 음료도 디저트도 특색있고 맛있었어요,"Service, Dessert/Bakery, Coffee/Drink, Vibe",keyword
신사에 있는 곳은 시간이 안 맞아서 못 갔는데 성수에도 있다니 기뻐요 성수 시티뷰 창도 있고 중정 창도 있어서 비오는 날 방문하니 더 좋네요,"Service, Dessert/Bakery, Coffee/Drink, Vibe",keyword
차도 맛있고 무엇보다 뷰가 좋아요!,Coffee/Drink,keyword
인테리어도 굿,Vibe,keyword
다시는 안올 겁니다.,"Dessert/Bakery, Coffee/Drink",keyword
추천받아서 기대하면서 왔는데 실망했어요.,"Dessert/Bakery, Coffee/Drink, Vibe",keyword
소리가 엄청 울리는 곳이라 시끄러워서 차향을 느낄 수가 없었어요.,"Vibe, Coffee/Drink",keyword
그건 둘째치고 주문받으신 저 직원분 솔직히 마음상했습니다.,Service,keyword
"마스크끼고 말씀하시니 목소리가 잘 안들렸는데, 
제가 못 알아들으니 빤히 쳐다보고 정색하시더라구요.","Dessert/Bakery, Coffee/Drink",keyword
그리고 뭐 질문을 해도 뭐 그런 걸 묻느냐는 듯이 형식적인 대답을 하셨어요.,"Service, Dessert/Bakery, Coffee/Drink",keyword
차향은 정말 좋았지만 뭘 더 물어볼 마음도 없어서 따로 구매해오지 않았습니다.,"Dessert/Bakery, Coffee/Drink",keyword
"마들렌도 너무 달아서 호지향 전혀 안나요.
(호지맛인지 모를 정도)",Coffee/Drink,keyword
가게 내부가 너무 울리니 사람들 대화 소리에 음악이 전혀 안들릴 정도입니다.,"Dessert/Bakery, Vibe",keyword
뭐 이 시간대 오신 손님이 테이블을 두드리며 웃으실 만큼 시끄러우신 분이긴 했어요 ...,"Dessert/Bakery, Coffee/Drink",keyword
월요일인데도 사람이 많은데 왜 그런지 알겠더라구요!,"Dessert/Bakery, Vibe",keyword
맥파이만의 감성을 제대로 느낄 수 있는 멋진 티룸이었습니다,"Vibe, Coffee/Drink",keyword
"🙂 차들도 모두 맛있고, 뷰도 너무 좋아서 기분좋게 책을 읽을 수 있었어요.","Vibe, Coffee/Drink",keyword
"다만, 차라는 것을 감안해도 가격 대비 용량이 적어서 그건 조금 아쉬웠습니다 ㅜ","Dessert/Bakery, Coffee/Drink, Price",keyword
차와 곁들일 수 있는 성수만의 티타임 세트도 있으면 좋을 것 같아요!,"Dessert/Bakery, Coffee/Drink, Vibe",keyword
음료도 마들렌도 맛있네요,Coffee/Drink,keyword
티백사는건 웨이팅 없이 가능해요.,"Service, Dessert/Bakery, Coffee/Drink, Price",keyword
엄청 친절해서 다음엔 티룸 예약해보고 싶네요.,"Service, Dessert/Bakery, Coffee/Drink, Vibe",keyword
"1. 매장: 매우 깔끔, 매우 차분(사람들 많아지니까 조금 시끌벅적해지긴 했지만, 분위기 자체는 그런 곳이 아님), 매우 정갈함.","Dessert/Bakery, Coffee/Drink, Vibe",keyword
"실내 공간 배치와 소품들이 매우 감각적이라고 생각하고, 화장실도 매우 깔끔함.","Dessert/Bakery, Coffee/Drink, Vibe",keyword
"층고도 높고, 매장도 5층에 있어서 아주 시원시원한 느낌이 듦.","Dessert/Bakery, Coffee/Drink, Vibe",keyword
"2. 음식: 헛개차와 세작을 마셨는데, 매우 깔끔하고 향긋함.","Dessert/Bakery, Coffee/Drink",keyword
"하동 찻잎을 사용한다는데, 하동과 무슨 관련인지는 모르겠음.","Dessert/Bakery, Coffee/Drink",keyword
아무튼 찻집이 귀해진 시대에 아주 좋은 곳임.,Vibe,keyword
함께 시킨 쑥티라미수는 쑥향이 생각보다는 약하지만 적절히 달아서 괜찮았음.,"Dessert/Bakery, Coffee/Drink",keyword
3. 사람들이 잘 몰랐으면 좋겠다고 느껴지는 곳.,"Dessert/Bakery, Vibe",keyword
오픈시간 맞춰가서 여러자리에서 사진도 예쁘게찍고!,Vibe,keyword
"채광들어오면 너무예쁠텐데 비와서 아쉬웠지만
비오는대로 고즈넉하고 힐링하고왔어","Dessert/Bakery, Coffee/Drink, Vibe",keyword
"차도 너무 맛있고 담백하고 구수하고
직원분들조 친절하시고","Service, Dessert/Bakery, Coffee/Drink",keyword
성수카페 찾으시면 꼭 한번 방문하셔요!,"Service, Dessert/Bakery, Coffee/Drink",keyword
다른 메뉴들보다 백차를 추천해요!,"Dessert/Bakery, Coffee/Drink, Vibe",keyword
"성수랑 잘 어울리는 특색있는 카페🍵
통창을 통해 보이는 잔잔한 분위기가 매력적인 공간🌃
혼자 시간을 보내기 좋고, 차를 좋아하시거나 관심 있는 분들께 추천드려요","Dessert/Bakery, Coffee/Drink, Vibe",keyword
"💛
참고로 음료 리필도 가능해서 저는 테이크아웃으로 아이스로 변경해 마셨습니당ㅎㅎ","Vibe, Service, Coffee/Drink, Price, Dessert/Bakery",keyword
공간도 멋지고 직원들도 친절해서 인상 깊었던 카페에요,"Service, Dessert/Bakery, Coffee/Drink, Vibe",keyword
티랑 디저트 다 맛있어요!,"Dessert/Bakery, Coffee/Drink",keyword
친절하시고요:),"Service, Dessert/Bakery, Coffee/Drink",keyword
티 좋아하는 분들에게 강추하는 카페!!,"Dessert/Bakery, Coffee/Drink",keyword
아이스도 티를 직접 우려서 만드는데 많이 달지 않습니다!,"Vibe, Coffee/Drink",keyword
그리고 특색있는 디자트 티라미수가 정말 맛있어요!,"Dessert/Bakery, Coffee/Drink, Vibe",keyword
분위기 맛집이에요!!,Vibe,keyword
차 좋아하시는 분들에게 강추😆,Coffee/Drink,keyword
진짜진짜 너무 맛있게 먹었어요,Coffee/Drink,keyword
"차를 파는 카페는 생소한데
분위기 맛 가성비 꽉 잡은 맥파이!","Price, Dessert/Bakery, Coffee/Drink, Vibe",keyword
"재방문의사 10000%
비오는 날도 운치있을거 같아요","Service, Dessert/Bakery, Coffee/Drink, Vibe",keyword
"차 종류가 엄청 많지는 않지만
귀여운 티팟에 우려서 향까지 맡을 수 있게 해주고
한 번 리필까지 가능해서 좋았습니다! (무려 테이크아웃 리필도 가능)","Vibe, Service, Coffee/Drink, Price, Dessert/Bakery",keyword
"리필되는지 알았다면 매장에서는 핫, 테이크아웃으로 아이스 마셔볼 걸 그랬어용ㅎㅎ","Service, Vibe",keyword
"박람회에서 맥파이앤타이거 호지차 시음해본 적이 있었는데
여전히 맛있더군요","Dessert/Bakery, Coffee/Drink, Vibe",keyword
매장도 넓고 쾌적해서 좋았습니다,"Dessert/Bakery, Coffee/Drink, Vibe",keyword
풍경좋고 음료 맛있고 ~ 짱짱 !,Coffee/Drink,keyword
다양한 차를 조용히 즐기기 좋아요,"Dessert/Bakery, Coffee/Drink",keyword
더워서 이번에 아이스류를 시켜 먹었는데 이것또한 맛있는 !!,Coffee/Drink,keyword
"저녁에 방문해서 하이볼 마셨는데 분위기도 좋고 
넘 맛있었어요~","Service, Dessert/Bakery, Coffee/Drink, Vibe",keyword
아포카토 처음 먹는데 맛있네요!,Coffee/Drink,keyword
바스크 케이크도 귀엽고 맛납니다,Dessert/Bakery,keyword
뷰도 통창이라 좋고 분위기도 차분해요.,"Dessert/Bakery, Coffee/Drink, Vibe",keyword
쑥차 고소 향긋 맛나요,Coffee/Drink,keyword
조용하게 차 마시기 좋다,"Dessert/Bakery, Coffee/Drink",keyword
친구 추천으로 간 곳 너무 좋았습니다,Vibe,keyword
차 마시기 너무 좋아요,Coffee/Drink,keyword
"오
유리 다","Dessert/Bakery, Coffee/Drink",keyword
"구들도 예쁘고••
평일에 와서 그런지 한적하고
작업하기에도 조앗읍니다","Service, Dessert/Bakery, Coffee/Drink, Vibe",keyword
고층에 도심속 차분한 노래가 흘러나와 조용하고 집중할수있는 분위기가 넘 좋았어요.,"Dessert/Bakery, Coffee/Drink, Vibe",keyword
직원분들도 정말 친절하셨어요,"Service, Dessert/Bakery, Coffee/Drink",keyword
비오는 날.,"Dessert/Bakery, Coffee/Drink",keyword
눈 오는 날.,"Dessert/Bakery, Coffee/Drink",keyword
"언제든 조용히 차 한잔 하고플때 생각나는 곳
커피는 없음","Dessert/Bakery, Coffee/Drink, Vibe",keyword
쑥 티라미수.,Dessert/Bakery,keyword
쑥은 분명 그 맛이 쓴 재료인 줄 압니다.,"Service, Coffee/Drink",keyword
"그러나 그 맛을 제대로 감추고 향만 남았으니, 달콤한 티라미수와 잘 어울리는군요.","Dessert/Bakery, Coffee/Drink",keyword
헛개나무열매차는 고소하니 페트병에 파는 헛개차와는 많이 달랐습니다.,"Dessert/Bakery, Coffee/Drink",keyword
차는 두 번씩 우려먹을 수 있게 안내해주셨습니다.,"Dessert/Bakery, Coffee/Drink, Vibe",keyword
진짜 넘넘 친절하시구,"Service, Dessert/Bakery, Coffee/Drink",keyword
"💓
티 베리에이션 종류도 다양하고
디저트도 완전 취향저격ㅠ 또갈래용","Dessert/Bakery, Coffee/Drink",keyword
기대하고 왔는데 기대한만큼 좋았어용 ㅎㅎ,"Dessert/Bakery, Coffee/Drink",keyword
통창으로 보이는 뷰가 좋고 티가 맛있었어요!,Coffee/Drink,keyword
음악도 잔잔하니 카페분위기도 끝내주었습니다 ><,"Dessert/Bakery, Coffee/Drink, Vibe",keyword
"성수동의 또또또간집~
저는 일단 쑥 말차 아포가토를 먹으며 시작합니다.","Service, Dessert/Bakery, Coffee/Drink, Vibe",keyword
차는 그날 그날 땡기는거 마셔요,Coffee/Drink,keyword
느긋하게 보이차 즐길 수 있어요.,"Dessert/Bakery, Coffee/Drink, Vibe",keyword
사람많은 성수에 시원하고 조용한 좋은 곳..!,"Dessert/Bakery, Coffee/Drink, Vibe",keyword
"평일 오후 조용하게 할일 하면서 
차 한 잔 하기 좋은곳이네요","Dessert/Bakery, Coffee/Drink, Vibe",keyword
"성수에서 티룸 찾으신분들은 무조건 여기
티도 다 맛있고 분위기도 좋고 디저트도 맛있어요","Service, Dessert/Bakery, Coffee/Drink, Vibe",keyword
고층 카페라니 좋다 ..,Coffee/Drink,keyword
고층에있다는 점이 특별하고 아늑한 공간에 바 테이블로 에워싼 인테리어가 차를 즐기는 시간을 한층 더 은은하게 해줘서 좋아요,"Dessert/Bakery, Coffee/Drink, Vibe",keyword
차도 좋고 디저트도 맛있어요.,"Dessert/Bakery, Coffee/Drink",keyword
차는 원하면 한번 더 우려서 줍니다.,Coffee/Drink,keyword
쑥 티라미수에서 쑥향이 거의 안나서 좀 아쉬웠지만 적당히 달아서 맛있게 잘 먹었습니다.,"Dessert/Bakery, Coffee/Drink",keyword
성수 핫플 맥파이앤타이거 성수티룸은 많은 분들이 아직 모르고 있는 히든 스팟이예요.,"Vibe, Coffee/Drink",keyword
성수의 다양한 카페와 핫플레이스가 있지만 도심속에서 힐링할 수 있는 공간을 찾기 어려운데 맥파이앤타이거 성수티룸은 데이트코스나 비즈니스미팅하기에도 고급스럽고 휴식가득한 공간이라 방문을 추천해요.,"Service, Dessert/Bakery, Coffee/Drink, Vibe",keyword
자극적이고 화려한 비주얼의 음료가 인기를 끄는 요즘 이너뷰티에 좋은 곳 찾기 힘든데 뷰맛집 맥파이앤타이거 성수티룸 이번 주말 방문 어떠세요?,"Service, Dessert/Bakery, Coffee/Drink, Vibe",keyword
도심 속에서 맛있고 따뜻한 차를 마시고 싶을 땐 맥파이앤타이거 강추요!!,"Dessert/Bakery, Coffee/Drink, Vibe",keyword
오픈키친이여서 차 내리시는 모습도 볼 수 있고 육각형 테이블도 넘 고급지고 예쁘네요,"Dessert/Bakery, Coffee/Drink, Vibe",keyword
차를 한번 더 우려줘서 따뜻하게 마실 수 있어 좋아요!,"Dessert/Bakery, Coffee/Drink, Vibe",keyword
"건물 5층에 전부 통창이라 시티뷰 장난아니에요,,👍
저녁에 오면 더 멋질 것 같아요","Dessert/Bakery, Coffee/Drink, Vibe",keyword
5층뷰에서 바깥을 바라보며 멍때리거나 힐링하기 좋은것같아요!! ㅎㅎ,"Dessert/Bakery, Coffee/Drink",keyword
가볍게 차한잔마시면서 몸 녹이기,Coffee/Drink,keyword
차도 두번이나 우려주고 밤에 가면 통창뷰로 분위기 좋게 잘 즐기다 올수있었어요,"Dessert/Bakery, Coffee/Drink, Vibe",keyword
"티 처음인데 맛있었어요, 다음에는 다른 종류도 먹어보려구요!",Coffee/Drink,keyword
나만 아는 조용한 성수 야경명소였는데 사람이 득실득실해져서 좀 슬프다 ㅜㅜ,"Dessert/Bakery, Coffee/Drink, Vibe",keyword
❄️ 눈 내리는 날 📚 책읽으려고 찾아간 곳이예요.,Vibe,keyword
"통창을 통해 보이는 눈, 성수동의 빌딩숲 사이로 내리는 눈이 상당히 운치있었습니다.","Vibe, Coffee/Drink",keyword
🍵 혼자만의 시간을 보내면서 차 한잔 하시는 분들이 반 정도 되는 듯 했어요.,"Dessert/Bakery, Coffee/Drink",keyword
2면이 통창이라 상당히 개방감이 느껴졌고 층고가 높아서 시원하게 트이는 시야도 매력적이었어요,"Dessert/Bakery, Coffee/Drink, Vibe",keyword
"디저트 메뉴인 구움찰떡, 쑥 티라미수도 차와 잘 어울리고 특색있었어요","Dessert/Bakery, Coffee/Drink, Vibe",keyword
커피말고 따뜻한 차를 마시고 싶은 날 가면 좋은 곳이네요！,"Dessert/Bakery, Coffee/Drink, Vibe",keyword
편안하게 힐링 할 수 있는 공간이었어요,"Dessert/Bakery, Coffee/Drink, Vibe",keyword
해가 진 뒤 저녁에 다시 한번 방문하고 싶어요: ),"Service, Dessert/Bakery, Coffee/Drink, Vibe",keyword
맛있고 차 향도 좋고 분위기 좋아요,"Vibe, Coffee/Drink",keyword
오롯이 쑥차를 사기 위해 방문함.,"Service, Dessert/Bakery, Coffee/Drink",keyword
매장이 시끄러워서 차를 마시면서 집중하기엔 좋지 않아 비추함.,"Dessert/Bakery, Coffee/Drink, Vibe",keyword
어머니랑 방문했는데 친절하게 설명해주셔서 좋았어요!,"Service, Dessert/Bakery, Coffee/Drink",keyword
음악소리가 과하게 크지 않아서 마음에 들었습니다~!,"Service, Vibe",keyword
"차 마시고 뷰 보면서 우아 떨러 간 건데
기대 없리 시켜본 바스크치케랑 말차티라미수 진짜 맛있었어요!","Dessert/Bakery, Coffee/Drink",keyword
다음에 또 올거에요 ..,"Dessert/Bakery, Coffee/Drink",keyword
성수동 내 차분한 차 카페.,"Dessert/Bakery, Coffee/Drink",keyword
잭설차 잘 즐기고 왔습니다.,"Dessert/Bakery, Coffee/Drink",keyword
"혼자와서 즐겨도 좋을만큼 분위기도 너무 좋고
티 종류가 많아서 선택하기 좋네요","Service, Dessert/Bakery, Coffee/Drink, Vibe",keyword
"💛
두번 우려마실수있어서 가성비도 좋은것같아요","Price, Dessert/Bakery, Coffee/Drink, Vibe",keyword
입규를 찾기가 힘들었러요.,Service,keyword
하지만 너무 멋진 곳이었습니나,"Vibe, Coffee/Drink",keyword
"주문한 쑥차와 밀크티, 구움찰떡 모두 맛있게 먹었습니다","Service, Dessert/Bakery, Coffee/Drink",keyword
"🍵 공간도 정말 멋있고, 친절하게 응대해 주신 것도 좋았지만 저에겐 티룸이 새롭기도 하고 또 다른 취향을 알아가는 시간이어서 더 좋았어요.","Service, Dessert/Bakery, Coffee/Drink, Vibe",keyword
두번째로 우린 차의 맛을 보지 못한 게 아쉽네요,"Vibe, Coffee/Drink",keyword
🥹 다음에 시간도 공간도 좀 더 여유로울 때 다시 방문해서 분위기를 보다 제대로 즐기고 싶어요ㅎㅎ,"Service, Dessert/Bakery, Coffee/Drink, Vibe",keyword
호지차 냉침 밀크티...,Coffee/Drink,keyword
저에겐 두유 맛같았어요.,Dessert/Bakery,keyword
쑥 티라미수는 맛있었습니다.,Dessert/Bakery,keyword
밀크티도 맛없는건 아닌데 그냥 두유맛이라 그랬습니드.,Coffee/Drink,keyword
커피 종류는 없어서 다른 카페들에 비해 차별화가 확실해요!ㅎㅎ,"Dessert/Bakery, Coffee/Drink",keyword
디카페인 차들도 많아서 디카페인 러버한텐 딱이에요~,Coffee/Drink,keyword
대화하기 너무 좋았어요,"Dessert/Bakery, Coffee/Drink",keyword
특별한 차가 있어서 좋아요,"Dessert/Bakery, Coffee/Drink, Vibe",keyword
평일에는 웨이팅 없이 입장할 수 있었어요.,"Service, Dessert/Bakery, Coffee/Drink, Vibe",keyword
도시 한가운데에 고요하게 차(tea)한모금을 즐길 수 있는 곳이에요!!,"Dessert/Bakery, Coffee/Drink, Vibe",keyword
분위기도 차분하기 때문에 업무나 과제 가져와서 해결해도 될 것 같았어요!,"Dessert/Bakery, Coffee/Drink, Vibe",keyword
제가 마셨던 🍋레몬쉐이큰티는 상큼하니 개운해지는 맛이었어요!,"Dessert/Bakery, Coffee/Drink",keyword
사장님도 친절하셔서 다음에 또 방문해보고 싶은 곳입니다!!,"Service, Dessert/Bakery, Coffee/Drink, Vibe",keyword
소개팅 장소로도 괜찮은 것 같아요~!!,"Dessert/Bakery, Vibe",keyword
차 두번우려주세요,Coffee/Drink,keyword
밀크티도 맛있어요,Coffee/Drink,keyword
소개팅하기 좋을 것 같은 카페!,"Dessert/Bakery, Coffee/Drink",keyword
대화하기 좋을 정도로 테이블 간격이 넓고 조명이 따뜻해서 분위기가 좋습니다.,"Dessert/Bakery, Coffee/Drink, Vibe",keyword
차도 맛있어요,Coffee/Drink,keyword
차를 한번 더 우려낼 수 있어서 시간보내기 좋음,"Vibe, Coffee/Drink",keyword
음료가 맛있었고 특히 디저트가 특색이 있었어요!,"Dessert/Bakery, Coffee/Drink, Vibe",keyword
"시끄러운 성수 속
차분함 한 잔","Dessert/Bakery, Coffee/Drink",keyword
티 너무 맛있어용,Coffee/Drink,keyword
높아서 뷰가 좋고 분위기도 차분해서 좋았어요.,"Dessert/Bakery, Coffee/Drink, Vibe",keyword
둘이서 도란도란 대화하러 가기 좋은 곳 같아요!,"Dessert/Bakery, Coffee/Drink, Vibe",keyword
보통 카페의 다른 음료에 비해 조금 비싸게 느껴지긴 하지만 한 번 마시고 직원분께 말씀드리면 남은 차로 한 번 더 우려주시더라고요.,"Vibe, Service, Coffee/Drink, Price, Dessert/Bakery",keyword
두 잔이라고 생각하면 가성비라고 친구랑 얘기하고 왔어요ㅋㅋ,"Price, Dessert/Bakery, Coffee/Drink, Vibe",keyword
차 즐기시면 가볼만 한 곳이라고 생각합니다 ㅎㅎ,"Dessert/Bakery, Coffee/Drink, Vibe",keyword
건물 5층에 위치해있어 통창으로 성수동 카페거리가 한눈에 내다보여요.,"Position, Dessert/Bakery, Coffee/Drink, Vibe",keyword
"조명과 가구, 좌석 배치, 음악 등의 조화로 매장 내부 전반적인 분위기가 감성적이에요.","Dessert/Bakery, Vibe",keyword
바 형태의 좌석이 많아서 독서와 공부를 하거나 사색을 즐기는 등 혼자만의 시간을 가질 수 있는 힐링 공간이에요.,"Service, Dessert/Bakery, Coffee/Drink, Vibe",keyword
"티백과 다도 도구 등 굿즈를 파는 공간도 있어서 이색적이고, 직원분들이 친절하셔서 머무르는 내내 마음이 편안해요!","Service, Dessert/Bakery, Coffee/Drink, Vibe",keyword
카페인이 없는 차도 있어서 카페인에 민감하신 분들이나 임산부분들도 즐기기 좋아요!,"Dessert/Bakery, Coffee/Drink, Vibe",keyword
"저는 호박차와 말차라떼, 쑥 티라미수를 주문했는데, 차 본연의 향이 고소하고 쌉싸름하게 느껴져서 좋았어요.","Service, Dessert/Bakery, Coffee/Drink",keyword
디저트가 과하게 달지 않아서 건강한 맛이랄까요?!,"Dessert/Bakery, Coffee/Drink",keyword
게다가 차를 마시고 있으면 직원분이 오셔서 다시 한번 차를 우려서 가져다 주셔서 좋아요,"Service, Dessert/Bakery, Coffee/Drink, Vibe",keyword
인테리어 멋지구 친절하시구 좋아요 ㅎㅎ,"Service, Dessert/Bakery, Coffee/Drink, Vibe",keyword
까페마다 정신없고 시끄러운 성수동 까페 중 그나마 한적하게 여유롭게 차한잔할수있는 곳이에요!,"Dessert/Bakery, Coffee/Drink, Vibe",keyword
차도 두번 우려마실수있고 대화하기도 적당하고 좋아요,"Dessert/Bakery, Coffee/Drink, Vibe",keyword
보이숙차 맛있었어요.,Coffee/Drink,keyword
책에 집중하기 좋은 조명까지!,"Dessert/Bakery, Coffee/Drink, Vibe",keyword
조용하고 모던한 티룸인데 뷰도 좋고 차도 맛있어요.,"Dessert/Bakery, Coffee/Drink, Vibe",keyword
쑥포가토와 바스크 치즈케이크도 맛나게 먹었습니다,"Dessert/Bakery, Coffee/Drink",keyword
재방문의사 백프로!,Service,keyword
분위기도 좋고 차도 좋고 뷰도 좋고 좋은거투성이!,"Vibe, Coffee/Drink",keyword
도심속에 이런 공간이 있어서 더 좋네요.,"Vibe, Coffee/Drink",keyword
티룸이라 커피는 없지만 조용하고 분위기 좋네요,"Dessert/Bakery, Coffee/Drink, Vibe",keyword
"직원분들 너무 친절하시고 추운 날씨 마시는 차~
몸도 건강해지는 느낌이고 향도 좋고~ 힐링 되는 느낌이였습니다","Service, Dessert/Bakery, Coffee/Drink",keyword
재방문의사 완전 있어요♥♥,"Service, Vibe, Coffee/Drink",keyword
건물 5층인데 출입구 찾기가 쉽지 않은 편이네요,"Service, Vibe",keyword
차나 하이볼 맛은 좋고 디저트도 괜찮아요,"Dessert/Bakery, Coffee/Drink",keyword
뷰 진짜 예뻐요!,Vibe,keyword
"성수에 이런 뷰 맛집
고층 카페가 있는지 몰랐네요 :)","Vibe, Coffee/Drink",keyword
차도 정말 맛있고 바스크치즈케이크 이거 진짜 무친롬..,"Dessert/Bakery, Coffee/Drink",keyword
성수에서 사람들 피해서 여유롭고 차분하게 시간 보내고 싶으신 분들한테 100000% 추천하는 곳이에요!,"Dessert/Bakery, Coffee/Drink, Vibe",keyword
"들어올 때 여기가 맞나 싶은 숨겨진 곳이지만 안에 들어오면 너무나 심신안정 되는 곳이고, 보이숙차도 단연 좋지만 밀크티 러버인 저에게 맥파이 밀크티는 정말 새로웠어요!","Dessert/Bakery, Coffee/Drink, Vibe",keyword
"따뜻하게 먹다가 실내가 햇빛받으면서 엄청 더워져서 얼음컵 요청드리니 바로 갖다주셨고, 얼음컵에 직접 옮겨주셔서 시원하게도 먹었는데 그것도 정말 맛있었어요 :)
도심 속 서촌같은 바이브 정말 최고,,💗","Dessert/Bakery, Coffee/Drink, Vibe",keyword
성수카페 너무 시끄러워서 찾아보고 방문했는데 눈오는날이었는데 전망도 좋고 조용하고 친절하고 좋았어요.,"Service, Dessert/Bakery, Coffee/Drink",keyword
따뜻한 티와 감성있는 도시뷰의 창가 좌석이 분위기있고 좋았어요~,"Dessert/Bakery, Coffee/Drink, Vibe",keyword
데이트 장소로 추천합니다,"Dessert/Bakery, Coffee/Drink, Vibe",keyword
가봐야지 싶었는데 드디어 방문했어요~,"Service, Dessert/Bakery, Coffee/Drink",keyword
추운 날씨였는데 따뜻한 차와 함께 대화 나누기에 좋은 공간이었네요!,"Dessert/Bakery, Coffee/Drink, Vibe",keyword
직원분들도 친절하세요~,"Service, Dessert/Bakery, Coffee/Drink",keyword
다음에 또 가기로!! ㅎㅎ,Vibe,keyword
창이 탁 트여 뷰가 좋은 카페 입니다.,Coffee/Drink,keyword
창가쪽에 앉으면 옆건물의 초록색 옥상 방수가 보이구요.,"Vibe, Coffee/Drink",keyword
해질녘에 오시면 빌딩들 사이로의 일몰도 볼 수 있습니다.,"Dessert/Bakery, Coffee/Drink, Vibe",keyword
"메뉴 중에 커피는 없구요.
“티룸”",Coffee/Drink,keyword
이라고 해서 갖가지 차들만 있는데 그리 특별한 맛이 나지는 않습니다.,"Dessert/Bakery, Coffee/Drink, Vibe",keyword
주말에는 웨이팅이 좀 있는 편입니다.,"Service, Vibe, Coffee/Drink",keyword
분위기 너무 좋고 차랑 디져트도 너무 맛있어요~~,"Vibe, Coffee/Drink",keyword
👍👍 카페 잘 안가는데 여기는 자주 올거 같아요!!!ㅎㅎ,"Dessert/Bakery, Coffee/Drink",keyword
지인추천으로 왔는데 조용하고 분위기가 너무 좋았습니다✨,"Dessert/Bakery, Coffee/Drink, Vibe",keyword
찻잔이 이우환 다이알로그 같아서 괜히 반가웠습니다ㅎㅎ,Dessert/Bakery,keyword
저녁에 날도 춥고 커피는 좀 부담스러워 티룸으로 오게되었어요.,"Dessert/Bakery, Coffee/Drink, Vibe",keyword
분위기고 조용하니 차마시기 좋았어요.,"Dessert/Bakery, Coffee/Drink, Vibe",keyword
성수동 뷰를 바라보며 차한잔 즐길수 있는 곳이라 마음에 들어요,"Vibe, Coffee/Drink",keyword
사람도 붐비지 않고 프리미엄하게 즐길수있어요,"Dessert/Bakery, Coffee/Drink, Vibe",keyword
성수의 티카페 맥파이앤 타이거는 찾아가야 할 맛있는 장소 중 하나에요! ☕,"Dessert/Bakery, Coffee/Drink, Vibe",keyword
"맥파이앤 타이거는 다양한 차 종류와 커피, 디저트 메뉴로 차를 좋아하는 이들에게는 천국입니다.","Dessert/Bakery, Coffee/Drink, Vibe",keyword
차와 커피의 다양한 향과 맛을 즐길 수 있어요.,"Dessert/Bakery, Coffee/Drink, Vibe",keyword
티룸의 분위기는 아늑하고 모던한 감성을 갖추고 있어요.,"Dessert/Bakery, Coffee/Drink, Vibe",keyword
티와 함께 성수동 거리를 고층에서 바라보며 친구들과 대화를 나누기에 딱 좋아요.,"Vibe, Coffee/Drink",keyword
"맥파이앤타이거의 시그니쳐인 싱글 오리진 티 메뉴는 중국 운남의 이무 보이속차, 운남 백차와 홍차, 하동의 잭갈차, 쑥차와 쑥라떼, 말차라떼 등으로 구성되어 있어요","Dessert/Bakery, Coffee/Drink, Vibe",keyword
성수에서 맥파이앤 타이거 성수티룸을 찾아가면 차와 함께 특별한 순간을 누릴 수 있어요.,"Dessert/Bakery, Coffee/Drink, Vibe",keyword
차 좋아하는 분들께 추천드립니다!,"Vibe, Coffee/Drink",keyword
5층에 위치해서 있어 시티뷰를 바라보면서 마시는 차가 너무 좋네요!,"Position, Dessert/Bakery, Coffee/Drink, Vibe",keyword
향도 좋고 우드인테리어가 차분하니 넘 좋았습니닷!,"Dessert/Bakery, Coffee/Drink, Vibe",keyword
찻집이 있어 좋아요.,"Vibe, Coffee/Drink",keyword
늘 가고싶던 곳이였는데 저녁에 분위기 있고 시간 보내기 만족스럽네요.,"Vibe, Coffee/Drink, Price",keyword
티룸으로 유명해서 가봤는데 편안한 분위기네요.,"Dessert/Bakery, Coffee/Drink, Vibe",keyword
생각보다 대중적 분위기라서 살짝 실망했는데 차와 디저트가 아주 맛있어서 괜팒았음.,"Dessert/Bakery, Coffee/Drink, Vibe",keyword
세작 마셨는데 깔끔하고 너무 맛있었어요!!,"Dessert/Bakery, Coffee/Drink",keyword
티 좋아하시는 분들께 강추 드립니다,Coffee/Drink,keyword
티 종류가 정말 많고 주문한 것들 전부 맛있었어요,"Service, Dessert/Bakery, Coffee/Drink",keyword
디저트도 과하게 달지않고 좋았구요,Dessert/Bakery,keyword
층이 높은데 통창이어서 뷰가 탁트여있어 멋집니다,"Vibe, Coffee/Drink",keyword
너무 마음에 들어서 성수 방문하면 또 가려구요!,"Service, Dessert/Bakery, Coffee/Drink",keyword
"티랑 같이 할수 있는 디저트 메뉴가 많아서 좋고 , 또 쑥라떼랑 백차 모두 맛있었어요!","Dessert/Bakery, Coffee/Drink, Vibe",keyword
고층에 있어 넓게 성수 뷰가 보여서 예뻐요 !,"Vibe, Coffee/Drink",keyword
아포가토 맛집입니다...,Coffee/Drink,keyword
직원분들도 친절하시고 다른 디저트나 음료 다,"Service, Dessert/Bakery, Coffee/Drink",keyword
우연히 근처에 카페 찾아서 들어왔는데 너무너무 기분 좋고 만족하는 카페였어요,"Vibe, Service, Coffee/Drink, Price, Dessert/Bakery",keyword
"🩶
높은 고층에서 바라보는 뷰, 탁 트인 키친(?)",Vibe,keyword
"작업대, 분위기도 좋고.",Vibe,keyword
작업하기 좋을 거 같아요,"Service, Dessert/Bakery, Coffee/Drink",keyword
집중이 잘 될 것 같은 !!,Dessert/Bakery,keyword
"네이버 쿠폰 할인도 받고 카톡 친구 추가해서 티백도 받았는데
사장님들 너무 친절하시구 차 깔끔하게 맛있었고 음료도 맛있고 말차팥 바스크치즈케이크도 너무 맛있었어요 ㅠㅠ","Service, Dessert/Bakery, Coffee/Drink, Vibe",keyword
차는 말씀드리면 한 번 더 우려주셔요,Coffee/Drink,keyword
"🫖🤎
그리고 자몽쉐이큰 티 꼭 드셔보세요.",Coffee/Drink,keyword
찐이고 건강한 자몽에이드맛 !?,"Dessert/Bakery, Coffee/Drink",keyword
시럽 싫어하는 저는 정말 좋아했고 밀크티도 달달하지 않고 딱 정말 밀크티였어요♡,"Dessert/Bakery, Coffee/Drink",keyword
오와 성수 한 복판에 이런 공간이 있는게 넘 좋았어요!,"Dessert/Bakery, Coffee/Drink, Vibe",keyword
바쁜 일상 속에서 차 한 잔 느긋하게 즐길 수 있어 좋았습니다,"Dessert/Bakery, Coffee/Drink, Vibe",keyword
"쑥차/쑥라떼/말차팥 치즈케이크 주문했어요!
-","Service, Dessert/Bakery, Coffee/Drink",keyword
"쑥향이 향긋하니 너무 좋았던 쑥차
- 달콤 찐한 쑥라떼
- 말차의 달큰한 맛과 팥이 잘 어울리는 치즈케이크","Dessert/Bakery, Coffee/Drink",keyword
쑥차는 향이 정말 좋아서 두 번 우려먹었어요,Coffee/Drink,keyword
분위기가 마음에 들어 다시 찾은 맥파이앤타이거 성수티룸!,"Service, Vibe, Coffee/Drink",keyword
분위기가 도란도란 대화 나누기 좋아서 요즘처럼 추운 날씨에 따듯한 차나 맛있는 음료 마시면서 쉬기 좋아요!,"Dessert/Bakery, Coffee/Drink, Vibe",keyword
조용하고 나만의 시간 보내기 최고,"Dessert/Bakery, Coffee/Drink",keyword
다른 찻집보다 차 종류가 다양해서 좋아요,"Dessert/Bakery, Coffee/Drink",keyword
어두울땐 분위기가 좋고 전체적으로 차분하고 조용해 편안한 곳이에요,"Dessert/Bakery, Coffee/Drink, Vibe",keyword
차 마시며 차분히 홀로 책 읽기 참 좋은 곳입니다,"Vibe, Coffee/Drink",keyword
백차를 선택했는데 찻잎 향도 맛도 좋습니다,"Service, Dessert/Bakery, Coffee/Drink",keyword
호지차 구움 찰떡도 너무 달지 않아 차와 함께 잘 어울렸네요^^,Coffee/Drink,keyword
분위기 굿굿,Vibe,keyword
성수에서 이런 시티뷰를 보며 차를 마실 수 있다니!,"Vibe, Coffee/Drink",keyword
"고급스런 깔끔한 분위기에, 직접 차를 내리는 모습을 볼 수 있고, 디저트가 너무 맛있어요!","Dessert/Bakery, Coffee/Drink, Vibe",keyword
(말차팥치즈케이크 강추!),Dessert/Bakery,keyword
"식사 후, 분위기있게 여기서 차 한잔 하시면 좋을 것 같아요 :)","Dessert/Bakery, Coffee/Drink, Vibe",keyword
"개성있는 메뉴, 쾌적한 공간, 친절함","Service, Dessert/Bakery, Coffee/Drink, Vibe",keyword
모든 것을 갖춘 곳.,Vibe,keyword
모던한 인테리어에 성수동이 내려다보이는 뷰도 좋고 무엇보다 차랑 디저트가 맛있어요.,"Dessert/Bakery, Coffee/Drink, Vibe",keyword
"차는 한 번 더 리필해주셔서 더욱 좋았고, 찻잎이랑 티백 구매도 가능해요.","Dessert/Bakery, Coffee/Drink, Price",keyword
커피숍 아니고 찻집이라 궁금해하면서 갔는데 음료랑 베이커리가 진짜 너무 맛있더라구여!,"Dessert/Bakery, Coffee/Drink",keyword
"쑥말차아포가또 추천추천또추천
쑥라떼도 맛있어요",Vibe,keyword
카페인없어서 딱이었어요,Coffee/Drink,keyword
목련현미녹차는 녹차특유의 씁쓸함이 적고 속이 편안하더라고요,"Dessert/Bakery, Coffee/Drink",keyword
구움찰떡두 음료두 정말 맛있어요,Coffee/Drink,keyword
"🥹
말차 아포가토가 넘 궁금해서 먹어봤는데 정말 맛있게 진해요.","Dessert/Bakery, Coffee/Drink",keyword
치즈케이크를 먹을까 구움,"Dessert/Bakery, Coffee/Drink",keyword
과자를 먹을까 고민하다 구움찰떡으로 시켰는데 보이숙차랑 넘 잘어울렸어요.,"Dessert/Bakery, Coffee/Drink",keyword
통창밖엔 성수가 가득 보여서 뷰도 넘 좋았어요,"Vibe, Coffee/Drink",keyword
언제와도 참 좋아요,"Dessert/Bakery, Coffee/Drink",keyword
커피 못마시는 사람에겐 최고의 카페!!,"Dessert/Bakery, Coffee/Drink, Vibe",keyword
차도 맛있고 구움,Coffee/Drink,keyword
과자도 정말 맛있어요!,Dessert/Bakery,keyword
따뜻하게 데워주시더라구요~~,"Dessert/Bakery, Coffee/Drink",keyword
자리 넓게 쓰라고 큰 테이블로 옮겨주신게 참 감동이었어요.,"Service, Vibe, Coffee/Drink",keyword
커피가 없고 차만 있는 독특한 카페.,"Dessert/Bakery, Coffee/Drink, Vibe",keyword
옷가게 5층에 있어서 처음 찾아오면 헤맬듯.,"Vibe, Coffee/Drink",keyword
루프탑도 있어서 답답하지않게 얘기하기 좋았다.,"Dessert/Bakery, Coffee/Drink, Vibe",keyword
차 종류는 한번 더 리필이 가능한데 그래서 그런가,"Dessert/Bakery, Coffee/Drink, Price",keyword
디저트는 가격에 비해 빈정상하는 크기..,"Dessert/Bakery, Price",keyword
"따뜻한 차를 마시며 야경까지 보고, 생각정리도 할 수 있는 곳이었어요~","Service, Dessert/Bakery, Coffee/Drink, Vibe",keyword
복잡한 성수에서 여유로움을 느낄 수 있는 공간이라 색다른 즐거움이었습니다!,"Dessert/Bakery, Coffee/Drink, Vibe",keyword
조용해서 좋아요,"Dessert/Bakery, Coffee/Drink",keyword
친절하고 깔끔하면서 멋스런 분위기가 인상적이에요.,"Service, Dessert/Bakery, Coffee/Drink, Vibe",keyword
"크리스탈펀치 수정과칵테일 시켰는데
상큼함보다는 무거운 느낌 알콜이 꽤 쎄요
화장실은 비행기화장실처럼 해놓음","Dessert/Bakery, Coffee/Drink, Vibe",keyword
"분위기는 깔끔하고 좋지만 난 모르겠다
사람 많아서 대기하고 들어오는듯","Service, Dessert/Bakery, Coffee/Drink, Vibe",keyword
친절하시궁.,"Service, Dessert/Bakery, Coffee/Drink",keyword
차도맛있공.,Coffee/Drink,keyword
사색하기 좋은공간,"Dessert/Bakery, Coffee/Drink, Vibe",keyword
차에 익숙하지 않은 사람이라도 부담없이 방문할 수 있는 티룸입니다.,"Service, Dessert/Bakery, Coffee/Drink, Vibe",keyword
"건물의 높은 층에 위치한 만큼, 통유리 창으로 보는 경관은 감탄을 자아냅니다.","Position, Dessert/Bakery, Coffee/Drink, Vibe",keyword
어쩌면 좋은 차가 익숙하기 그지없는 도심을 근사한 경치로 바꾼 것일지도요.,"Dessert/Bakery, Coffee/Drink, Vibe",keyword
세심하게 우려진 보이숙차에서는 세월을 머금은 목향과 곡물의 맛이 납니다.,"Dessert/Bakery, Coffee/Drink",keyword
"생차보다도 더욱 진한 편이니 다소 호불호를 탈 순 있겠으나, 충분히 시도해볼 만한 가치를 지니고 있어요.","Price, Dessert/Bakery, Coffee/Drink, Vibe",keyword
저는 차를 따로 구매했을 정도로 좋았어요.,"Dessert/Bakery, Coffee/Drink, Vibe",keyword
여기에 호지차 구움찰떡은 소박하지만 재미난 다과입니다.,"Dessert/Bakery, Coffee/Drink",keyword
팥맛을 좋아하신다면 곁들여보셔도 괜찮을 것 같아요.,"Dessert/Bakery, Coffee/Drink",keyword
차를 다 마시고나면 한 번 더 우려주시려 오시는데 거절하지 마세요.,"Dessert/Bakery, Coffee/Drink",keyword
"첫 물과 두 번째 물은 비슷하지만 분명히 다른, 다채로운 만남의 연장선이니까요.","Dessert/Bakery, Coffee/Drink",keyword
공간뷰도 좋고 디저트도 맛있고 좋아요!!!!,"Dessert/Bakery, Vibe",keyword
처음 방문했는데 다음에 무조건 또 갈 것 같습니당,"Service, Dessert/Bakery, Coffee/Drink",keyword
티룸 넘 좋은것같아요!,"Dessert/Bakery, Coffee/Drink, Vibe",keyword
티도 맛있고 굿입니다,Coffee/Drink,keyword
신사에서 좋은 기억이 있어 성수에도 다녀왔습니다.,"Vibe, Coffee/Drink",keyword
성수역 3번출구 도보 2분거내 있어 찾아가기 너무 쉽습니다,"Position, Vibe, Coffee/Drink",keyword
그리고 성수는 통창뷰가 너무 멋있어서 해질녘쯤 가서 밝은 모습과 해지는 모습을 함께 보면 그저 힐링이 따로 없는 곳입니다,Vibe,keyword
뷰를 보며 따뜻한 차 한잔과 디저트를 함께하면 기분이 절로 좋아집니다.,"Dessert/Bakery, Coffee/Drink, Vibe",keyword
차도 향기롭게 블랜딩하고 직접 우려서 내어주시기에 이미 완벽한 차 향에 홀릭 됩니다,"Dessert/Bakery, Coffee/Drink",keyword
자리에 차와 디저트를 내어주신 후 메뉴 설명까지 꼼꼼하게 해주셔서 대접받는 기분이였습니다.,"Service, Dessert/Bakery, Coffee/Drink, Vibe",keyword
성수에 뷰 좋은 따뜻한 카페가 생겨서 너무 좋네요,"Dessert/Bakery, Coffee/Drink",keyword
통창뷰라 시원하고 차 즐기기 좋았어요^^,"Dessert/Bakery, Coffee/Drink",keyword
신사점은 약간 오마카세 느낌이 나고 성수점은 카페 느낌이 나요.,Coffee/Drink,keyword
편하게 얘기할 수 있고 성수동을 내려다볼 수 있는 통유리창이 있어서 시원시원하고 좋아요,"Dessert/Bakery, Coffee/Drink, Vibe",keyword
친절한 서비스와 쾌적한 공간!,"Service, Dessert/Bakery, Coffee/Drink, Vibe",keyword
분위기 좋은 공간에서 맛있는 차와 디저트 맛있게 먹었습니다.,"Dessert/Bakery, Coffee/Drink, Vibe",keyword
티도 무겁지 않고 캐쥬얼한 음료가 많아서 마음에 들어요!!,"Dessert/Bakery, Coffee/Drink",keyword
여기 처음 와보는데 티도 우려먹고 맛있는 디저트도 있어서 너무 힐링되더라구요,"Dessert/Bakery, Coffee/Drink, Vibe",keyword
"🌿
대화하기도 편하고 통창이여서 편하더라구요","Dessert/Bakery, Coffee/Drink",keyword
"🫶🏻
다음에 또와야겠어요","Dessert/Bakery, Coffee/Drink",keyword
"커피먹고 싶어서 찾아간 카페였는데 티룸이였더라구요,,ㅎㅎㅎㅎ","Vibe, Coffee/Drink",keyword
그럼에도 밀크티 정말 맛있었고 처음먹어보는 호지차 구움찰떡도 따듯하고 맛있었습니다,Coffee/Drink,keyword
무엇보다 분위기가 좋았어요!,Vibe,keyword
신사점도 가봤는데 성수점은 좀 더 트렌디하고 개방적이예요,"Dessert/Bakery, Coffee/Drink",keyword
🥹 역시나 분위기가 너무 좋고 차랑 디저트가 정말 맛있어요!,"Dessert/Bakery, Coffee/Drink, Vibe",keyword
대접받는 기분이 들어서 넘 좋더라구요!,Vibe,keyword
티마스터님들이 티를 정말 잘 우려주세요!,Coffee/Drink,keyword
기분좋게 즐기고 갑니다,Vibe,keyword
"맥파이앤타이거 쇼룸이 생긴건 알고 있었는데, 쇼룸은 처음이네요!","Vibe, Coffee/Drink",keyword
어두운 밤의 쇼룸 분위기 너무 좋았어요.,Vibe,keyword
다른 카페에서 팔 때도 맛있게 먹었지만 직접 와서 먹으니 더 맛있는 것 같은 느낌적인 느낌...,"Dessert/Bakery, Coffee/Drink",keyword
분위기 너무 좋아요!!!!,Vibe,keyword
"은은한 꿀맛이 가득한 차 한모금하기 좋아요,🍵
말차와 팥이 들어있는 바스크치즈케이크와 잘 어울리고 맛있오요","Dessert/Bakery, Coffee/Drink, Vibe",keyword
"달콤하고 달달한 꿀향에 묵직한 바닐라빈 맛과 향긋한 장미향이 가득한 백차가 정말 맛있어요,🤍","Dessert/Bakery, Coffee/Drink",keyword
바치케와 티가 잘 어울려서 또 방문하려구요!,"Service, Dessert/Bakery, Coffee/Drink",keyword
내외부도 너무 이쁜 티룸이에요,"Vibe, Coffee/Drink",keyword
통창으로 넓고 시원한 분위기에 따뜻한 차 마시니까 너무 좋아요!,"Dessert/Bakery, Coffee/Drink, Vibe",keyword
"바자리, 창가자리 다른 분위기로 너무 좋은 것 같아요","Dessert/Bakery, Vibe",keyword
티룸이라는 이름에 걸맞게 티가 정말 맛있었던 곳이었습니다.,"Vibe, Coffee/Drink",keyword
특히 쑥차는 쓴맛 없이 고소한 향만 느껴지는게 너무 좋았습니다,"Dessert/Bakery, Coffee/Drink",keyword
"성수에서 젤 깔끔하고 탁트인 카페라고 장담할 수 있습니다,,👀 직원분들도 넘넘 친절하시구 쑥말차 아포가토!","Service, Dessert/Bakery, Coffee/Drink, Vibe",keyword
"미쳐써요,,✨ 씁쓸하고 진한 쑥 말차에 아큼은 절대 못 참지요","Service, Dessert/Bakery, Coffee/Drink",keyword
💚 바스크치케는 세상 크리미하고 사워크림이랑 같이 먹으면 또 다른 별미예요!,Coffee/Drink,keyword
차는 아이스로 한잔 먼저 먹었는데 나중에 직원분이 한번 더 우려드리는지 여쭤봐주셔서 따듯하게도 마셨습니다,"Service, Dessert/Bakery, Coffee/Drink, Vibe",keyword
여기도 이제는 단골이라고 말할 수 있지 않을까… 다른 사람들한테도 소개하고 다님,"Dessert/Bakery, Coffee/Drink, Vibe",keyword
너무 좋아서… 직원분들 너무 친절하고 좋아요…,"Service, Dessert/Bakery, Coffee/Drink",keyword
층고가 높고 통유리창이 있어 고층 뷰를 감상하기에 좋습니다,"Dessert/Bakery, Coffee/Drink, Vibe",keyword
주변 시티뷰를 감상할 수 있으며 소란스럽지 않은 분위기여서 음료 한잔하며 대화하기 좋았어요!,"Dessert/Bakery, Coffee/Drink, Vibe",keyword
창가 자리가 만석이어서 창가에는 앉지 못했지만 바 자리도 충분히 분위기 괜찮았고 주문했던 티 칵테일도 좋았어요,"Service, Dessert/Bakery, Coffee/Drink, Vibe",keyword
밀크티 시켰는데 고소하고 맛있었습니다!,Coffee/Drink,keyword
"차분하니 좋고, 혼카 혹은 카공하러 오기도 괜찮은 분위기예요","Dessert/Bakery, Coffee/Drink, Vibe",keyword
쑥차 먹고왔어요.,"Dessert/Bakery, Coffee/Drink",keyword
"차 향도 맡을 수 있고,
다 마시면 한 번 더 우려주셔서 너무 좋아요!","Vibe, Coffee/Drink",keyword
여기 몇번을 와도 좋은데 거의 모든 자리에 콘센트 있다고도 말했나요?,"Dessert/Bakery, Coffee/Drink, Vibe",keyword
차가 정말 맛있어요.,Coffee/Drink,keyword
"차 제대로 맛 볼 수 있는 곳이 적은데, 제대로 하는 맛있는 곳을 찾았어요.","Service, Dessert/Bakery, Coffee/Drink, Vibe",keyword
파운드 케이크도 퀄리티가 아주 좋습니다.,Dessert/Bakery,keyword
"공장에서 떼오는 그런 느낌도 아니고, 싸구려 쇼트닝을 쓴 느낌도 아니에요!","Dessert/Bakery, Coffee/Drink",keyword
"제대로 잘 만들어 느끼하지 않고 촉촉하고 고급스러운 맛에, 홍차 맛도 잘 납니다.","Dessert/Bakery, Coffee/Drink, Vibe",keyword
매장이 널찍하고 아주 쾌적하고 깨끗해요.,"Dessert/Bakery, Coffee/Drink, Vibe",keyword
인테리어도 너무 예쁘고 편안해서 기분 좋아져요.,"Dessert/Bakery, Coffee/Drink, Vibe",keyword
직원분들도 너무 친절하시고 좋으세요.,"Service, Dessert/Bakery, Coffee/Drink",keyword
잘 먹고 갑니다,Coffee/Drink,keyword
커피만 마시는 건 질려서 도심속에서 시티뷰를 즐기며 차를 마실 수 있다는 성수 맥파이앤타이거 성수티점에 방문했어요,"Service, Dessert/Bakery, Coffee/Drink, Vibe",keyword
💚 핫여름이라 조금만 밖에 돌아댕겨도 더워서 힘이 빠지는데 맥파이앤타이거에서 시원한 차를 마시니까 기력이 보충되고 힐링이 되더라구요~,"Dessert/Bakery, Coffee/Drink, Vibe",keyword
차뿐만 아니라 디저트도 넘 맛있고 분위기도 좋아서 대화하기도 너무 좋은 힐링공간이에요,"Dessert/Bakery, Coffee/Drink, Vibe",keyword
"😊
차는 다마시면 한번 더 우려서 타주기 때문에 든든하게 차를 먹을 수 있다는 점도 좋았어요","Dessert/Bakery, Coffee/Drink, Vibe",keyword
"<내돈내산>정말 차한잔의여유,,힐링 그게뭔지 느낄수있게해주는곳🤍성수에 소중한사람데려가면 무조건여기입니다","Price, Dessert/Bakery, Coffee/Drink, Vibe",keyword
차가깊은맛이나고 두번 우려먹을수도있구 야경대박적 그리고아주친절하시고 분위기가 차분합니다,"Service, Dessert/Bakery, Coffee/Drink, Vibe",keyword
"아
나만알고싶은곳인데 널리알려졌음좋겟는그런곳💜","Vibe, Coffee/Drink",keyword
차가 정말 맛있어요,Coffee/Drink,keyword
특색있고 맛있는 디저트도 있어요,"Dessert/Bakery, Coffee/Drink, Vibe",keyword
인테리어가 예뻐요,Vibe,keyword
"탁 트인 공간에 은은하게 퍼지는 차의 향
기분이 좋아져요 :)","Dessert/Bakery, Coffee/Drink, Vibe",keyword
"보이숙차랑 현미목련차, 말차&팥 치즈케잌까지
맛있게 먹고 갑니다!","Dessert/Bakery, Coffee/Drink",keyword
"요즘 핫플로 부상 중이라 그래서 더 붐비기 전에 갔는데, 생각보다 이미 손님들이 많았습니다.",Vibe,keyword
"통창이라 분위기 너무 좋고, 직원분들도 엄청 친절하세요.","Service, Dessert/Bakery, Coffee/Drink, Vibe",keyword
"카페인 티랑 디카페인 티 나눠져 있고, 잘 모를 경우 직원분이 잘 설명해 주시고 추천도 해 주세요.","Service, Dessert/Bakery, Coffee/Drink, Vibe",keyword
홍차보다는 다른 차 종류가 더 많았어요.,Coffee/Drink,keyword
카카오톡 플러스친구 맺고 티백 받는 이벤트도 하고 있으니 꼭 참여해 보세요,"Dessert/Bakery, Coffee/Drink, Vibe",keyword
"사실 작업하기 좋은 카페라고 해서 갔는데, 테이블이 넓고 전망이 좋아서 그런 이야기가 있었나 봐요!","Service, Dessert/Bakery, Coffee/Drink, Vibe",keyword
"하지만 작업하기에는 테이블이 좀 낮고, 매장이 큰 편은 아니라서 간단한 작업 정도만 가능할 것 같습니다.","Vibe, Service, Coffee/Drink, Price, Dessert/Bakery",keyword
분위기도 너무 좋고 바스크치즈 진짜 맛있어요!,"Dessert/Bakery, Vibe",keyword
성수동 가면 또 가고 싶은 곳이에요ㅎㅎ,Vibe,keyword
편안하게 티타임 갖기에 좋은 곳입니다.,"Dessert/Bakery, Coffee/Drink, Vibe",keyword
뷰도 좋아서 힐링할 수 있는 곳이에요.,"Dessert/Bakery, Coffee/Drink, Vibe",keyword
"[맥파이앤타이거 성수티룸] 
카페 천국 성수에 흔하지 않은 티룸.","Vibe, Coffee/Drink",keyword
"전문적인 티룸이라 맛과 향이 훌륭하고
다양한 차와 차 바리에이션 음료를 
맛볼수 있다.","Dessert/Bakery, Coffee/Drink, Vibe",keyword
"차를 두 번 우려 주는 것이 
매우 매력적이었습니다.",Coffee/Drink,keyword
"한 잔은 따뜻하게, 다른 잔은 차갑게 즐길 수 있어 
다른 향과 맛을 즐길 수 있습니다.","Dessert/Bakery, Coffee/Drink, Vibe",keyword
"공간 여기저기 잘 꾸며져 있어 구경하는 
재미가 있는데,루프탑도 있어 이용가능하니 
또다른 분위기를 느낄 수도 있습니다.","Price, Dessert/Bakery, Coffee/Drink, Vibe",keyword
"통창이라 흔하지 않은 시티뷰를 
맘껏 누릴수 있습니다.","Dessert/Bakery, Coffee/Drink, Vibe",keyword
신사티룸과는 또다른 멋이 있는 곳이었습니다.,"Vibe, Coffee/Drink",keyword
차 향이 깊고 맛이 깔끔했어요!,"Dessert/Bakery, Coffee/Drink",keyword
가격대는 있지만 그만큼 가치가 있다고 생각해서 다시 오고 싶은 곳이에요,"Price, Dessert/Bakery, Coffee/Drink, Vibe",keyword
차를 한 번 더 우려줘서 좋아요!,Coffee/Drink,keyword
(한 번 우리면 두 잔 나와요,Coffee/Drink,keyword
"따뜻한 차 한잔 하기 너무 좋은 곳인데, 오늘은 아이스 밀크티랑 녹차라떼를 마셨어요!","Dessert/Bakery, Coffee/Drink, Vibe",keyword
"적당히 달달한 밀크티, 말차라떼에 쑥 치즈케이크도   쫀쫀하고 밀도높은 식감에 맛나요!","Dessert/Bakery, Coffee/Drink, Vibe",keyword
고층에 통유리로 된 공감이라 답답함 없고 층고도 높고 바 테이블도 넓어서 아늑하고 편안합니다!,"Dessert/Bakery, Coffee/Drink, Vibe",keyword
다음엔 따뜻한 티로 도전해야겠어요!,"Dessert/Bakery, Coffee/Drink, Vibe",keyword
인테리어도 좋고 직원분들도 모두 친절해요,"Service, Dessert/Bakery, Coffee/Drink, Vibe",keyword
차도 맛있고 동네에 이런 곳이 있었다니 재방문 의사  10000%,"Service, Vibe, Coffee/Drink",keyword
"#바스크치즈케이크
입 안에서 녹는 치즈의 구수함과 살짝 탄 느낌의 허스키함이 조화롭게 어우러져서 너무 맛있어요.","Dessert/Bakery, Coffee/Drink",keyword
케이크도 두툼하여 농후한 맛이 차에 어우려져 먹을 수 있는 다과로 훌륭하네요✨,"Dessert/Bakery, Coffee/Drink, Vibe",keyword
아늑하고 세련된 인테리어와 친절한 분위기가 하이엔드인상을 강하게 남겼습니다.,"Service, Dessert/Bakery, Coffee/Drink, Vibe",keyword
창가 자리에 앉아서 성수동의 풍경을 감상하면서 차를 마시면 시간 가는 줄 모르겠네요!,"Service, Dessert/Bakery, Coffee/Drink",keyword
가까운 시일내 제방문🤍,Service,keyword
시티뷰가 너무 멋진곳이에요^^,Vibe,keyword
조용한 분위기에서 차한잔하기 너무 너무 좋더라구요~~,"Dessert/Bakery, Coffee/Drink, Vibe",keyword
차도 한번 더 우려주셔서 너무 좋았어요,Coffee/Drink,keyword
성수에 이런 찻집이 있는 줄은 생각못했어요..,"Service, Dessert/Bakery, Coffee/Drink, Vibe",keyword
"차를 좋아해서 동네마다 한 곳씩은 알고 있는데 성수역 근처 쾌적한 공간에 뷰도 너무 이쁜 찻집ㅠㅠ
차도 맛있지만…여기 디저트에도 진심인가요ㅜ","Dessert/Bakery, Coffee/Drink, Vibe",keyword
"제가 가고싶어서 가자했는데 친구가 또 오고싶다구,,","Dessert/Bakery, Coffee/Drink, Vibe",keyword
서울에 이런 분위기 있는 티룸이 있는지 몰랐어요,"Vibe, Coffee/Drink",keyword
"🍵
운치있고 차도 맛있어서 자주 가게 될것 같아요~~","Dessert/Bakery, Coffee/Drink, Vibe",keyword
친절하시고 뷰도 좋아,"Service, Dessert/Bakery, Coffee/Drink",keyword
기분좋은 방문이었습니다,"Service, Vibe",keyword
"🫶🏻✨
대화하기도 너무 조아여 ㅋㅋㅋㅋㅋ","Dessert/Bakery, Coffee/Drink",keyword
고즈넉하니 좋아요,"Dessert/Bakery, Coffee/Drink",keyword
소개팅이나 데이트 장소로 좋음,Vibe,keyword
"재방문하면서 보였던 것들 👀
낙선재의 월문처럼 '육각형'의 한옥미
테이블 바, 창문, 그리고, 서랍장 손잡이로 시선이
고즈넉하면서도 차분한 분위기가 안에서 바깥으로
이번에는 바에서 쑥차를 마셨는데, 향긋함이 한가득
몸이 따뜻해지는 차 한모금에 걱정거리가 녹아내리는
다음에는 오픈한 루프탑에서 시원한 바람과 차온 예정 :)","Service, Dessert/Bakery, Coffee/Drink, Vibe",keyword
분위기 조용하고 좋아요,"Dessert/Bakery, Coffee/Drink, Vibe",keyword
과자도 맛있어요,Dessert/Bakery,keyword
조용하고 성수에서 이런 카페 드문데 정말 좋았어요!,"Dessert/Bakery, Coffee/Drink",keyword
사람많은 성수동에서 조용하게 차마시고싶을때 옵니다.,"Dessert/Bakery, Coffee/Drink, Vibe",keyword
차도 진하고맛있어요!,Coffee/Drink,keyword
"조용하게 책을 읽기에도, 두런두런 대화를 나누기에도 좋습니다.","Dessert/Bakery, Coffee/Drink",keyword
차가 주는 여유는 번잡한 마음을 내려놓기애 참 좋은 것 같아요.,"Dessert/Bakery, Coffee/Drink",keyword
북적임과 빠르게 흐르는 시간 사이에서 느긋하게 차를 즐기기에 좋은 장소네요.,"Dessert/Bakery, Coffee/Drink",keyword
저녁먹고 차 마시고 싶어,Coffee/Drink,keyword
검색해서 갔어요.,"Dessert/Bakery, Coffee/Drink",keyword
분위기 좋은 곳에서 진정한 티타임~ 종류도 다양하고 차 추천해주셔서 따뜻하게 잘 쉬다 간 느낌입니다.,"Dessert/Bakery, Coffee/Drink, Vibe",keyword
차 마다 설명된 카드가 있어서 더 좋았어요.,"Service, Vibe, Coffee/Drink",keyword
카톡 친구추가하고 티백 하나 겟!,"Dessert/Bakery, Coffee/Drink, Vibe",keyword
뷰가 좋고 차도 함께 할 수도 있고 간단한 티푸드도 맛있는 곳입니다.,"Dessert/Bakery, Coffee/Drink, Vibe",keyword
티 종류가 많고 맛잇어요!,Coffee/Drink,keyword
차 한잔에 수다수다하기도 좋고 독서하기도 좋아요,"Dessert/Bakery, Coffee/Drink",keyword
분위기가 좋고 음료도 맛있어요.,"Vibe, Coffee/Drink",keyword
신사티룸도 궁금하네요.,"Vibe, Coffee/Drink",keyword
직원분들 어케 이렇게 친절하시져..?,"Service, Dessert/Bakery, Coffee/Drink",keyword
차도 맛있고 분위기도 좋고 디저트도 맛있다니…?,"Dessert/Bakery, Coffee/Drink, Vibe",keyword
24시간 해주세여 ㅠㅅㅠ,"Dessert/Bakery, Coffee/Drink",keyword
완전 친절하심…,"Service, Dessert/Bakery, Coffee/Drink",keyword
커피 진짜 맛있고 친절해요!!,"Service, Dessert/Bakery, Coffee/Drink",keyword
꿀라떼 맛있어요,Coffee/Drink,keyword
점심에 힐링 필요하면 가끔 와서 쉬고갑니다.,"Dessert/Bakery, Coffee/Drink",keyword
루프탑도 있어서 좋아요.,"Vibe, Coffee/Drink",keyword
가격은 비싸지만 그만큼 힐링 얻고 갈 수 있는것 같아요.,"Price, Dessert/Bakery, Coffee/Drink, Vibe",keyword
커피대신 차 마시러 왔는데 참 괜찮았어요~,"Dessert/Bakery, Coffee/Drink",keyword
또 오고싶은 곳이에요:),"Dessert/Bakery, Coffee/Drink, Vibe",keyword
조용하게 차를 즐기고 싶을때 가면 좋을 것 같아요.,"Dessert/Bakery, Coffee/Drink",keyword
차도 은은하고 특히 말차 아포가토는 티팟에 나오는데 쑥맛이 강하게 돌아서 넘맛있었어요~,"Dessert/Bakery, Coffee/Drink",keyword
정말 깔끔한 느낌의 찻집!,"Dessert/Bakery, Coffee/Drink",keyword
차 종류가 많아서 좋았고 디저트도 맛있어요~,"Dessert/Bakery, Coffee/Drink",keyword
혼자와도 좋고 여럿이서 와도 좋을 곳이에요.,"Dessert/Bakery, Coffee/Drink, Vibe",keyword
다른 카페에 비해 상대적으로 고층에 있어서 뷰도 좋았습니다,"Vibe, Coffee/Drink",keyword
분위기가 너무 좋았어요!,Vibe,keyword
차도 한번더 리필돼서 좋았습니당,Coffee/Drink,keyword
세 번째 방문입니다.,Service,keyword
과자는 처음 주문해봤는데 함께 나온 차와 잘 어울리는 조합이라 다음에 방문하게된다면 또 주문할 것 같습니다.,"Service, Dessert/Bakery, Coffee/Drink",keyword
"낮에 한 번, 밤에 두 번 방문했는데 낮과 밤 모두 좋습니다.","Service, Dessert/Bakery, Coffee/Drink",keyword
쑥 말차 아포카토 신기하고 맛있어요.,"Dessert/Bakery, Coffee/Drink",keyword
공간도 트여있고 예뻐서 좋은데 환기가 잘 됐으면 좋겠어요.,"Vibe, Coffee/Drink",keyword
주말인데 사람들이 꽤 있었어요.,"Dessert/Bakery, Coffee/Drink, Vibe",keyword
메인 동그란 좌석은 금방 차네요 ㅎㅎ,Coffee/Drink,keyword
분위기도 편안하고 힐링됩니당,"Dessert/Bakery, Coffee/Drink, Vibe",keyword
조용조용한 분위기여서 대화하기 좋았어요.,"Dessert/Bakery, Coffee/Drink, Vibe",keyword
하이볼은 다른데에서 마셔보기 어려운 메뉴였는데 맛있었습니다 :),Coffee/Drink,keyword
분위기가 좋고 친절했어요!,"Service, Dessert/Bakery, Coffee/Drink, Vibe",keyword
차 라는 걸 마시러 가는 경험 자체가 특별한데 공간도조용하고 좋았습니다,"Dessert/Bakery, Coffee/Drink, Vibe",keyword
"처음에 콤부차 +말차라떼 + 디저트 시키고
티 또 시켰어요","Dessert/Bakery, Coffee/Drink",keyword
"😗🍵 
티는 한번 우린 뒤 한번 더 우려주시는데 아이스 핫 번갈아서 주셔서 더 좋았어요",Coffee/Drink,keyword
"추천받아 갔는데
친절하게 설명도 잘 해주시고
차도 맛있었어요","Service, Dessert/Bakery, Coffee/Drink, Vibe",keyword
입구 찾기가 좀 어려웠는데 분위기도 좋고 차도 맛있었어요 ◡̈,"Service, Vibe, Coffee/Drink",keyword
조용하고 차분하게 차를 마시고 왔어요,"Dessert/Bakery, Coffee/Drink",keyword
차맛도 좋고 향도 좋아서 만족했습니다,"Dessert/Bakery, Coffee/Drink, Price",keyword
차분한 공간에서 잘 머물다 갑니다,"Dessert/Bakery, Coffee/Drink, Vibe",keyword
☺️ 천장 조명이 하나인데 굉장히 임팩트가 있어요,"Vibe, Coffee/Drink",keyword
직원분들도 친절하시고 조용하고 공간 구성도 너무 좋네요,"Service, Dessert/Bakery, Coffee/Drink, Vibe",keyword
더 유명해지기 전에 꼭 또간다,"Dessert/Bakery, Coffee/Drink",keyword
하동 잭살차,Coffee/Drink,keyword
야경이 보이는 뷰라서 분위기가 너무 좋아요!,"Vibe, Coffee/Drink",keyword
밀크티는 찻잎 향이 잘 느껴지고 고소해서 좋았고 말차라떼도 고소하니 맛있었어요~,"Dessert/Bakery, Coffee/Drink",keyword
"탁트인 전망이라 뷰가 넘 좋은 티카페
날이 추워서 따듯한 티 한잔 마시고 싶어서 왔어요","Dessert/Bakery, Coffee/Drink",keyword
조용하고 차분해서 나만의 공간에 온 힐링되는 공간 느낌?,"Dessert/Bakery, Coffee/Drink, Vibe",keyword
🍵호박엿의 단맛이 떠오른다는 문구를 보고 운남홍차를 골랐는데 정말 그래서 신기하고 맛있게 먹었습니다,"Dessert/Bakery, Coffee/Drink",keyword
"꿉당먹고 바로 옆이라 가보았습니당, 건물 자체도 멋있었는데 안에 인테리어도 모던하고 깔끔합니다.","Dessert/Bakery, Coffee/Drink, Vibe",keyword
손님이 많치만 시끄럽지 않은 분위기라 즐기다 왔어요~,"Dessert/Bakery, Coffee/Drink, Vibe",keyword
"우엉뿌리차, 말차라떼(우유), 플레인 바스크 치즈케익 먹었는데, 우엉뿌리차는 고소하고 포근하고 카페인 없어서 좋았습니당.","Dessert/Bakery, Coffee/Drink",keyword
말차라떼도 넘 맛있어요~,"Dessert/Bakery, Coffee/Drink",keyword
치즈케익도 촉쵹하고 양도 적당해요!,"Dessert/Bakery, Coffee/Drink",keyword
최고오..,"Dessert/Bakery, Coffee/Drink",keyword
인테리어가 정말 너무 깔끔하고 넓게 트여진 창도 좋았구..,"Dessert/Bakery, Coffee/Drink, Vibe",keyword
"조금 일찍, 사람 많이 없을 때 오니 분위기도 평온했어요..","Dessert/Bakery, Coffee/Drink, Vibe",keyword
☺️ 차도 깔끔하고 몸이 녹여지는 기분이었습니다ㅎㅎ,"Dessert/Bakery, Coffee/Drink, Vibe",keyword
쑥 바스크치즈케이크도 차와 함께 먹기 딱 적당한 크기와 밀도였구요..!,"Dessert/Bakery, Coffee/Drink",keyword
차는 한번 더 리필해주셔서 충분히 음미하며 마실 수  있었어요 !,"Dessert/Bakery, Coffee/Drink, Vibe",keyword
오후 쯤 되니 사람이 꽉 차더라구요!!,"Dessert/Bakery, Coffee/Drink, Vibe",keyword
내부 인테리어 너무 예쁘구 통유리뷰 탁 트여서 좋아요,"Dessert/Bakery, Vibe",keyword
👍👍bgm도 잔잔해서 편안하게 멍때리기도 좋고 자주 오고 싶은 곳!,"Dessert/Bakery, Coffee/Drink, Vibe",keyword
프라이빗하고 좋은곳이네요!!,"Dessert/Bakery, Coffee/Drink, Vibe",keyword
차도 맛있고 뷰도 좋네요!!,Coffee/Drink,keyword
재방문해야겠어요~~,"Service, Dessert/Bakery, Coffee/Drink",keyword
밤에와도 좋을것같은 분위기 좋은 곳이에요,"Dessert/Bakery, Coffee/Drink, Vibe",keyword
성수역과 아주 가까운 곳입니다.,Vibe,keyword
조용한 분위기에 주변이 내려다 보이는 구조의 매장이라 마음에 들었습니다.,"Dessert/Bakery, Coffee/Drink, Vibe",keyword
"음료는 말차라떼, 차는 하동잭살차를 주문했습니다.","Service, Dessert/Bakery, Coffee/Drink",keyword
차는 다 마실 때 쯤 직원 분이 새로 우려주셔서 충분히 즐길 수 있었습니다.,"Service, Vibe, Coffee/Drink",keyword
이 외에도 종류가 다양해 여러 번 방문해서 즐기고 싶은 곳입니다.,"Service, Dessert/Bakery, Coffee/Drink, Vibe",keyword
매장이 생각보다 작았지만 쑥말차 아포가토는 맛있었어요,"Dessert/Bakery, Coffee/Drink, Vibe",keyword
조용하고 예쁜 공간이에요.,"Dessert/Bakery, Coffee/Drink, Vibe",keyword
다양한 차를 마실 수 있어요.,"Dessert/Bakery, Coffee/Drink, Vibe",keyword
"차와 구움과자는 물론, 공간까지 최고였습니다.","Dessert/Bakery, Coffee/Drink, Vibe",keyword
해지기 전과 후가 각기 다른 매력이 있네요.,"Vibe, Coffee/Drink",keyword
조용하고 차도 맛나요!,"Dessert/Bakery, Coffee/Drink",keyword
성수동 멋진 뷰와 함께 잔잔한 분위기에서 차를 즐길 수 있어서 좋아요 :),"Dessert/Bakery, Coffee/Drink, Vibe",keyword
"일단 직원분들이 너무 친절하고 매장 분위기나 들어오는 햇살, 창 밖으로 보이는 성수동 뷰, 차와 디저트 모든게 완벽하고 좋았어요","Service, Dessert/Bakery, Coffee/Drink, Vibe",keyword
앞으로 자주 가게 될 것 같네요,Dessert/Bakery,keyword
감사합니다:),"Dessert/Bakery, Coffee/Drink",keyword
조용하고 음료도 맛있고 뷰가 좋아요.,"Dessert/Bakery, Coffee/Drink",keyword
조용하고 차분한 분위기에서 차 한 잔 하고 싶을 때 방문하면 좋은 곳 :),"Service, Dessert/Bakery, Coffee/Drink, Vibe",keyword
깔끔하고 차도 맛있어요.,"Dessert/Bakery, Coffee/Drink",keyword
붐비는 성수동 속에서 쾌적하고 조용하고 자리도 넓고 어른맛 나는 카페에요,"Dessert/Bakery, Coffee/Drink, Vibe",keyword
커피가없어서 아쉽지만 단골하려구요,"Dessert/Bakery, Coffee/Drink",keyword
차를 높은 건물 위에서  마시는게 새로웠다.,"Dessert/Bakery, Coffee/Drink, Vibe",keyword
고정관념이 있었나보다.,"Vibe, Coffee/Drink",keyword
티에 진심인게 느껴지는 카페입니다.,Coffee/Drink,keyword
밀크티가 달지 않아요.,Coffee/Drink,keyword
5층에 주변이 트여서 하늘이 물드는 것까지 볼 수 있어요.,"Vibe, Coffee/Drink",keyword
카페인 없는 차도 있고 맛있습니다.,"Vibe, Coffee/Drink",keyword
날이 추워서 하동쑥차를 주문했는 데 고소하고 진한 쑥향이 너무 좋네요.,"Service, Dessert/Bakery, Coffee/Drink",keyword
아몬드와 팥과 찰떡이 어울어진 티푸드도 잘 어울리고 주변이 잘 보이는 경치까지 3박자가 너무 좋은 곳이네요.,"Vibe, Coffee/Drink",keyword
차도 한 번 더 우려 먹을 수 있어 좋아요.,"Vibe, Coffee/Drink",keyword
매장도 예쁘고 통창을 바라보면서 멍때리기 좋다.,Vibe,keyword
티룸이라 커피메뉴는 없다.,"Vibe, Coffee/Drink",keyword
무신사 건물 5층에 자리한 티 카페예요.,"Dessert/Bakery, Coffee/Drink, Vibe",keyword
분위기 있고 좋습니다~^^,"Vibe, Coffee/Drink",keyword
차가 맛있고 뷰가 너무 좋아요!,Coffee/Drink,keyword
복작한 성수동에서 조용한 분위기를 느낄 수 있는 곳입니다!,"Dessert/Bakery, Coffee/Drink, Vibe",keyword
따뜻한 차 기분좋네요.,"Dessert/Bakery, Coffee/Drink, Vibe",keyword
차 한 번 리필되는 거 좋아요.,Coffee/Drink,keyword
차도 티푸드도 모두 만족.,"Coffee/Drink, Price",keyword
차 전문으로 팔아서 좋습니다,Coffee/Drink,keyword
사람이 적을 때 오면 더 좋을 거 같아요,"Dessert/Bakery, Coffee/Drink, Vibe",keyword
술은 마시기 싫고 밤이라 커피는 마시면 안될 것 같아서 찻집을 찾다가 발견했어요.,"Service, Dessert/Bakery, Coffee/Drink",keyword
"고층에 위치해 뷰도 탁 트여 좋고, 섬세하게 티 내려주시는 직원들의 모습도 좋았어요.","Service, Position, Dessert/Bakery, Coffee/Drink",keyword
티 떨어질 때쯤 한번 더 우려줄까냐고 묻는 것도 좋았고요.,Coffee/Drink,keyword
바 테이블도 좋아보였어요.,"Dessert/Bakery, Coffee/Drink",keyword
나중에 혼자 또 오고싶은 공간입니다.,"Dessert/Bakery, Coffee/Drink, Vibe",keyword
(여자 화장실이 관리가 잘 안된 점은 아쉬워요.),"Service, Vibe",keyword
"신사에 있는 맥파이앤타이거 먼저 갔었는데, 분위기가 넘 좋았어서 성수점도 와 봤어요!","Dessert/Bakery, Coffee/Drink, Vibe",keyword
신사점과는 다르게 좀 더 밝고 캐주얼한 느낌이었고 좌석도 테이블 좌석이 있어서 단체모임에 좀 더 용이한 편이었어요!,"Dessert/Bakery, Coffee/Drink, Vibe",keyword
"음료는 말차두유라떼랑 크리스탈펀치 칵테일을 시켰는데, 티 전문점답게 둘 다 진한 티 향이 나는 맛이었습니다","Dessert/Bakery, Coffee/Drink",keyword
"뷰도 좋고, 분위기도 좋고, 차랑 디저트 모두 맛있었어요!","Dessert/Bakery, Coffee/Drink, Vibe",keyword
최근에 가본 카페 / 찻집 중에 가장 온전한 컨셉에 기반해 운영되고 있다고 느낀 곳중 하나였습니다.,"Dessert/Bakery, Coffee/Drink, Vibe",keyword
밑에 엠프티에서 아이쇼핑도 같이 할 수 있어서 일석이조였어요 ㅎㅎ,"Dessert/Bakery, Coffee/Drink, Vibe",keyword
두 번째 방문.,Service,keyword
평일은 주말 보다 붐비지 않아서 좋음.,Vibe,keyword
넓은 창으로 눈 내리는 거 보면서 재택 근무하니 행복..,"Dessert/Bakery, Coffee/Drink, Vibe",keyword
차는 역시나 맛있..,Coffee/Drink,keyword
분위기가 너무 좋고 차도 너무 맛있어요ㅠㅠ,"Vibe, Coffee/Drink",keyword
분위기도 좋고 차도 너무 맛있어요!!!,"Vibe, Coffee/Drink",keyword
신사쪽 방문하고 좋았어서 성수간김에 들렀는데 신사점과 다르게 고요한 느낌은 없어서 아쉬웠어요ㅠ,"Service, Dessert/Bakery, Coffee/Drink",keyword
"하지만 직원분들도 친절하시고 차도, 파운드도 맛있어서 괜찮았습니다..!","Service, Dessert/Bakery, Coffee/Drink",keyword
탑층에 위치해서 뷰도 좋아요,"Position, Dessert/Bakery, Coffee/Drink",keyword
"티룸은 오랫만에 와보는데 새로생겨 그런지 
깔끔하고 조용해요","Dessert/Bakery, Coffee/Drink, Vibe",keyword
사람많은 성수에서 편안한 곳을 찾은 느낌 :),"Service, Dessert/Bakery, Coffee/Drink, Vibe",keyword
조용히 차 즐기고 싶었는데 너무 시끄러워요 ㅠ,Coffee/Drink,keyword
분위기 너무 좋고 조용하고 뷰도 좋아요!!,"Dessert/Bakery, Coffee/Drink, Vibe",keyword
편안한 분위기라 너무 좋았어요!,"Dessert/Bakery, Coffee/Drink, Vibe",keyword
다음에도 방문할게요,"Service, Dessert/Bakery, Coffee/Drink",keyword
분위기가 생각보다 바같은 느낌이라 너무 예쁘고 좋아요,"Dessert/Bakery, Vibe",keyword
나만 알고픈곳ㅜㅜ진짜,"Vibe, Coffee/Drink",keyword
예쁘고 차 맛도 좋아요.,"Vibe, Coffee/Drink",keyword
두런두런 친구나 좋아하는 사람과 대화나누며 차 마시면 좋을것 같은 장소에요.,"Dessert/Bakery, Coffee/Drink, Vibe",keyword
기본적으로 차가 일단 너무 맛있고 매장 분위기도 차분해 좋습니다,"Dessert/Bakery, Coffee/Drink, Vibe",keyword
시간 날때마다 자주 올 것 같네요,"Dessert/Bakery, Coffee/Drink",keyword
성수에서 이렇게 좋은 뷰에서 차를 마실 수 있다니 넘 좋아요.,"Vibe, Coffee/Drink",keyword
뭘 마실지 고민하고 있으면 직원 분이 친절하게 추천도 해 줍니다.,"Service, Dessert/Bakery, Coffee/Drink, Vibe",keyword
차는 고퀄에 깔끔하고 맛있어요.,"Dessert/Bakery, Coffee/Drink",keyword
한 번 리필도 가능.,Price,keyword
디저트는 잭살 떡구움,Dessert/Bakery,keyword
과자 추천!,"Dessert/Bakery, Vibe",keyword
뷰 한 쪽은 뉴욕 시티뷰 🤣 다음엔 날씨 좋은 날 낮 시간에 와봐야 겠어요.,"Dessert/Bakery, Coffee/Drink",keyword
친절하십니다!,"Service, Dessert/Bakery, Coffee/Drink",keyword
차를 좋아하시는 분이라면 꼭 방문하시길 추천드려요!,"Service, Dessert/Bakery, Coffee/Drink, Vibe",keyword
잭살차와 잭살 떡구움,Coffee/Drink,keyword
과자를 먹었는데 찰떡궁합입니다.,"Dessert/Bakery, Coffee/Drink",keyword
달지 않고 적당히 씁쓸한 맛이에요!,"Dessert/Bakery, Coffee/Drink",keyword
차를 두 번 우려줘요ㅎㅎ,Coffee/Drink,keyword
시간은 해질녘에 갔는데 뷰가 다 보여서 감상하며 수다를 떨었어요.,"Dessert/Bakery, Coffee/Drink",keyword
해질녘~저녁 시간에 방문하는게 뷰가 제일 이쁜 것 같아요.,"Service, Dessert/Bakery, Coffee/Drink, Vibe",keyword
웨이팅은 4시쯤 방문했을 때 4팀이 있었고 30분 기다린 것 같아요.,"Service, Dessert/Bakery, Coffee/Drink, Vibe",keyword
대기하는 동안 아래 층에 있는 편집샵 구경했어요.,"Service, Dessert/Bakery, Coffee/Drink, Vibe",keyword
차를 거의 매일 우려 마실 정도로 좋아해서 신사점을 가려고 했는데 성수점을 새로 오픈했다고 하여 빠르게 방문했어요!,"Service, Dessert/Bakery, Coffee/Drink, Vibe",keyword
분위기도 좋고 차분해서 두 시간을 수다 떨다 나왔네요 ㅎㅎ,"Dessert/Bakery, Coffee/Drink, Vibe",keyword
성수동에서 조용하고 잔잔한 분위기의 티카페가 없어서 아쉬웟었는데 요런데가 있는줄 몰랐네요ㅎㅎ,"Service, Dessert/Bakery, Coffee/Drink, Vibe",keyword
디저트도 맛있고 카페 전망도 멋져요.,"Dessert/Bakery, Coffee/Drink",keyword
조용한게 가장 좋구요!,"Dessert/Bakery, Coffee/Drink",keyword
"차 맛있고, 친절하세요.","Service, Dessert/Bakery, Coffee/Drink",keyword
실내 은은한 향도 좋으네요.,"Dessert/Bakery, Coffee/Drink, Vibe",keyword
"혼자 와서 책읽거나 노트북 하기에도, 함께 와서 이야기 나누기에도 좋습니다.","Dessert/Bakery, Coffee/Drink",keyword
저층부에 편집샵 엠프티 서울이 함께 있어서 구경할 거리도 많네요.,"Dessert/Bakery, Coffee/Drink, Vibe",keyword
좋은 카페!,Coffee/Drink,keyword
쑥차의 향기에 힐링되었고 친절하게 리필해주셔서 좋았습니다!,"Service, Dessert/Bakery, Coffee/Drink",keyword
과자도 식감이 독특해서 더욱 즐거운 시간 보냈네요^^,"Dessert/Bakery, Coffee/Drink",keyword
친절하고 분위기가 좋아요,"Service, Dessert/Bakery, Coffee/Drink, Vibe",keyword
"조용하게 대화하기도, 책 읽기도 좋을 것 같아요","Dessert/Bakery, Coffee/Drink",keyword
티도 한 번 리필 해주셔서 좋습니다,"Dessert/Bakery, Coffee/Drink",keyword
뷰도 좋고 차 종류도많아요!!,Coffee/Drink,keyword
분위기 너무좋고 차도 맛있어요,"Vibe, Coffee/Drink",keyword
나만알고싶어요,Coffee/Drink,keyword
하동 헛개나무열매차 달큰하니 좋네요,Coffee/Drink,keyword
친절하게 차 종류에 대해 설명해주셔서 원하는 티를 고를 수 있었어요,"Service, Dessert/Bakery, Coffee/Drink, Vibe",keyword
함께 주문한 디저트도 쫀득하고 맛있었어요,"Service, Dessert/Bakery, Coffee/Drink",keyword
티 종류도 여러가지이고 두 번 우려주셔서 따뜻하게 차갑게 두가지로 맛볼 수 있어서 좋았어요,"Dessert/Bakery, Coffee/Drink, Vibe",keyword
성수동에 오면 무조건 방문해요.,"Service, Dessert/Bakery, Coffee/Drink",keyword
"평일 낮에 오면 책읽고 작업하기 좋고,, 밤에 오면 대화하기 좋은 분위기 😍😍😍😍 야경뷰도 너무 예뻐요","Service, Dessert/Bakery, Coffee/Drink, Vibe",keyword
혼자 책읽기에도 좋고 둘이 조용히 대화하기 좋아 종종 들립니다.,"Dessert/Bakery, Coffee/Drink",keyword
낮과 밤 분위기가 달라 나름의 매력이 있어요 :) 따뜻한 차는 여느 티룸처럼 여러 번 우릴 수 있게 따뜻한 물 가져다 주세요.,"Dessert/Bakery, Coffee/Drink, Vibe",keyword
분위기 너모 좋구 디저트 차 모두 맛있어요,"Dessert/Bakery, Coffee/Drink, Vibe",keyword
뷰도 좋고 분위기도 너무 좋은 곳입니다.,Vibe,keyword
백차와 잭살차를 마셨는데 백차는 깔끔한 느낌이었어요,"Dessert/Bakery, Coffee/Drink",keyword
쑥 치즈케이크도 뭔가 건강하면서 맛났어요~,"Dessert/Bakery, Coffee/Drink",keyword
데이트 하기에도 좋은 공간인 것 같습니다~,"Dessert/Bakery, Coffee/Drink, Vibe",keyword
"낮에도, 해가 져물어갈 때도, 밤에도 너무 좋은 곳.",Vibe,keyword
고급호텔 라운지 부럽지 않아요:),Dessert/Bakery,keyword
분위기도 넘 좋고 맛있어요,Vibe,keyword
대화와 차 마시기에 매우 좋은 공간입니다.,"Vibe, Coffee/Drink",keyword
분위기도 좋고 틀어주시는 노래도 너무 좋아요 !!,Vibe,keyword
🎶🤍 티도 맛있어서 또 오고싶습니다,"Dessert/Bakery, Coffee/Drink",keyword
저만 알고싶은 공간이지만 알리고 싶네요,Vibe,keyword
"😆
차가 정말 맛있고 시끄럽지 않고 편안한 분위기 였어요!!","Dessert/Bakery, Coffee/Drink, Vibe",keyword
헛개나무열매차 제 입맛이였구 다른 차 종류도 많아서 또 가보려구요:),Coffee/Drink,keyword
인테리어가 너무 멋지구 차 종류가 다양해서 좋아요,"Dessert/Bakery, Coffee/Drink, Vibe",keyword
파운드케이크도 너무 맛있어요,Dessert/Bakery,keyword
엘레베이터 타구 5층에 있어요!!,"Vibe, Coffee/Drink",keyword
깔끔한 전통티 맛을 느끼고 싶다면 완전 추천!,"Dessert/Bakery, Coffee/Drink, Vibe",keyword
뷰가 좋은 5층에 있어서 성수동을 한눈에 볼수도있어요!,"Vibe, Coffee/Drink",keyword
"담백한 차의 맛으로, 진한맛을 좋아하시는 분들에겐 비추!","Dessert/Bakery, Coffee/Drink",keyword
분위기 좋고 주방이 오픈되어있어 구경도 하고 좋아요,"Dessert/Bakery, Coffee/Drink, Vibe",keyword
다양한 티가 있는데 너무 맛있습니다..,"Dessert/Bakery, Coffee/Drink, Vibe",keyword
분위기도 미침,Vibe,keyword
맥파이 항상 좋아하는 브랜드인데 성수에 티룸이 새로 생겨서 방문했습니다!,"Service, Dessert/Bakery, Coffee/Drink, Vibe",keyword
가로숲길보다는 덜 조용한 분위기지만 맛있게 먹구가요,"Dessert/Bakery, Coffee/Drink, Vibe",keyword
"우선 분위기가 너무 좋고
티도 향긋해요.","Vibe, Coffee/Drink",keyword
직원분도 친절합니다.,"Service, Dessert/Bakery, Coffee/Drink",keyword
성수에서 차 마실수 있는 가장 좋은 공간이에요,"Vibe, Coffee/Drink",keyword
차와 디저트 모두 맛있었어요!,"Dessert/Bakery, Coffee/Drink",keyword
뷰도 좋고 분위기도 좋아서 쉬는날 자주 찾을 것 같아요,"Service, Dessert/Bakery, Vibe",keyword
공간도 예쁘고 특별한 티 베리에이션 메뉴가 많아서 너무 좋았습니다.,"Dessert/Bakery, Coffee/Drink, Vibe",keyword
항상 똑같은 카페에 지친 분들에게 색다른 경험이 되어줄 것 같아요!,"Dessert/Bakery, Coffee/Drink",keyword
가오픈 기간 끝나고 정식으로 오픈하면 얼마나 더 좋아질지 너무 기대중입니당~~,"Dessert/Bakery, Coffee/Drink",keyword
"통창 유리와 함께 성수에 새로 오픈한
애정하는 맥파이앤타이거❤️❤️","Dessert/Bakery, Coffee/Drink, Vibe",keyword
커피 맛 좋아요,Coffee/Drink,keyword
보늬밤케이크 꼭 드세요!,Dessert/Bakery,keyword
애견동반 가능해서 좋았어요!,"Dessert/Bakery, Coffee/Drink, Price",keyword
"뚝섬역 최근에 자주오게 되는데
요즘 뚝섬역에서 간 카페중 가장 제 스타일이고
제 감성에 맞는 거 같아요!","Position, Dessert/Bakery, Coffee/Drink",keyword
"우연치않게 길 지나가다가
알게 된 카페인데
사람도 그리 많이 없고 
북적이지 않으며
밖에서 보이는 매장 겉 모습도 되게 느낌있더라구요","Dessert/Bakery, Coffee/Drink, Vibe",keyword
"그리고 매장이 성수동 특징상 공장 부지를 개조하는 만큼 넓직하고 층고가 높아서 
개방감이 너무 좋았어요","Dessert/Bakery, Coffee/Drink, Vibe",keyword
그리고 따듯한 조명이라 눈도 너무 편안했구요,"Dessert/Bakery, Coffee/Drink, Vibe",keyword
노래도 느낌 좋은 팝송 노래 나와요,"Vibe, Coffee/Drink",keyword
막 엄청 신나는 노래라기보다는 그냥 통통 튀면서 ㅎㅎ리듬감있는?,"Vibe, Coffee/Drink",keyword
직원분들도 친절하셨어요,"Service, Dessert/Bakery, Coffee/Drink",keyword
아디다스 저지 입으신 직원분 굉장히 친절하시더라구요!,"Service, Dessert/Bakery, Coffee/Drink",keyword
상냥하시구요,"Dessert/Bakery, Coffee/Drink",keyword
"매장도 꽤나 쾌적하고 깔끔해서 
편안히 잘 쉬다갈수있었습니다","Dessert/Bakery, Coffee/Drink, Vibe",keyword
자주올게요,"Dessert/Bakery, Coffee/Drink",keyword
단골카페 되길!,Coffee/Drink,keyword
서울숲 근처 걸어다니다가 어떤 골목 같은 길이 있는데 그 사이에 이런 분위기 좋은 카페가 있더라구요!,"Position, Dessert/Bakery, Coffee/Drink, Vibe",keyword
"와,, 낮에 날씨도 좋아서 햇빛 들어오고 카페 공간도 넓고 원래 가려던 카페 포기하고 들어와버렸습니다","Dessert/Bakery, Coffee/Drink, Vibe",keyword
저는 원래 크림커피를 좋아하는데 내부 포스터에 크림커피가 그려져 있어서 바로 시켰어요,"Dessert/Bakery, Coffee/Drink, Vibe",keyword
제가 시킨 건 비엔나크림커피!,Coffee/Drink,keyword
"와 크림이랑 커피랑 따로 안 놀고 너무 잘 어우러져서 부드럽고 커피 향도 잘 나고 좋아요,,",Coffee/Drink,keyword
창가쪽 자리에 앉아서 약간 바람 솔솔 들어오고 대화하기 좋은 카페였습니다!,"Dessert/Bakery, Coffee/Drink",keyword
친구는 원두를 선택해서 드립커피를 마셨는데 원두 설명이 적힌 카드도 줘서 더 좋았다고 하네요!!,"Service, Dessert/Bakery, Coffee/Drink, Vibe",keyword
여러모로 기분 좋았던 카페였습니다 ~!,"Vibe, Coffee/Drink",keyword
서울숲갔다가 카페에서 커피한잔 하고 싶어서 카페 찾다가 전에 찜해놓은 카페를~ 다행히 자리가 있어서 볕좋은 곳에 자리 잡고 즐거운 시간 잘 보냈네요.,"Service, Dessert/Bakery, Coffee/Drink, Vibe",keyword
공간이 넓어 쾌적하고 대화하기 좋아요,"Dessert/Bakery, Coffee/Drink, Vibe",keyword
밤파이 맛있어요!!!!,Vibe,keyword
여기 커피 너무 맛있어요!,Coffee/Drink,keyword
처음에 흑임자라떼 마시고싶어서 검색하다 알게된 곳인데 흑임자라떼 뿐 아니라 커피류 다 맛있어서 종종 방문합니다,"Service, Dessert/Bakery, Coffee/Drink, Vibe",keyword
매장에서 원두 직접 볶으시는것 같더라구요.,"Dessert/Bakery, Coffee/Drink, Vibe",keyword
평소 산미없는 커피 즐기는 편이라 원두 선택 가능한 부분도 좋았어요!,"Service, Dessert/Bakery, Coffee/Drink, Price",keyword
매장 넓직하고 좌석간 거리도 있어 대화하기 좋습니다,"Dessert/Bakery, Coffee/Drink, Vibe",keyword
좋아하는 카페에요,Coffee/Drink,keyword
"커피 너무 맛있고 흑임자라떼 특히 굿굿
유모차끌고 가기도 좋아요",Coffee/Drink,keyword
"커피
넘 맛있어요!!",Coffee/Drink,keyword
서울숲 성수 로스터리 카페 컴오프☺️ 로스터리 카페러 그런지 커피맛이 정말 좋아요.,Coffee/Drink,keyword
밥 먹고 그냥 들어간 곳인데 커피향과 분위기도 좋고 원두도 좋아서 기분 좋게 커피 마실 수 있었습니다.,"Vibe, Coffee/Drink",keyword
흑임자라떼 너무 맛있어요ㅠㅠㅠ,Coffee/Drink,keyword
좌석간 거리도 넓어서 얘기하기 넘 좋아여,"Dessert/Bakery, Coffee/Drink, Vibe",keyword
흑임자 라떼 찐하고 꼬소~하이 맛있어요 !!,Coffee/Drink,keyword
카페가 커서 좋아요,"Service, Coffee/Drink",keyword
"자몽블랙티 너무 달지 않았으며, 자몽의 맛이 깔끔하고 갈증해소에 너무 좋았어요!","Dessert/Bakery, Coffee/Drink",keyword
시즌제품인게 아쉬울 정도에요ㅠㅠ,Dessert/Bakery,keyword
토요일의 라떼~~^^,Coffee/Drink,keyword
커피가 맛있고 넓어서 좋아요!,"Vibe, Coffee/Drink",keyword
"지나가다가 즐겨찾기 저장해둔 곳인데
공간이 아주 마음에 들었어요!!","Dessert/Bakery, Coffee/Drink, Vibe",keyword
낮보다는 슬슬 어두워질 때 방문하면 더 예뻐요 ㅎㅎ,"Service, Dessert/Bakery, Coffee/Drink, Vibe",keyword
직접 로스팅 하는곳에서 마시니 기분이 좋네요,"Dessert/Bakery, Coffee/Drink, Vibe",keyword
"서울숲 밀도 옆 좁은 골목으로 쭉 들어가면
위치해 있는 컴오프로스터스","Position, Dessert/Bakery, Coffee/Drink, Vibe",keyword
"서울숲 카페거리에 하나 더 있으니
방문 전에 헛갈리지 않게 조심하세요","Service, Dessert/Bakery, Coffee/Drink, Vibe",keyword
"💭
로스터리카페답게 커피를 중점으로
맛있는 커피를 먹을 수 있는 컴오프","Vibe, Coffee/Drink",keyword
"높은 층고 편안한 분위기
평일 점심 만석이 될정도로 인기 있는 카페","Dessert/Bakery, Coffee/Drink, Vibe",keyword
더 자세한 정보는 최제로 블로그 🙇🏻‍♂️,"Dessert/Bakery, Coffee/Drink",keyword
"아메리카노 고소한 맛, 산미있는 맛 고를 수 있어요.","Dessert/Bakery, Coffee/Drink, Vibe",keyword
커피가 맛있고 쿠폰 시스템도 있어서 좋아요,"Service, Vibe, Coffee/Drink",keyword
크림이 쫀쫀하니 너무 맛있어용!!!!!!,"Dessert/Bakery, Coffee/Drink",keyword
완전 추천!!,Vibe,keyword
담에 다시 먹으러 갈게요!!,Coffee/Drink,keyword
"커피 언제나 맛있고
독서, 작업, 대화하기도 좋은 공간이에요!","Service, Dessert/Bakery, Coffee/Drink, Vibe",keyword
음료쿠폰도 았어 알뜰합니닷,"Dessert/Bakery, Coffee/Drink",keyword
가게 깔끔하고 괜찮았어요!!,"Dessert/Bakery, Coffee/Drink, Vibe",keyword
밤파이 👍,Vibe,keyword
신메뉴인 스노우컵케이크를 먹어봤어요.,"Dessert/Bakery, Coffee/Drink",keyword
흔히 알던 초코머핀 빵이 아닌 꾸덕한 쇼콜라에요!!,"Dessert/Bakery, Coffee/Drink",keyword
여럿이서 커피랑 함께 디저트로 맛있게 잘 먹었어요,"Dessert/Bakery, Coffee/Drink, Vibe",keyword
9시까지 열려있어서 밤 산책 나왔다가 들렸어요,"Vibe, Coffee/Drink",keyword
맛있는 원두 만들어서 사용해서 좋아요.,"Dessert/Bakery, Coffee/Drink, Vibe",keyword
대화하기도 좋고 작업하기도 좋은 공간이에요,"Service, Dessert/Bakery, Coffee/Drink, Vibe",keyword
취향에 따라 원두 고를수있어 좋아요,"Vibe, Coffee/Drink",keyword
커피가 맛있어서 독서하러 와요,"Dessert/Bakery, Coffee/Drink",keyword
항상 지나가머 볶은커피빈 냄새가 나서 가야지,Coffee/Drink,keyword
가야지하다 드디어 가봤어요.,"Dessert/Bakery, Coffee/Drink",keyword
커피 진짜 맛있어요..,Coffee/Drink,keyword
다음엔 디저트도 도전!,Dessert/Bakery,keyword
"매장이 넓고
커피맛 좋아요","Vibe, Coffee/Drink",keyword
골목에 지나가다가 들어가서 먹었는데 직접 로스팅을 해서 그런지 커피도 아아로  제일 산미 없는 것 시켰는덕 약간의 산미와 탄맛?,"Position, Dessert/Bakery, Coffee/Drink, Vibe",keyword
이 나서 맛있고 밤 파이도 위에 올라간 크림도 맛있고 안에가 꽉차서 넘 맛있게 먹었습니다!,"Dessert/Bakery, Coffee/Drink, Vibe",keyword
밤파이가 맛있어요!!,Vibe,keyword
위에 올라간 크림이 부드럽고 달달해서 좋아요!,Dessert/Bakery,keyword
점심 먹고 카페 갔는데 마지막 하나 남은 밤파이를 산거라 먹으려면 빨리 가야할거같아요,"Dessert/Bakery, Coffee/Drink, Vibe",keyword
다 맛있게 먹었어요!!,Coffee/Drink,keyword
밤파이가 맛있고 원두 종류가 많아서 좋아요,"Vibe, Coffee/Drink",keyword
"아메는 약간 산미있었고
흑임자라떼 폼 완전 쫀쫀하고 맛있어요!","Dessert/Bakery, Coffee/Drink, Vibe",keyword
분위기도 맛도 만족!,"Vibe, Price",keyword
좌석 간 간격도 넓고 커피 원두도 맛잇어요.,"Vibe, Coffee/Drink",keyword
"커피맛은 좋았지만 
너무 시끄러운 건 어쩌지?",Coffee/Drink,keyword
여기 바닐라빈라떼 고소해서(원두 신맛으로도 변경 가능해요!) 정말 맛있었어요!,"Dessert/Bakery, Coffee/Drink, Price",keyword
매장 인테리어도 특이하고 커피도 맛있고 좋았어요,"Dessert/Bakery, Coffee/Drink, Vibe",keyword
성수에서 서울숲으로 가는 길목에 있어 들어간 카페입니다.,"Vibe, Coffee/Drink",keyword
내부 넓고 음료와 커피 모두 맛있습니다.,"Dessert/Bakery, Coffee/Drink, Vibe",keyword
커피 안쓰고 맛있어요,Coffee/Drink,keyword
"생긴지 얼마 안된거 같은데, 위치가 성수동과 서울숲 중간쯤에 위치해서 걷다가 긴급 카페인 땡겨서 들어가게 됐음.","Position, Dessert/Bakery, Coffee/Drink",keyword
원두는 선택 가능합니다.,"Service, Dessert/Bakery, Coffee/Drink, Price",keyword
갈 이유 없는곳,Vibe,keyword
커피맛 괜찮아요~~,Coffee/Drink,keyword
직장동료가 여기 흑임자라떼를 참 좋아합디다,Coffee/Drink,keyword
비엔나커피가 있어서 들어가봤어요.,"Vibe, Coffee/Drink",keyword
요즘 크림커피 많이 파는데 여기 비엔나 맛있는 편이예여,"Dessert/Bakery, Coffee/Drink",keyword
원두 고를수 잇어서 좋앗어요! :),Coffee/Drink,keyword
정해놓지 않고 성수동 골목을 걷다가 마음이 끌리는 곳에서 커피마시자하고 가다가 선택하게 되었습니다.,"Vibe, Service, Position, Coffee/Drink, Dessert/Bakery",keyword
원두도 고를수 있고 맛도 좋았습니다.,"Vibe, Coffee/Drink",keyword
실내 조도도 적당하니 편안하고 창문으로 시원한 바람이 솔솔들어오는 느낌도 참 좋았습니다.,"Dessert/Bakery, Coffee/Drink, Vibe",keyword
음료가 맛나요,Coffee/Drink,keyword
모던하고 세련된 카페입니다,"Dessert/Bakery, Coffee/Drink, Vibe",keyword
카페 인테리어도 커피도 너무 좋은 카페,"Vibe, Coffee/Drink",keyword
밤파이가 아메리카노랑 잘 어울려요,Vibe,keyword
"분위기 좋고, 맛있어요",Vibe,keyword
커피 맛있고 디저트류도 좋음.,"Dessert/Bakery, Coffee/Drink",keyword
빨미 까레 추천,Vibe,keyword
",,, 양이 적고 가격이 비싸지만 너무 맛있어서 사서 회사 들어오면서 다마셨습니다,,,, 머쓱",Price,keyword
분위기도 좋고 커피도 맛있었어요!,"Vibe, Coffee/Drink",keyword
너무 추워서 들어간 카페에서 따뜻한 마쉬멜로 핫쵸코 잘 마셨습니다!,"Dessert/Bakery, Coffee/Drink, Vibe",keyword
분위기 좋은 카페입니다.,"Vibe, Coffee/Drink",keyword
커피 맛도 좋습니다.,Coffee/Drink,keyword
지나가다가 들어가게됐는데 친절하시고 좋았어요,"Service, Dessert/Bakery, Coffee/Drink",keyword
밀크티도 맛있었어요~,Coffee/Drink,keyword
매장 넓고!,Vibe,keyword
"음료, 커피 다 맛있어요.",Coffee/Drink,keyword
디저트는 안 먹어봤지만!,"Dessert/Bakery, Coffee/Drink",keyword
공간 넓고 인테리어 예뻐서 정말 맘에 들었다지요,"Dessert/Bakery, Coffee/Drink, Vibe",keyword
분위기도 좋고 의외의 장소에 카페가 있어서 좋아요!,"Vibe, Coffee/Drink",keyword
분위기 좋고 맛있음,Vibe,keyword
자주 오게될 것 같은 매장.,"Dessert/Bakery, Coffee/Drink, Vibe",keyword
커피도 맛있고 분위기도 너무 좋아서 앉아서 공부하거나 대화하기도 너무 좋을 것 같은 곳임.,"Dessert/Bakery, Coffee/Drink, Vibe",keyword
사장님인지 직원인지는 모르겠지만 여자분 너무 친절함👍,"Service, Dessert/Bakery, Coffee/Drink",keyword
신상 카페인듯함.,"Dessert/Bakery, Coffee/Drink",keyword
카페거리와 떨어져 있어 넓직하고 대화하기 편함,"Dessert/Bakery, Coffee/Drink, Vibe",keyword
커피도 맛나고조용하고 좋아요,"Dessert/Bakery, Coffee/Drink",keyword
인테리어도 예쁘고 커피맛있어요~,"Vibe, Coffee/Drink",keyword
분위기가 좋아요,Vibe,keyword
인테리어가 특이하고 매장이 넓었어요.,"Dessert/Bakery, Coffee/Drink, Vibe",keyword
테이블 배치도 독특했구요.,"Dessert/Bakery, Coffee/Drink",keyword
"따뜻한 발로나 초코를 주문했는데 마쉬멜로우 서너 개 들어있었고, 초코도 아주 진해서 정말 맛있게 마셨어요!","Service, Dessert/Bakery, Coffee/Drink, Vibe",keyword
그리고 조용해서 좋았어요.,"Dessert/Bakery, Coffee/Drink",keyword
로스터리 카페라서 커피가 맛있어요,Coffee/Drink,keyword
넓은 공간이라 일행과 얘기하기에도 적당해보였습니다,"Dessert/Bakery, Coffee/Drink, Vibe",keyword
숨겨진 골목 카페같은 느낌!,"Position, Dessert/Bakery, Coffee/Drink",keyword
안에 완전 힙하구 원두도 직접 로스팅하시는듯 청귤에이드 먹었는데 담엔 커피 마셔보려구요~!,"Dessert/Bakery, Coffee/Drink, Vibe",keyword
커피 원두 골라서 먹고 맛있어요!,Coffee/Drink,keyword
예쁘고 맛있어요!,Vibe,keyword
흑임자 라떼 맛있어요 :),Coffee/Drink,keyword
사장님인지 알바생이신지 음료 담아가는 캐리어가 어디있는지 모르셔가지고 그냥 들고가라고 하시다니…그걸 모르시면 어쩌죠?!,"Service, Dessert/Bakery, Coffee/Drink, Vibe",keyword
커피 맛있고 직원분은 친절하시네요!,"Service, Dessert/Bakery, Coffee/Drink",keyword
분위기조아요,Vibe,keyword
인테리어도 센스있는데 솔직히 커피가 너무 맛있어요 ㅋㅋㅋㅋㅋㅋ,"Vibe, Coffee/Drink",keyword
너무너무 좋났어요~~,Coffee/Drink,keyword
커피 진하고 맛있어요~!,Coffee/Drink,keyword
공사장뷰라 아쉽지만 공간은 여유있고 커피도 괜찮았어요,"Vibe, Coffee/Drink",keyword
"분위기 좋은곳에서
커피한잔의 여유를 찾고갑니다","Service, Vibe, Coffee/Drink",keyword
장소가 넓고 힙해요!,"Dessert/Bakery, Coffee/Drink, Vibe",keyword
커피 맛있어용~!,Coffee/Drink,keyword
스카치 라떼 맛있어요!!,Coffee/Drink,keyword
예쁘고 커피도 맛있고 다하는 곳이에요.,"Dessert/Bakery, Coffee/Drink, Vibe",keyword
구조 너무 이쁘고 동선도 좋고 공간감도 좋고 다 좋아요!!,Vibe,keyword
여기 분위기 너무 좋아요!!,Vibe,keyword
커피도 맛있습니다!,Coffee/Drink,keyword
"공장 느낌의 성수동 신상카페 컴오프로스터스
천장이 높고 자리간격이 넓어서 쾌적한 공간이에요","Dessert/Bakery, Coffee/Drink, Vibe",keyword
라떼랑 버터스카치 시켰는데 라떼가 맛있었어요,Coffee/Drink,keyword
"< 프롤리 블렌드 에스프레소 hot >
1. 크레마 : 부드러운
2. 플레이버 : 카카오닙스, 태운 견과향, 약간의 자몽스러운 산미 살짝
3. 밸런스 : 무거운 단맛과 신맛의 밸런스가 좋아요","Vibe, Coffee/Drink",keyword
4. 후미 : 다크초콜릿 무거운 단맛이 남아요,Coffee/Drink,keyword
"1. 플레이버 : 아몬드스러운 고소함, 카카오의 무거운 단향, 자몽스러운 신맛 살짝
2. 바디 : 아이스임에도 좀 연하게 뽑힌 느낌이어 단맛이 조금 더 살았으면 좋겠어요","Dessert/Bakery, Coffee/Drink",keyword
"but 부드러운 목넘김, 산뜻함이 살아있어요!","Dessert/Bakery, Coffee/Drink, Vibe",keyword
"3. 후미 : 원두 선택 시 소개해주신대로 깔끔하게 마무리되는 클린컵의 느낌(아주 살짝의 드라이함은 마지막 추출에서의 미분 맛 같아요!)
->","Service, Dessert/Bakery, Coffee/Drink",keyword
제 취향으로 아이스로 마실 때 더 맛있는 커피,"Vibe, Coffee/Drink",keyword
"< 컴오프커피 콜롬비아 카투라 내추럴 안티오키아 로스 알페스 >
1. 플레이버 : 내추럴 특유의 묵직한 단맛, 레드?","Dessert/Bakery, Coffee/Drink",keyword
커런트 다크초콜릿의 어두운 단맛과 신맛이 함께 느껴집니다,Coffee/Drink,keyword
2. 밸런스 : 단맛이 예쁘게 뽑혀 나오는 커피인 것 같아요!,"Dessert/Bakery, Coffee/Drink, Vibe",keyword
특유의 시트러스한 산미도 좋아요,"Dessert/Bakery, Coffee/Drink",keyword
"3. 후미 : 내추럴프로세싱 커피답게 은은한 여운이 길~~어요, 묵직한 카카오를 담갔다 뺀 느낌의 다크초콜릿스러운 단맛이 남아요","Dessert/Bakery, Coffee/Drink",keyword
어느 정도 식고 나서 마셨을 때 더욱 길어지는 애프터테이스트가 기분을 더욱 좋게 만듭니다,"Vibe, Coffee/Drink",keyword
꼭 브루잉으로 내려주시는 C원두로 드셔보세요!,"Vibe, Coffee/Drink",keyword
서울숲 갔다가 가기좋은 골목 사이에 한적하고 깔끔한 카페에요,"Position, Dessert/Bakery, Coffee/Drink",keyword
커피도 꼬숩고 맛있음,Coffee/Drink,keyword
다만 슬픈 점은 통창이 멋있는데 공사장 및 다른건물 뒷바닥뷰,Vibe,keyword
그냥 차가 맛있습니다,Coffee/Drink,keyword
저는 레몬자스민티,Coffee/Drink,keyword
커피 종류는 비추천 합니다,"Dessert/Bakery, Coffee/Drink, Vibe",keyword
음료가 자극적이지 않아 좋아요,Coffee/Drink,keyword
역시 공차는 펄 맛집 🧋,"Vibe, Coffee/Drink",keyword
오늘은 펄이 좀 딱딱했어요 ㅠ,"Dessert/Bakery, Coffee/Drink",keyword
조카가 원해서 테이크아웃해서 마셨습니다.,"Service, Dessert/Bakery, Coffee/Drink",keyword
친절하시고 음료도 맛있어요.,"Service, Dessert/Bakery, Coffee/Drink",keyword
"매장도 깔끔하고, 대화하기 좋아요","Dessert/Bakery, Coffee/Drink, Vibe",keyword
신메뉴 흑당두부크러쉬와 흑심 품은 흑당밀크티 둘다 맛있음!,Coffee/Drink,keyword
함께 들어가는 또우화가 고소하고 부드러워서 음료 맛을 한층 올려준다.,"Dessert/Bakery, Coffee/Drink",keyword
오 맛이 되게 신기해요,"Dessert/Bakery, Coffee/Drink",keyword
매장도 깔끔하고 직원분들도 친절하십니댯,"Service, Dessert/Bakery, Coffee/Drink, Vibe",keyword
잘먹었어요,Coffee/Drink,keyword
버블 있는 음료로 착각했네요..,"Dessert/Bakery, Coffee/Drink, Vibe",keyword
맛있게 만들어줍니다 ~!,Vibe,keyword
"- 서울숲 길건너편 위치
- 배달앱이 많아 워크인으로 들어가서 주문해도 대기 상당","Service, Position, Dessert/Bakery, Coffee/Drink",keyword
맛있게 잘 먹었습니다 ~,Coffee/Drink,keyword
조용하게 대화하기 좋아여. :),"Dessert/Bakery, Coffee/Drink",keyword
매장이 조용해서 좋아요,"Dessert/Bakery, Coffee/Drink, Vibe",keyword
편하게 이용 가능해요.,"Dessert/Bakery, Coffee/Drink, Price",keyword
음료가 달달하니 맛있어요.ㅎㅎ,Coffee/Drink,keyword
공차 테이크아웃 해서 서울숲 산책하는 루틴 ..,"Service, Dessert/Bakery, Coffee/Drink",keyword
매장이 너무 더워요,Vibe,keyword
"초코바른피스타치오에서 강하게 느껴지는 부라보콘의 맛,,",Service,keyword
서울숲 나들이할 때 음료 사들고 가기 좋은 위치에 있습니다~,"Position, Dessert/Bakery, Coffee/Drink, Vibe",keyword
파스타치오밀크티 너무 달아요.,Coffee/Drink,keyword
음료가 맛있어요.,Coffee/Drink,keyword
서울숲 인근 아담한 공차,"Dessert/Bakery, Coffee/Drink",keyword
대학생 시절부터 자리를 지키고 있는 공차 지점이다.,"Vibe, Coffee/Drink",keyword
테이블도 겉보기와 달리 넉넉한 편이고 냉방도 좋다,"Dessert/Bakery, Coffee/Drink",keyword
간단하게 들를 카페로 추천하고 싶은 곳.,"Dessert/Bakery, Coffee/Drink, Vibe",keyword
청포도 스무디가 시윈하고 맛있었음,"Dessert/Bakery, Coffee/Drink",keyword
공차 음료 맛있어요,Coffee/Drink,keyword
다시 나온 밀크쿠앤크 너무 조아용~~~~·͜·,Coffee/Drink,keyword
테이크아웃 하려고 갔는데 보드게임 있어서 매장에서 마시고 왔어요,"Service, Dessert/Bakery, Coffee/Drink, Vibe",keyword
"제일 가까운 공차라 자주 이용하는데
화장실에 기본적으로 핸드워시, 휴지, 핸드페이퍼나 핸드드라이는 좀 구비해주세요","Dessert/Bakery, Coffee/Drink, Vibe",keyword
특히 비누없는거 많이 찝찝해요,"Dessert/Bakery, Coffee/Drink",keyword
음료가빨리나오네요,Coffee/Drink,keyword
거의 두달만에 왔는데 음악 여전하네요..,"Dessert/Bakery, Coffee/Drink, Vibe",keyword
노래 좀 바꿔주세요.,Vibe,keyword
"시끄러운 빅뱅,투애니원 노래만 몇시간째 나오는데 너무 지겨워요.","Vibe, Coffee/Drink",keyword
다 좋은데 노래땜에 재방문이 꺼려지는 카페는 처음이에요 ㅠㅠ,"Service, Vibe, Coffee/Drink",keyword
더울땐 시원한 밀크티 ~^^,"Dessert/Bakery, Coffee/Drink",keyword
1층이고 매장이 생각보다 넓었어요!,Vibe,keyword
다만 음료 준비중인 리스트가 많았어요,"Vibe, Coffee/Drink",keyword
사장님 노래 좀 바꿔주세요.,"Service, Vibe",keyword
"2시간 내내 십수년전 빅뱅, 투애니원 노래만 나오는데 너무 올드하고 지겹네요...ㅠㅠ","Dessert/Bakery, Coffee/Drink, Vibe",keyword
매번 먹는 메뉴지만 올때마다 참 잘먹고가요,"Dessert/Bakery, Coffee/Drink",keyword
저는 특히 화이트펄을 애정해여ㅎ,"Dessert/Bakery, Coffee/Drink",keyword
매장이 넓고 대화하기 좋아요!,"Dessert/Bakery, Coffee/Drink, Vibe",keyword
맛있고 빨리 나옵니다,Coffee/Drink,keyword
친절하게 알려주셔서 잘 마셨습니다,"Service, Dessert/Bakery, Coffee/Drink",keyword
공차에서 카페라떼 한잔 먹고 왔습니다.,"Dessert/Bakery, Coffee/Drink",keyword
주말이고 날씨도 따뜻해져서 그런지 사람들이 꾀나 많아진거 같네요~,"Dessert/Bakery, Coffee/Drink, Vibe",keyword
하마터면 자리에서 못 먹을뻔 했지만 여유있게 차한잔 하고 나왔습니다.,"Dessert/Bakery, Coffee/Drink, Vibe",keyword
서울숲 나왔다가 공차에서 자몽티 따뜻하게 한잔 마셨습니다.,"Dessert/Bakery, Coffee/Drink",keyword
날짜가 많이 풀려서 사람들도 많아졌네요~,"Dessert/Bakery, Vibe",keyword
원하는 음료가 계속 품절로 떠서 다른거 먹는중...ㅠ,"Vibe, Coffee/Drink",keyword
그래도 음료가 굉장히 빨리 나옵니다,Coffee/Drink,keyword
빨리 나와요,Coffee/Drink,keyword
콘센트 많아서 편리함,"Position, Dessert/Bakery, Coffee/Drink, Vibe",keyword
우롱티가 없었어요ㅠ,"Dessert/Bakery, Coffee/Drink",keyword
직원이 문으로 제가 앉은 의자등을 칩니다.,Service,keyword
고의같네요.,Dessert/Bakery,keyword
가족과 함께 나들이 나온김에 방문했어요!,"Service, Dessert/Bakery, Coffee/Drink",keyword
버블티는 역시 공차가 맛있는거 같아요.,Dessert/Bakery,keyword
"종류도 다양하고 펄, 당도도 취향따라 설정가능해서 좋았어요.","Dessert/Bakery, Coffee/Drink, Price",keyword
속에 좋은 음료라  만족해요,"Dessert/Bakery, Coffee/Drink, Price",keyword
빨리나와서 좋아여,Coffee/Drink,keyword
가성비 최고,Price,keyword
밀크티는 역시 공차죠!,Coffee/Drink,keyword
음료가 맛있어요,Coffee/Drink,keyword
"공차 
주말이라 사람 엄청 많네요!","Dessert/Bakery, Vibe",keyword
가끔 생각 날때 먹으면 맛있어요.^^,Coffee/Drink,keyword
신메뉴 몽블랑 스무디 먹으러갔었는데 이날은 없었어요,Coffee/Drink,keyword
공차 언제나 맛있습미다,Coffee/Drink,keyword
오랜만에 밀크티 마시고 싶어서갔는데 JMT😆👍🏻,Coffee/Drink,keyword
친절합니다,"Service, Dessert/Bakery, Coffee/Drink",keyword
"조금 비싸지만 ㅜㅜ 
아이가 너무 좋아해요:)",Price,keyword
시원할때 마시기 좋네요,"Dessert/Bakery, Coffee/Drink",keyword
서울숲 근처 공차도 음료 마시기 좋은 공간이네요.ㅎㅎ,"Vibe, Coffee/Drink",keyword
더운여름날 방문해서 시원하게 땀도 식히고 좋아하는음료고 마시고 너무 좋았습니다.,"Service, Dessert/Bakery, Coffee/Drink",keyword
"타로 당도30  레스아이스
왜 밍밍한거죠ㅠㅠ 라지만 먹다가
점보로 시켜서 그런가요","Dessert/Bakery, Coffee/Drink, Vibe",keyword
우롱티가 없어서 아쉬워요,"Dessert/Bakery, Coffee/Drink",keyword
맛있고 친절합니다~,"Service, Dessert/Bakery, Coffee/Drink",keyword
"- 접근성 용이하고 매장 안쪽 자리있음
-","Position, Dessert/Bakery, Coffee/Drink, Vibe",keyword
밀크티 근본맛,Coffee/Drink,keyword
자몽그린티 펄 추가 맛있어요,Coffee/Drink,keyword
"무더위를 피해 50분가량 머물던곳, 음료도 공간도 다 시원하니 좋아요~","Dessert/Bakery, Coffee/Drink, Vibe",keyword
공차 좋아하는데 친절하셔요,"Service, Dessert/Bakery, Coffee/Drink",keyword
항상 깔끔하고 맛이좋아요,"Dessert/Bakery, Coffee/Drink",keyword
두개이상 사면 기본적으로 담아갈건지 물어봐주세요.,Dessert/Bakery,keyword
기본 손님 응대 교육이 안된것 같아요.,Dessert/Bakery,keyword
타로 만세🙌🏻🙌🏻🙌🏻🙌🏻🙌🏻,Coffee/Drink,keyword
매장이 생각보다 넓은 편이라 좋아요:),Vibe,keyword
초코밀크티 펄 추가 맛있어요~!,Coffee/Drink,keyword
다른지점에서도망고스무디를먹어봤지만 이렇게망고맛이약하고스럽맛만나는ㅡㅡ맛없는스무디는 실망스럽네요,Coffee/Drink,keyword
음료가 빨리 나와요,Coffee/Drink,keyword
밀크폼우롱티 역시 맛있어요,"Dessert/Bakery, Coffee/Drink",keyword
밖에서 보는것보다 앉을 자리가 넓음,Vibe,keyword
손님이많아서인지 직원들이 짗ㅕ있네요,"Service, Vibe, Coffee/Drink",keyword
항상 펄 추가해서 먹습니다,"Dessert/Bakery, Coffee/Drink",keyword
"타로밀크티 점보사이즈 짱
버블은 싫어해서 빼고먹음","Dessert/Bakery, Coffee/Drink",keyword
블랙밀크티는 언제나 맛있어요 ㅎ,Coffee/Drink,keyword
조용해서 작업하기 좋을 듯 해요,"Service, Dessert/Bakery, Coffee/Drink",keyword
항상 맛있게 잘 먹고 있습니다,"Vibe, Coffee/Drink",keyword
빨리 나오고 맛있어요,Coffee/Drink,keyword
항상  맛있고 우롱티도 있어서 좋음,"Vibe, Coffee/Drink",keyword
평일 낮에 아르바이트생분 진짜 친절했어요,"Service, Dessert/Bakery, Coffee/Drink",keyword
성수동으로 디자인 미팅 왔다가 서울숲 좀 걷다가려고 공차까지 걸어왔는데 더위에 타로밀크티 한 잔 시원하게 마시니 너무 좋네요~,"Dessert/Bakery, Coffee/Drink",keyword
매장이 좋네요,Vibe,keyword
항상 사람이 많아요,"Dessert/Bakery, Vibe",keyword
당도는 선택할 수 있는데 얼음양 선택은 안 되네요,"Service, Dessert/Bakery, Coffee/Drink, Vibe",keyword
사장님 친절하고 좋아요!,"Service, Dessert/Bakery, Coffee/Drink",keyword
우롱티가 없어 아쉬웠음,"Dessert/Bakery, Coffee/Drink",keyword
공차는 다 맛있어요.,Coffee/Drink,keyword
자주 방문해요^^,"Service, Dessert/Bakery, Coffee/Drink",keyword
초콜릿 밀크티+ 밀크폼 + 펄추가 짱맛!,Coffee/Drink,keyword
늦은시간에 가니 타로 파우더가 솔드아웃이더라구요 ㅜㅜ,Coffee/Drink,keyword
밀크티 맛나고~ 친절하세요~,"Service, Dessert/Bakery, Coffee/Drink",keyword
우롱티가 자주 없어서 아쉬워요,"Dessert/Bakery, Coffee/Drink",keyword
친절하지 않아요,"Service, Dessert/Bakery, Coffee/Drink",keyword
너무 단거는 안 좋아해서 당도 70으로 했는데 너무 밍밍하고 맛 없었어요,"Dessert/Bakery, Coffee/Drink",keyword
공차가서 돈 아까운건 또 처음,Price,keyword
너무 밍밍해요...,"Dessert/Bakery, Coffee/Drink",keyword
당도가 문제가 아니라 차 자체가 물탄듯한 맛.,"Dessert/Bakery, Coffee/Drink",keyword
공차는 매장컵 사용 안하나요 ??,"Dessert/Bakery, Coffee/Drink, Vibe",keyword
공차 말해뭐해,"Dessert/Bakery, Coffee/Drink",keyword
늦게까지 열어서 좋아요,Coffee/Drink,keyword
정말 빨리 만들어주세요.,Vibe,keyword
우롱 먹으러 갔는데 없어서 블랙 먹었지만 맛있었어용,Coffee/Drink,keyword
자주 이용해요,"Dessert/Bakery, Coffee/Drink",keyword
겨울이라 따뜻한 블랙 밀크티 ~,"Dessert/Bakery, Coffee/Drink",keyword
"버스정류장 바로 앞에 있고, 세로로 긴 매장이에요.","Vibe, Coffee/Drink",keyword
테이블 여유있고 조용한 편이어서 좋았어요 !,"Dessert/Bakery, Coffee/Drink, Vibe",keyword
얼그레이 딸기 스무디 가격대비 아쉬운 맛이네요ㅠㅠ,Price,keyword
매장도 깨끗하고 맛있슴다 !,"Dessert/Bakery, Coffee/Drink, Vibe",keyword
우롱티가 너무 자주 없다ㅜ,"Dessert/Bakery, Coffee/Drink",keyword
음료를 달고 맛있게 잘 만들어요,"Vibe, Coffee/Drink",keyword
오랜만에 먹는 타로 버블~~~,Coffee/Drink,keyword
깔끔하고 좋아요,"Dessert/Bakery, Coffee/Drink",keyword
젊은이들 많이 오는 곳 답게 키오스크 주문.,"Service, Dessert/Bakery, Coffee/Drink, Vibe",keyword
매장 입구 근처로 사람도 많이 다니고 문 바로앞이 계산대/키오스크라 복잡하게 느껴질 수 있을 것 같음,"Dessert/Bakery, Coffee/Drink, Vibe",keyword
베스트메뉴는 믿고 먹는!,Coffee/Drink,keyword
키오스크 주문필수.,Service,keyword
알바 혼자일할때도 많아요,"Dessert/Bakery, Coffee/Drink",keyword
오늘도 공차라떼,Coffee/Drink,keyword
"오늘은TDAY 공차2개4,400원
와우!!",Dessert/Bakery,keyword
청포도그린티 화이트펄 브라운슈가쥬얼리밀크티,Coffee/Drink,keyword
직원분 친절하시고 음료도 가득 담아주셔서 너무 좋았지만..,"Service, Dessert/Bakery, Coffee/Drink",keyword
당도 30인데 선택했는데 너무 달아서 첫입 마시고 당황했어요;,"Service, Dessert/Bakery, Coffee/Drink",keyword
"맛있는 티와 펄 
자주먹습니다",Coffee/Drink,keyword
테이크 아웃을 주로 하지만 안쪽으로 자리가 꽤 있어서 마시고 가기도 좋네요.,"Dessert/Bakery, Coffee/Drink, Vibe",keyword
메뉴에 베스트 콤보가 있어서 선택하기 편해요,"Service, Dessert/Bakery, Coffee/Drink, Vibe",keyword
공부하기 좋은 듯?!,"Dessert/Bakery, Coffee/Drink",keyword
직원분도 친절해요,"Service, Dessert/Bakery, Coffee/Drink",keyword
근처 타매장보다 청결하고 집중하기 좋아요,"Dessert/Bakery, Coffee/Drink, Vibe",keyword
서울숲 카페골목 들어가는 사거리에 있어서 위치가 좋음,"Position, Vibe, Coffee/Drink",keyword
직원분 친절하시고 양많고 진하고 맛도리!!,"Service, Dessert/Bakery, Coffee/Drink",keyword
흑임자 스무디 궁금해서 먹어봤는데 맛있었다 ㅎㅎ,"Dessert/Bakery, Coffee/Drink",keyword
곡물맛 좋아하는 분이라면 추천~~,"Vibe, Coffee/Drink",keyword
맛나게 먹엇어용,Coffee/Drink,keyword
성수에서 나름 조용한 곳.,"Dessert/Bakery, Coffee/Drink, Vibe",keyword
공간이 넓진 않지만 사람 별로 없어,"Dessert/Bakery, Vibe",keyword
포스기를 하나만 써서 몰릴때 줄서는건 좀 별로,Service,keyword
너무 비싸요 ㅠㅠ,Price,keyword
다른 매장보다 비쌈...,"Vibe, Price",keyword
포장해서 서울숲 가기 좋아요!,"Dessert/Bakery, Coffee/Drink, Price",keyword
가성비있는 공차 자주 이용합니다~!,"Price, Dessert/Bakery, Coffee/Drink, Vibe",keyword
음료 맛있고 빨리나와서 좋아요,Coffee/Drink,keyword
공차 음료 맛있어요~,Coffee/Drink,keyword
공간은 협소해요~,"Dessert/Bakery, Coffee/Drink, Vibe",keyword
아는 음료 맛 맛있어요!,Coffee/Drink,keyword
브라운슈가 쥬얼리밀크티,Coffee/Drink,keyword
사람이 많았지만 나름 괜찮았다,"Dessert/Bakery, Vibe",keyword
음료 맛있어요~,Coffee/Drink,keyword
공차 진짜 진짜 오랜만에 갔는데 타로 밀크티 원래 이렇게 맛있었나요..,Coffee/Drink,keyword
버블 쫀득하고 친절하고.,"Service, Dessert/Bakery, Coffee/Drink",keyword
여름에 자주 방문할 듯.,"Service, Dessert/Bakery, Coffee/Drink",keyword
여름에 밀크티 넘 잘어울려요ㅠ,Coffee/Drink,keyword
아이들 최애 음료,Coffee/Drink,keyword
새로운 신메뉴로 나온 골든펄 딸기 캐모마일티를 주문해서 마셨는데..,"Service, Dessert/Bakery, Coffee/Drink, Vibe",keyword
당도를 30으로 조절했는데도 음료가 진짜 너무 달아서 잘못 나온 건 아닌가 싶었어요ㅠ,"Dessert/Bakery, Coffee/Drink",keyword
아마 음료 자체도 좀 단데 골든펄도 달아서 그랬던 것 같아요ㅠㅠ,"Dessert/Bakery, Coffee/Drink",keyword
그리고 신메뉴 관련 문의를 드렸는데 직원분이 친절하게 알려주셔서 감사했어요 : ),"Service, Dessert/Bakery, Coffee/Drink",keyword
공차 존맛 사랑,Dessert/Bakery,keyword
"직원들 손이 빨라요, 감사히 잘 먹었습니다","Service, Coffee/Drink",keyword
딸들이 너무 좋아해서 자주 먹어요~,Coffee/Drink,keyword
친절하고 음료가 맛있어요,"Service, Dessert/Bakery, Coffee/Drink",keyword
우롱티 궁금증 충족 ㅋㅋ,"Dessert/Bakery, Coffee/Drink",keyword
우롱티의갈증 해결 ㅋㅋ 우롱밀크티로 먹은거지만,"Dessert/Bakery, Coffee/Drink, Vibe",keyword
여기 최고최고 신메뉴 나왔다길래 왔어요,"Dessert/Bakery, Coffee/Drink",keyword
맛있아요!,Coffee/Drink,keyword
매장은 작은 편이에요,"Dessert/Bakery, Vibe",keyword
"아르바이트인지 직원분인지 
할인 및 기프티콘 사용에 대해 너무 모르시는듯,,, 키오스크로 하는데 다른곳은 되던데 여기만 안되는건가요?","Service, Dessert/Bakery, Coffee/Drink, Vibe",keyword
하니 저도 잘 몰라요~,"Dessert/Bakery, Coffee/Drink",keyword
초콜렛쿠키크림스무디 맛있었다,Dessert/Bakery,keyword
품절 메뉴가 많을만큼 사람들이 많이 방문해요,"Service, Dessert/Bakery, Coffee/Drink, Vibe",keyword
자몽그린티 짱맛〰,Coffee/Drink,keyword
조용합니다,"Dessert/Bakery, Coffee/Drink",keyword
사장님이 친절해요~,"Service, Dessert/Bakery, Coffee/Drink",keyword
손님이 많은데도 메뉴가 빨리 나옵니다,Coffee/Drink,keyword
수고하십니다,"Dessert/Bakery, Coffee/Drink",keyword
매장 넓고 조아요 음료맛있어요,"Vibe, Coffee/Drink",keyword
쏘쏘해요~~~,"Dessert/Bakery, Coffee/Drink",keyword
매장이 생각보다 커서 좋아요,"Service, Vibe",keyword
바람이 너무 불어서 추워서 들어왔는데 매장이 쾌적하네요,"Dessert/Bakery, Coffee/Drink, Vibe",keyword
타로밀크티 넘 맛있어용,Coffee/Drink,keyword
우롱밀크티 맛있어요,"Dessert/Bakery, Coffee/Drink",keyword
창가쪽 자리 조용하고 좋아요.,"Dessert/Bakery, Coffee/Drink",keyword
"화장실 휴지, 비누 없어서 아쉬워요","Vibe, Coffee/Drink",keyword
정말 다 좋은데 환기가 좀 더 잘되면 좋을것 같아요.,Dessert/Bakery,keyword
매장 들어가면 바로 공기가 답답한게 느껴집니다.,"Dessert/Bakery, Coffee/Drink, Vibe",keyword
가끔한번씩땡기는타로밀크티,Coffee/Drink,keyword
남자직원분 친절하세요^^,"Service, Dessert/Bakery, Coffee/Drink",keyword
"사람들이 북적이지 않아 소음이 적어 조용하고,
마음이 차분해지는 색감의 인테리어와 자리마다 비치된 콘센트와,
생긴 지 얼마 안돼보이는 깔끔한 내부가 맘에 듭니다.","Dessert/Bakery, Coffee/Drink, Vibe",keyword
"공차도 비좁고 낡고 사람들 북적이는 곳도 있는데, 
이 곳은 이런 면에 있어 희소성있어 좋네요.","Dessert/Bakery, Coffee/Drink, Vibe",keyword
근데 피스타치오 밀크티는 당도조절이 어려운가봐요,Coffee/Drink,keyword
당도0으로 했는데도 달아요~,"Dessert/Bakery, Coffee/Drink",keyword
맛있지만 좀더 슴슴하게 가능하면 건강에도 좋고 단 거 안좋아하는 사람에게도 좋을것 같습니다.,"Price, Dessert/Bakery, Coffee/Drink, Vibe",keyword
분위기가 조용해요.,"Dessert/Bakery, Coffee/Drink, Vibe",keyword
내부가 좀 습한듯하지만 좋아용,"Dessert/Bakery, Coffee/Drink",keyword
밀크티는 공차!,Coffee/Drink,keyword
얼음적게로 선택했는데 얼음많이 급으로 많이주셨어요...,"Service, Dessert/Bakery, Coffee/Drink, Vibe",keyword
이번꺼 맛있게 잘 먹었어요,Coffee/Drink,keyword
밀크티진했음,Coffee/Drink,keyword
밀크티 물많이 타는 것 말곤 괜찮아요,Coffee/Drink,keyword
밀크티가 진하진 않아요,Coffee/Drink,keyword
펄이 다른지점에비해 적은것같아요ㅠㅠ,Dessert/Bakery,keyword
직원이 친절하고 음료도 맛있어요,"Service, Dessert/Bakery, Coffee/Drink",keyword
커스텀도 다양하고 좋습니다-,"Dessert/Bakery, Coffee/Drink",keyword
"서울숲갔다가 들렸는데 친절하시고 깨끗해서
좋아요~","Service, Dessert/Bakery, Coffee/Drink",keyword
공차 서울숲점 제가 가장 사랑하는 공차 매장입니다.,"Dessert/Bakery, Coffee/Drink, Vibe",keyword
어딜가나 버블티 찾아먹어서 공차 매장 여기저기 다 가봤는데 서울숲이 최고에요.,"Service, Vibe, Coffee/Drink",keyword
"서비스, 음료맛 다 좋아서 성수 갈 때마다 꼭 들리는데 리뷰를 이제야 쓰네요.","Service, Coffee/Drink",keyword
토핑을 항상 세번씩 추가하는데 양 잘 주셔서 항상 만족스러워요.,"Dessert/Bakery, Coffee/Drink, Price",keyword
매장도 깨끗하고 직원분도 아주 친절하세요!,"Service, Dessert/Bakery, Coffee/Drink, Vibe",keyword
친절하고 가득줘요^^,"Service, Dessert/Bakery, Coffee/Drink",keyword
맛있고 조용하고 친절해요~,"Service, Dessert/Bakery, Coffee/Drink",keyword
"매장이 지저분, 알바 불친절 그래서 별 두개뺌","Service, Dessert/Bakery, Vibe",keyword
조용하니 얘기하기 딱좋은곳,"Dessert/Bakery, Coffee/Drink, Vibe",keyword
"공차는 역시👍 
초당옥수수 시리즈 맛있어용 ㅎㅎ",Dessert/Bakery,keyword
여기 음료를 넘 맛있게 잘만들어줘요ㄷㄷ,"Vibe, Coffee/Drink",keyword
다음에도 서울숲공차 갈래요ㅡ,Coffee/Drink,keyword
조아욤 알바생분 너무 친절해요,"Service, Dessert/Bakery, Coffee/Drink",keyword
깔끔하고 친절해요,"Service, Dessert/Bakery, Coffee/Drink",keyword
매장도 깨끗하고 쾌적해용,"Dessert/Bakery, Coffee/Drink, Vibe",keyword
"음료빨리 나오는편이고 QR,체온체크도 비대면이라좋아요",Coffee/Drink,keyword
공차라 역시 맛있어요,Coffee/Drink,keyword
근데 키오스크가 하나뿐이라 주문이 밀리는 것 같아요~,"Service, Dessert/Bakery",keyword
잘 먹을레요 박완규씨,Coffee/Drink,keyword
다 너무 밍밍한 맛,"Dessert/Bakery, Coffee/Drink",keyword
음료 엄청 빨리 나와요,Coffee/Drink,keyword
맛있어서 벌써 먹어버렸어요,Coffee/Drink,keyword
타로밀크티 넘 좋아여,Coffee/Drink,keyword
공차 서울숲지점  상 주세요 ㅠㅠ,Dessert/Bakery,keyword
매번 갈 때마다 세심하게 잘 챙겨주시는  남자 사장님 ㅠㅠ센스 백만점  고객니즈파악도 완벽하시고  시원시원하시고  맛도 물론 재료도 아낌 없어서 ㅠ 맨날  가서 사먹고 싶어요,"Service, Dessert/Bakery, Coffee/Drink",keyword
ㅠ맨날 먹고 싶을때  뛰어서 퇴근해요 ㅋㅋㅋㅋ,"Dessert/Bakery, Coffee/Drink",keyword
사장님  진짜  오래오래  서울숲에서 계셔요,Service,keyword
항상  감사합니다,"Dessert/Bakery, Coffee/Drink",keyword
맛있게 먹고  힐링하고 지내고 있어요,"Dessert/Bakery, Coffee/Drink, Vibe",keyword
사람이 많은 거 빼고는 맛도 있고 좋았어요!!!,"Dessert/Bakery, Coffee/Drink, Vibe",keyword
공차 즐겨먹습니다.,Coffee/Drink,keyword
딸기치즈쿠키크러쉬 맛있어요,Dessert/Bakery,keyword
친절하세요~~,"Service, Dessert/Bakery, Coffee/Drink",keyword
티멤버쉽 이벤트로 구입!!,"Vibe, Coffee/Drink",keyword
펄을 빼고 먹고 싶은 음료가 있어서 오더기기 앞에사 서성 거리니까 스탭분이 도와주셨어요.,"Vibe, Coffee/Drink",keyword
남자분 친절하세요!!,"Service, Dessert/Bakery, Coffee/Drink",keyword
조용하고 조아요,"Dessert/Bakery, Coffee/Drink",keyword
말해뭐해요...,"Dessert/Bakery, Coffee/Drink",keyword
알바가 친절해요!!,"Service, Dessert/Bakery, Coffee/Drink",keyword
친절하세용 ㅎㅎ,"Service, Dessert/Bakery, Coffee/Drink",keyword
포장요청했는데 담아주지도 않고 봉투 그냥 주더니 음료 알아서 담아가라 했고요,"Dessert/Bakery, Coffee/Drink, Price",keyword
또 2잔 샀는데 나중에 확인해 보니까 공차 전지점에서 5천원 이상이면 누구나 이벤트로 준다고 홍보하던 쿠폰도 없었습니다.,"Dessert/Bakery, Coffee/Drink, Vibe",keyword
음료 맛있게 마셨어용,Coffee/Drink,keyword
잘 먹었습니다,Coffee/Drink,keyword
알바생분 친절하고 맛있어요,"Service, Dessert/Bakery, Coffee/Drink",keyword
친절하고 맛있어요!,"Service, Dessert/Bakery, Coffee/Drink",keyword
바쁜거같아요ㅜㅜ,Dessert/Bakery,keyword
"공차 너무 맛있어요, 요새 자주 먹는데 브래운슈가 밀크티에 치즈폼 조합 완전 강추입니당","Dessert/Bakery, Coffee/Drink",keyword
아 물론 짭조름한 맛이 괜찮다면요,"Dessert/Bakery, Coffee/Drink",keyword
타로밀크티 최애♡,Coffee/Drink,keyword
알바생분들 친절하세요!,"Service, Dessert/Bakery, Coffee/Drink",keyword
"친절하고
맛잇어욬ㅋㅋㅋ","Service, Dessert/Bakery, Coffee/Drink",keyword
늘 친절하고 맛있어요,"Service, Dessert/Bakery, Coffee/Drink",keyword
초코바른 초코스무디에 꽂혀서 두 잔이나 사먹었어요,"Service, Coffee/Drink",keyword
서울숲가깝고 친절하고 맛있어요,"Service, Dessert/Bakery, Coffee/Drink",keyword
원플원 행사로 싸게 먹었어요,"Vibe, Coffee/Drink",keyword
알바분들도 친절해요,"Service, Dessert/Bakery, Coffee/Drink",keyword
또 올게요//,"Dessert/Bakery, Coffee/Drink",keyword
공차는 공차 청포도에이드 맛있어요,Coffee/Drink,keyword
밀크티랑 망고요구르트 추천합니당~!,"Dessert/Bakery, Coffee/Drink, Vibe",keyword
늘 맛있고 친절합니다,"Service, Dessert/Bakery, Coffee/Drink",keyword
펄도 맛있고 친절해요!,"Service, Dessert/Bakery, Coffee/Drink",keyword
매장이 많이 바쁜데도 빠르고 친절하게 응대해주시네요 ㅎㅎㅎ,"Service, Dessert/Bakery, Coffee/Drink, Vibe",keyword
항상 친절하고 맛있어요,"Service, Dessert/Bakery, Coffee/Drink",keyword
너무 잘먹었습니당,Coffee/Drink,keyword
사람 없어서 조용하고 에어컨도 시원하게 틀어놨네요,"Dessert/Bakery, Coffee/Drink, Vibe",keyword
공차가 공차했네,"Dessert/Bakery, Coffee/Drink",keyword
키오스크 주문해야해요,"Service, Dessert/Bakery, Coffee/Drink",keyword
오늘 카페인이 필요한데  오전에 이미 커피는 마셔버려서 사무실 근처에 있는 공차에 방문했어요,"Service, Dessert/Bakery, Coffee/Drink, Vibe",keyword
자주 가곤하는데 펄이 갈때마다 차이가 커서 아쉬운것 같아요ㅜㅜ,"Service, Dessert/Bakery, Coffee/Drink",keyword
딸기쿠키스무디좋아요 :),Dessert/Bakery,keyword
공차는 공차죠!,Coffee/Drink,keyword
무난합니다.,"Dessert/Bakery, Coffee/Drink",keyword
조용하고 좋아요.,"Dessert/Bakery, Coffee/Drink",keyword
맛운 먹어본 공차 지점중에 탑에 듭니다!,Coffee/Drink,keyword
근데 주문을 빨리 받으시려고 키오스크 뒤에서 보시고 만들어주시는데 틀릴때도 있는게 함정..,"Service, Vibe, Coffee/Drink",keyword
브라운슈가쥬얼리 밀크티는 서울숲점 전국 최고!,Coffee/Drink,keyword
공차맛은 모든 지점 동일한거 같아요,"Dessert/Bakery, Coffee/Drink",keyword
오 흑당버블티마싯어요,"Dessert/Bakery, Coffee/Drink",keyword
실내공간이 크고 깔끔해서 좋네요,"Service, Dessert/Bakery, Coffee/Drink, Vibe",keyword
밥 먹고 후식 이요.,Coffee/Drink,keyword
딸기 치즈폼 밀크티 꿀맛탱입니다.,"Dessert/Bakery, Coffee/Drink",keyword
여러분이 아는 그 공차입니다.,Coffee/Drink,keyword
그래도 이근처에 유일한 밀크티 카페라서 아주 좋습니다!,"Dessert/Bakery, Coffee/Drink",keyword
친절하시고 음료도 맛있었어요~,"Service, Dessert/Bakery, Coffee/Drink",keyword
가게 깔끔하고 맛 괜찮습니다,"Dessert/Bakery, Coffee/Drink, Vibe",keyword
"답답해서 공원 온 김에 ~~
먹고 싶던 치즈폼딥초코쓰!!","Dessert/Bakery, Coffee/Drink",keyword
양도 많이주고 친절함 ㅎㅎㅎㅎ,"Service, Dessert/Bakery, Coffee/Drink",keyword
차가 조금 진해요.,Coffee/Drink,keyword
다른 지점에 비해 씁쓰름한 맛이 셉니다.,"Dessert/Bakery, Coffee/Drink",keyword
새로나온 흑임자폼 밀크티 고소하니 맛있다,Coffee/Drink,keyword
완전 추천합니다~,"Dessert/Bakery, Coffee/Drink, Vibe",keyword
공차는 역시 타로밀크티+펄,Coffee/Drink,keyword
처음 먹어 본 단짠단짠한 밀크폼이 맛있어서 깜짝 놀랐다,"Dessert/Bakery, Coffee/Drink",keyword
대기직원이 있어도 키오스크를 사용해야하는 불편함이 잇ㅆ다.,"Service, Dessert/Bakery, Coffee/Drink, Vibe",keyword
단짠단짠한 밀크폼은 맛있다.,"Dessert/Bakery, Coffee/Drink",keyword
블랙밀크티+펄은 사랑입니다.,"Dessert/Bakery, Coffee/Drink",keyword
수제 밀크티 마시러 왔어요,"Dessert/Bakery, Coffee/Drink",keyword
밀크티 너무 맛있어요!,Coffee/Drink,keyword
분위기도 좋구요,Vibe,keyword
다음에 커피도 마시러 올게요,"Dessert/Bakery, Coffee/Drink",keyword
첫 방문이라 기본 아아랑 카페라떼 따뜻한거 시켜봤어요.,"Service, Dessert/Bakery, Coffee/Drink",keyword
분위기도 나른하고 시끄럽지 않아 좋네요.,"Dessert/Bakery, Coffee/Drink, Vibe",keyword
커피맛은 그냥..,Coffee/Drink,keyword
매장 아늑하고 귀여워요,"Dessert/Bakery, Coffee/Drink, Vibe",keyword
평일이라 바로입장가능했고 분위기가 좋아서 너무 좋았어요,"Price, Dessert/Bakery, Coffee/Drink, Vibe",keyword
또 방문하고싶습니다 ..ෆ,"Service, Dessert/Bakery, Coffee/Drink",keyword
우연히 근처를 지나가다가 외관이 너무 예뻐서 방문하게 되었습니다.,"Service, Dessert/Bakery, Coffee/Drink, Vibe",keyword
특별한 메뉴도 많아서 고르는 즐거움이 있습니다.,"Dessert/Bakery, Coffee/Drink, Vibe",keyword
다음엔 내부에서 마셔보고 싶어요:),Dessert/Bakery,keyword
"지나가다 
꼭 들러보고 싶었던 카페에요!",Coffee/Drink,keyword
"오늘은 라떼를 마시지만
다음번에는 시그니처 메뉴 도전 😊",Coffee/Drink,keyword
기본커피랑 피넛 먹었는데 존맛이였습니다,Coffee/Drink,keyword
"시그니처를 마시고 싶었지만 크림이 안 땡기는 바람에
플랫화이트 마셨는데 오!!","Dessert/Bakery, Coffee/Drink",keyword
"찐한 에쏘와 우유의 조화가
너무 좋네요","Dessert/Bakery, Coffee/Drink",keyword
"☕️
밀크티는 단맛은 거의 없는 맛이었는데 차향이 너무 좋았어요",Coffee/Drink,keyword
"서비스로 주신 치즈케잌도 치즈향이 넘넘 진하고 
쫀득하니 굿굿🧀
우드우드한 인테리어도 예쁘고  너무 아기자기 쏘 큐트♡","Service, Dessert/Bakery, Coffee/Drink, Vibe",keyword
여기 재방문할정도로 너무 좋은 곳이에요,"Service, Dessert/Bakery, Coffee/Drink, Vibe",keyword
변우석도 방문할정도로 매력적인 카페!,"Service, Dessert/Bakery, Coffee/Drink, Vibe",keyword
프렌치토스트는 꼭드셔보세요,Dessert/Bakery,keyword
달달하면서 빵이 폭신거려서 넘 부드럽고 맛있어요  ㅜㅠ,Dessert/Bakery,keyword
"오며가며 바깥자리 분위기 좋아보여서 와보고싶었는데 
음악도 좋도 흑임자커피 넘 맛있네요!","Dessert/Bakery, Coffee/Drink, Vibe",keyword
"부모님, 남편이랑 왔는데 분위기좋고 맛있어요 ㅎㅎ","Dessert/Bakery, Coffee/Drink, Vibe",keyword
아늑해요~,"Dessert/Bakery, Coffee/Drink",keyword
친구가 추천했어요,"Dessert/Bakery, Coffee/Drink, Vibe",keyword
커피가 맛있고 야외 공간이 좋아요.,"Vibe, Coffee/Drink",keyword
직원들이 친절해요.,"Service, Dessert/Bakery, Coffee/Drink",keyword
성수에 오면 꼭 오게 돼요.,"Dessert/Bakery, Coffee/Drink",keyword
처음 방문했는데 커피도 너무 맛있고 분위기도 너무 좋아요,"Service, Dessert/Bakery, Coffee/Drink, Vibe",keyword
다음에 또 방문 할게요,"Service, Dessert/Bakery, Coffee/Drink",keyword
너무 맛있고 친절하셔요,"Service, Dessert/Bakery, Coffee/Drink",keyword
분위기도 커피도 날씨도 퍼펙,"Vibe, Coffee/Drink",keyword
성수동 거닐다가 맛있는 커피 먹고 싶어서 들어왔어요!,Coffee/Drink,keyword
약간 무심한?,"Dessert/Bakery, Coffee/Drink",keyword
분위기게 부담스럽지 않게 깔리는 로우파이 음악이 매력적이네요~~,Vibe,keyword
음료도 맛있고 분위기도 좋아요,"Vibe, Coffee/Drink",keyword
성수 느좋카페  서칭하고 왔어요,"Dessert/Bakery, Coffee/Drink",keyword
테라스 예뻐요,Vibe,keyword
시그니처라떼 드세용,Coffee/Drink,keyword
커피도 맛있고 강아지랑 잘쉬다 갑니다!!!!,Coffee/Drink,keyword
분위기 너무너무 좋아요,Vibe,keyword
다른 손님들의 귀여운 멍멍이들도 볼수있고 테라스도 이용가능하고 분위기도 좋고 잠깐 즐기다 가기 딱 좋은 곳!!,"Price, Dessert/Bakery, Coffee/Drink, Vibe",keyword
장소는 협소한데 커피가 맛있어요!,"Dessert/Bakery, Coffee/Drink",keyword
분위기도 좋고 커피가 맛잇어요,"Vibe, Coffee/Drink",keyword
썸머라떼 시원하고 딸기라떼 우유 맛있어요!,Coffee/Drink,keyword
야외공간두 이쁘고 좋아요,Vibe,keyword
점심시간에 들러쏜데 넘 맛있구 분위기 좋아요!!,Vibe,keyword
👍크로플듀 맛있고 데이트 코스로 완전 강츄 입미댜😻,Vibe,keyword
"인테리어도 예쁘고, 맛있어요!!",Vibe,keyword
선선해지면 외부 좌석에 앉으면 더 좋을거 같아요!!,"Dessert/Bakery, Coffee/Drink",keyword
"아직 끝나지 않은 여름, 거리를 걷다가 우연찮게 들렀는데 분위기도 좋고, 음악도 좋고, 음료도 맛있어요.","Vibe, Coffee/Drink",keyword
다음에 또 올게요!,"Dessert/Bakery, Coffee/Drink",keyword
가을이라 밖에서 먹기 딱좋네요,"Vibe, Coffee/Drink",keyword
시그니처보다 일반커피추천^^^,"Vibe, Coffee/Drink",keyword
음료 맛잇어요!!,Coffee/Drink,keyword
여기 분위기가 너무 좋아요!!,Vibe,keyword
분위기도 너무 좋구요,Vibe,keyword
무엇보다 커피맛이 진짜 좋아요!!!!,Coffee/Drink,keyword
혼커피하기 딱인 성수카페입니다~~!!,"Dessert/Bakery, Coffee/Drink",keyword
매장이 조용하고 음료도 디저트도 맛있어서 회사랑 먼데도 종종옵니다~!,"Dessert/Bakery, Coffee/Drink, Vibe",keyword
커피 맛있네요,Coffee/Drink,keyword
라떼랑 플랫화이트 마셨는데 라떼류를 잘하시는것 같아요!,"Dessert/Bakery, Coffee/Drink",keyword
음료도 맛잇고 서비스로주신 테린느도 잘먹었습니다!,"Service, Vibe, Coffee/Drink",keyword
다음에 또 방문하겠습니당~~,"Service, Dessert/Bakery, Coffee/Drink",keyword
음료도 맛있고 디저트도 하나같이 다 예쁘고 달달해서 행복했어요,"Dessert/Bakery, Coffee/Drink, Vibe",keyword
"🍓🍰
사진 찍기에도 딱 좋은 카페라 친구들한테도 추천합니다!","Dessert/Bakery, Coffee/Drink, Vibe",keyword
"야외공간에 앉아서 바람 솔솔부는데 먹는 커피,, 최고엥요❤️‍🔥 시그니처 썸머라떼도 달달하니 맛있어요!!","Vibe, Coffee/Drink",keyword
색감이 따듯하구 분위기 좋네요,"Dessert/Bakery, Coffee/Drink, Vibe",keyword
사장님도 친절하시구 매장도 조용하고 깨끗하니 넘 맘에 들어용 ••• ♡,"Service, Dessert/Bakery, Coffee/Drink, Vibe",keyword
말차테린느가 정말 맛있어요  ~~ ^ ^,Dessert/Bakery,keyword
커피랑 논커피 음료 둘다 맛있었어요,Coffee/Drink,keyword
디저트 플레이팅이 예뻐서 사진이 잘 나오네요.,"Dessert/Bakery, Coffee/Drink, Vibe",keyword
우드톤 인테리어도 멋져서 다음에 또 올 예정이에요,"Dessert/Bakery, Coffee/Drink, Vibe",keyword
분위기 좋고 맛있어요:),Vibe,keyword
커피랑 디져트 모두 맛있게 먹었습니다~~~,Coffee/Drink,keyword
또 올게요!!,"Dessert/Bakery, Coffee/Drink",keyword
❤️❤️❤️❤️❤️ 분위기 좋고 커피 맛있어요,"Vibe, Coffee/Drink",keyword
음료가 맛있고 야외자리에 앉아있기 너무 좋아요! ㅎㅎㅎ,"Vibe, Coffee/Drink",keyword
야외 공간에 반려견동반이 되어서 다른 손님들이 강아지와 함께 있는 모습 정말 좋더라구요!,"Vibe, Coffee/Drink",keyword
디저트도 화려합니다!,"Dessert/Bakery, Coffee/Drink",keyword
커피가 맛있고 구조가 신기한 카페입니당 ㅎ.ㅎ,"Dessert/Bakery, Coffee/Drink",keyword
맛있게 잘 먹고 갑니다!!,Coffee/Drink,keyword
프렌치토스트랑 밀크티 너무 맛있어요!!!,"Dessert/Bakery, Coffee/Drink",keyword
다음에 또 생각날거 같아요,"Dessert/Bakery, Coffee/Drink",keyword
시원하고맛난음료~🤭,"Dessert/Bakery, Coffee/Drink",keyword
카페 분위기도 괜찮고 디저트도 맛있습니다.,"Dessert/Bakery, Coffee/Drink, Vibe",keyword
가게가 이쁘고 갬성있고 음식도 맛있어요!!,"Dessert/Bakery, Coffee/Drink, Vibe",keyword
음료도 맛있고 비주얼도 좋았지만 프렌치토스트가 정말 맛있어요ㅠㅠ,"Dessert/Bakery, Coffee/Drink",keyword
치즈 테린느도 완전 꾸덕꾸덕,Dessert/Bakery,keyword
"완전 느좋카페☕️🤎 
음료도 너무 맛있고 분위기도 너무 좋아요","Vibe, Coffee/Drink",keyword
인스타 리뷰 보고 방문했는데 사장님이 친절하시고 커피도 맛있어용,"Service, Dessert/Bakery, Coffee/Drink",keyword
디저트는 단맛이 있는 편이지만 맛있게 잘 먹고 가고요 행복하게 잘 먹었습니당^ ^,"Dessert/Bakery, Coffee/Drink, Vibe",keyword
분위기 좋은 카페!,"Vibe, Coffee/Drink",keyword
점심시간에 오기 좋아요 ㅎㅎ,"Dessert/Bakery, Coffee/Drink",keyword
"홀리듯 들어간 카페
분위기도 노래도 너무 마음에 드는 곳!","Vibe, Coffee/Drink",keyword
"입구에 전신 거울이 있어서 내맘대로 사진 샷샷📸
커피맛집 디저트맛집 사진맛집 💕","Dessert/Bakery, Coffee/Drink, Vibe",keyword
요즘 감성이 뭔지 제대로 느낄 수 있는 곳이에요,"Vibe, Coffee/Drink",keyword
음료도 맛있고 직원분들도 친절해서 좋아요,"Service, Dessert/Bakery, Coffee/Drink",keyword
메뉴도 다양하고 커피랑 디저트가 너무 맛있었어요!!,"Dessert/Bakery, Coffee/Drink",keyword
강아지랑 함께 오기 좋은것 같아요,"Dessert/Bakery, Coffee/Drink",keyword
짱 맛있고 분위기가 좋아요,Vibe,keyword
"프토 맛집이라구 해서 평일 낮에 방문했는데, 대기없이 입장했구욥","Service, Dessert/Bakery, Coffee/Drink",keyword
토스트랑 아이스 아메리카노 주문하니 자리로 갖다 주셔서 맛있게 잘 먹었습니다!!,"Service, Dessert/Bakery, Coffee/Drink, Vibe",keyword
프렌츠토스트에 아이스크림 넘나 맛있어욥,"Dessert/Bakery, Coffee/Drink",keyword
맛있게 잘 먹었습니다~~!!,Coffee/Drink,keyword
분위기 좋아요.!,Vibe,keyword
분위기가 너무 좋고 조금 선선한 날씨에 밖에 앉아있으면 너무 좋을거 같아요,"Dessert/Bakery, Coffee/Drink, Vibe",keyword
재방문 의사 100000%,Service,keyword
분위기와 노래가 넘 좋구 커피 맛있어여~!!,"Vibe, Coffee/Drink",keyword
직장 근처인데 또 오려구용 ㅎㅎㅎ,"Dessert/Bakery, Coffee/Drink",keyword
공간 자체가 너무 예뻐요..,Vibe,keyword
❤️ 특히 자연광이 예쁘게 들어서 사진찍을 맛나는 카페입니다,"Vibe, Coffee/Drink",keyword
게다가 크로플 아이스크림 대존맛 꼭 드셔보세요!!,Dessert/Bakery,keyword
뚝섬역 근처 카페 스테포스트!!,"Position, Coffee/Drink",keyword
오며가며 인테리어가 눈길을 끌었는데!!,"Dessert/Bakery, Coffee/Drink, Vibe",keyword
점심시간에 회사 동료분들과 와봤는데 시그니처 커피 음료 메뉴도 다양하고 전부 맛있어요!!,"Dessert/Bakery, Coffee/Drink",keyword
디카페인 원두도 있어서 좋습니당,"Vibe, Coffee/Drink",keyword
👍🏻 내부 인테리어랑 음악도 넘 좋아요~,"Dessert/Bakery, Vibe",keyword
성수 지나가는 길에 커피가 너무 맛있어 보여서 들어왔어요~,Coffee/Drink,keyword
매장이 작고 아담하지만 커피 맛은 훌륭하네요.!,"Dessert/Bakery, Coffee/Drink, Vibe",keyword
바삭한 크로플과 고소한 아메리카노 조합이 좋아요!,"Dessert/Bakery, Coffee/Drink",keyword
음료가 다 맛있고 메뉴가 다양해서 좋아요!,"Dessert/Bakery, Coffee/Drink",keyword
커피도 맛있어요~~,Coffee/Drink,keyword
인테리어가 우드톤이라 아늑한 기분이 들어요,"Dessert/Bakery, Coffee/Drink, Vibe",keyword
커피 진짜 맛도리집이에요!!,"Vibe, Coffee/Drink",keyword
카페도 아늑하고 분위기도 넘 좋아요!!,"Dessert/Bakery, Coffee/Drink, Vibe",keyword
분위기도 너무 좋고 디저트랑 커피도 맛있어요!,"Dessert/Bakery, Coffee/Drink, Vibe",keyword
아메리카노도 산미 없이 깔끔하고 맛있어요,"Dessert/Bakery, Coffee/Drink",keyword
분위기좋고 대화하기편함,"Dessert/Bakery, Coffee/Drink, Vibe",keyword
인스타에서 보고 간곳인대 너무마싯어요!!!,Vibe,keyword
느낌 너무좋고 일단 토스트가 너무마싯어요....,Dessert/Bakery,keyword
시그니처 음료도 장난아닙니당,Coffee/Drink,keyword
장소는 쫌 작은데ㅠ그래도 만족용🤭,"Dessert/Bakery, Price",keyword
자리가 금방 나서 바로 들어갈 수 있었어요!,"Vibe, Coffee/Drink",keyword
라떼도 넘  맛있고 디저트도 맛있고 변우석카페 저도 입장했어요!!!,"Dessert/Bakery, Coffee/Drink",keyword
뚝섬에 온다면 또 오고싶습니다 ㅎㅎ,"Dessert/Bakery, Coffee/Drink",keyword
직원분들도 친절해요!,"Service, Dessert/Bakery, Coffee/Drink",keyword
스테포스트 성수 방문했는데 정말 완벽했어요,"Service, Dessert/Bakery, Coffee/Drink",keyword
"💖
뽑기 이벤트에서 머그컵도 선물 받고, 음료랑 토스트까지 무료로 즐길 수 있었답니다","Price, Dessert/Bakery, Coffee/Drink, Vibe",keyword
"🫶 직원분들도 너무 친절하시고, 매장 분위기도 감각적으로 꾸며져 있어서 사진 찍기에도 딱이에요","Service, Dessert/Bakery, Coffee/Drink, Vibe",keyword
"📸✨
맛, 서비스, 분위기 모두 만족스러웠던 곳!","Service, Vibe, Price",keyword
성수에서 카페 찾으신다면 스테포스트 꼭 추천드려요,"Service, Vibe, Coffee/Drink",keyword
분위기 진짜 좋음,Vibe,keyword
맛있고 분위기좋아요,Vibe,keyword
커피도 맛있고 분위기도 넘 좋아요,"Vibe, Coffee/Drink",keyword
프렌치토스트 부드럽고 촉촉하고 넘 맛있어요 !!,"Dessert/Bakery, Coffee/Drink",keyword
"아이스크림도 메이플시럽도 빵도 하나 안 빼놓고 정말 잘 어울리구요,",Dessert/Bakery,keyword
조명도 예뻐서 사진도 잘나오고 야외자리도 사진 맛집 이에요,"Vibe, Coffee/Drink",keyword
디저트는 무조건 토스트로 드세용,"Dessert/Bakery, Vibe",keyword
예쁜카페에서 맛있게 잘 먹었습니다~,"Vibe, Coffee/Drink",keyword
테린느 색감이 너무 이쁘고 맛있어요!,Vibe,keyword
커피도 쌉싸름 하고 깔끔해서 제 취향이에요!,"Dessert/Bakery, Coffee/Drink",keyword
지나가다가 인테리어도 좋도 커피도 맛있어보여서 방문했어여,"Service, Dessert/Bakery, Coffee/Drink, Vibe",keyword
역시나 커피도 맛있네요,Coffee/Drink,keyword
"분좋카 찾다가 들어왔는데 넘 시원하고
음료도 다 맛있구 인테리어도 너무 이뻐오ㅠㅡㅠ
잘쉬다가 잘먹다가 사진두 건지구 갑니당 
사장님 오래오래 장사해주세요","Service, Dessert/Bakery, Coffee/Drink, Vibe",keyword
뚝섬 쪽 일하는 지인과 커피 마시러 왔는데 좋네요.,"Dessert/Bakery, Coffee/Drink",keyword
변우석카페 저도 탑승했어요!!!ㅎㅎㅎ,"Dessert/Bakery, Coffee/Drink",keyword
분위기맛집에 커피디저트맛집이였네요!!,"Dessert/Bakery, Coffee/Drink, Vibe",keyword
"방문한 강아지손님도 보고,,,ღ 
테라스에 앉고 싶은데 날이 너무 더운관계로
안에 들어와 앉아있는데 
비좁지만 오손도손 정겹네여","Service, Dessert/Bakery, Coffee/Drink, Vibe",keyword
좋은 노래 틀어주시고 특히 디저트가 맛있어요,"Dessert/Bakery, Vibe",keyword
왼쪽 음료 맛있어서 서로 먹으려고 했어요,"Service, Dessert/Bakery, Coffee/Drink",keyword
직장 동료와 찾은 스테포스트.,Service,keyword
"평일 오후 시간에 방문했는데, 안에는 자리가 없어서 야외에서 먹었어요!","Service, Dessert/Bakery, Coffee/Drink",keyword
직원분께서 친절하게도 미니 선풍기도 챙겨 주시네요~,"Service, Dessert/Bakery, Coffee/Drink",keyword
야외 테이블에서 먹으니 지나다니는 사람들 보는 재미도 있네요.,"Dessert/Bakery, Coffee/Drink, Vibe",keyword
"커피도 맛있고, 특히 프렌치토스트는 겉바속촉!!","Dessert/Bakery, Coffee/Drink",keyword
분위기도 너무 좋고 맛있습니다!!!,Vibe,keyword
프토 시켰고 설탕코팅이 꽤 되어있는 편이고 위에 아이스크림이랑 같이 나와 맛있네요!,"Dessert/Bakery, Coffee/Drink, Vibe",keyword
그리고 소르베 음료도 상큼하니 맛있습니다 :),Coffee/Drink,keyword
회사동료가 추천해서 여기로 왔는데 역시나 도착하자마 앞에서 매장앞에서 사진 찍는 분들 봤어요ㅋㅋㅋ,"Dessert/Bakery, Coffee/Drink, Vibe",keyword
그만큼 인테리어가 사진 찍기 너무 좋았어요.,Vibe,keyword
커피와 밀크티 너무 맛있고 티가 약간 상큼한 느낌이 나는게 너무 제 취향이에요!!,"Dessert/Bakery, Coffee/Drink",keyword
회사 근처라 자주 올수 있어서 너무 신나네여,"Dessert/Bakery, Coffee/Drink, Vibe",keyword
매장이 깔끔하고 넓고 직원분들도 친절하시고 디저트랑 커피가 맛있어용!!,"Service, Dessert/Bakery, Coffee/Drink, Vibe",keyword
가는길에 우연히 발견했는데 귀여운 이벤트도 있고 분위기도 좋네요,"Dessert/Bakery, Coffee/Drink, Vibe",keyword
카페가 크진 않지만 카운터와 좌석 공간이 분리돼있어 부담스럽지 않아 좋아요,"Service, Vibe, Coffee/Drink",keyword
달달한 디저트가 땡겨서 프토랑 테린느 시켰는데 이벤트로 받은 치즈테린느가 미쳤어요.,"Dessert/Bakery, Vibe",keyword
독특한 메뉴가 많아요 ~~~,"Dessert/Bakery, Coffee/Drink",keyword
비주얼도 예뻐요,Vibe,keyword
분위기 좋고 노래가좋아서 자주와요,"Dessert/Bakery, Coffee/Drink, Vibe",keyword
커피도 너무 맛있고 친절하세요!,"Service, Dessert/Bakery, Coffee/Drink",keyword
노래도 제 취향이어서 좋았네요 ㅎㅎ,Vibe,keyword
종종 방문하겠습니당~!,"Service, Dessert/Bakery, Coffee/Drink",keyword
우연히 들어온 곳인데 너무 행복한 시간을 보내게 해주셨습니다,"Dessert/Bakery, Coffee/Drink, Vibe",keyword
감사합니다!!,"Dessert/Bakery, Coffee/Drink",keyword
날 좋은 날에는 야외 자리에도 앉고 싶은 카페에요!,Coffee/Drink,keyword
커피두 맛있어요 ~~,Coffee/Drink,keyword
커피맛있고 매장이뻐요,"Vibe, Coffee/Drink",keyword
저번에도 스테포스트 왔을때 스테포스트 브라운을 먹었었는데 이번에 성수 와서 카페 가려는 중에 생각나 또 먹으러 왔는데 역시나 그때와 똑같이 너무 맛있고 노래 분위기 다 좋았습니다!,"Dessert/Bakery, Coffee/Drink, Vibe",keyword
꽝없는 뽑기도 있으니까 재미로 하나 뽑는것도 좋을거 같아요!,"Dessert/Bakery, Coffee/Drink, Vibe",keyword
커피맛있어요!,Coffee/Drink,keyword
매장이 너무 이쁘네용,Vibe,keyword
썸머라떼 너무 맛있구 프토도 진짜 맛있어욤!!!!!!!!!!!,Coffee/Drink,keyword
고향 친구들이랑 오랜만에 만나서 성수에 왔다가 점심 먹고 커피 먹으러 들렀어요ㅎㅎ,"Dessert/Bakery, Coffee/Drink, Vibe",keyword
인원이 좀 있었는데 단체석이 있어서 좋았어요!,"Vibe, Coffee/Drink",keyword
음료 종류도 다양하고 안에 인테리어도 이뻐요!,"Dessert/Bakery, Coffee/Drink, Vibe",keyword
뽑기 하는게 있었는데 소소하게 행복을 느낄수 있어서 좋았습니당!,"Dessert/Bakery, Coffee/Drink, Vibe",keyword
담에 또 오고싶어요~,"Dessert/Bakery, Coffee/Drink",keyword
지나가다 들렸는데 핫플분위기 가득해요!!,"Dessert/Bakery, Coffee/Drink, Vibe",keyword
분위기도 좋고 음악도 좋아요 : ) !!!!,Vibe,keyword
"친구랑 각자 시그니처 미뉴 브라운, 블랙으로 주문했는데 막 너무 달지도 않고 크리미해서 맛있어요..","Service, Dessert/Bakery, Coffee/Drink, Vibe",keyword
🫳🏻🫳🏻 재방문 의사 100% 입니다!,Service,keyword
근처 지나다가 분위기가 좋아보여서 들렀어요!,"Vibe, Coffee/Drink",keyword
드립커피도 맛있었고 편하게 얘기하다 갑니다~,"Dessert/Bakery, Coffee/Drink",keyword
감성죽여주는 카페임니다!,Coffee/Drink,keyword
따봉,Coffee/Drink,keyword
커피 가격도 저렴하고 분위기가 진짜 좋아요,"Vibe, Coffee/Drink, Price",keyword
날 선선해지면 야외에 앉아도 좋을거 같아요 !,Dessert/Bakery,keyword
레몬 소르베도 상큼해요 !!!,Coffee/Drink,keyword
👍🏻👍🏻 다음에 또 올게요,"Dessert/Bakery, Coffee/Drink",keyword
커피맛 진하고 맛있어요.,Coffee/Drink,keyword
"음료도 달지않고 시원하고
테린느 진짜 맛있어요","Dessert/Bakery, Coffee/Drink",keyword
너무 맛있고 인테리어 멋지고 깔끔해요!,"Dessert/Bakery, Coffee/Drink, Vibe",keyword
프렌치토스트랑 음료 다,"Dessert/Bakery, Coffee/Drink",keyword
"🥺😋
분위기도 너무 좋은 것 같아요","Dessert/Bakery, Vibe",keyword
커피랑 토스트 맛있었어요!,"Dessert/Bakery, Coffee/Drink",keyword
좋아욘 커피맛집,Coffee/Drink,keyword
맛있어서 자주 와요~,"Dessert/Bakery, Coffee/Drink",keyword
커피가맛있습니다~~^^,Coffee/Drink,keyword
메뉴가 특색있고 사진에도 너무 이쁘게 나오는 만큼 맛도 있어요~!!,"Vibe, Coffee/Drink",keyword
카페 분위기도 너무 좋아요!!,"Vibe, Coffee/Drink",keyword
독특한 메뉴가 많습니다!,"Dessert/Bakery, Coffee/Drink",keyword
꼭 추천합니다,"Dessert/Bakery, Coffee/Drink, Vibe",keyword
너무 더워서 우연히 들어왔는데 자리 있어서 너무 좋고 이벤트도 있어서 넘 조아용.,"Vibe, Coffee/Drink",keyword
인테리어 예쁘고 음료 디저트 다 맛나요,"Dessert/Bakery, Coffee/Drink, Vibe",keyword
커피인데 향이 너무 좋아요~,Coffee/Drink,keyword
테린느 말차 엄청 꾸덕하고 맛있어요,"Dessert/Bakery, Coffee/Drink",keyword
음료 너무 예쁘구 맛있어용!!,"Vibe, Coffee/Drink",keyword
분위기 좋아요 !,Vibe,keyword
"지인이 찾아서  왔는데 커피도 너무 맛있고 
조굼 아담해서 테라스도 있어서 너무 좋습니다!!","Service, Dessert/Bakery, Coffee/Drink, Vibe",keyword
디저트도 맛있어요!!!,Dessert/Bakery,keyword
분위기 좋아요~,Vibe,keyword
너무 친절하시고 음료와 커피도 맛있어요,"Service, Dessert/Bakery, Coffee/Drink",keyword
토 맛집..,Coffee/Drink,keyword
"🥹
분위기도 너무 좋고 고즈넉하니 좋네요..","Dessert/Bakery, Coffee/Drink, Vibe",keyword
뚝섬 쪽에 이런 곳 있는지 몰랐는데 조만간 또 방문 할 것 같아요..,"Service, Dessert/Bakery, Coffee/Drink, Vibe",keyword
직원분이 친절하시고 매장 분위기도 좋아요,"Service, Dessert/Bakery, Coffee/Drink, Vibe",keyword
"집이 근처라서 산책할 때마다 사람들이 가득해서 궁금했는데, 평일 낮 찬스를 이용해서 다녀왔어요 ㅎㅎ","Dessert/Bakery, Coffee/Drink, Vibe",keyword
카페도 너무 예쁘게 꾸며져있고 깔끔해서 쉬다 가기에 좋은 것 같아요.,"Dessert/Bakery, Coffee/Drink, Vibe",keyword
개인적으로 테라스 자리를 좋아하는데 꽤나 넓직하게 마련되어 있어서 좋네요 :),"Dessert/Bakery, Coffee/Drink, Vibe",keyword
커피 메뉴도 많아서 넘 만족이요 !,"Coffee/Drink, Price",keyword
친절하시고 매장도 이쁘고 커피도 맛있어요~!,"Service, Dessert/Bakery, Coffee/Drink, Vibe",keyword
음료 맛잇고 분위기 있어용 디저트도 맛잇어용,"Dessert/Bakery, Coffee/Drink, Vibe",keyword
점심시간마다 자주 오는 카펜데 분위기도 좋고 커피도 맛있어서 성수 최애 카페에용,"Dessert/Bakery, Coffee/Drink, Vibe",keyword
성수동 놀러와서 카페찾다가 독특한 시그니처 커피맛집이 있길래 왔어요 !!,"Service, Dessert/Bakery, Coffee/Drink, Vibe",keyword
크림라떼성애자인데 크림위에 브라운치즈 올라간 커피는 처음봐요,"Dessert/Bakery, Coffee/Drink",keyword
👍🏼👍🏼 흑임자 좋아하시면 흑임자도 추천!!,Vibe,keyword
맛있게 먹을께요~♡,Coffee/Drink,keyword
분위기도 좋고 음료도 맛있습니다!,"Vibe, Coffee/Drink",keyword
저번부터 오고 싶었던 곳인데 드디어 와봤어요!!!,"Dessert/Bakery, Coffee/Drink, Vibe",keyword
프렌치토스트 최곱니다!!!,Dessert/Bakery,keyword
카페가 맛있고 음료가 예뻐요..,"Vibe, Coffee/Drink",keyword
커피가 맛있어용,Coffee/Drink,keyword
인테리도 예쁘고 사진찍기 좋아요,Vibe,keyword
분위기도 좋아요!!!,Vibe,keyword
꽝없는 뽑기도 할 수 있어서 좋아요,"Dessert/Bakery, Coffee/Drink, Vibe",keyword
인테리어도 예쁘고 사진찍기 좋아요,Vibe,keyword
또 사장님이 잘생겼어요,Service,keyword
두번와봤는데 분위기도 좋고 맛있어용,"Dessert/Bakery, Coffee/Drink, Vibe",keyword
분위기 좋아보여,"Vibe, Coffee/Drink",keyword
인테리어도 노래도 힙하네요 ㅎㅎ,"Dessert/Bakery, Coffee/Drink, Vibe",keyword
커피맛있게 잘먹고갑니다^^,Coffee/Drink,keyword
너무 감성넘치고 예쁜 카페 ㅎㅎ,"Vibe, Coffee/Drink",keyword
메뉴도 너무 다양하고 특이해서 맛있게 먹었어요 !,"Dessert/Bakery, Coffee/Drink",keyword
성수동에 친구랑 놀러왔다가 들렀어요!!,"Dessert/Bakery, Coffee/Drink, Vibe",keyword
"날씨가 선선해서 밖에서 먹었는데
분위기도 좋고 대화하기도 좋았습니다","Dessert/Bakery, Coffee/Drink, Vibe",keyword
"코코아 케이크 진~하고 촉촉해서 달콤하게 먹었고, 오렌지 주스 상큼해서 케이크랑 같이 맛있게 즐겼어요","Dessert/Bakery, Coffee/Drink",keyword
엄마랑 언니랑 왔어요,"Dessert/Bakery, Coffee/Drink",keyword
가게가 따뜻한 분위기라 좋았어요!,"Dessert/Bakery, Coffee/Drink, Vibe",keyword
맛있게 먹고 갑니다 !,Coffee/Drink,keyword
리뷰이벤트 쓰고 추첨도 해보세요,"Dessert/Bakery, Coffee/Drink",keyword
"성수카페 뚝섬카페
배우 변우석도 다녀간 스테포스트 성수~!!!","Dessert/Bakery, Coffee/Drink",keyword
"따스한 우드톤 인테리어도 맘에 들고
번잡하지 않은 곳에 있어서 창밖바라보며 멍때리기 좋아요","Dessert/Bakery, Coffee/Drink, Vibe",keyword
"흘러나오는 음악 소리도 좋고
시그니처 커피도 프렌치 토스트도 맛있었어요^^","Dessert/Bakery, Coffee/Drink, Vibe",keyword
성수 핫플이래서 왔어요,"Dessert/Bakery, Coffee/Drink",keyword
평일 낮기준 웨이팅없이 바로입장했습니다,"Service, Dessert/Bakery, Coffee/Drink",keyword
"아아가 생각보다 저렴했고
디저트도 맛있어요",Dessert/Bakery,keyword
맛있고 빨리나와요!,Coffee/Drink,keyword
음료들이 전부 맛있고 카페 내부 분위기가 좋아요,"Dessert/Bakery, Coffee/Drink, Vibe",keyword
프렌치 토스트 너무 맛있음,Dessert/Bakery,keyword
친구랑 둘이 와 거리면서 먹었어요,"Vibe, Coffee/Drink",keyword
노래도 좋고 분위기도 좋아요,Vibe,keyword
"밖에서 엄청 덥다가 들어와서 마신 음료였는데
너무 달지 않고 시원해서 맛있었어요 ㅎㅎ","Dessert/Bakery, Coffee/Drink, Vibe",keyword
"영수증 리뷰 이벤트도 다른곳보다 더 재밌어서
꼭 참여하시는걸 추천드립니다 ✨","Dessert/Bakery, Coffee/Drink, Vibe",keyword
성수동 골목에 있는 작은 카페입니다.,"Position, Dessert/Bakery, Coffee/Drink, Vibe",keyword
음료 맛있고 사장님 친절하세요~~,"Service, Dessert/Bakery, Coffee/Drink, Vibe",keyword
음료가 다 맛있어요!!,Coffee/Drink,keyword
여름에 잘 어울려요!!,Coffee/Drink,keyword
밖에 노상감성도 너무 좋네요!!,Vibe,keyword
오랜만에 서울숲 와서 카페 찾아보다가 인스타 보고 왔는데 너무 예쁘고 분위기도 좋고 프렌치토스트랑 커피 너무 맛있어요!!,"Dessert/Bakery, Coffee/Drink, Vibe",keyword
"우연히 지나가다 예쁜 카페를 발견해서 들어왔는데
사장님이 친절하시고 이색적인 음료가 많아서 좋았어요!!","Service, Dessert/Bakery, Coffee/Drink, Vibe",keyword
잔잔한 노래가 흘러나와 조용히 이야기하기 좋을 서 같아요,"Dessert/Bakery, Coffee/Drink, Vibe",keyword
아이스아메리카노 산미 적당히 있고 제 취향이에요,"Vibe, Coffee/Drink",keyword
또 올게요ㅎㅎ,"Dessert/Bakery, Coffee/Drink",keyword
원목톤 공간이 아늑하고 예뻐요!,"Dessert/Bakery, Coffee/Drink, Vibe",keyword
걸어가다가 프렌치토스트 보고 들어왔는데 엄청 핫한 곳이었는지 저희 들어오고 사람들이 계속 들어와서 자리가 없더라구요..ㅎㅎ,"Dessert/Bakery, Vibe",keyword
프토 추천합니당,"Dessert/Bakery, Coffee/Drink, Vibe",keyword
"카페 인테리어도 좋고, 분위기도 좋아요~~","Vibe, Coffee/Drink",keyword
직원분들도 친절하시구!,"Service, Dessert/Bakery, Coffee/Drink",keyword
따뜻할때 먹는 프토란...,"Dessert/Bakery, Coffee/Drink",keyword
커피가 맛있고 분위기가 좋아요!!,"Vibe, Coffee/Drink",keyword
커피가 맛있어서 자주옵니다ㅎㅎ,"Dessert/Bakery, Coffee/Drink",keyword
디카페인이있어서 낮에도 부담없이 마실수 있어서 너무 좋아요!!,"Vibe, Coffee/Drink",keyword
"또또또간집
프렌치토스트 존맛 카페에요...","Dessert/Bakery, Coffee/Drink, Vibe",keyword
"진짜
혼자서 두개 먹을 수 있을 것 같음","Dessert/Bakery, Coffee/Drink, Vibe",keyword
"커피도 맛있고 또갈예정
성수에서 제일 애정하는 카페에옹..","Dessert/Bakery, Coffee/Drink",keyword
딸이랑 데이트 왔어요^^,"Dessert/Bakery, Coffee/Drink",keyword
변우석이 다녀간 카페라고하네요~~ㅎㅎ,"Dessert/Bakery, Coffee/Drink",keyword
너무 맛있게 먹고 딸이랑 좋은 시간 보냈어요^^♡♡♡,Coffee/Drink,keyword
분위기 맛집 카페네요..,"Vibe, Coffee/Drink",keyword
"🥵
날씨만 좋았다면 더 분위기 좋은 야외로 나가고 싶습니다",Vibe,keyword
더운 여름에 먹기 좋은 음료 가득 !!,Coffee/Drink,keyword
분위기도 좋고 넓고 좋습니다 !!,Vibe,keyword
커피가 맛있고 친절해서 너무좋아요,"Service, Dessert/Bakery, Coffee/Drink",keyword
"너
무
맛
있
다!!!!!!!!!","Vibe, Coffee/Drink",keyword
카페가 이쁘고 커피도 맛있어요~!,"Vibe, Coffee/Drink",keyword
분위기 짱 좋아용 음료 종류도 다양해서 좋아용,"Dessert/Bakery, Coffee/Drink, Vibe",keyword
프렌치토스트와 시트러스가 너무 맛있어서 또 방문했어요!,"Service, Dessert/Bakery, Coffee/Drink",keyword
인생 프렌치 토스트 만나서 좋네요.,Dessert/Bakery,keyword
카페도 예쁘고 딸기라떼 넘 맛잇어요,"Vibe, Coffee/Drink",keyword
분위기가 좋고 조금 색다른 디자인의 인테리어로 되어있어욥,"Vibe, Coffee/Drink",keyword
커피가 맛있고 분위기가 좋습니다,"Vibe, Coffee/Drink",keyword
카페 분위기가 좋아용 ㅎㅎ,"Vibe, Coffee/Drink",keyword
이뻐여!!,Vibe,keyword
음료가 너무 맛있어용 !!!!,Coffee/Drink,keyword
혼자 갔는데 혼자앉는자리도 있어서 좋았습니당 ㅎㅎ,"Vibe, Coffee/Drink",keyword
"성수동 카페 검색해서 찾아왔는데
너무 만족!!","Dessert/Bakery, Coffee/Drink, Price",keyword
커피도 너무 맛있어용^_^,Coffee/Drink,keyword
내부는 조금 좁지만 감성 넘치는 카페!,"Dessert/Bakery, Coffee/Drink",keyword
디저트와 음료도 다양해요,"Dessert/Bakery, Coffee/Drink",keyword
느낌좋은 카페라고 저장했었다가 드디어 오게되었는데 기대이상으로 너무 좋아요,"Dessert/Bakery, Coffee/Drink",keyword
커피도 너무 맛있어용,Coffee/Drink,keyword
분위기도 좋고 사람이 꽤 많았어요!,"Dessert/Bakery, Vibe",keyword
소르베가 특이하고 맛있었어요,"Dessert/Bakery, Coffee/Drink",keyword
분위기가 좋고 아늑해서 너무 좋아요!,"Dessert/Bakery, Coffee/Drink, Vibe",keyword
사장님도 너무 친절하세요,"Service, Dessert/Bakery, Coffee/Drink",keyword
밖에 너무 더워서 대피했는데 음악도 좋고 조명도 예뻐여,"Dessert/Bakery, Coffee/Drink, Vibe",keyword
브라운치즈 좋아하는데 진짜 너무 맛있어요!!,Dessert/Bakery,keyword
사람도 많이 없어서 좋았습니다,"Dessert/Bakery, Vibe",keyword
분위기가 좋고 맛있어요!,Vibe,keyword
"시그니처 메뉴로 시켰는데 커피 짱맛있어요,, 흑임자 크림이 꼬숩고 달달한데 커피도 찐하고 라떼의 고소한맛이 너무 잘어울려요!!","Vibe, Coffee/Drink",keyword
분위기나 노래도 너무 좋았고 무엇보다 디저트와 시그니처 스테포스트 브라운이 너무 맛있었어요,"Dessert/Bakery, Coffee/Drink, Vibe",keyword
올라가는 치즈는 짭짤 해서 조화가 너무 좋았어요,"Dessert/Bakery, Coffee/Drink",keyword
다음엔 남자친구랑 오겠습니다,"Dessert/Bakery, Coffee/Drink, Vibe",keyword
뽑기 3등 당첨돼서 디저트 받았어여,Dessert/Bakery,keyword
테린느 말차 개맛있슨;;,"Dessert/Bakery, Coffee/Drink",keyword
프렌치토스트 맛있어욥!!!ㅋㅋㅋ,Dessert/Bakery,keyword
강아지랑 같이 올수도 있고 커피도 맛있어요ㅋㅋㅋ,"Dessert/Bakery, Coffee/Drink, Vibe",keyword
분위기가 좋고 인테리어가 제 취향이에효,Vibe,keyword
"길가다 보기만 했었는데 , 와봤는데 진짜 너무 좋은 곳 입니다!","Dessert/Bakery, Coffee/Drink, Vibe",keyword
예전부터 오고싶던 카페!,"Dessert/Bakery, Coffee/Drink",keyword
다른 카페와 분위기가 달라 너무 즐겁게 있다가 갑니다,"Vibe, Coffee/Drink",keyword
주말이르게 가서인지 사람이 없어 좋았어요,"Dessert/Bakery, Vibe",keyword
강쥐인형 너무 진짜 같아요 ㅋ.ㅋ,Dessert/Bakery,keyword
"아아랑 고민하다가 스테포스트블랙 시켰는데 
흑임자크림이 올라가 맛있네요","Dessert/Bakery, Coffee/Drink",keyword
"☕️
내부공간이 느낌있고 좋아요","Dessert/Bakery, Coffee/Drink, Vibe",keyword
재방문할게요,"Service, Dessert/Bakery, Coffee/Drink",keyword
우석님 인스타보고 방문해보았어요.,"Service, Dessert/Bakery, Coffee/Drink",keyword
분위기 커피맛 좋고 특히 프렌치토스트가 맛나네요,"Dessert/Bakery, Coffee/Drink, Vibe",keyword
셀럽들이 사진 찍고 가는 카페라 하길래 방문해봤는데 분위기도 좋고 무엇보다 커피와 디저트가 너무 맛나서 좋았어요,"Service, Dessert/Bakery, Coffee/Drink, Vibe",keyword
성수 나들이 하는 도중에 분위기가 너무 좋아서 자연스럽게 들어와버린 카페!!,"Dessert/Bakery, Coffee/Drink, Vibe",keyword
가게 인테리어도 너무 느좋 그 자체에 야외좌석 실내좌석 다 있어서 저희는 야외에서 사람구경하면서 쫌쫌따리 디저트 커피 마셨어요,"Dessert/Bakery, Coffee/Drink, Vibe",keyword
오늘은 말차 케이크 먹우러 옴ㅋㅋㅋ,"Dessert/Bakery, Coffee/Drink",keyword
아이스크림 꼭 추가해서 올리기!!!,"Dessert/Bakery, Coffee/Drink",keyword
"프렌치 토스트 넘 맛잇어용 >< 커피릉 딸기르떼두
여름에 테라스 딱됴아요","Dessert/Bakery, Coffee/Drink",keyword
야외 테이블도 넘 잘돼있고 인테리어랑 분위기도 좋아용,"Vibe, Coffee/Drink",keyword
혼자 이용하기에도 좋고 리뷰이벤트도 있어서 좋은거같아요!,"Dessert/Bakery, Coffee/Drink, Vibe",keyword
변우석 배우님도 방문하셔서 함 와보고싶었는데 인테리어도 좋고 직원분들도 친절 하셔서 좋네용,"Service, Dessert/Bakery, Coffee/Drink, Vibe",keyword
카페 분위기도 넘 좋고 조용해서 좋아요,"Dessert/Bakery, Coffee/Drink, Vibe",keyword
크로플이랑 커피도 맛있습니댜~!,Coffee/Drink,keyword
성수동 카페 엄청 검색하다가 픽한 카페!,"Dessert/Bakery, Coffee/Drink",keyword
와보니 역시나 실망시키지 않네요.,"Dessert/Bakery, Coffee/Drink",keyword
"인테리어도 감각적이고 메뉴도 특별하고, 소소한 뽑기 이벤트도 하는데 바로 반영해주셔서 좋았어요.","Dessert/Bakery, Coffee/Drink, Vibe",keyword
재방문 의사 100% 강추합니다,"Service, Dessert/Bakery, Coffee/Drink",keyword
분위기 진짜 좋아여!!,Vibe,keyword
회사 동료분들이랑 점심먹고 산책하다가 들렀어요!,"Dessert/Bakery, Coffee/Drink",keyword
"요새 갑자기 날이 선선해져서 야외테이블에서 먹었구, 맛도 좋은네 모든 메뉴들이 넘 예쁘게나와서 보기도 좋아용!","Dessert/Bakery, Coffee/Drink, Vibe",keyword
"회사에 있기 싫어서 슬슬 걸어서 온 커피집❤️ 
토스트 존맛탱🥰","Dessert/Bakery, Coffee/Drink, Vibe",keyword
"와~~~~~ 비가 올듯 말듯 날이였는데, 분위기가 너무 미쳤네요.","Dessert/Bakery, Coffee/Drink, Vibe",keyword
"나무 탁자와 의자, 커피, 프렌치토스트 그 모든게 완벽했습니다.","Dessert/Bakery, Coffee/Drink, Vibe",keyword
친구와 간만에 만나 담소도 나누고 분위기 있는 곳에서 멋진 하루의 시작이 되서  너무 좋았네요.,"Service, Vibe, Coffee/Drink",keyword
스테포스트 브라운 커피 굿입니다.,Coffee/Drink,keyword
시그니처 커피가 맛있어용~~~,Coffee/Drink,keyword
매장분위기도 좋고 한번쯤 꼭 오실만합니다!!,"Dessert/Bakery, Coffee/Drink, Vibe",keyword
"좋아하는 배우님께서 방문하셨다고 해서 왔는데 
커피가 기대했던거보다 맛있고 
커피를 못마시는분들도 함께 먹을수있는 다양한 디저트와 음료가 있어요","Service, Dessert/Bakery, Coffee/Drink, Vibe",keyword
다음에도 방문하고 싶네요,"Service, Dessert/Bakery, Coffee/Drink",keyword
검색하다 발견한 이쁜카페!,"Dessert/Bakery, Coffee/Drink, Vibe",keyword
주말이라 웨이팅할줄알았는데 바로들어왔어요!!,"Service, Dessert/Bakery, Coffee/Drink",keyword
맛도좋고 사장님도 친절하셔서 단골찜입니당,"Service, Dessert/Bakery, Coffee/Drink",keyword
너무 감성있고 맛있습니당!!,"Vibe, Coffee/Drink",keyword
매장 분위기가 너무 좋고 자리는 조금 좁은 것 같지만 커피도 맛있고 토스트도 달달하고 맛있어요,"Dessert/Bakery, Coffee/Drink, Vibe",keyword
분위기가 좋고 시그니처메뉴가 있어요:-) 즐거운시간 보내다 갑니당^^,"Vibe, Coffee/Drink",keyword
스테포스트 브라운라떼가 제일맛있구요 디저트중에선 치즈테린느가 진짜 맛있네요,"Dessert/Bakery, Coffee/Drink",keyword
카페 분위기도 좋고 다음에 또 오면 좋을 것 같아요!,"Dessert/Bakery, Coffee/Drink, Vibe",keyword
남자친구랑 기념일날 방문했어요!,"Service, Dessert/Bakery, Coffee/Drink, Vibe",keyword
음료도 맛있고 디저트도 맛나요 ~,"Dessert/Bakery, Coffee/Drink",keyword
음료가 맛있고 분위기 좋아요,"Vibe, Coffee/Drink",keyword
뽑기 재미가 있는 카페,"Vibe, Coffee/Drink",keyword
사장님이 너무 친절하시고 음료가 다양해서 좋아요!!,"Service, Dessert/Bakery, Coffee/Drink",keyword
너무 더워서 들어왔는데 음료도 디저트도 맛잇어요 ㅠㅠㅠ,"Dessert/Bakery, Coffee/Drink",keyword
좌석이 마땅치 않아서 사람 없는 시간 맞춰오시면 좋아요!,"Dessert/Bakery, Coffee/Drink, Vibe",keyword
음료도 맛있고 프렌치토스트도 맛있습니다,"Dessert/Bakery, Coffee/Drink",keyword
👍 성수뚝섬 나들이 오실 때 방문하시는거 추천드려용,"Service, Dessert/Bakery, Coffee/Drink, Vibe",keyword
"가게 인테리어도 예쁘고 커피, 디저트 다 맛있었습니다!","Dessert/Bakery, Coffee/Drink, Vibe",keyword
사진이 잘 나와요,Coffee/Drink,keyword
맛잇고 분위기가 조아요,Vibe,keyword
"프렌치토스트,커피,음료 다","Dessert/Bakery, Coffee/Drink",keyword
"🩵
카페도 예뻐서 잘 놀다갑니당","Vibe, Coffee/Drink",keyword
인테리어가 따뜻한 분위기에 넘 예뻐용 음악도 툴어져있는데 음악까지 분위기와 잘 어울려용,"Dessert/Bakery, Coffee/Drink, Vibe",keyword
힐링하기 좋은 카페에옹 성수에 다시 오면 또 방문 할거같아욥,"Service, Dessert/Bakery, Coffee/Drink",keyword
썸머라떼 최고네요!!,Coffee/Drink,keyword
솔직히 외관 정말 예쁩니다,Vibe,keyword
"기대하고 땀 뻘뻘 흘리며 도착했지만
음..","Dessert/Bakery, Coffee/Drink",keyword
입장부터 불친절 하셨어요,"Service, Dessert/Bakery, Coffee/Drink",keyword
첨엔 그럴 수 있지,"Vibe, Coffee/Drink",keyword
하며 기다렸다가 자리를 잡아 주문을 했는데 주문한 음료를 툭 치면서 애매하게 놓고 가는 가게는 처음 봤습니다..,"Service, Dessert/Bakery, Coffee/Drink, Vibe",keyword
"그리고 내부가 매우 독특한 구조라서 좁은데
주문한 음료를 가져다 드리다가 부딪힐 수 있죠","Service, Dessert/Bakery, Coffee/Drink, Vibe",keyword
그럴 수 있다는 거 압니다,"Vibe, Coffee/Drink",keyword
그치만 부딪혔으면 사과는 하셔야죠,"Dessert/Bakery, Coffee/Drink",keyword
"단발머리 여자 직원분 ㅠ 
정말 ……  커피가 맛있는 것도 아니고 다시는 안 가고 싶어요","Service, Coffee/Drink",keyword
인테리어가 감각적이고 커피랑 디저트가 맛있어요,"Dessert/Bakery, Coffee/Drink, Vibe",keyword
생각보다 아담해요!!!!!,"Dessert/Bakery, Coffee/Drink",keyword
음료는 비주얼만큼 맛있어요!!!!,Coffee/Drink,keyword
음료도 맛있고 분위기도 편하고 넘 좋아,"Vibe, Coffee/Drink",keyword
옹 대화하기 딱 조음!!,"Dessert/Bakery, Coffee/Drink",keyword
점심시간 마다 들리는 곳!,Vibe,keyword
커피 맛집이여요,Coffee/Drink,keyword
프렌치토스트 당충전 빵빵되는 맛..!,Dessert/Bakery,keyword
음료도 맛있고 다른 디저트도 머두 궁금해지는 곳이었습니다,"Dessert/Bakery, Coffee/Drink, Vibe",keyword
지나가다 분위기 좋아보여서 방문했는데 음료 종류도 많고 시즌메뉴인지 여름이랑 너무 잘어울려요!,"Service, Dessert/Bakery, Coffee/Drink, Vibe",keyword
분위기도 좋도 사장님도 너무 친절하세요!,"Service, Dessert/Bakery, Coffee/Drink, Vibe",keyword
프렌치 토스트 맛있어용,Dessert/Bakery,keyword
전부터 와보고싶었던 카페인데 걸어오는길이 너무 덥고 습해서 조금 힘들었는데 들어서자마자 너무 시원해서 기절하고싶었어요..,"Dessert/Bakery, Coffee/Drink",keyword
아아랑 7000원짜리 머시기 누아르 음료랑 프토 주문했는데 완전 달짝지근하고 맛있어서 남김없이 싹싹김치했습니다,"Service, Dessert/Bakery, Coffee/Drink",keyword
담에 또 오고싶은 카페A yo-!,"Dessert/Bakery, Coffee/Drink",keyword
오고싶었던 곳인데 맛있내용 이뿌고,"Dessert/Bakery, Coffee/Drink, Vibe",keyword
시그니처 라떼 진짜 맛있어용,Coffee/Drink,keyword
분위기도 좋고 인테리어도 예뻐요,Vibe,keyword
커피 맛있고 분위기도 좋아요 !!!,"Vibe, Coffee/Drink",keyword
"근처 검색해보다가 마음에들어서 방문했는데
뽑기이벤트도 하고있습니다","Service, Dessert/Bakery, Coffee/Drink, Vibe",keyword
운 좋게 좋은 등수가 나와서 더 의미 있는 방문이였어요,"Service, Vibe, Coffee/Drink",keyword
커피 맛있고 디저트도 맛있고 노래 맛집이에요!,"Dessert/Bakery, Coffee/Drink, Vibe",keyword
"커피가 맛있는 곳 
성수는 핫합니다","Vibe, Coffee/Drink",keyword
웨이팅 없이 들어와서 너무 좋구 커피 디저트 다 맛있어요!,"Service, Dessert/Bakery, Coffee/Drink",keyword
라임소르베 맛있을거같아욤,Dessert/Bakery,keyword
와보고싶었던곳인데 마침자리가 나서왔어요~,"Dessert/Bakery, Coffee/Drink, Vibe",keyword
음료종류도 다양하고 좋아요^^!,"Dessert/Bakery, Coffee/Drink",keyword
"반려동물도되고 친절하시고 
커피도맛있고 여름인데 너무시원했습니다","Service, Dessert/Bakery, Coffee/Drink",keyword
뚝섬역 프렌치토스트/바닐라라떼 맛집,"Dessert/Bakery, Coffee/Drink",keyword
뚝섬역 근처 가기 좋은 카페입둥둥 프렌치토스트 넘 맛나고 바닐라라떼 딱 적당히 달고 좋아요,"Position, Dessert/Bakery, Coffee/Drink",keyword
야외에서 먹을 수 있는 공간도 넘 이쁘니 추천합니당,"Dessert/Bakery, Coffee/Drink, Vibe",keyword
친구랑 놀러오기 좋은카페!!,"Dessert/Bakery, Coffee/Drink, Vibe",keyword
커피도 맛있어용,Coffee/Drink,keyword
분위기 좋고 커피가 맛있어요,"Vibe, Coffee/Drink",keyword
디저트도 고퀄 !!,Dessert/Bakery,keyword
커피가 맛있고 분위기가 좋아요,"Vibe, Coffee/Drink",keyword
우드톤 매장이 이쁘고 음료랑 디저트도 다양해서 좋아요!,"Dessert/Bakery, Coffee/Drink, Vibe",keyword
카페가 작지만 예뻐요^^,"Dessert/Bakery, Coffee/Drink, Vibe",keyword
"강아지 인형도 귀엽고~~ 
사진 찍기도 재밌는 곳이에요",Vibe,keyword
처음 와봤는데 맛있어요><,"Dessert/Bakery, Coffee/Drink",keyword
인테리어도 이쁘고 자주 올것같네요ㅎㅎ,"Dessert/Bakery, Coffee/Drink, Vibe",keyword
러닝하고 들리기 좋은 분위기 좋은 테라스 있는 카페ㅜ입니다.,"Dessert/Bakery, Coffee/Drink, Vibe",keyword
친구들 데리고 와본 카페에요,"Dessert/Bakery, Coffee/Drink, Vibe",keyword
자주와요,"Dessert/Bakery, Coffee/Drink",keyword
장소도 너무 좋고 감성이 있는 카페라서 너무 좋아요,"Vibe, Coffee/Drink",keyword
사진도 잘나오고 음료도 너무 맛있어용!̆̎,Coffee/Drink,keyword
성수 느좋 카페!!!,Coffee/Drink,keyword
더워서 산뜻한 메뉴 골랐는데 상큼하고 여름에 잘 어울리는 맛이에요.,"Dessert/Bakery, Coffee/Drink",keyword
휘휘 저어서 먹으면 금방 녹으니 그냥 드셔야 맛있어요 ㅎㅎ,"Dessert/Bakery, Coffee/Drink",keyword
이벤트 뽑기에서 받은 디저트도 귀여워요,Dessert/Bakery,keyword
커피도 맛있고 토스트도 맛있어요,"Dessert/Bakery, Coffee/Drink",keyword
프토랑 시그니처 커피 맛나게 먹었어요~,Coffee/Drink,keyword
매번 지나치기만 하다가 먹어봤는데 맛있고 좋으네오 ..,"Dessert/Bakery, Coffee/Drink",keyword
디저트가 맛있어요!!,Dessert/Bakery,keyword
에스프레소도 맛있고요 :) !!,Vibe,keyword
지나가다가 카페 분위기가 좋아서 들어왔어요!!,"Vibe, Coffee/Drink",keyword
컵도 귀엽고 음료 맛있어요,Coffee/Drink,keyword
요자친구와 왔는데 분위기도 좋고 음료도 아주 마싯었습니다,"Dessert/Bakery, Coffee/Drink, Vibe",keyword
데이트 때 오는 것을 추천!!,"Dessert/Bakery, Coffee/Drink, Vibe",keyword
직원분들도 친절하고 디저트도 너무 맛있어요,"Service, Dessert/Bakery, Coffee/Drink",keyword
취향저격 음료도 맛있구 데이트하기 좋아요!,"Dessert/Bakery, Coffee/Drink",keyword
사람 많은덴 이유가 있네요,"Dessert/Bakery, Coffee/Drink, Vibe",keyword
근처에서 밥먹고 오거나 디저트먹으러 오기 조와요!,"Dessert/Bakery, Coffee/Drink",keyword
테이블이 종류가 많고 밖에 테라스 공간도 있어서 광합성하기 좋아보여요,"Dessert/Bakery, Coffee/Drink, Vibe",keyword
커피가 너무 맛있어요!!,Coffee/Drink,keyword
크로플도 너무 맛있게 먹었구 매장 분위기가 좋아옹ㅎㅎ,"Vibe, Coffee/Drink",keyword
테린느 치즈 넘 맛있어요,Dessert/Bakery,keyword
커피도 꼬소하고 맛있어요!,"Dessert/Bakery, Coffee/Drink",keyword
직원분들도 친절하시고 야외 좌석이 인기가 많은데 실내 좌석도 편해요!!!,"Service, Dessert/Bakery, Coffee/Drink, Vibe",keyword
프렌치토스트 개맛잇어요ㅜ,Dessert/Bakery,keyword
분위기도 좋고 커피도 맛있어요,"Vibe, Coffee/Drink",keyword
성수프토와분위기맛집 굿굿 직원도 친절해요,"Service, Dessert/Bakery, Coffee/Drink, Vibe",keyword
분위기 굿 디저트도 맛있어요,"Dessert/Bakery, Vibe",keyword
커피는 음..,Coffee/Drink,keyword
성수에서 쉬면서 커피 마시기 좋아요,Coffee/Drink,keyword
분위기 좋고 브라운 치즈 들어간 시그니처 음료가 아주 맛있어요,"Dessert/Bakery, Coffee/Drink, Vibe",keyword
뚝섬 미술관 가는길에 카페 찾다가 왔는데 너무 좋아요!,"Service, Dessert/Bakery, Coffee/Drink",keyword
크로플도 커피류도 너무 맛있아요~~,Coffee/Drink,keyword
조용하고 매장 분위기가 좋아요 !!,"Dessert/Bakery, Coffee/Drink, Vibe",keyword
날씨 좋을 때 힐링하기 좋은 느좋 카페 🤍,"Dessert/Bakery, Coffee/Drink",keyword
분위기도 힙하고 독특한 메뉴도 있어서 좋아용,"Dessert/Bakery, Coffee/Drink, Vibe",keyword
인테리어 너무 예쁘고 커피가 마싯어요...,"Vibe, Coffee/Drink",keyword
분위기 좋고 커피 맛있어용,"Vibe, Coffee/Drink",keyword
일단 여긴 분위기가 미쳤습니다!!,Vibe,keyword
완전 힙하면서도 아늑해서 앉아서 쉬거나 이야기나누기가 너무 좋아요,"Dessert/Bakery, Coffee/Drink, Vibe",keyword
분위기 좋고 맛있어요~!,Vibe,keyword
성수 갈 때 꼭 오고싶었던 카페여서 왔습니다!,"Dessert/Bakery, Coffee/Drink",keyword
디저트도 맛있을 거 같구 커피도 정말 맛있어용,"Dessert/Bakery, Coffee/Drink",keyword
무엇보다 사장님이 친절하신 것 같습니다!,"Service, Dessert/Bakery, Coffee/Drink",keyword
"👊🏻
자리는 그렇게 넓은 건 아닌 거 같아요!","Dessert/Bakery, Vibe",keyword
그래도 야외 테이블이 많아서 좋습니당,Coffee/Drink,keyword
분위기있는 성수카페에요!!,"Vibe, Coffee/Drink",keyword
힙하고 노래도 잔잔하규 좋아요!,"Dessert/Bakery, Coffee/Drink, Vibe",keyword
커피도 맛있고 향이 좋아요~,Coffee/Drink,keyword
커피 리얼맛집 머신기만 보면알쥬,Coffee/Drink,keyword
사람도 많네요,"Dessert/Bakery, Vibe",keyword
애견 가능!!!,Price,keyword
음료도 맛있습니다!,Coffee/Drink,keyword
올때마다 테라스에 사람이 바글바글하네용,"Dessert/Bakery, Coffee/Drink, Vibe",keyword
프토 먹으러왔어요!!,"Dessert/Bakery, Coffee/Drink",keyword
처음와봤는데 커피도 토스트도 너무 맛있습니당!,"Dessert/Bakery, Coffee/Drink",keyword
"우드톤 인테리어로 예쁘게 잘되어있고
지난번에 오고싶었는데 커피기계 고장나서 못왔는데 
드디어 오네용","Dessert/Bakery, Coffee/Drink, Vibe",keyword
"커피 종류도 엄청 다양하고 프토 ❕❕
프토 너무 좋아용","Dessert/Bakery, Coffee/Drink",keyword
많이파세요,Dessert/Bakery,keyword
치즈 맛이 풍부하고 부드러워요.,"Dessert/Bakery, Coffee/Drink",keyword
카페 분위기도 좋아서 밖에 편하게 앉아있기 좋아요,"Vibe, Coffee/Drink",keyword
"성수동 지나다니면서 몇번 와보고싶었는데
만석이라 실패했는데 
평일 점심시간 이용해서 드디어 와봤어요!","Dessert/Bakery, Coffee/Drink",keyword
"커피 흑임자라떼, 브라운치즈올라간 라떼도 다 특이하고 프렌치토스트가 진짜 존맛탱이에요 ..","Dessert/Bakery, Coffee/Drink",keyword
"👍👍
분위기 넘 좋아서 바깥에서 시원하게 콧바람 쐬며 먹기 좋아욤~~!","Dessert/Bakery, Coffee/Drink, Vibe",keyword
"분위기, 커피, 디저트 맛집이에요!!","Dessert/Bakery, Coffee/Drink, Vibe",keyword
다른 커피도 맛있고 분위기도 괜찮습니다!!,"Vibe, Coffee/Drink",keyword
분위기도 짱 좋구 사쟝님도 짱 친절하시구 멋지세욥!,"Service, Dessert/Bakery, Coffee/Drink, Vibe",keyword
뽑기 이벤트도 있으니 꼭꾝하세욥,"Dessert/Bakery, Coffee/Drink, Vibe",keyword
다들 행복하세욥,"Dessert/Bakery, Coffee/Drink, Vibe",keyword
"성수역에서 서울숲 가는길에 있고 햇 빛 피하기도 좋고
쉬었다 가기도 정말 좋아요","Dessert/Bakery, Coffee/Drink, Vibe",keyword
"메뉴도 가볍게 먹기 좋은 디저트와
여러가지 커피와 맥주고 준비되어있고
커피와 디저트도 상당히 맛잇어서 성수에서 데이트하다
사람이 너무 북적이는 곳 피해서 쉬엇다 가기 정말 좋은것 같습니다","Dessert/Bakery, Coffee/Drink, Vibe",keyword
커피가 맛있고 인테리어가이뻐요,"Vibe, Coffee/Drink",keyword
분위기 좋구 커피랑 프렌치토스트 강추입니다,"Dessert/Bakery, Coffee/Drink, Vibe",keyword
다음번에 또 방문할게요 ~!~,"Service, Dessert/Bakery, Coffee/Drink",keyword
분위기도 좋고 매장도 너무 시원하고 좋아요!!,"Dessert/Bakery, Coffee/Drink, Vibe",keyword
리뷰이벤트 당첨되서 맛있게 잘 먹고가요 !!,Coffee/Drink,keyword
프렌치토스트 존맛 ㅠㅠㅠㅠㅠ 🥹🥹🧡🧡,Dessert/Bakery,keyword
프렌치토스트 찢읐다...,Dessert/Bakery,keyword
1초만에 순삭했어요..,"Dessert/Bakery, Coffee/Drink",keyword
"🤤
또 먹으러 올래요..","Dessert/Bakery, Coffee/Drink",keyword
지나가다가 갬성이 좋아서 들렀는데 맛도 좋네용!,Dessert/Bakery,keyword
밀크티 제 취향이에요!bb,Coffee/Drink,keyword
돌아다니다 프렌치토스트가 넘 맛있어보여서 들어왔는데 넘 잘 온 것 같아용!!!,"Dessert/Bakery, Coffee/Drink",keyword
🥹💛 리뷰보니 다른 메뉴들도 맛있어보여서 담에 또 오려구용!,"Dessert/Bakery, Coffee/Drink",keyword
소르베 에스프레소가 소진되서 못먹은게 아쉬워요..ㅠㅠ,"Vibe, Coffee/Drink",keyword
특이한 음료 많고 날씨 좋은 지금 야외에 앉아 있기 좋아요.,"Dessert/Bakery, Coffee/Drink, Vibe",keyword
음료들 다 궁굼해서 한번은 또 올 것 같아요.,"Dessert/Bakery, Coffee/Drink",keyword
"셔벗트 좋아하는 여기에는 저의 최애 오렌지 셔벗 에이드가 있어서 대전에서까지 왔어용:) 가게 안에 알차게 의자랑 테이블 잘 되어있고,  사장님도 친절합니다~~","Service, Dessert/Bakery, Coffee/Drink, Vibe",keyword
그리고 야외 테이블도 있어서 밤에 선선할 때 와도 좋을거같아요!,"Dessert/Bakery, Coffee/Drink, Vibe",keyword
오렌지셔벗 징짜 맛있어서 또 올거같어요!!,"Dessert/Bakery, Coffee/Drink",keyword
그리고 프렌치 토스트도 부드러워서 자꾸 생각나욤,Dessert/Bakery,keyword
너무 맛있고 예뻐요,Vibe,keyword
[협찬] 카페도 너무 예쁘고 크로플도 넘 맛있고 커피도 맛있어요,"Vibe, Coffee/Drink",keyword
커피 항상맛있습니다’,Coffee/Drink,keyword
동네에서 분위기도 좋고 점심시간에 나와서 힐링중입니다!,"Vibe, Coffee/Drink",keyword
밖에 테이블이 많아서 요즘날씨에 최고!,"Vibe, Coffee/Drink",keyword
분위기 너무 좋구 음료가 너무 맛있어용!,"Vibe, Coffee/Drink",keyword
라임 배 셔벗 에이드 맛이 특별해요,"Dessert/Bakery, Coffee/Drink",keyword
분위기도 좋고 음료도 맛있습니다 !,"Vibe, Coffee/Drink",keyword
지나가다 이뻐서 그냥 들렸는데 유명한데였구먼!!!!,"Dessert/Bakery, Coffee/Drink, Vibe",keyword
성수카페거리에 있는 스테포스트 방문했어요,"Service, Dessert/Bakery, Coffee/Drink, Vibe",keyword
가게 앞에도 자리가 있고 안에 분위기 좋구 커피도 맛있어요!!,"Vibe, Coffee/Drink",keyword
프렌치 토스트도 맛있고 인테리어도 감각적이고 좋아용,"Dessert/Bakery, Vibe",keyword
지나다니면서 항상 궁금했는데 드뎌 가봤슴당,"Dessert/Bakery, Coffee/Drink",keyword
"완전 느좋 카페,, ❤️
디져트 왕맛 커피 왕맛 
메뉴가 독특한데 맛있기까지해서 조아요","Dessert/Bakery, Coffee/Drink",keyword
분위기도 너무좋고 다시 방문 하고싶어요!!,"Service, Dessert/Bakery, Coffee/Drink, Vibe",keyword
카페가 예쁘고 분위기 있어요~~~,"Vibe, Coffee/Drink",keyword
커피가  맛있고 분위기가 좋아요~,"Vibe, Coffee/Drink",keyword
인테리어도 너무 멋지고 친절합니다~,"Service, Dessert/Bakery, Coffee/Drink, Vibe",keyword
라떼좋아하는데 커피도 너무 맛있어요~!^^,Coffee/Drink,keyword
이색적인 음료도 많아요~!^^,Coffee/Drink,keyword
가게도 예쁘고 음료도 맛있아요^^,"Vibe, Coffee/Drink",keyword
음료도 맛있고 분위기도 좋아요~!,"Vibe, Coffee/Drink",keyword
뽑기 당첨되면 뭐 많이 받을 수 있는데 그것도 좋은 거 같애요!!!,"Dessert/Bakery, Coffee/Drink, Vibe",keyword
카페 분위기도 좋고 커피도 너무 맛있어요,"Vibe, Coffee/Drink",keyword
노래도 분위기에 잘 어울려서 힐링하고 갑니당!,"Dessert/Bakery, Coffee/Drink, Vibe",keyword
다음에 또 서울 놀러오면 올게여,"Dessert/Bakery, Coffee/Drink",keyword
아기 옷 사러 나왔다가 애기엄마들 스트레스 풀러 잠깐 들렸어용 ◡̈,Coffee/Drink,keyword
카페 분위 오픈되어 있어서 개방형이라 넘 좋구요!,"Vibe, Coffee/Drink",keyword
원두도 크로플도 맛있네용 ♥ ♥,Coffee/Drink,keyword
분위기도좋고 메뉴도 다양하고 야외자리 있어서 좋아요!!!,"Dessert/Bakery, Coffee/Drink, Vibe",keyword
다른메누 먹어보러또올게옹,"Dessert/Bakery, Coffee/Drink",keyword
실내 에어컨이 빵빵해서 시원해서 좋아요!!,"Dessert/Bakery, Coffee/Drink, Vibe",keyword
커피가 너무 맛있습니당~~~,Coffee/Drink,keyword
좌석도 편하고 음악도 집중하기좋아요,"Dessert/Bakery, Coffee/Drink, Vibe",keyword
매장 이뻐서 사진찍기도 좋습니당,Vibe,keyword
프렌치토스트랑 아이스크림 조합이 진짜 너무너무너무너무너무 맛있어서 다음에 와서 밥 브런치 대신 먹고 싶을 정도로 맛나요,"Dessert/Bakery, Coffee/Drink, Vibe",keyword
징짜로➰🤸‍♂️➰🏃‍♀️‍➡️ 다음에 또 방문하겠습니담!,"Service, Dessert/Bakery, Coffee/Drink, Vibe",keyword
처음 와봤는데 맛있어요~!,"Dessert/Bakery, Coffee/Drink",keyword
커피 너무 맛있고 분위기 조아요🤎,"Vibe, Coffee/Drink",keyword
"브라운 치즈는 짭잘하니 달달하고, 커피는 하나도 안달아요!","Dessert/Bakery, Coffee/Drink",keyword
"그리구 사람이 진짜 많아요,,","Dessert/Bakery, Vibe",keyword
인테리어가 감각적입니다,Vibe,keyword
데이트로 왔는데 분위기도 너무 좋고 커피도 맛있어요,"Dessert/Bakery, Coffee/Drink, Vibe",keyword
프렌치 토스트 드디어 먹어보네요ㅠ,"Dessert/Bakery, Coffee/Drink",keyword
"3번 방문째에 먹어봐서 감격ㅠ
커피 산미가 있어서 산미 좋아하시는 분들 좋아하실거에요","Service, Vibe, Coffee/Drink",keyword
분위기도 좋아서 데이트로 추천,Vibe,keyword
커피도 맛있고 분위기 최고!!:),"Vibe, Coffee/Drink",keyword
야외에서 커피 마시기 좋아요,Coffee/Drink,keyword
지나가다가 사람들 많아서 들어왔는데 분위기도 좋고커피도 맛있어요,"Dessert/Bakery, Coffee/Drink, Vibe",keyword
직원분들도 친절하시고 재미있는 뽑기도 있곸ㅋㅋㅋㅋ 귀여워요,"Service, Dessert/Bakery, Coffee/Drink, Vibe",keyword
다음에 또 올것같아요,"Dessert/Bakery, Coffee/Drink",keyword
분위기도 좋고 커피도 맛있어요~~,"Vibe, Coffee/Drink",keyword
인스타감성카페예용 조아요,Coffee/Drink,keyword
"날씨가 좋아서 야외테이블 사용하였는데
너무 좋은 거 같아요","Dessert/Bakery, Coffee/Drink",keyword
분위기도 좋고 음료도 다 맛있어요!!!,"Vibe, Coffee/Drink",keyword
테이블이 밖에 있어서 더 운치있어요,"Vibe, Coffee/Drink",keyword
담에 또올게용,"Dessert/Bakery, Coffee/Drink",keyword
아기자기 우드톤 인테리어에 커피맛도 맛있어요!!!,"Vibe, Coffee/Drink",keyword
우드톤이 너무 좋고 메뉴도 다양해서 좋아요 성수 오시면 추천함니다 !,"Dessert/Bakery, Coffee/Drink, Vibe",keyword
분위기도  너무나 좋아요,Vibe,keyword
또오자,"Dessert/Bakery, Coffee/Drink",keyword
커피도 맛있는데 공간도 이뻐서 자주 오는 곳입니다,"Dessert/Bakery, Coffee/Drink, Vibe",keyword
😆 매력적인 강아지 쿠션이 항상 반겨주는 곳이에요!!!,Vibe,keyword
커피가 맛있어요!,Coffee/Drink,keyword
조용하고 지인들과 커피한잔하기 좋아요,"Dessert/Bakery, Coffee/Drink",keyword
셔벗 에이드 너무 맛있고 좋아요~,Coffee/Drink,keyword
커피도 맛있고 인테리어 분위기도 좋아요 ㅎㅎ,"Vibe, Coffee/Drink",keyword
우드우드한 인테리어에 매장도 깔끔하고 자주 방문하려구요~~,"Service, Dessert/Bakery, Coffee/Drink, Vibe",keyword
너무 맛있어서 먹다가 찍네요ㅎㅎ,Coffee/Drink,keyword
성수에서 최고 카페입니다,Coffee/Drink,keyword
커피 맛있구 분위기도 좋아요,"Vibe, Coffee/Drink",keyword
분위기도 굿 ㅜ,Vibe,keyword
독특한 메뉴가 있어서 들어왔어요!!,"Dessert/Bakery, Coffee/Drink, Vibe",keyword
커피도 너무 맛있고 분위기도 너무너무 좋습니당,"Vibe, Coffee/Drink",keyword
커피도 맛있고 분위기도 좋고 아늑해요~~,"Dessert/Bakery, Coffee/Drink, Vibe",keyword
특히 야외자리가 아주 한적하고 좋아요,"Dessert/Bakery, Coffee/Drink",keyword
커피맛이 좋아용!!,Coffee/Drink,keyword
편하게 대화할 수 있는 분위기라 점심시간에 제대로 힐링하고 가용!,"Dessert/Bakery, Coffee/Drink, Vibe",keyword
작은 이벤트가 있어서 소소한 재미도 있고 자주 올꺼같아요~~!,"Dessert/Bakery, Coffee/Drink, Vibe",keyword
인테리어가 넘넘 귀여운 카페입니당,"Vibe, Coffee/Drink",keyword
근처 일이 있어서 방문했는데 분위기도 너무 좋고 뽑기 이벤트도 진행중이니까 재밌는 것 같아요 ㅎㅎ,"Service, Dessert/Bakery, Coffee/Drink, Vibe",keyword
다음에 재방문 예정입니당 !,Service,keyword
분위기 좋고 커피 맛있고 직원분 친절하십니다,"Service, Dessert/Bakery, Coffee/Drink, Vibe",keyword
테라스가 있어서 가끔 와요,"Dessert/Bakery, Coffee/Drink, Vibe",keyword
커피 맛도 괜찮아요,Coffee/Drink,keyword
비오는 분위기에 좋아요~,"Dessert/Bakery, Coffee/Drink, Vibe",keyword
"변우석이 다녀칸카페라 그런지 사람도 많고
인테리어도 넘예뻐요","Dessert/Bakery, Coffee/Drink, Vibe",keyword
강배전  원두를 사용하는지 진한맛의 카피가 맛있네요!,"Dessert/Bakery, Coffee/Drink",keyword
점심약속이 있어 성수왔다가 근처에 까페가 있길래 왔는데 너무 만족이예요!,"Price, Dessert/Bakery, Coffee/Drink, Vibe",keyword
주문받는 직원분도 너무 친절하시구 뻔한 카페메뉴 말고 새로운 메뉴들이 많아 만족 스러웠어요 :) 매장은 작지만 적당한 소음과 테라스까지 아주 맘에 들었어요 ㅎㅎ,"Vibe, Service, Coffee/Drink, Price, Dessert/Bakery",keyword
다음에 또 올께요!!,"Dessert/Bakery, Coffee/Drink",keyword
야외 테라스가 넘 예쁜 카페에요.,"Vibe, Coffee/Drink",keyword
또 커피 메뉴 다양해요,"Dessert/Bakery, Coffee/Drink",keyword
날 좋은 날에 오면 더 좋을거 같아요,"Dessert/Bakery, Coffee/Drink",keyword
직원분도 친절하시구 음료도맛있었어오!,"Service, Dessert/Bakery, Coffee/Drink",keyword
테라스가있어서 좋아요,"Vibe, Coffee/Drink",keyword
자주오고싶어요,"Dessert/Bakery, Coffee/Drink",keyword
친절하고 넘 믓찐곳이라,"Service, Dessert/Bakery, Coffee/Drink",keyword
분위기 너무 좋아요ㅎㅎ,Vibe,keyword
"프토시켰는데 기대하는중~~
맛있었음 좋겠어용","Dessert/Bakery, Coffee/Drink",keyword
디저트맛집인정,Dessert/Bakery,keyword
너무 예쁘고 커피도 맛있어요 !!!,"Vibe, Coffee/Drink",keyword
아늑해서 앉아있는 것만으로도 힐링되는 기분이었어요 !,"Dessert/Bakery, Coffee/Drink, Vibe",keyword
데이트하다가 테라스가 이뻐서 들어왔어요 ^_^,"Dessert/Bakery, Coffee/Drink, Vibe",keyword
"첨와보는데 카페 분위기 좋고 테라스 자리가 예쁨(내부는 약간 협소)
프렌치토스트가 맛있음","Dessert/Bakery, Coffee/Drink, Vibe",keyword
"분위기 너무 좋고, 커피도 너무 맛있어요~~!!","Vibe, Coffee/Drink",keyword
날씨도 좋고 꼭 오고 싶었던 카페 와봤어요!!,"Dessert/Bakery, Coffee/Drink",keyword
디저트도 넘 이쁘고 음료 종류도 많아서 다시 올거 같네용,"Dessert/Bakery, Coffee/Drink, Vibe",keyword
날씨가 좋아져서 테라스에서 커피마시기 좋은카페입니다~^^,Coffee/Drink,keyword
커피가 맛잇고 성수 갬성~~좌영,"Dessert/Bakery, Coffee/Drink",keyword
야장의 계절이 왔네요 :),"Dessert/Bakery, Coffee/Drink",keyword
멋진 테라스에서 에스프레소 한 잔 마셔주면 기분 최고 !!!,Vibe,keyword
더욱 더워지기 전에 꼭 방문해보세욧,"Service, Dessert/Bakery, Coffee/Drink",keyword
프토가 맛있고 카페가 예뻐요,"Vibe, Coffee/Drink",keyword
카페랑 디저트 다 맛있어용 ㅎㅎ,"Dessert/Bakery, Coffee/Drink",keyword
"분위기도 성수느낌 물씬,,🫶🏻 느좋카페 추천드립니댱!!!!",Vibe,keyword
"여기가 그 사진맛집, 커피&디저트 맛집인가용ㅎㅎㅎ
평일 오후에도 사람이 엄청 많았던 핫플카페 였어요!!","Dessert/Bakery, Coffee/Drink, Vibe",keyword
일단 프렌치 토스트 넘무 맛있고 라임 배 에이드였나 청량감 대박이에요!,"Dessert/Bakery, Coffee/Drink",keyword
외부에 비해 내부는 생각보단 좁아서 약간 정신없긴 했는데 야외 공간이 이쁘고 햇볕이 잘 들어서 예쁘더라구요ㅎㅎ,"Dessert/Bakery, Coffee/Drink, Vibe",keyword
"주말에는 사람이 많아서 못왔는데
평일에 오니 한가하고 좋네용 ㅎㅅㅎ","Dessert/Bakery, Coffee/Drink, Vibe",keyword
커피 마시써요!,Coffee/Drink,keyword
"프렌치토스트 존맛탱
맛있고 분위기도 좋아요!","Dessert/Bakery, Vibe",keyword
외부 테라스 좌석도 있어서 날씨 좋은 날 꼭 오시기를 추천드립니다,"Dessert/Bakery, Coffee/Drink, Vibe",keyword
프토 맛집 👍🏻🍞💛 음료도 맛있어요!,Coffee/Drink,keyword
아늑해요..,"Dessert/Bakery, Coffee/Drink",keyword
테라스도 좋고 친절하세요,"Service, Dessert/Bakery, Coffee/Drink",keyword
우리 동네에 이런 곳이 있었다니!,"Vibe, Coffee/Drink",keyword
앞으로 자주자주 와야겠어요!,"Dessert/Bakery, Coffee/Drink",keyword
서울숲에서 조용하고 예쁜 카페를 찾는다면 스테포스트로!,"Service, Dessert/Bakery, Coffee/Drink, Vibe",keyword
"커피, 디저트 맛집이에요!","Dessert/Bakery, Coffee/Drink",keyword
시그니처 메뉴인 스테포스트 블랙 브라운 주문했는데 엄청 맛있었어요!,"Service, Dessert/Bakery, Coffee/Drink",keyword
토스트도 강추합이다!,Dessert/Bakery,keyword
커피도 호불호 없이 고소하고 디저트도 맛있었어요.,"Dessert/Bakery, Coffee/Drink",keyword
내부도 깔끔했지만 외부 자리에서 거리구경하며 마시니 더 좋았습니다 :),"Dessert/Bakery, Coffee/Drink",keyword
특별한 프렌치 토스트를 먹을 수 있는 곳 🤍,"Dessert/Bakery, Coffee/Drink, Vibe",keyword
달콤하고 시원한 바닐라 아이스크림과 바삭하고 부드러운 프렌치 토스트의 조합은 맛이 없을 수 없답니다..,"Dessert/Bakery, Coffee/Drink",keyword
🫶🏻 거기에 메이플 시럽까지 곁들여 먹으면 아주 최고 !!!,"Dessert/Bakery, Coffee/Drink",keyword
친절하시구 분위기 좋은 인테리어로 인해 좋은 시간 보내다 갑니다,"Service, Dessert/Bakery, Coffee/Drink, Vibe",keyword
다음에 또 방문하겠습니다 ꒰,"Service, Dessert/Bakery, Coffee/Drink",keyword
테라스자리 너무 소중해요,"Dessert/Bakery, Coffee/Drink",keyword
잘먹엇습니다,Coffee/Drink,keyword
요즘 날씨에 야외좌석에서 커피 마시기 너무 좋아요 ㅎㅎ,Coffee/Drink,keyword
음료도 맛있습니당,Coffee/Drink,keyword
매장이 깔끔하고 커피가 맛있어요!,"Dessert/Bakery, Coffee/Drink, Vibe",keyword
분위기도 좋고 커피도 맛있러료~~!,"Vibe, Coffee/Drink",keyword
멀리서 찾아왔는데 역시 분위기 좋네요,Vibe,keyword
커피도 디저트도 다 맛있어요,"Dessert/Bakery, Coffee/Drink",keyword
프렌치토스트넘마싯어용!!!!!!,Dessert/Bakery,keyword
음료도 넘 맛잇네욤,Coffee/Drink,keyword
여기 분위기도 완전 느좋!!!,Vibe,keyword
음료가 너무 맛있어요!!,Coffee/Drink,keyword
카페가 아늑하고 이야기하기 좋아요~,"Dessert/Bakery, Coffee/Drink",keyword
성수에서 좋은 카페를 알게 돼서 좋네요,Coffee/Drink,keyword
분위기가 좋고 테린느가 맛있어요,Vibe,keyword
지나가다가 꼭 한번 와보고 싶었는데 운 좋게 밖에 앉을 수 있었네요~,"Dessert/Bakery, Coffee/Drink, Vibe",keyword
디저트도 맛있고 특히 셔벗 에이드가 진짜 맛있었어요!,"Dessert/Bakery, Coffee/Drink",keyword
프렌치토스트 먹으러 왔는데 역시 시키길 잘했어요,"Dessert/Bakery, Coffee/Drink",keyword
"치즈케이크는 필수,,,,🧀",Dessert/Bakery,keyword
분위기 좋고 아담한 카페에요!,"Dessert/Bakery, Coffee/Drink, Vibe",keyword
날씨 좋은 날 맛있게 잘 먹구갑니다,Coffee/Drink,keyword
"날씨가 좋아서 테라스가 예쁜 카페 찾고 있었는데
맛있는 토스트랑 테린느 맛있어요!.!","Service, Dessert/Bakery, Coffee/Drink, Vibe",keyword
"🤍
배 셔벗에이드 시원해요오","Dessert/Bakery, Coffee/Drink",keyword
특이하고 좋아요,"Dessert/Bakery, Coffee/Drink",keyword
"성수 느좋 카페 여기잇어요~~~🙌🏻
커피도 토스트도 넘 맛있습니당","Dessert/Bakery, Coffee/Drink",keyword
날씨도 너어무 좋아서 어머니랑 데이트 나왔는데 분위기 좋은 카페를 찾아서 맛있는 커피 즐기고 갑니당!!,"Service, Vibe, Coffee/Drink",keyword
위치도 좋고 이뻐요 :),"Position, Vibe",keyword
커피 한 잔 하려고 들렀는데 디저트까지 서비스로 주셔서 잘 마시고 먹고 갑니다.,"Service, Dessert/Bakery, Coffee/Drink, Vibe",keyword
사람 많지 않은 시간대를 찾아서 애매한 오후에 갔는데  손님들 3~4팀 있었는데도 혼자서 시간 보내기 조용하고 너무 좋았어요.,"Service, Dessert/Bakery, Coffee/Drink, Vibe",keyword
점심먹고 유명해서 와봤어요~,"Dessert/Bakery, Coffee/Drink",keyword
분위기도 좋고 맛도 좋아요,Vibe,keyword
"🤗
사진도 이쁘게 잘 나오네요~","Vibe, Coffee/Drink",keyword
성수 구경왔다가 느좋카페~ 있다고 해서 왔어요,"Dessert/Bakery, Coffee/Drink, Vibe",keyword
너무 분위기 좋아요,Vibe,keyword
"커피도 맛있고 
진짜 잘 찾아온거 같아요","Service, Dessert/Bakery, Coffee/Drink",keyword
가게 인테리어가 정말 예뻐요 !,Vibe,keyword
밀크티랑 콘판나 마셨는데 둘 다 얌 ~,Coffee/Drink,keyword
"날씨가 좋아서 외부에 앉았는데, 내부도 너무 좋아보여서 다음에 또 오고 싶어요 !!","Dessert/Bakery, Coffee/Drink",keyword
여자친구가 성수에 이쁜 카페가 있다길래 와봤는데 음료도 너무 맜고 인테리어도 너무 이뻐요,"Dessert/Bakery, Coffee/Drink, Vibe",keyword
추천😍,Vibe,keyword
"인테리어도 힙하고 이뻐서 사진찍기 너무 좋은 카페🥰
음료도 너무 특별하고 맛있고 컵도 졸귀 😍
 리뷰이벤트하니까 이쁜 디저트도 줌!!","Dessert/Bakery, Coffee/Drink, Vibe",keyword
리뷰이벤트 하세요 님들,"Dessert/Bakery, Coffee/Drink",keyword
인스타에 떠서 처음 방문했는데 사장님도 너무 친절하시고 분위기가 너무 마음에 들었어요!,"Service, Dessert/Bakery, Coffee/Drink, Vibe",keyword
날씨도 좋아서 야외에 있어도 좋을 거 같아요 ㅎㅎ,"Dessert/Bakery, Coffee/Drink, Vibe",keyword
커피도 너무 맛있고 디저트 플레이팅도 너무 예쁘게 나와서 사진 찍기도 좋습니다,"Dessert/Bakery, Coffee/Drink, Vibe",keyword
테라스에서 먹는 커피 분위기 너무 좋아요:),"Vibe, Coffee/Drink",keyword
사장님이 너무 친절하시고 분위기가 좋고 요즘 날씨가 너무 좋아서 테라스자리가 있는게 너무 좋았어용,"Service, Dessert/Bakery, Coffee/Drink, Vibe",keyword
커피랑 디저트도 맛있어용,"Dessert/Bakery, Coffee/Drink",keyword
매력적인 커피맛 디저트맛집 너무좋아요,"Dessert/Bakery, Coffee/Drink",keyword
친절하시구 음료도 넘 예뻐요,"Service, Dessert/Bakery, Coffee/Drink, Vibe",keyword
서울숲 근처 오시면 한 번 들려보세용,"Dessert/Bakery, Coffee/Drink",keyword
"분위기 좋은 카페, 작고 아담한 카페를 찾으신다면 성수동으로 발걸음을 내딛어보새요^^","Service, Dessert/Bakery, Coffee/Drink, Vibe",keyword
커피도 호불호없이 맛있고 디저트도 찰떡이애요,"Dessert/Bakery, Coffee/Drink",keyword
야외 좌석이 잘 되어있고 분위기 좋아서 날 좋을 때 오면 좋을 것 같아요!,"Dessert/Bakery, Coffee/Drink, Vibe",keyword
실내 좌석도 독특하고 우드톤이어서 아늑해요!,"Dessert/Bakery, Coffee/Drink, Vibe",keyword
커피도 맛있고 음료도 맛있고 프토도 맛있어요!!,Coffee/Drink,keyword
"너무 예쁜 오렌지 소르베 에스프레소랑 채광, 즐거운 노래들로 가득 찬 카페에요!","Vibe, Coffee/Drink",keyword
성수 지나다가 본 카페 나중에 가야지 하다 드디어 왔어요 ^^,"Dessert/Bakery, Coffee/Drink",keyword
테린느랑 커피 전부 맛있어요 ^^,"Vibe, Coffee/Drink",keyword
"왕,, 성수동에서 젤 느좋카페 드디어 와봤다","Dessert/Bakery, Coffee/Drink",keyword
진짜 ☕️☕️☕️ 분위기가 너무 좋고 힙하다보니 힙한사람들도 많이 오는거같더라구요,"Dessert/Bakery, Coffee/Drink, Vibe",keyword
서비스로 주신 치즈케이크도 넘 맛잇었어요,"Service, Dessert/Bakery, Vibe",keyword
커피 개맛도리인데 밀크티도 짱짱맛도리에요,Coffee/Drink,keyword
느좋카페 찾으시면 꼭 와보세용,"Service, Dessert/Bakery, Coffee/Drink",keyword
성수동 답게 핫플카페!,Coffee/Drink,keyword
야외 자리도 있어서 느낌있고 커피한잔 하기 좋네요.,"Dessert/Bakery, Coffee/Drink, Vibe",keyword
크로플 완전 바삭하고 달달구리 맛있어요,"Service, Dessert/Bakery, Coffee/Drink",keyword
날씨 좋은 날 바깥에 앉을 느좋카페 찾다가 왔어요!!,"Service, Dessert/Bakery, Coffee/Drink",keyword
지나다니는 사람 구경하면서 시간 보내기 너무 좋습니닷 ㅎㅎ,"Dessert/Bakery, Coffee/Drink, Vibe",keyword
디저트도 맛있구 사장님 너무 친절하세요,"Service, Dessert/Bakery, Coffee/Drink",keyword
성수동에서 서울숲 넘어가는 길 항상 지나치는 골목길에 있어 궁금했는데~~ 커피 너무 맛있어요!!!,"Dessert/Bakery, Coffee/Drink, Vibe",keyword
테라스 자리도 있고 분위기 좋아 나중에 또 방문하려구요^^,"Service, Dessert/Bakery, Coffee/Drink, Vibe",keyword
"느낌굿 카페
테린느가 짱맛이에용",Coffee/Drink,keyword
감다살 카페 입니다,Coffee/Drink,keyword
"말차 테린느 개맛도리고
디저트가 친절하고 카페가 맛있습니다.","Service, Dessert/Bakery, Coffee/Drink",keyword
"날 좋을 때 오시면 
아주 굿 입니다","Dessert/Bakery, Coffee/Drink",keyword
"성수에서 반려동물 동반 카페 찾다가 왔는데, 커피 맛 좋고 프렌치토스트도 맛있어요!!","Service, Dessert/Bakery, Coffee/Drink",keyword
야외석 사진 잘 나오고 분위기도 좋아,"Vibe, Coffee/Drink",keyword
봄날씨에 딱인 카페입니당,Coffee/Drink,keyword
햇살이 계속 들어서 분위기 너무 좋아요,Vibe,keyword
좁은골목에 위치한 분위기좋은 카페에요,"Position, Dessert/Bakery, Coffee/Drink, Vibe",keyword
성수동 뷰 맛집 사진이 잘 나오는 카페입니다,Coffee/Drink,keyword
독특한 음료가 많아서 좋았어요,"Dessert/Bakery, Coffee/Drink",keyword
디저트도 맛있어요,Dessert/Bakery,keyword
분위기 넘 좋고 커피 맛 특히 라떼 넘 맛있어요!!,"Vibe, Coffee/Drink",keyword
느좋카페에요,Coffee/Drink,keyword
"디저트 맛도 좋구, 커피도 맛 좋앗어요","Dessert/Bakery, Coffee/Drink",keyword
굿굿 맨날 사람 많던데,"Dessert/Bakery, Vibe",keyword
"분위기 신기해요, ㅎㅎ 
커피 맛있다해서 왔는데 정말 맛있어요.","Dessert/Bakery, Coffee/Drink, Vibe",keyword
뭔가 처음 마셔보는 커피였는데 생각보다 훨씬 더 맛있었습니다,Coffee/Drink,keyword
분위기 좋고 맛있는 시그니쳐 메뉴도 많아서 좋아요..,Vibe,keyword
✨️ 깔끔해서 좋아요!,"Dessert/Bakery, Coffee/Drink",keyword
숨은 성수 뚝섬 커피맛집이에요,Coffee/Drink,keyword
디저트도 꾸덕하고 달달하고 맛있어요♡,"Dessert/Bakery, Coffee/Drink",keyword
"우연히 지나다 왔는데 핫플같애여 사람도많고
샤벳에쏘 맛있어용","Dessert/Bakery, Coffee/Drink, Vibe",keyword
"성수 어심 와보시길
참 강아지동반되어서 넘좋아요","Dessert/Bakery, Coffee/Drink",keyword
진짜 힙한 성수동 카페 찾으신다면 요기 추천드릴게요!!,"Service, Dessert/Bakery, Coffee/Drink, Vibe",keyword
프렌치토스트도 맛있고 분위기도 좋아서 ..,"Dessert/Bakery, Vibe",keyword
성수쪽 카페 찾고 계신다면 스텝포스트 와보세용,"Service, Dessert/Bakery, Coffee/Drink",keyword
👍👍 일단 선곡 노래가 넘 힙해서 조음 ㅋ.ㅋ,"Dessert/Bakery, Coffee/Drink, Vibe",keyword
너무누무먹고싶었던 말렌카케이크💕💕🫨😍🔥 힙한 노래도 나와여,"Dessert/Bakery, Coffee/Drink, Vibe",keyword
뚝섬역쪽 카페 추천추천,"Vibe, Coffee/Drink",keyword
음료도 맛있고 처음보는 색다른 메뉴도 많아요!,Coffee/Drink,keyword
위치도 역에서 가까워서 더 좋아요!,Position,keyword
따뜻한 날에 앉아서 멍 때리기 좋은 따뜻한 원목의 인테리어가 사로잡는 카페 스테포스트예요.,"Dessert/Bakery, Coffee/Drink, Vibe",keyword
️☕️다크함과 산미의 밸런스가 좋아요!,"Dessert/Bakery, Coffee/Drink",keyword
"우유 맛만 조금 진하면 더 맛있을 것 같아요:)
🍰화이트 초콜릿 베이스에 치즈맛이 약간 가미돼서 느끼하지 않은 테린느였어요.","Dessert/Bakery, Coffee/Drink",keyword
디저트 종류가 많던데 다른 디저트도 궁금하네요-!,Dessert/Bakery,keyword
찾아보고 너무 이쁜 카페길래 일어나자마자 왔어요,"Dessert/Bakery, Coffee/Drink, Vibe",keyword
"🍪
평일 점심시간에 방문했는데 사람도 많이 없고 조용해서 좋았답니다","Service, Dessert/Bakery, Coffee/Drink, Vibe",keyword
"😊
사장님도 친절하시고 음료도 맛있고 너무 이뻐요","Service, Dessert/Bakery, Coffee/Drink, Vibe",keyword
"💌
가까워서 자주 갈 것 같아요",Dessert/Bakery,keyword
매장 넓어서 여러 명이서 오기 좋을 것 같아요!,"Dessert/Bakery, Coffee/Drink, Vibe",keyword
밖에도 앉을 자리 있어서 날 풀리면 또 오고 싶어요,"Dessert/Bakery, Coffee/Drink, Vibe",keyword
날씨 좋은 날 밖에 앉아 먹으니 좋네요,"Vibe, Coffee/Drink",keyword
매장 안도 분위기 좋더라구요~!,Vibe,keyword
뚝섬 성수 오시면 추천해용,"Dessert/Bakery, Coffee/Drink, Vibe",keyword
크림브륄레 먹고싶어서 방문했는데 너무 맛있어요!,"Service, Dessert/Bakery, Coffee/Drink",keyword
소르베도 상큼하고 기분 좋은 맛이에요!,"Dessert/Bakery, Coffee/Drink, Vibe",keyword
맛있고 분위기도 넘 좋아요,Vibe,keyword
친절하시구 분위기가 너무 좋아요~~~,"Service, Dessert/Bakery, Coffee/Drink, Vibe",keyword
오렌지셔벗에이드 맛있어요,Coffee/Drink,keyword
"💛
원목 느낌의 인테리어에 분위기도 좋아요 ~",Vibe,keyword
커피도 분위기도 넘 좋아요,"Vibe, Coffee/Drink",keyword
분위기도 좋고 자주 오고싶은곳이에용,"Dessert/Bakery, Coffee/Drink, Vibe",keyword
변우석 카페라고 해서 왔는데 분위기 너무 좋아요 ...,"Dessert/Bakery, Coffee/Drink, Vibe",keyword
프렌치토스트 맛잇네여,Dessert/Bakery,keyword
요오옹~~~🤍,"Dessert/Bakery, Coffee/Drink",keyword
학교 수업 끝나고 친구랑 같이 왔는데 분위기가 좋아요~~,"Dessert/Bakery, Coffee/Drink, Vibe",keyword
음료도 맛있고 도란도란 얘기하기 좋아요 ㅎㅎ,"Dessert/Bakery, Coffee/Drink",keyword
아기바기한 인테레어 맛있는커피 친절한 사장님 역시 성수 핫플이네여,"Service, Dessert/Bakery, Coffee/Drink",keyword
커피향도 촣고 분위기도 좋아요~~,"Vibe, Coffee/Drink",keyword
음악도 마음에 들어요,Vibe,keyword
프렌치토스트도 맛있구 커피도 오렌셔벗에이드도 다 최고에요,"Dessert/Bakery, Coffee/Drink",keyword
🤎 분위기도 좋고 음료도 빵도 너무 맛있어서 재방문의사 100000% 입니다 !!!!,"Service, Dessert/Bakery, Coffee/Drink, Vibe",keyword
"음료도 종류가 다양하고 진짜 맛있구요
디저트 프렌치토스트 대존맛입니다!!","Dessert/Bakery, Coffee/Drink",keyword
변우석님이 오신 카페로 유명하던데 연예인들은 맛집잘알인가봐요,"Dessert/Bakery, Coffee/Drink, Vibe",keyword
다 맛있고 분위기 좋아요,Vibe,keyword
음료도 상큼하고 분위기 좋아요,"Dessert/Bakery, Coffee/Drink, Vibe",keyword
음료도 맛있고 친구랑 대화하기 좋아요!,"Dessert/Bakery, Coffee/Drink, Vibe",keyword
직원 분도 친절하시고 서비스로 치즈케이크도 주셨어요 ㅎㅎ,"Service, Dessert/Bakery, Coffee/Drink, Vibe",keyword
너무 감사합니다,"Dessert/Bakery, Coffee/Drink",keyword
커피 시그니처 시켰는데 너무 맛있고 이제 날씨도 따뜻해지는데 야외좌석에서 도란도란 얘기하기도 좋아요!!,"Dessert/Bakery, Coffee/Drink",keyword
변우석님도 왔다갔다는데 그 이유를 알겠음..,"Dessert/Bakery, Coffee/Drink",keyword
나만의 카페 하고싶음..,"Dessert/Bakery, Coffee/Drink",keyword
인테리어가 너무 이쁘고 사진찍기 너무 좋아요,Vibe,keyword
"😍
음료도 맛있고 특별해서 추천추천+!!","Dessert/Bakery, Coffee/Drink, Vibe",keyword
해 잘 들고 맛있어요!,"Dessert/Bakery, Coffee/Drink",keyword
"커피랑 디저트 맛나
날씨 좋아지면 밖에서 먹으면 더 좋을듯💛","Dessert/Bakery, Coffee/Drink, Vibe",keyword
음료 디저트 너무맛있어요!!!!,"Dessert/Bakery, Coffee/Drink",keyword
나중에 또올게용,"Dessert/Bakery, Coffee/Drink",keyword
항상 자리가 없어서 못왔었는데 드디어 왔습니다,"Dessert/Bakery, Coffee/Drink",keyword
🥲 매장이 아늑하고 깔끔해서 나만 알고 싶고 자주 오고 싶은 카페에요,"Dessert/Bakery, Coffee/Drink, Vibe",keyword
우드톤 감성 공간에서 여유롭게 커피를 즐길 수 있는 뚝섬역카페 스테포스트.,"Vibe, Coffee/Drink",keyword
커피에 진심인 곳으로 커피 베이스 라떼 맛집인 이유도 알겠던 방문.,"Service, Vibe, Coffee/Drink",keyword
특히 꼬숩고 걸죽한 흑임자 라떼를 좋아하는 사람이라면 스테포스트 블랙은 꼭 마셔봐야 할 메뉴!,"Dessert/Bakery, Coffee/Drink, Vibe",keyword
"분위기도 좋고, 커피도 깊은 풍미를 자랑하는 곳인데, 뚝섬역에서 가까워 접근성도 좋고, 성수동 맛집을 다녀온 후 서울숲으로 가는 길에 잠시 들러 쉬어가기 좋은 곳이네요:)","Position, Dessert/Bakery, Coffee/Drink, Vibe",keyword
분위기가 좋고 커피가 맛있어요!,"Vibe, Coffee/Drink",keyword
서울숲에서 성수 지나가다가 카페가 아늑하고 예뻐서 들렸는데 커피도 맛있고 디저트도 완전 살살녹아요~,"Dessert/Bakery, Coffee/Drink, Vibe",keyword
직원분들도 친절하시구 잠깐 앉았다 가기 좋습니당,"Service, Dessert/Bakery, Coffee/Drink",keyword
"🩷 배우 변우석 맛집 카페 🩷
선업튀로 유명한 변우석 배우를 너무 좋아하는 광적인 팬인 친구덕분에 성수 놀러갔다가 방문한 카페예요!","Service, Dessert/Bakery, Coffee/Drink, Vibe",keyword
그냥 인스타 사진보고 유명하다길래 따라간건데 여기분위기가 너무 고혹적이고 우디한 인테리어 덕분에 아늑함이 장난 아니예요,"Dessert/Bakery, Coffee/Drink, Vibe",keyword
"❤️‍🔥
내부 공간도 생각보다 넓고 편안해서 오래쉬었다가기에도 적합한 곳이었어요!","Dessert/Bakery, Coffee/Drink, Vibe",keyword
특히 제 원픽은 크로플❤️ 와 진짜 스테포스트 오시면 무조건 크로플 드셔주세요..,"Dessert/Bakery, Coffee/Drink",keyword
진짜 하루종일 생각나고 앞으로 성수오면 그냥 크로플 먹으러 여기만 가고싶을 정도로 너무 부드럽고 맛있어서 완전 꽂혀버린 디저트에요,"Dessert/Bakery, Coffee/Drink, Vibe",keyword
❣️ 무조건 크로플은 필수에 바닐라 아이스크림도 추기해서 드세요!!,"Service, Dessert/Bakery, Coffee/Drink",keyword
음료도 텁텁하지 않고 깔끔한 느낌이라 디저트랑 곁들어먹기에 너무 좋은 조합이라 진짜 하루종일 있고싶을 정도에요,"Dessert/Bakery, Coffee/Drink, Vibe",keyword
"친구랑 방문했는데, 우드톤으로 분위기 너무이쁘고
다행히 웨이팅없이 입장했습니다,,🩷
테린느 워낙좋아하는데 메뉴에 있어서 넘좋았고
커피종류도 취향저격입니당,,🥺
사장님도 친절하시고 재방문의사100!!!","Service, Dessert/Bakery, Coffee/Drink, Vibe",keyword
"변우석이 다녀간 뚝섬, 성수동 카페!",Coffee/Drink,keyword
"📮
시그니처라떼인 '스테포스트 블랙' 흑임자라떼가 고소하니 맛있어요:) 흑임자크림이 꾸덕하게 올라간줄 알았는데 얇게 올라가있어요!","Service, Dessert/Bakery, Coffee/Drink, Vibe",keyword
인테리어도 우드톤에 카페가 따뜻해보여요:) 야외 좌석도 있어서 날씨 좋은날에는 밖에서 마셔도 굿😀,"Dessert/Bakery, Coffee/Drink, Vibe",keyword
서울숲 오시는 분들 여기 추천드림니다~~,"Dessert/Bakery, Coffee/Drink, Vibe",keyword
샤케라또를 스테포스트에서 처음 먹어봤는데 너무 맛있어요,Coffee/Drink,keyword
"🤤 
테린느도 맛있어서 굉장히 만족한 카페였습니다 !","Dessert/Bakery, Coffee/Drink, Price",keyword
샤케라또가 진짜 맛있어서 꼭 다시 방문할 예정입니다 :),"Service, Dessert/Bakery, Coffee/Drink",keyword
"야외 공간 사진이 너무 예뻐서 들리게 된 카페 ☕️
요즘 날이 많이 풀려서 바람도 선선하니 좋았어요","Dessert/Bakery, Coffee/Drink, Vibe",keyword
오히려 밖에 있으니 대화하기도 좋아요,"Dessert/Bakery, Coffee/Drink, Vibe",keyword
"👍🏻
시그니처인 스테포스트 블랙 마셨는데 흑임자 라떼라서
달달하고 고소해서 너무 맛있었어요!!",Coffee/Drink,keyword
테린느 처음 먹어보는데 너무 맛있어요!!,Coffee/Drink,keyword
변우석배우님 팬이라 인스타보고 방문했어요~~,"Service, Dessert/Bakery, Coffee/Drink, Vibe",keyword
감성 있고 분위기가 좋네요~~,"Vibe, Coffee/Drink",keyword
프렌치토스트 맛있었어요~,Dessert/Bakery,keyword
통통이들의 집합소가 되어 있네요.,"Vibe, Coffee/Drink",keyword
"시나몬케이크 엄청 달달하고 꾸덕꾸덕해서~ 
아메리카노랑 잘 어울려요!","Dessert/Bakery, Coffee/Drink",keyword
생각보다 넓지는 않은데 손님들 많고 북적북적 핫한 카페인 것 같아요ㅋㅋ,"Dessert/Bakery, Coffee/Drink, Vibe",keyword
따뜻한 우드 인테리어가 맘에들어요!!,"Dessert/Bakery, Coffee/Drink, Vibe",keyword
커피도 오트밀크로 대체 가능하구!!,"Vibe, Service, Coffee/Drink, Price, Dessert/Bakery",keyword
디저트도 맛있어용!,Dessert/Bakery,keyword
"오랜만에  만난  통통이  덕메들~
우석투어  여기를  시작으로
다음은  성수  탬버린즈로  이동할게요","Service, Dessert/Bakery, Coffee/Drink, Vibe",keyword
자만추하길  바라며 ㅎ ㅎ,"Dessert/Bakery, Coffee/Drink",keyword
시그니처메뉴 스테포스트브라운 먹었어요~,Coffee/Drink,keyword
변우석배우님 다녀가셨다니 한번와봤어요,"Dessert/Bakery, Coffee/Drink",keyword
서울숲 갔다가 들러 커피 마시고 갔어요ㅋ,Coffee/Drink,keyword
"우석님 투어하는
분들 (저같은) 많이 계셨고 커피도 맛있었어요!","Dessert/Bakery, Coffee/Drink",keyword
커피도 너무 맛있고 지인이 같이 시킨 디저트도 넘 맛있었습니다,"Dessert/Bakery, Coffee/Drink",keyword
분위기가 좋아요!,Vibe,keyword
커피향이 너무 좋아용,Coffee/Drink,keyword
조용하고 분위기 좋아서 보자마자 들어왔어요ㅎㅎ,"Dessert/Bakery, Coffee/Drink, Vibe",keyword
사장님도 엄청 친절하세요!,"Service, Dessert/Bakery, Coffee/Drink",keyword
잘 쉬고 커피 잘 마시고 갑니당,Coffee/Drink,keyword
커피가 너무 맛있어요~!,Coffee/Drink,keyword
프렌치 토스트도 너무 맛있고 커피도 너무 맛있었어용-♡//,"Dessert/Bakery, Coffee/Drink",keyword
다음에 또 방문할게용,"Service, Dessert/Bakery, Coffee/Drink",keyword
"맨날 지나가기만 하다가,
방문했는데 느좋 느좋
커피도 맛있고, 테린느치즈 완전 꾸덕
여기 분위기랑 맛 둘 다 좋아요 :)
날 풀리면 테라스 즐기기 너무 좋을 것 같아요.","Service, Dessert/Bakery, Coffee/Drink, Vibe",keyword
담엔 크로플 먹으로 가야디,Coffee/Drink,keyword
인테리어 너무 예뿌공 커피도 맛있오요 ㅎㅎ,"Dessert/Bakery, Coffee/Drink, Vibe",keyword
"불쌍한 표정을 짓고 있는 강쥐 쿠션ㅋㅋㅋ🤎
전에 지나가다가 강아지인줄 알고 놀랬어여!","Service, Dessert/Bakery, Coffee/Drink, Vibe",keyword
리뷰 적으시면 한입 쏙쏙 디저트도 드실 수 있습니다!,"Dessert/Bakery, Coffee/Drink, Vibe",keyword
바닐라라떼 고소하고 맛있어용,Coffee/Drink,keyword
강아지 인형이 눈길을 사로잡는 곳 ..,Vibe,keyword
너무너무 맛있고 분위기가 너무 조아요!!,Vibe,keyword
강아지도 들어올 수 있는것 같아요 !,"Dessert/Bakery, Coffee/Drink, Vibe",keyword
커피향도 좋고 인테리어도 예쁩니당,"Vibe, Coffee/Drink",keyword
회사 근처에 이렇게 좋은곳이 있었다니!!!,"Vibe, Coffee/Drink",keyword
메뉴도 너무 다양하고 자주 올게여 도장쾅쾅!,"Dessert/Bakery, Coffee/Drink",keyword
지나가다 들렀는데 분위기도 아늑하니 너무 좋고 무엇보다 커피맛이 좋네요!!,"Dessert/Bakery, Coffee/Drink, Vibe",keyword
또 올거 같아요!!!!,"Dessert/Bakery, Coffee/Drink",keyword
"완전 느좋 카페,,✨ 작업하기도 좋고 매장이 안 시끄러워서 혼자 자주 올 것 같아요","Service, Dessert/Bakery, Coffee/Drink, Vibe",keyword
분위기도 너무 좋아요 ㅎㅎ,Vibe,keyword
커피도 맛있고 실내 귀여워요!,"Vibe, Coffee/Drink",keyword
분위기가 너무 예뻐요ㅎㅎ,Vibe,keyword
아늑하고 따뜻한 분위기라 좋아요,"Dessert/Bakery, Coffee/Drink, Vibe",keyword
자리도 쾌적하네요^^,"Dessert/Bakery, Coffee/Drink",keyword
성수동에서 찾기 힘든 편안한 카페예요,"Service, Dessert/Bakery, Coffee/Drink",keyword
커피가 고소하고 맛있어요!,Coffee/Drink,keyword
공간이 예쁘고 좋아요!,Vibe,keyword
자주 오겠습니당,"Dessert/Bakery, Coffee/Drink",keyword
인테리어가 멋지고 조용해서 좋아요,"Dessert/Bakery, Coffee/Drink, Vibe",keyword
나만의 느낌 좋은 카페를 찾은 기분😌,"Service, Vibe, Coffee/Drink",keyword
분위기 좋아요!!,Vibe,keyword
프토비주얼 미쳤슴… 커피도 진짜 맛있어요,Coffee/Drink,keyword
💖💖 그리고 실내가 너무 아늑함,"Dessert/Bakery, Coffee/Drink, Vibe",keyword
분위기가 아늑하고 좋아용,"Dessert/Bakery, Coffee/Drink, Vibe",keyword
찾았다,Service,keyword
조용하고 인테리어 너무 예뻐요,"Dessert/Bakery, Coffee/Drink, Vibe",keyword
우연히 지나가다 들렀는데 친절하고 편안한 분위기입니다,"Service, Dessert/Bakery, Coffee/Drink, Vibe",keyword
non coffee 메뉴도 다양해서 좋아요,"Dessert/Bakery, Coffee/Drink",keyword
따듯한 분위기라서 좋아요,Vibe,keyword
사장님도 친절하시고 음료도 맛있어요!,"Service, Dessert/Bakery, Coffee/Drink",keyword
데이트하기 좋습니당,"Dessert/Bakery, Coffee/Drink",keyword
데이트 하기 조아요,"Dessert/Bakery, Coffee/Drink",keyword
음악도 너무좋고 강아지도 편안해해요 ㅎㅎ,"Dessert/Bakery, Coffee/Drink, Vibe",keyword
아늑하고 따뜻한 감성분위기입니당.,"Dessert/Bakery, Coffee/Drink, Vibe",keyword
커피랑 프렌치토스트 조합 짱짱 추천🏅👍 밖에 앉을 공간도 있어서 날씨 풀리면 사진찍기 좋아보여요.,"Dessert/Bakery, Coffee/Drink, Vibe",keyword
(사장님이 잘생기셨어요),Service,keyword
분위기 너무 좋고 매장도 조용해서 좋았어요,"Dessert/Bakery, Coffee/Drink, Vibe",keyword
사람 많은 성수에서 편한한 장소 찾아서 너무 좋습니다!!,"Service, Dessert/Bakery, Coffee/Drink, Vibe",keyword
사장님도 친절하세요,"Service, Dessert/Bakery, Coffee/Drink",keyword
잘 먹고갑니다~!!!,Coffee/Drink,keyword
또 올게요,"Dessert/Bakery, Coffee/Drink",keyword
크림라떼는 무난무난한데 주변도 조용하고 그래서 가게 분위기는 좋아요!,"Dessert/Bakery, Coffee/Drink, Vibe",keyword
가게가 아늑하고 조용해요,"Dessert/Bakery, Coffee/Drink, Vibe",keyword
사장님이 친절하시고 음료도 맛있어용,"Service, Dessert/Bakery, Coffee/Drink",keyword
커피가 너무맛있어요,Coffee/Drink,keyword
지나가다 카페 외관이 너무 이뻐서 무작정 들어갔는데 웨이팅도 없고 실내가 이쁘네요,"Service, Vibe, Coffee/Drink",keyword
커피도 맛있고 빵도 맛있어용!!~~~~~!!!!,"Dessert/Bakery, Coffee/Drink",keyword
리뷰이벤트로 아아하나더 추가 최곱니다.,Vibe,keyword
조용하고 여유롭고 더운날씨에 잠시 휴식 좋으네요~,"Dessert/Bakery, Coffee/Drink",keyword
분위기도 좋구 커피도 맛있어요 ..!,"Vibe, Coffee/Drink",keyword
사장님 엄청 친절하시고 분위기도 좋아요 !!,"Service, Dessert/Bakery, Coffee/Drink, Vibe",keyword
커피도 맛있고 다음에 또 올거같아요 ~!~,"Dessert/Bakery, Coffee/Drink",keyword
재방문입니다,Service,keyword
테이크아웃을 주로 이용하는지라 비주얼 이 보이지 않지만 맛집데쓰,"Service, Dessert/Bakery, Coffee/Drink",keyword
스테포스트 브라운이라는 시그니쳐 커피도 너무 ㅁ맛잇고 음악도 너무 좋아요 ! ㅎㅎ,"Vibe, Coffee/Drink",keyword
"시그니처 음료 스테포스트브라운 너무 맛있어욘ㅎㅎ
카야토스트도 맛있구ㅎㅎ리뷰이벤트 하면 4500 짜리 아메리카노 공짜 입니당ㅎㅎ","Dessert/Bakery, Coffee/Drink",keyword
데이트하기 좋아요,"Dessert/Bakery, Coffee/Drink",keyword
무화과 크림치즈 크로와상 먹었는데 깔끔하게 마싯고 매장도 깔끔하고 쉬다 가기 조아용,"Dessert/Bakery, Coffee/Drink, Vibe",keyword
내부도 아늑하고 좋아요,"Dessert/Bakery, Coffee/Drink",keyword
커피도 맛있고요!,Coffee/Drink,keyword
다음에 또 올만한거 같아요,"Dessert/Bakery, Coffee/Drink",keyword
꼬소한 원두 좋아하시는 분들 정말 강추해요-,"Dessert/Bakery, Coffee/Drink",keyword
우연히 지나다 테이크아웃 이벤트하길래 마셨는데 성수 뚝섬 근방에서 탑쓰리안에 들어요,"Service, Dessert/Bakery, Coffee/Drink",keyword
"😍 
흑설탕 달고나 너트류 아로마 좋아하는 분 께 강추입니다","Dessert/Bakery, Coffee/Drink",keyword
회사 사람들이랑 방문 했어요!,"Service, Dessert/Bakery, Coffee/Drink, Vibe",keyword
인테리어가 독특하고 시원해요,"Dessert/Bakery, Coffee/Drink, Vibe",keyword
분위기도 좋고 음악이 제스타일이네요,"Vibe, Coffee/Drink",keyword
시그니처커피 맛있어요,Coffee/Drink,keyword
커피가 맛있어요~,Coffee/Drink,keyword
찐강아지인줄 알았어요 ㅋㅋㅋㅋㅋ,Service,keyword
"여기 마스코트인듯~~~
잘생긴 분이 커피도 맛있게 내려줍니당",Coffee/Drink,keyword
하와이안 에이드?,Coffee/Drink,keyword
패션후르츠+망고몇개,Dessert/Bakery,keyword
지나가다가 인테리어가 예뻐서 들어왔는데 실내도 너무 이뻐요~,Vibe,keyword
안에 빔도 있어서 더 이쁘고 음료랑 디저트 맛있었어용~!!,"Dessert/Bakery, Coffee/Drink, Vibe",keyword
처음 와봤는데 시그니처 커피가 너무 맛있습니다,"Dessert/Bakery, Coffee/Drink",keyword
자주 올 것 같아요!,"Dessert/Bakery, Coffee/Drink",keyword
맛나고 분위기가 좋아요!,Vibe,keyword
인테리어도 깔끔하고 커피도 맛있어요~~,"Dessert/Bakery, Coffee/Drink, Vibe",keyword
친절하구요!,"Service, Dessert/Bakery, Coffee/Drink",keyword
커피랑 음료 디저트까지 다 너무 취저임,"Dessert/Bakery, Coffee/Drink",keyword
점심시간에 자주 오는 카페에용!,"Dessert/Bakery, Coffee/Drink",keyword
아늑하고 조아용,"Dessert/Bakery, Coffee/Drink",keyword
우연히 지나가다 테이크아웃 했는데 커피가 괜찮아요,"Service, Dessert/Bakery, Coffee/Drink",keyword
"아아 한모금 먹었는데 깊고 진하면서 쓰지 않고
맛있음",Coffee/Drink,keyword
인테리어도 과하지 않고 편안함!!,"Dessert/Bakery, Coffee/Drink, Vibe",keyword
재방문예정,Service,keyword
너무 맛있고 친절하세요 :),"Service, Dessert/Bakery, Coffee/Drink",keyword
라떼 진하고 맛있어요!,Coffee/Drink,keyword
공간도 은근 널찍하니 수다떨기 좋습니다,"Dessert/Bakery, Coffee/Drink, Vibe",keyword
"분위기도 좋고
커피도 맛있어요!","Vibe, Coffee/Drink",keyword
브라운케이크 꼭드세요,Dessert/Bakery,keyword
커피도 맛있고 음악이랑 분위기도 좋아요.,"Vibe, Coffee/Drink",keyword
사장님도 완전 친절하심 !,"Service, Dessert/Bakery, Coffee/Drink",keyword
"인테리어가 아늑해보여서 들어왔는데 
매장이 아기자기하고 커피랑 자몽에이드 맛있어요!!!","Dessert/Bakery, Coffee/Drink, Vibe",keyword
음료 너무 맛있고 최고에요,Coffee/Drink,keyword
한낮에 갔는데 통화해서 시끄러울까봐 밖에서 먹었는데 더울까봐 얼음물도 주시고ㅜ 진짜 친절해서 감동이었습니다,"Service, Dessert/Bakery, Coffee/Drink, Vibe",keyword
"커피도 좋구, 나중에 집와서 먹었던 무화과 치즈 크로와상?","Dessert/Bakery, Coffee/Drink, Vibe",keyword
위 사진은 제가 이미 가위로 잘라버리고 찍었지만 원래 모양은 예뻤답니닷..,"Dessert/Bakery, Vibe",keyword
이사가기 직전에 알게 돼서 아쉬운 카페..,Coffee/Drink,keyword
재방문의사 120% 카페입니당 :),"Service, Coffee/Drink",keyword
하나같은 아담한카페에요,"Dessert/Bakery, Coffee/Drink",keyword
성수산책하다 더울때 잠시 쉬어가기좋아요,"Dessert/Bakery, Coffee/Drink",keyword
커피 논커피 맥주까지 메뉴가 다양해요.,"Dessert/Bakery, Coffee/Drink",keyword
여기 분위기도 좋고 음식도 깔끔해요,"Dessert/Bakery, Coffee/Drink, Vibe",keyword
회사 근처라 자주 갈 듯해요,"Dessert/Bakery, Coffee/Drink",keyword
분위기 좋은 카페 추천👍,"Vibe, Coffee/Drink",keyword
동네 주택가에 위치해 있는데 완전 맛있는 카페입니다,"Position, Dessert/Bakery, Coffee/Drink, Vibe",keyword
작은 공간을 다양하게 꾸며서 좁지 않게 느껴져요,"Dessert/Bakery, Coffee/Drink, Vibe",keyword
시그니처 메뉴인 브라운 커피 마셨는데 달달하고 진한 크림에 맛있는 에스프레소까지 잘 어울려 최고네요,"Vibe, Coffee/Drink",keyword
나중에 또 일부러 찾아오고 싶은 맛집입니다,Vibe,keyword
지나가면서 매번 봤었는데 카페가 참 이뻐요,"Vibe, Coffee/Drink",keyword
커피도 맛있고 미숫가루를 시켰는데 ㅋㅋㅋ 할머니가 타주신 거 같아요,"Dessert/Bakery, Coffee/Drink",keyword
커피가 특히 맛있어요!!,Coffee/Drink,keyword
가게도 깔끔하니 좋습니당,"Dessert/Bakery, Coffee/Drink, Vibe",keyword
여기 분위기 좋고 예뻐요 !,Vibe,keyword
💛 다음에 또 올게요,"Dessert/Bakery, Coffee/Drink",keyword
대성갈비 먹구 지나가다 예뻐서 들어왔어요.,"Vibe, Coffee/Drink",keyword
우드인테리어가 너무 예쁘고 음악이 좋아서 분위기가 더 사네요!!,Vibe,keyword
살짝 산미있는 아메 마시니 산뜻하고 맛있어요!!,"Dessert/Bakery, Coffee/Drink, Vibe",keyword
카페 분위기가 너무 좋고 사람이 많지가 않아,"Dessert/Bakery, Coffee/Drink, Vibe",keyword
여유롭고 힐링하니 좋네요!,"Dessert/Bakery, Coffee/Drink",keyword
인테리어도 우드 우드해서 감성있고 마음에 들어요!,"Dessert/Bakery, Coffee/Drink, Vibe",keyword
케이크랑 음료수도 맛있답니다,Dessert/Bakery,keyword
완전 추천!,Vibe,keyword
"커피도 디저트도 비주얼부터 합격이고
맛도 좋아요.","Dessert/Bakery, Coffee/Drink",keyword
날씨도 좋은데 스테포스트 분위기에 기분이 더 좋아졌네용.,Vibe,keyword
야외공간도 예뻐서 넘나 좋아요.,"Vibe, Coffee/Drink",keyword
"커피도 진하고 딱 꼬숩고❤️
친절한 훈남사장님 또 올께여~~","Service, Dessert/Bakery, Coffee/Drink",keyword
커피가 맛있고 사장님이 친절해요 ~,"Service, Dessert/Bakery, Coffee/Drink",keyword
지나가는 길에 카페가 눈에 뛰어서 들어갔어요~!,Coffee/Drink,keyword
시그니처 메뉴가 있고 디저트도 맛있어요,"Dessert/Bakery, Coffee/Drink, Vibe",keyword
성수동 메인 길에서 조금만 벗어나면 만날 수 있는 조용하고 아늑한 감성의 카페에요,"Dessert/Bakery, Coffee/Drink, Vibe",keyword
커피 진하고 맛있고 무화과 크림치즈 존맛탱!!!!!!,"Dessert/Bakery, Coffee/Drink",keyword
항상 지나가다가 궁굼해서 방문했습니다~,"Service, Dessert/Bakery, Coffee/Drink",keyword
유니크하고 좋아용!,"Dessert/Bakery, Coffee/Drink",keyword
분위기도 너무좋고 맛있어요!!,Vibe,keyword
인테리어도 예쁘고 분위기도 넘 좋아요.,Vibe,keyword
또 방문하겠습니다 :),"Service, Dessert/Bakery, Coffee/Drink",keyword
바닐라 라떼 좋아해서 아바라만 먹는데 여기 아바라 맛나요!!,Coffee/Drink,keyword
고소하니 바닐라빈라떼 맛납니다!!,Coffee/Drink,keyword
추천추천!,Vibe,keyword
안에 대화하기도 좋구 커플끼리 와서 성수 구경하다 쉬어가기 딱 좋은거같애요 :),"Dessert/Bakery, Coffee/Drink",keyword
우연히 분위기가 좋아 보여서 들어온 카페인데 음료도 맛있고 커피가 산미랑 고소함이 적당히 있어서 맛있어요!!,"Vibe, Coffee/Drink",keyword
다음에는 브라운케이크 먹으러올게영!!,"Dessert/Bakery, Coffee/Drink",keyword
디저트도 맛나구 커피맛도 진하구 맛있어용 :),"Dessert/Bakery, Coffee/Drink",keyword
사장님이 엄청 친절하시고 메뉴도 다양해서 좋아요! ♡,"Service, Dessert/Bakery, Coffee/Drink",keyword
성수동치고 가격도 저렴해서 앞으로 자주 올 것 같습니당 (🎀ॣ•͈з•͈ ॣ),"Dessert/Bakery, Coffee/Drink, Price",keyword
다른 카페 가다가 예뻐서 들렀어요!,"Vibe, Coffee/Drink",keyword
친절하시구 맛있어요 ㅎㅎ,"Service, Dessert/Bakery, Coffee/Drink",keyword
나무로 된 인테리어가 멋스럽고 편안하네요,"Dessert/Bakery, Coffee/Drink, Vibe",keyword
커피향도 너무 좋아요,Coffee/Drink,keyword
"혼자 커피한잔 시켰는데~
아이 디저트를 챙겨주시네요~^^","Dessert/Bakery, Coffee/Drink",keyword
감사합니다!!!!,"Dessert/Bakery, Coffee/Drink",keyword
나들이왔다 흑임자라떼랑 맥주 마셨어요.,"Dessert/Bakery, Coffee/Drink",keyword
장소도 예쁘고 음료도 맛있어요.,"Vibe, Coffee/Drink",keyword
직원분도 정말 친절하십니다.,"Service, Dessert/Bakery, Coffee/Drink",keyword
새로 생긴 카페예요!,Coffee/Drink,keyword
회사근처라 오늘 두번째 방문인데 커피 맛있어요,"Service, Coffee/Drink",keyword
엄청 맛있진 않고 양 많아보이는데 적어용 인테리어는 예뻣어요,"Vibe, Coffee/Drink",keyword
분위기가 좋네요!,Vibe,keyword
번창하세요~~,"Dessert/Bakery, Coffee/Drink",keyword
"완전 mz 감성 가득한 카페를 찾았어요:))
우연히 찾아서 온건데 커피랑 빵 모두 다 맛있네요.","Service, Dessert/Bakery, Coffee/Drink",keyword
"음악도 힙하고요^^
빠르게 품절된 베이커리 먹으러 나중에 또 와야겠어요","Dessert/Bakery, Coffee/Drink, Vibe",keyword
커피 맛도리!,Coffee/Drink,keyword
티도 깊고맛있어용,Coffee/Drink,keyword
인테리어 멋잇고 좋아오,"Dessert/Bakery, Coffee/Drink, Vibe",keyword
커피랑 디저트 모두 맛있고 친절하셔요!,"Service, Dessert/Bakery, Coffee/Drink",keyword
매장도 깨끗하고 이야기 나누기 좋았습니다,"Dessert/Bakery, Coffee/Drink, Vibe",keyword
"핫한 성수동 카페 
넘넘 맛있자나용 ㅠㅠ 
크레커 솔드아웃 실화?",Coffee/Drink,keyword
담에 빨리와야겠어요 ㅋㅋㅋㅋ,"Dessert/Bakery, Coffee/Drink",keyword
커피 너무 맛있고 분위기도 너무 좋아요!,"Vibe, Coffee/Drink",keyword
분위기도 좋고 라떼 맛집이에요~,"Vibe, Coffee/Drink",keyword
매장도 너무 이쁘고 커피도 너무 맛있구 직원분들도 너무 친절하시고 너무 재밌어요 ㅋㅋㅋㅋ,"Service, Dessert/Bakery, Coffee/Drink, Vibe",keyword
지나가다가 분위기가 너무 이뻐서 들렀는데 생각했던것보다 너무 모든게 다 좋아서 성수오게되면 또 여기 올 것 같아요!,"Dessert/Bakery, Coffee/Drink, Vibe",keyword
"사진찍기도 너무 좋고 쾌적하고 무엇보다 분위기가 진짜 제가 좋아하는 분위기였어서 좋았습니댜,,,","Dessert/Bakery, Coffee/Drink, Vibe",keyword
"재방문의사 100퍼에오 징쨔,,,",Service,keyword
커피가 맛있고 엄청 친절하세요~,"Service, Dessert/Bakery, Coffee/Drink",keyword
딸기코코에이드도 공차처럼 씹히는 토핑이 있는데 상큼 달달하니 너무 달지 않아서 좋아요,"Vibe, Coffee/Drink",keyword
🍓성수동에 가격 합리적인 예쁜 카페여서 너무 좋아요,"Vibe, Coffee/Drink, Price",keyword
우연히 발견했는데 인테리어도 예쁘고 사진도 잘 나와요!,"Dessert/Bakery, Coffee/Drink, Vibe",keyword
포스터에 있는 케이크가 너무 맛읶어 보여서 바로 시켰어요!!!!!!!ㅜㅜㅜㅜ,"Dessert/Bakery, Coffee/Drink, Vibe",keyword
그리고 우드톤 좋아하는 저로선 커페 넘 이쁘고ㅜㅜ 위치도 넘 사람 안몰리고 좋은거 가태요ㅜ,"Position, Dessert/Bakery, Vibe",keyword
🩷🩷🩷 성수 올때마다 올 것 같네요,"Dessert/Bakery, Coffee/Drink",keyword
커피도 맛있고 카페도 넘 예뻐요,"Vibe, Coffee/Drink",keyword
성수동 > 뚝섬쪽 골목 들어오자마자 바로 있어요!,"Position, Vibe, Coffee/Drink",keyword
자리도넓고 친절하고 분위기도 좋아요 :),"Service, Dessert/Bakery, Coffee/Drink, Vibe",keyword
"친구랑 여행계획 짜려고 카페 찾다가 우연히 들어갔는데
음악도 취향저격..","Service, Vibe, Coffee/Drink",keyword
너무 좋고 커피도 고소하니 맛있고...,Coffee/Drink,keyword
"❤️
무엇보다 사장님이 정말 친절하셔서 좋았어요","Service, Dessert/Bakery, Coffee/Drink",keyword
"🫶🏻
사장님 지인분?",Service,keyword
귀요미 감상하느라 사진은 못찍..ㅎㅎ),"Dessert/Bakery, Coffee/Drink",keyword
서비스도 감사히 잘 먹었습니다,"Service, Coffee/Drink",keyword
"아ㅏ🌸
덕분에 기분좋게 항공권 끊은 것 같아요 :)🩵","Dessert/Bakery, Coffee/Drink, Vibe",keyword
분위기도 좋지만 무엇보다 커피가 너무 맛있어요.,"Vibe, Coffee/Drink",keyword
"좋은 원두 쓰시는듯ㅋㅋ머신도 좋은거 쓰시구ㅋㅋ
아메리카노가 진짜 맛있습니다.",Coffee/Drink,keyword
커피 포스터에 이끌려 바아로 들어와버린 이 카페..,"Vibe, Coffee/Drink",keyword
커피맛집이다.....,Coffee/Drink,keyword
"🥹❤️
이 카페의 장점 : 사장님이 너무 잘생겼다 + 커피가 맛있다 +","Service, Coffee/Drink",keyword
인테리어가 너무 뽀짝하다 +,"Dessert/Bakery, Coffee/Drink, Vibe",keyword
고로 완벽하다.,"Dessert/Bakery, Coffee/Drink",keyword
다들 일로와,"Dessert/Bakery, Coffee/Drink",keyword
여기 한적하니 아주좋아요ㅠㅠ!,"Dessert/Bakery, Coffee/Drink",keyword
"성수동 예쁘고 커피맛있으면 사람많아서 짜증나는데 여기는 너무너무 한적하고 좋아용,, ❤️ 아무튼 너무 추천해버려~","Dessert/Bakery, Coffee/Drink, Vibe",keyword
"사장님 너무너무 스윗하셔서 반함🥹
커피도 디저트도 맛있어요","Service, Dessert/Bakery, Coffee/Drink",keyword
"커피는 산미가 조금 강해서
제 취향은 아니었지만
같이 주문한 로투스 케이크가
너무너무 맛있고 좋았습니다","Service, Dessert/Bakery, Coffee/Drink",keyword
"물기 짠 두부에 크림을 올린 느낌의 맛
거기에 로투스의 달콤함이 합쳐져 너무 맛있었음","Dessert/Bakery, Coffee/Drink",keyword
산미 강한 커피가 케잌이랑 잘 어울렸어요,Coffee/Drink,keyword
커피 맛있게 잘먹고가요~~~,Coffee/Drink,keyword
가게가 청결하고 사장님도 너무 귀여우셔요!!,"Service, Dessert/Bakery, Coffee/Drink, Vibe",keyword
회사에서 점심먹고 커피 땡겨서 며칠 전부터 찾아다녔는데 커피를 잘 모르지만  크림이랑 조화가 꽤 좋았어요.ᐟ,"Dessert/Bakery, Coffee/Drink",keyword
항상 성수동 오면 들리는 카페!,"Dessert/Bakery, Coffee/Drink",keyword
커피는 물론이고 특히 브라운케이크가 너무너무 맛있어요!,"Dessert/Bakery, Coffee/Drink",keyword
분위기 좋고 커피도 맛있어요,"Vibe, Coffee/Drink",keyword
햇살 맛집 카페✨,Coffee/Drink,keyword
매장도 넘 깔끔하고 인테리어도 예쁘규 좋아요~~~!,"Dessert/Bakery, Coffee/Drink, Vibe",keyword
인테리어 분위기가 갬성 낭낭해서 너무 좋아요,"Dessert/Bakery, Coffee/Drink, Vibe",keyword
🫶🏻 이번에는 테이크아웃해서 먹었는데 다음에는 앉아서 먹고싶네용..,"Service, Dessert/Bakery, Coffee/Drink",keyword
🩷 음료도 맛있습니다,Coffee/Drink,keyword
앙 ~~ 감성•음료 맛집입니다,Coffee/Drink,keyword
너무 친절하고 맛있어요,"Service, Dessert/Bakery, Coffee/Drink",keyword
인테리어도 이뻐서 담엔 여유있게 있다 오고싶어요,"Dessert/Bakery, Coffee/Drink, Vibe",keyword
아메리카노가 맛있는 곳이라 시그니처 커피도 진짜 맛있다,"Vibe, Coffee/Drink",keyword
브라운치즈가 올라간 스테포스트브라운 추천해요,"Dessert/Bakery, Coffee/Drink, Vibe",keyword
분위기좋고 커피도 무화과크로아상도 너무 맛나요^^,"Dessert/Bakery, Coffee/Drink, Vibe",keyword
날씨좋은날 야외에 앉으면 성수갬성 굿굿,Dessert/Bakery,keyword
"맛도 있고
치즈토핑?","Dessert/Bakery, Coffee/Drink, Vibe",keyword
색다른 커피~~!!,Coffee/Drink,keyword
"성수동 나들이 하다 우연히 들렀는데,
야외 좌석도 있고, 사장님도 친절하시고
너무 좋네요 ^^","Service, Dessert/Bakery, Coffee/Drink, Vibe",keyword
지나가다 분위기 좋아서 들어왔는데 커피맛도 좋고 만족스럽네요!!,"Vibe, Coffee/Drink, Price",keyword
이 동네 살았으면 자주 왔을듯 합니당,"Dessert/Bakery, Coffee/Drink",keyword
다음에 또 오고싶어요,"Dessert/Bakery, Coffee/Drink",keyword
아늑한 분위기의 카페입니다.,"Dessert/Bakery, Coffee/Drink, Vibe",keyword
커피도 맛있어요!!,Coffee/Drink,keyword
커피도 맛있고 케잌도 맛있어요,Coffee/Drink,keyword
❣️ 강아지 쿠션에 이끌려 들어왔는데 분위기도 좋고 예뻐요!,Vibe,keyword
라떼맛집이에요!,Coffee/Drink,keyword
라떼 진하고 맛있는데 디저트는 더 맛있어요.,"Dessert/Bakery, Coffee/Drink, Vibe",keyword
특히 무화과 크림치즈 크로와상👍👍 맛잘알이 신박한 조합으로 만든 디저트같아요!,"Dessert/Bakery, Coffee/Drink, Vibe",keyword
직원분들도 다 친절하시고 날 좋은날 밖에서 먹어도 좋을거같은 곳이에요.,"Service, Dessert/Bakery, Coffee/Drink, Vibe",keyword
또 올게요!,"Dessert/Bakery, Coffee/Drink",keyword
지나가다 눈에 띄는 곳이 보이길래 들어와봤습니다,"Vibe, Coffee/Drink",keyword
커피는 꽃향기와 산미가 적당히 느껴지고 잔향이 오래남아 좋았고 매장도 따뜻하고 노래도 잔잔하게 나와서 편하게 있다가 가기에 좋았어요,"Dessert/Bakery, Coffee/Drink, Vibe",keyword
분위기도 좋고 커피가 맛있어용!,"Vibe, Coffee/Drink",keyword
새로 생긴 힙한 성수카페 !!,"Dessert/Bakery, Coffee/Drink, Vibe",keyword
카야버터토스트가 있다니 넘 반갑네요,"Dessert/Bakery, Coffee/Drink, Vibe",keyword
디저트도 맛있고 음료도 맛있고 인테리어도 깔끔하고 노래까지 좋아요,"Dessert/Bakery, Coffee/Drink, Vibe",keyword
두둠칫 행복한 저녁 💖,"Dessert/Bakery, Coffee/Drink, Vibe",keyword
분위기 너무 좋아요!!,Vibe,keyword
인테리어 최고 👍🏻👍🏻 커피도 맛있어요.,"Vibe, Coffee/Drink",keyword
자주 올게요.,"Dessert/Bakery, Coffee/Drink",keyword
제가 딱 좋아하는 우드톤 카페를 찾았어요 ㅎㅎ,"Service, Vibe, Coffee/Drink",keyword
뚝섬 주변에 많이 찾으러 다녔는데 드디ન ㅠㅠ 앞으로 자주 애용 할게요,"Service, Dessert/Bakery, Coffee/Drink",keyword
그리구 사장님도 나긋나긋 엄청 친절하세용,"Service, Dessert/Bakery, Coffee/Drink",keyword
매장 아늑하고 자리마다 공간이 넓어서 쉬어가기 좋구 직원분들 친절해요,"Service, Dessert/Bakery, Coffee/Drink, Vibe",keyword
분위기 좋고!,Vibe,keyword
커피 한잔 딱 마시고 거닐기 좋아요,Coffee/Drink,keyword
매장 분위기가 너무 깔끔하고 디저트도 넘 맛있어요 ㅠㅠㅠ,"Dessert/Bakery, Coffee/Drink, Vibe",keyword
딸기라떼 시켜먹었는데 강추입니당...,Coffee/Drink,keyword
무난한 커피 집,"Dessert/Bakery, Coffee/Drink, Vibe",keyword
커피도 디저트도 너무너무 맛있어요,"Dessert/Bakery, Coffee/Drink",keyword
"🤍
재방문의사 1000%!",Service,keyword
직원분도 너무 친절하세요,"Service, Dessert/Bakery, Coffee/Drink",keyword
인테리어가 예쁘고 딸기우유가 맛잇어요,Vibe,keyword
직장 근처에 있어서 차한잔 테이크 아웃하러 왔어요~!,"Dessert/Bakery, Coffee/Drink, Vibe",keyword
분위기 전환😊,Vibe,keyword
뚝섬역 근처에 새로 생긴 카페라 해서 찾아왔는데 커피 외에 티종류도 많고 디저트도 다양해요,"Position, Dessert/Bakery, Coffee/Drink",keyword
"뚝섬역 인근 조용한 골목에 위치해 있는 카페
스테포스트","Position, Dessert/Bakery, Coffee/Drink, Vibe",keyword
"입구 외관이 정말 멋졌던 카페
내부 공간은 다소 좁아서 아쉬웠다","Dessert/Bakery, Coffee/Drink, Vibe",keyword
"🫠
커피와 토스트 둘 다 무난하며
재방문은 글쎄🙄","Service, Dessert/Bakery, Coffee/Drink",keyword
중곡동에 있을때 커피랑 디저트가 너무 맛있어서 자주 갔었는데… 이사 갔다고해서 왔는데 더 이쁘고 맛있어졌네요,"Dessert/Bakery, Coffee/Drink, Vibe",keyword
"👍🏻
자주 오겠습니다~~","Dessert/Bakery, Coffee/Drink",keyword
흑임자라떼랑 카야토스트 먹고 싶어서 찾아왔어요!,"Dessert/Bakery, Coffee/Drink",keyword
제가 좋아하는 원목 인테리어❤️ 분위기도 좋아요,Vibe,keyword
다음에 성수오면 또 오고싶은 곳이예여,"Dessert/Bakery, Coffee/Drink, Vibe",keyword
커피도 맛있고 분위기도 좋네요!!,"Vibe, Coffee/Drink",keyword
맛난 디저트도 많아보여요.,"Dessert/Bakery, Coffee/Drink",keyword
또 먹으러 올게요,"Dessert/Bakery, Coffee/Drink",keyword
흑임자 라떼 맛있어요!,Coffee/Drink,keyword
다음에 또 올게여~~~,"Dessert/Bakery, Coffee/Drink",keyword
"키리모찌를 구워먹을 수 있고
생각보다 떡을 많이 주셔서
배부르게 먹었어요 ㅎㅎ","Vibe, Coffee/Drink",keyword
채광도 좋고 분위기도 좋습니당~,Vibe,keyword
커피가 친절하고 직원이 맛있어요;;,"Service, Dessert/Bakery, Coffee/Drink",keyword
"인테리어가 이뻐서 방문했는데
커피맛도 좋아요.","Service, Dessert/Bakery, Coffee/Drink, Vibe",keyword
딸기라떼 상큼하고 맛있어요~!,Coffee/Drink,keyword
다음은 카야토스트 먹으로 와야겠네요 ㅎㅎ,"Dessert/Bakery, Coffee/Drink",keyword
아늑하고 분위기가 좋아요,"Dessert/Bakery, Coffee/Drink, Vibe",keyword
다음에 또 올게요,"Dessert/Bakery, Coffee/Drink",keyword
뚝섬역 근처에 이런카페가!,"Position, Coffee/Drink",keyword
"2시쯤오니 채광도 좋고ㅎㅎ
사장님 훈훈 친절하셔요!!!","Service, Dessert/Bakery, Coffee/Drink",keyword
"음악도 좋고 커피,디저트 다 맛있네요!!!","Dessert/Bakery, Coffee/Drink, Vibe",keyword
라떼맛있어여,Coffee/Drink,keyword
분위기맛집!,Vibe,keyword
너무이뻐요,Vibe,keyword
잘 이용하고 갑니다ㅎㅎ,"Dessert/Bakery, Coffee/Drink",keyword
성수동에 있는 카페 중에 커피 맛있는 편이에요!!,"Vibe, Coffee/Drink",keyword
처음 와봤는데 커피 너무 맛있어요,"Dessert/Bakery, Coffee/Drink",keyword
"😊
앞으로 자주 올게요!!","Dessert/Bakery, Coffee/Drink",keyword
맘에드는 인테리어와 맛있는 커피덕분에 연휴 마무리 잘하고갑니다ㅎㅎ,"Dessert/Bakery, Coffee/Drink, Vibe",keyword
"성수동에 최애카페가 생겨서 넘 조흠~
매장 무드나 음악이 너모 좋습니당","Vibe, Coffee/Drink",keyword
"🎵
사장님 두분 친절하시구 항상 웃상 에쁘심..","Service, Dessert/Bakery, Coffee/Drink",keyword
최애는 라떼랑 흑임자라떼 ☕️ 자몽에이드!,Coffee/Drink,keyword
카야토스트도 맛도리,Dessert/Bakery,keyword
💞 자주 올게용,"Dessert/Bakery, Coffee/Drink",keyword
크림커피와 브라운치즈의 조합이라니 맛없없!!,"Dessert/Bakery, Coffee/Drink",keyword
크림도 너무 달지않고 커피와 잘 어울려요,Coffee/Drink,keyword
직원분들도 너무 친절하게 응대해주시고 종종 재방문 할것같아요,"Service, Dessert/Bakery, Coffee/Drink",keyword
다만 인스타갬성의 의자와 테이블 높이가 같은 좌석이 메인이라 다른자리 이용하긴했어요,"Dessert/Bakery, Coffee/Drink",keyword
날 좋으면 밖에서 마시는 것도 분위기 있을것같아요!,"Dessert/Bakery, Coffee/Drink, Vibe",keyword
신상 핫플 커피 맛집 발견,Coffee/Drink,keyword
자주 올게요 번창하세요,"Dessert/Bakery, Coffee/Drink",keyword
멋지고 친절한 직원분들 ⭐️⭐️⭐️⭐️⭐️,"Service, Dessert/Bakery, Coffee/Drink",keyword
그냥 크림라떼도 맛있지만 흑임자라떼 맛집!!!,Coffee/Drink,keyword
너무 맛있어서 생각날거같아용,Dessert/Bakery,keyword
다음에또 올게요!!,"Dessert/Bakery, Coffee/Drink",keyword
멀리서 갔는데 주차가 안되서 좀 아쉬웠어요..!,Position,keyword
커피는 모르겠으나 크로플이 맛있네요,Coffee/Drink,keyword
감성 테이블이라 개인적으로 먹기 불편합니다,"Dessert/Bakery, Coffee/Drink",keyword
친절함은 모르겠네요,"Service, Dessert/Bakery, Coffee/Drink",keyword
분위기는 좋아요,Vibe,keyword
가게 분위기 넘 예뻐여..,Vibe,keyword
커피도 맛있고 단골 예약입니당..,Coffee/Drink,keyword
카페 분위기 너무 제가 좋아하는 스탈!!,"Vibe, Coffee/Drink",keyword
밖에 앉아있으니깐 힐링이였어요,"Vibe, Coffee/Drink",keyword
낮에 와봤는데 해지는 밤에도 궁금해지네요,"Dessert/Bakery, Coffee/Drink, Vibe",keyword
커피도 진짜 맛있어서 친구랑 또 오기로 했어요ㅎㅎ,"Dessert/Bakery, Coffee/Drink, Vibe",keyword
"흑임자 고소 그 자체 
제가 마셔본 흑임자 커피중에 원탑입니다!",Coffee/Drink,keyword
시그니쳐 커피와 음료가 맛있었어요 !,Coffee/Drink,keyword
중곡동에 이런 멋진 곳이 있다니 너무 좋네요 ✨,"Vibe, Coffee/Drink",keyword
집근처에 있어서 자주 가요~,"Vibe, Coffee/Drink",keyword
이런 곳이 집근처라 너무 좋아요 :) 커피 맛있고 분위기도 좋고 디저트도 맛있어요~,"Dessert/Bakery, Coffee/Drink, Vibe",keyword
일하는 분에 따라 커피 맛이 달라지는게 아쉽지만 그래도 굿,"Dessert/Bakery, Coffee/Drink",keyword
최애 흑임자 라떼 🩵 및 다른 음료도 다 맛있음-!,Coffee/Drink,keyword
친절하시고 맛없지않아요,"Service, Dessert/Bakery, Coffee/Drink",keyword
근데 그렇다고 맛있지도않고 애매한 ...ㅠ,"Dessert/Bakery, Coffee/Drink",keyword
흑임자라떼맛은애매해요,"Dessert/Bakery, Coffee/Drink",keyword
동네에 이렇게 멋진 카페가 있는 줄 몰랐네요.,"Service, Vibe, Coffee/Drink",keyword
스테포스트 라떼 먹었는데 크림이 많이 달지 않구 맛있었어요!,Coffee/Drink,keyword
라떼도 너무 꼬숩고 맛있네요~,Coffee/Drink,keyword
좌석은 낮은테이블이라 작업보다는 산책중 커피한잔 하고 가기 좋을것같아요!,"Service, Dessert/Bakery, Coffee/Drink",keyword
울 엄마네 앞에 생긴 카페~~오잉~갬성뿜뿜 대표커피인 스터포드라떼 아이스 먹었는데 오잉~~진짜 맛있네요^^,"Dessert/Bakery, Coffee/Drink",keyword
담에 오면 러스크도 먹어봐야징~~~ㅎㅎ,"Dessert/Bakery, Coffee/Drink",keyword
대박나세요^^,Coffee/Drink,keyword
"놀이터 앞에 카페라 저녁에도 좋아요,
걸어걸어 오다보니 이런 곳이 있다니
크로플이랑 진한 커피맛이랑 너무 잘 어울려요.","Service, Dessert/Bakery, Coffee/Drink, Vibe",keyword
먹어본 크로플 중에 바삭함 최고조👍🏻✨ 제일바삭해 라며 먹었습니다.,"Dessert/Bakery, Coffee/Drink",keyword
분위기도 좋고 스피커 음질듀 좋고 밖깥쪽에 공간에도 테이블이 있어서 여유로워요,"Vibe, Coffee/Drink",keyword
3번째 방문이에요~,Service,keyword
동네에 강아지 동반 카페는 많아도 강아지가 앉아있기 불편한 곳들이 많은데 여기는 강아지도 편하게 앉아있을 수 있어서 좋아요!!,"Dessert/Bakery, Coffee/Drink, Vibe",keyword
"🐾❤️
그리고 스테포스트 라떼에 어글리 러스크는 사랑입니다...","Dessert/Bakery, Coffee/Drink",keyword
직원분들 너무 친절하시구 강아지도 너무 이뻐해주셔서 갈때마다 기분이 좋아지는 카페는 여기가 처음이에요,"Service, Dessert/Bakery, Coffee/Drink, Vibe",keyword
"사장님 친절하시고
커피 맛있어요","Service, Dessert/Bakery, Coffee/Drink",keyword
커피를 좋아해서 여러카페를 많이 다녀봤지만 아인슈페너만큼은 여기가 제일 맛있는거같아요!^^,"Dessert/Bakery, Coffee/Drink",keyword
힙한 신상 카페!,"Dessert/Bakery, Coffee/Drink, Vibe",keyword
아인슈페너 크림에 러스크 찍어먹으면 진짜 맛있어요!!,Coffee/Drink,keyword
동네에 좋은카페에 생긴거같아서 정말 좋네요,"Dessert/Bakery, Coffee/Drink",keyword
크림라떼 맛있어요,Coffee/Drink,keyword
"지나가다 가오픈해서 왔는데 노래도 좋고
의자도 너무 편하고 통창이 너무 예뻐요","Dessert/Bakery, Coffee/Drink, Vibe",keyword
매장 구조가 좀 특이한...,"Dessert/Bakery, Coffee/Drink, Vibe",keyword
지나가다 커피 한잔 테이크아웃 하기 좋아요.,"Service, Dessert/Bakery, Coffee/Drink",keyword
커피맛있어요 !,Coffee/Drink,keyword
"맛있었고
점원언니 센스 있어요","Vibe, Coffee/Drink",keyword
"포크 두개 주셨다가 
한명 더 있으니 얼른 한개 더 꺼내주시는 센쑤!!","Dessert/Bakery, Coffee/Drink, Vibe",keyword
오랫만에 성수와서 커피숍 찾다 들어왔는데요.,"Service, Dessert/Bakery, Coffee/Drink",keyword
인테리어도 이쁘고 커피도 맛있어요~!,"Vibe, Coffee/Drink",keyword
최근 알게된 커피 맛집… 그냥 커피에 진심이다.,Coffee/Drink,keyword
"시그니처 코스 필수이고 커피로 할 수 있는
다양한 맛이 있는 집… 당근 대형 프랜차이즈보다
맛, 가격, 분위기…음악도 훨씬 앞서는 곳!","Price, Dessert/Bakery, Coffee/Drink, Vibe",keyword
앞에 공영주차 라인 있어서 주차했어요,"Vibe, Service, Position, Coffee/Drink, Dessert/Bakery",keyword
넓고 좋아요 ㅎ,Vibe,keyword
카페 찾다 발견했는데 자리도 많고 대화하기도 편해서 너무 잘 쉬다가요ㅠㅠ💛💛,"Service, Dessert/Bakery, Coffee/Drink",keyword
"성수에서 쇼핑하다가 가볍게 들린 카페인데
인테리어도 예쁘고 
저녁에가서 소금빵은 못먹어서 아쉽지만 
커피도 맛있어서 다음에 오면 커피랑 꼭 먹고 싶네요!","Dessert/Bakery, Coffee/Drink, Vibe",keyword
다양한 에스프레소 메뉴가 있어요.,"Dessert/Bakery, Coffee/Drink, Vibe",keyword
매장이 깨끗하고 넓어요.,"Dessert/Bakery, Coffee/Drink, Vibe",keyword
맛있는 소금빵,Dessert/Bakery,keyword
성수 구경하다가 들어와봤어요~!,"Dessert/Bakery, Coffee/Drink",keyword
매장도크고 의자도 편하게있다 갈수있네요!,"Service, Vibe, Coffee/Drink",keyword
대기시간도 많이 없이 음료들도 빨리빨리 나오는것같아요,"Service, Dessert/Bakery, Coffee/Drink",keyword
성수동 놀러 왔다가 들어 왔는게 시그니처 메뉴가 많네요^^,"Dessert/Bakery, Coffee/Drink",keyword
여자친구와의 하루를 더 행복하게 보낼 수 있게 도와준 소금빵 맛집 인증합니다 ㅎㅎ,"Dessert/Bakery, Coffee/Drink, Vibe",keyword
인테리어가 멋있고 대화하는데 불편함도 없어서 좋아요!,"Dessert/Bakery, Coffee/Drink, Vibe",keyword
커피가 맛있고 매장도 넓어서 아주 쾌적합니다,"Dessert/Bakery, Coffee/Drink, Vibe",keyword
분위기가 좋고 다 무지 맛있어요,Vibe,keyword
구테로이테 너무가고 싶었는데 이제야 와보게 됐네요,"Dessert/Bakery, Coffee/Drink",keyword
완전 이쁩니다,Vibe,keyword
분위기도 좋고 커피가 맛있어요,"Vibe, Coffee/Drink",keyword
독특한 메뉴가 있어서 시켜봤는데 너무 맛있어요!!!!,"Dessert/Bakery, Coffee/Drink, Vibe",keyword
"지나가다 우연히 들렀는데, 말차 라떼와 소금뻥이 맛있네요","Dessert/Bakery, Coffee/Drink",keyword
"😂
커피는 당연히✨ 맛있구 신메뉴 말차 시리즈 처음 먹어봤는데 맛있어요!","Dessert/Bakery, Coffee/Drink",keyword
말차라떼 조금 질린다,"Dessert/Bakery, Coffee/Drink",keyword
싶으시먄 말차에이드 츄라이 츄라이💚✨,"Dessert/Bakery, Coffee/Drink",keyword
소금빵이 맛잇고 밝고 화려햐요!,Dessert/Bakery,keyword
커피는 나쁘지않은데 초코쪽은 시럽맛.,"Dessert/Bakery, Coffee/Drink",keyword
카페인+당충전,Coffee/Drink,keyword
분위기 좋구요.,Vibe,keyword
지인이랑 왔는데 성수 느낌 가득해요,"Dessert/Bakery, Coffee/Drink",keyword
성수동 나들이왔는데 우연히 들어왔는데 마음에 듭니다,"Dessert/Bakery, Coffee/Drink",keyword
디저트도 마음에 들고 커피 산미도 적당해서 좋았습니다,"Dessert/Bakery, Coffee/Drink",keyword
시그니처 메뉴도 맛있고 디저트도 맛있어보여요,"Dessert/Bakery, Coffee/Drink",keyword
에스프레소의 맛을 알았어요,Vibe,keyword
커피맛있어서 재방문이에요.,"Service, Coffee/Drink",keyword
빵도 맛있네요!,Dessert/Bakery,keyword
새로운 커피 메뉴가 많아서 좋아요,Coffee/Drink,keyword
소금빵 추천합니다,"Dessert/Bakery, Coffee/Drink, Vibe",keyword
분위기도 좋고 커피도 맛있어요!!,"Vibe, Coffee/Drink",keyword
커피 한 잔 하자고 별 생각 없이 들어간 카페가 이렇게 멋진 곳이었네요.,"Dessert/Bakery, Coffee/Drink, Vibe",keyword
롱블랙 하나에도 깊은 맛이 나는걸 보니 정말 에스프레소 맛집이에요.,"Vibe, Coffee/Drink",keyword
널찍한 공간이라 모임도 부담 없겠어요,"Dessert/Bakery, Coffee/Drink, Vibe",keyword
바삭한 크런치와 부드러운 에스프레소의 조화가 좋았어요!,"Dessert/Bakery, Coffee/Drink, Vibe",keyword
공간도크고 음료도맛있어요,"Service, Vibe, Coffee/Drink",keyword
잘 먹었습니당~~~,Coffee/Drink,keyword
음료가 특이하고 맛있었어요^^,"Dessert/Bakery, Coffee/Drink",keyword
에스프레소 처음 먹어보는데 맛있어요!,"Vibe, Coffee/Drink",keyword
지나가다가 홀린듯이 들어왔는데 맛있게먹고 갑니다 ~~,Coffee/Drink,keyword
매장이 쾌적하고 커피도 맛있어요!!,"Dessert/Bakery, Coffee/Drink, Vibe",keyword
가격도 좋아용,Price,keyword
성수오면 생각나는곳....,"Dessert/Bakery, Coffee/Drink, Vibe",keyword
분위기 음악 맛도 좋아요,Vibe,keyword
수정과 아메리카노 너무 특이하고 맛있음,"Dessert/Bakery, Coffee/Drink",keyword
딱 수정과반 커피반 맛,"Dessert/Bakery, Coffee/Drink",keyword
엄마랑 동생이랑성수동 왔다가 카페찾던중 다른카페 여기저기 들렸다,"Service, Dessert/Bakery, Coffee/Drink",keyword
답답하고 마음에 안들어서 나왔는데 여기는 크고 답답하지 않고 깔끔하고 마음에드네요,"Service, Dessert/Bakery, Coffee/Drink",keyword
커피도맛있어요~,Coffee/Drink,keyword
분위기 좋고 넓고 커피도 맛나요!,"Vibe, Coffee/Drink",keyword
말차라떼가 품절이라 아쉬웠는데 다른 말차메뉴를 마실 수 있어서 좋아요,"Dessert/Bakery, Coffee/Drink, Vibe",keyword
매장도 넓고 음료도 맛있어요,"Vibe, Coffee/Drink",keyword
읏내 맛있고 분위기도 읏돼요,Vibe,keyword
음료가맛잇고디저트도맛잇어요,"Dessert/Bakery, Coffee/Drink",keyword
매장이 넓고 인테리어가 현대적이예요,Vibe,keyword
커피 소금빵 맛있구요,"Dessert/Bakery, Coffee/Drink",keyword
아포가토 아이스크림도 맛있어요,"Dessert/Bakery, Coffee/Drink",keyword
아이 손에 끌려왔는데 잔 찾은 듯합니다,"Service, Dessert/Bakery, Coffee/Drink",keyword
공간 분위기 커피 모든게 삼위일체!!,"Vibe, Coffee/Drink",keyword
커피도 맛있고 직원분들도 너무 친절했습니다,"Service, Dessert/Bakery, Coffee/Drink",keyword
공부하려고 왔는데 너무 쾌적해서 놀라고 가격에 또 놀라고 커피맛에 놀랐어요!,"Dessert/Bakery, Coffee/Drink, Price",keyword
너무 맛있고 직원분들이 너무너무 친절하셔서 좋았어요,"Service, Dessert/Bakery, Coffee/Drink",keyword
커피가 너무 꼬숩고 맛있어요!,Coffee/Drink,keyword
소금빵도 맛있고 음료도 맛있어용:),"Dessert/Bakery, Coffee/Drink",keyword
분위기도 너무 좋고 디저트와 음료 너무 맛있어요~~!♥,"Dessert/Bakery, Coffee/Drink, Vibe",keyword
그레이톤의 조용한 분위기 업무나 공부하기 딱입니다.,"Dessert/Bakery, Coffee/Drink, Vibe",keyword
"소금빵 미쳤다(positive)
아메리카노 원두 완전 취저입니다","Dessert/Bakery, Coffee/Drink",keyword
에스프레소 맛집으로 재방문했어요,"Service, Dessert/Bakery, Coffee/Drink, Vibe",keyword
언제나 향기로운 커피 만족스러운 맛👍,"Coffee/Drink, Price",keyword
에스프레소 전문점입니다,Vibe,keyword
카페라떼 커피향과 맛이 진하네요.,Coffee/Drink,keyword
좋와요.,"Dessert/Bakery, Coffee/Drink",keyword
커피가 맛있고 소금빵도 강추해요,"Dessert/Bakery, Coffee/Drink",keyword
지인한테 추천받아서 왔는데 매장이 넒고 쾌적해서 좋아요,"Dessert/Bakery, Coffee/Drink, Vibe",keyword
성수 왔다가 커피가 마시고 싶어서 들어왔어요,"Dessert/Bakery, Coffee/Drink",keyword
"넓은공간에 인테리어도 독특하고
커피도 맛있어요!!","Dessert/Bakery, Coffee/Drink, Vibe",keyword
"에스프레소 메뉴 다양하던데 
기회되면 다 마셔보고 싶어요","Dessert/Bakery, Coffee/Drink, Vibe",keyword
최상의 커피 를 즐기고 싶다면 이곳으로~~^^,Coffee/Drink,keyword
커피 맛집입니다.,Coffee/Drink,keyword
케이크도 어마무시하네요,"Dessert/Bakery, Coffee/Drink",keyword
"좋은 분위기, 맛있는 커피 한잔!","Vibe, Coffee/Drink",keyword
커피 맛집으로 추천합니다,"Dessert/Bakery, Coffee/Drink, Vibe",keyword
팝업스토어 제작하러 왔다가 잠깐 일해야해서 들어왔는데 공간도 넓직하고 커피도 맛있네요.,"Dessert/Bakery, Coffee/Drink, Vibe",keyword
가면서 소금빵 포장해가려고요--!!,"Dessert/Bakery, Coffee/Drink, Price",keyword
잘있다갑니다.,"Vibe, Coffee/Drink",keyword
내부 분위기도 좋고 시그니처 커피가 정말 맛있습니다,"Dessert/Bakery, Coffee/Drink, Vibe",keyword
말모 커피 찐 맛집이에요!,"Vibe, Coffee/Drink",keyword
소금빵 파는 줄 몰랐는데 먹어보니 너무 맛있..,"Service, Dessert/Bakery, Coffee/Drink",keyword
따뜻하게 데워주셔서 잘 먹었습니다.,"Dessert/Bakery, Coffee/Drink",keyword
소금빵은 밀가루 맛이 많이 나고 시그니처 중 하나인 그라니따는 솔직히 ..,"Dessert/Bakery, Coffee/Drink",keyword
식초같은 신 맛이 많이 나요,"Dessert/Bakery, Coffee/Drink",keyword
매장도 넓고 자리도 불편하진 않아서 잘 있다가 왔어요!,"Dessert/Bakery, Coffee/Drink, Vibe",keyword
원두도 다양하게 고를 수 있고 커피맛도 꽤 좋더라구요!,"Dessert/Bakery, Coffee/Drink, Vibe",keyword
소금빵도 판매하시던데 다음에 먹으러 와보려구요ㅎㅎ!!,"Dessert/Bakery, Coffee/Drink",keyword
분위기도 좋고 넓어서 좋아용,Vibe,keyword
엄마랑 성수 왔다가 커피맛집 찾아보고 방문했어요,"Service, Dessert/Bakery, Coffee/Drink",keyword
매장이 넓어서 쾌적하고 대기시간없이 들어와서 더더욱 만족해요,"Vibe, Service, Coffee/Drink, Price, Dessert/Bakery",keyword
디카페인 원두도 괜찮네요~,Coffee/Drink,keyword
매장도 깨끗하고 친절합니다~^^,"Service, Dessert/Bakery, Coffee/Drink, Vibe",keyword
카페 좌석이 넓고 매장도 깔끔해요!,"Dessert/Bakery, Coffee/Drink, Vibe",keyword
작업하기 좋고 빵이랑 음료 종류가 다양해서 시간 보내기 좋아요,"Service, Dessert/Bakery, Coffee/Drink",keyword
카페도 크고 자리도 편해서 좋습니다.,"Service, Coffee/Drink",keyword
재방문의사 완전 높음!!!!,"Service, Vibe",keyword
커피도 맛있고 분위기도 너무 좋아요 :),"Vibe, Coffee/Drink",keyword
커피 에이드 모두 잘 먹었습니다.,Coffee/Drink,keyword
가게도 넓고 인테리어도 이쁘네요.,Vibe,keyword
커피도 티도 맛있어요.,Coffee/Drink,keyword
티는 타바론 쓰시더라구요.,Coffee/Drink,keyword
사진은 풀랫화이트에요.,"Dessert/Bakery, Coffee/Drink",keyword
커피 맛 즐기러 오시기 좋아요,"Dessert/Bakery, Coffee/Drink",keyword
크고 자리도 많아서 조금더 여유있구요,"Service, Vibe, Coffee/Drink",keyword
"로즈뱅쇼도 달큰하니 맛있고, 아메린카노도 깔끔합니다.","Dessert/Bakery, Coffee/Drink",keyword
매장 인테리어도 좋았어요,Vibe,keyword
시그니처 커피들 너무 맛있어요,Coffee/Drink,keyword
넓고 쾌적해서 넘 좋네요,"Dessert/Bakery, Coffee/Drink, Vibe",keyword
아쉬운건 빵과 케이크가 맛있는지 다 없어요,Dessert/Bakery,keyword
비가 오는 날 성수와서 고생하다가 들렸어요,"Dessert/Bakery, Coffee/Drink",keyword
성수 에스프레소 맛집,Vibe,keyword
크레이프 케이크 맛있어용,Dessert/Bakery,keyword
😚 너무 늦게와서 다른 빵들은 못먹어서 아쉽지만 커피나 다른 음료들도 다 맛있었어요!,"Dessert/Bakery, Coffee/Drink",keyword
그리고 매장이 진짜 청결해요,"Dessert/Bakery, Coffee/Drink, Vibe",keyword
예쁜 커피바에요,"Dessert/Bakery, Coffee/Drink, Vibe",keyword
시그니처 음료들도 많고 맛있어요!!,Coffee/Drink,keyword
"커피에 진심인 매장,, 에스프레소 좋아하는데 강추입니다","Vibe, Coffee/Drink",keyword
분위기 모던하고 커피도 맛있어요~!,"Dessert/Bakery, Coffee/Drink, Vibe",keyword
성수 오면 또 들릴게요!,"Dessert/Bakery, Coffee/Drink",keyword
"깔끔하고 조용한 분위기
음악이 너무 좋아요","Dessert/Bakery, Coffee/Drink, Vibe",keyword
"🎧
커피도 깔끔하고 너무 맛있어요!","Dessert/Bakery, Coffee/Drink",keyword
시그니처 커피 맛있어요!~,Coffee/Drink,keyword
"⭐️⭐️⭐️⭐⭐️️ (5/5)
성수 구테로이테 키친에서 간단히 저녁 먹었어요.",Coffee/Drink,keyword
분위기도 조용하고 테이블 간격이 넓어서 혼자 와도 편했습니다.,"Dessert/Bakery, Coffee/Drink, Vibe",keyword
"다만 주말엔 손님이 많을 것 같아서, 평일 저녁처럼 한산할 때 오는 걸 추천해요.","Dessert/Bakery, Coffee/Drink, Vibe",keyword
"커피 맛은 평균 이상, 가격도 합리적입니다","Coffee/Drink, Price",keyword
커피도 맛있고 소금빵도맛있고 매장이넓고좋아요,"Dessert/Bakery, Coffee/Drink, Vibe",keyword
메뉴도 다양하고 특이한 메뉴가 있어서 좋았어요!,"Dessert/Bakery, Coffee/Drink, Vibe",keyword
분위기도 좋고 청결합니다,"Dessert/Bakery, Coffee/Drink, Vibe",keyword
성수에서 넓고 깔끔한곳 찾기 힘든데 넓고 자리도 많아서 좋았어요!!,"Service, Dessert/Bakery, Coffee/Drink, Vibe",keyword
케잌 종류도 많은데 올때마다 많이 품절이라 아쉽네요 ㅠㅠ,"Dessert/Bakery, Coffee/Drink",keyword
커피맛이 좋습니닷!!,Coffee/Drink,keyword
리치팝 피치에이드랑 구테 넛 슈페너 주문했습니다!,"Service, Dessert/Bakery, Coffee/Drink",keyword
에이드는 톡톡 터지는 펄 식감이 좋았고 슈페너는 고소한 넛츠가 위에 많이 올라가 크림과 잘 어울렸습니다!,"Dessert/Bakery, Coffee/Drink",keyword
성수동 오시면 카페로 추천드려요,"Dessert/Bakery, Coffee/Drink, Vibe",keyword
"한입 먹는 순간~와^^
고소하고  맛있어요",Coffee/Drink,keyword
메뉴 선택 너무 잘 했어요♡♡,"Service, Dessert/Bakery, Coffee/Drink",keyword
성수오면  재방문 해야겠네요,"Service, Dessert/Bakery, Coffee/Drink",keyword
"애플망고그린에이드 , 플레인 소금빵 맛있어요.","Dessert/Bakery, Coffee/Drink",keyword
다음에도  또  올래요~~,"Dessert/Bakery, Coffee/Drink",keyword
쾌적하고 넓어서 좋았어요,"Dessert/Bakery, Coffee/Drink, Vibe",keyword
수정과 콜드브루!,Coffee/Drink,keyword
특이하고 저는 맛있네요.,"Dessert/Bakery, Coffee/Drink",keyword
"인테리어도 멋있고, 커피도 맛나네요^^~~","Vibe, Coffee/Drink",keyword
레몬 그라니따 독특하고 맛있어요,"Dessert/Bakery, Coffee/Drink",keyword
좋은 원두 쓰시는거 같아요,"Dessert/Bakery, Coffee/Drink",keyword
라떼도 맛있었어요,Coffee/Drink,keyword
성수오면 많이 가는 카페입니다!,"Dessert/Bakery, Coffee/Drink",keyword
"베이커리류도 많고 음료, 커피류도 많아요!",Coffee/Drink,keyword
"기본 베이스가 좋은 느낌이라 별일없으면 항상 오는 집입니다:)
소금빵은 꼭 드셔보세요!!!","Dessert/Bakery, Coffee/Drink, Vibe",keyword
대화하러 오기 좋아요~,"Dessert/Bakery, Coffee/Drink",keyword
공간넓고 인테리어 깔끔해요~~,"Dessert/Bakery, Coffee/Drink, Vibe",keyword
커피.,Coffee/Drink,keyword
소금빵.,Dessert/Bakery,keyword
다음에 올께용~~,"Dessert/Bakery, Coffee/Drink",keyword
독특한 메뉴들이 많아요!,"Dessert/Bakery, Coffee/Drink",keyword
선릉점과는 비슷하면서도 다른 매력이 있습니다.,"Dessert/Bakery, Coffee/Drink, Vibe",keyword
추천추천,Vibe,keyword
슈페너 맛있게 잘 먹었습니다.,Coffee/Drink,keyword
지나가다가 들어왔는데 커피가.,Coffee/Drink,keyword
성수 오면 항상 오는곳이에요,"Dessert/Bakery, Coffee/Drink, Vibe",keyword
분위기도 좋고 커피도 넘 맛있어요,"Vibe, Coffee/Drink",keyword
에스프레소메뉴가 다양해서 좋아요~~,"Dessert/Bakery, Coffee/Drink, Vibe",keyword
커피도 맛있고 연무장길에서 넓직하게 조용하게 커피마시기 좋음~~,"Dessert/Bakery, Coffee/Drink",keyword
커피도 맛있어요~~~,Coffee/Drink,keyword
말차라떼와 커피 향 좋고 맛나요.,"Dessert/Bakery, Coffee/Drink",keyword
비오는 날 우연히 들렀는데 소문 나면 많이들 오실것 같네요,"Dessert/Bakery, Coffee/Drink",keyword
"여행하다 지나가다 들은곳인데 커피 편하게 마시기 편하고, 그라니따 너무 맛있어요~~~!!!","Dessert/Bakery, Coffee/Drink, Vibe",keyword
가족과 함께 성수동 나들이 나왔다가 방문했어요~,"Service, Dessert/Bakery, Coffee/Drink",keyword
특별한 커피메뉴도 있고 분위기도 좋네요 ㅎ,"Dessert/Bakery, Coffee/Drink, Vibe",keyword
다음에 또 올게요~,"Dessert/Bakery, Coffee/Drink",keyword
분위기 맛집이에용,Vibe,keyword
말차오렌지에이드 특이하고 맛있어요!,"Dessert/Bakery, Coffee/Drink",keyword
소금빵이 품절이라 못 먹었지만 케이크도 다 맛있어요.ᐟ,"Dessert/Bakery, Coffee/Drink",keyword
잘먹었습니다~!,Coffee/Drink,keyword
구테로이테 강남구청점을 좋아하는데 성수지점이 생겨서 방문하였습니다.,"Service, Dessert/Bakery, Coffee/Drink",keyword
매장도 넓고 디저트 메뉴도 다양해서 좋은 것 같아요.,"Dessert/Bakery, Coffee/Drink, Vibe",keyword
다음에는 토르테도 먹어볼게요!,Coffee/Drink,keyword
특이한 음료가 많아요!,"Dessert/Bakery, Coffee/Drink",keyword
특히 수정과 콜드브루 추천 합니다,"Dessert/Bakery, Coffee/Drink, Vibe",keyword
"독특한 수정과 콜드블루  커피 
생크림도 맛나고 굿","Dessert/Bakery, Coffee/Drink",keyword
메뉴 독특하고 맛잇어여!!,"Dessert/Bakery, Coffee/Drink",keyword
커피향도 졸아요,Coffee/Drink,keyword
성수동에서 넓은 공간에서 맛있는 커피를 즐길 수 있어요.,"Vibe, Coffee/Drink",keyword
커피가 맛있고 내부도 예뻐서 또 오고 싶네요,"Dessert/Bakery, Coffee/Drink, Vibe",keyword
매장이 넓고 위치가 좋아요.,"Position, Vibe",keyword
소금빵은 없어서 아쉬워요.,Dessert/Bakery,keyword
인생커피집이라고 생각해서 정말맛있습니다!,"Dessert/Bakery, Coffee/Drink",keyword
이건 두번째 방문!,Service,keyword
에스프레소 맛집이네요~~~,Vibe,keyword
소금빵 맛있게 먹었네요,"Dessert/Bakery, Coffee/Drink",keyword
분위기도 좋고 시원하고 편하게 먹고 갑니다,"Dessert/Bakery, Coffee/Drink, Vibe",keyword
언제 먹어도 맛있는 구테로이테 커피 특별함이 있어요^^,"Dessert/Bakery, Coffee/Drink, Vibe",keyword
커피 good !!!,Coffee/Drink,keyword
"우연히 찾은카페
커피도 정말 전문적으로 하는 것 같고 맛도 있어요","Service, Dessert/Bakery, Coffee/Drink, Vibe",keyword
빵과 케이크 종류도 좀 있습니다,"Dessert/Bakery, Coffee/Drink, Vibe",keyword
가격도 성수 물가치곤 아주 합리적,Price,keyword
왜 이 카페를 몰랐나싶어요,Coffee/Drink,keyword
아주 추천합니다,"Dessert/Bakery, Coffee/Drink, Vibe",keyword
다양한 에스프레소 메뉴를 맛볼수있고 소금빵에 진심이에요!,"Dessert/Bakery, Coffee/Drink, Vibe",keyword
"공간도 넓고 혼자 작업하기도 좋은 공간🥰
성수에서 유니크한 공간이에요:)","Service, Dessert/Bakery, Coffee/Drink, Vibe",keyword
아메리카노 사 먹었는데 커피 진하고 맛있어요!!,Coffee/Drink,keyword
테이크아웃하면 할인 돼요,"Dessert/Bakery, Coffee/Drink",keyword
소금빵도 팔고 있어요,"Dessert/Bakery, Coffee/Drink, Vibe",keyword
성수에서 소금빵으로 유명한 구테로이테 왓어요,"Dessert/Bakery, Coffee/Drink",keyword
역시 소금빵 진짜 맛잇어요!!!,Dessert/Bakery,keyword
매장도 넓고 직원분들도 넘 친절하네요!!,"Service, Dessert/Bakery, Coffee/Drink, Vibe",keyword
저번에왓을땐 소금빵 품절이엿는데 오늘은 먹을수잇어서 넘 좋아요!,"Dessert/Bakery, Coffee/Drink",keyword
그라니따 너무 맛있어요 !,Coffee/Drink,keyword
디저트랑 같이 먹을수있어서 추천합니다,"Dessert/Bakery, Coffee/Drink, Vibe",keyword
가다가 디저트가 먹고싶어 방문했는데 넘 맛있고 좋아용,"Service, Dessert/Bakery, Coffee/Drink",keyword
구테로이테 커피 좋아하는데 성수는 매장이 넓고 인테리어가 더 예쁘네요,"Vibe, Coffee/Drink",keyword
매장이 넓어서 주말에도 회전율이 좋아요!,"Service, Vibe",keyword
커피 너무 맛있어요.,Coffee/Drink,keyword
힘들게 찾아온 보람이 있네요.,"Vibe, Coffee/Drink",keyword
공간도 모던하고 예쁘고 디저트도 너무 맛잇서요!!!,"Dessert/Bakery, Coffee/Drink, Vibe",keyword
시그니처 커피가 정말 맛있어요,Coffee/Drink,keyword
담에 또 방문예정,Service,keyword
맛있고 분위기도 좋아요~,Vibe,keyword
제작주문을 잘해주셔서 감사해요.,"Service, Dessert/Bakery, Coffee/Drink",keyword
힙한 분위기에 들어와봤는데 에스프레소가 맛있네요.,"Dessert/Bakery, Coffee/Drink, Vibe",keyword
담엔 소금빵먹으러 재방문할 것 같아요,"Service, Dessert/Bakery, Coffee/Drink",keyword
음료 가 맛있고 매장이 넓어서 좋아요,"Vibe, Coffee/Drink",keyword
레몬셔벗과 에스프레소가 같이들어간 깔끔한 특별한 메뉴가있어서 좋아요^^~,"Dessert/Bakery, Coffee/Drink, Vibe",keyword
소금빵도 맛나네요,Dessert/Bakery,keyword
소금빵도 커피도 맛있어요,"Dessert/Bakery, Coffee/Drink",keyword
"플레인에 구테넛 슈페너로 가을 기분 충전
맛있고 매장 넓고, 직원분도 친절♡","Service, Vibe",keyword
에이드도 맛이 아주 좋습니다.,Coffee/Drink,keyword
매장도 넓고 쾌적해요.,"Dessert/Bakery, Coffee/Drink, Vibe",keyword
달콤한 크림과 쿠키 크럼블이 에스프레소와 부드러운 하모니를 이룬다,"Service, Dessert/Bakery, Coffee/Drink, Vibe",keyword
따로 한입씩 맛보다가 같이 먹는 재미도♡,Coffee/Drink,keyword
"성수 들렀다가 시간이 떠서 들렀는데, 여기 커피 너무 맛있어요!!!",Coffee/Drink,keyword
커피가 진짜 맛있었어요.,Coffee/Drink,keyword
커피랑 음료 종류도 많고 커피도 맛있고 공간도 넓어서 너무 만족했습니다,"Price, Dessert/Bakery, Coffee/Drink, Vibe",keyword
올때마다 넘넘 맛있어요,"Dessert/Bakery, Coffee/Drink",keyword
감사합니다 >__<,"Dessert/Bakery, Coffee/Drink",keyword
성수왔다가 들렸는데 커피가 전문적이고 맛도 너무 좋아요,"Dessert/Bakery, Coffee/Drink",keyword
커피랑 소금빵 모두 넘 맛나네요.,"Dessert/Bakery, Coffee/Drink",keyword
분위기도 좋고 넓어서  9명 단체로 왔지만 전혀 부담없어요.,"Dessert/Bakery, Coffee/Drink, Vibe",keyword
금액도 합리적이라 다음에 또 오게 될 것같아요!,"Dessert/Bakery, Coffee/Drink",keyword
분위기 너무 좋아요,Vibe,keyword
포토존도 너무 잘 꾸며져있어 기분좋게 지인들과 모임했어요,"Dessert/Bakery, Coffee/Drink, Vibe",keyword
커피원두도 종류가 다양해서 좋아요,"Dessert/Bakery, Coffee/Drink",keyword
"분위기가 너무 좋아서 방문했는데
커피도 맛있어용!!","Service, Dessert/Bakery, Coffee/Drink, Vibe",keyword
원두 종류도 다양하고 커피가 맛있어요!,"Dessert/Bakery, Coffee/Drink",keyword
바리스타 교육같은것도 하는것 같네요,"Service, Dessert/Bakery, Coffee/Drink",keyword
매장도 넓어요,Vibe,keyword
맛있게 잘 먹었습니다 ~~,Coffee/Drink,keyword
"디저트랑 커피, 음료가 너무 맛있어 보여서 친구랑 홀리듯이 들어왔어요 ㅎㅎ","Dessert/Bakery, Coffee/Drink, Vibe",keyword
🔥 분위기도 좋고 대화 나누기도 좋아서 친구랑 여행 계획 짜려구요~,Vibe,keyword
커피가 특별하고 특히 스톤슈페너 너무 맛있었어요.,"Dessert/Bakery, Coffee/Drink",keyword
대기도없고 좋습니다!,Service,keyword
빵이 진~~~짜 맛있고 소다레몬이 청량청량 청량리에요~~~~~,"Dessert/Bakery, Coffee/Drink",keyword
커피랑 빵 맛있어요,"Dessert/Bakery, Coffee/Drink",keyword
잘 먹었습니다! ㅎㅎ,Coffee/Drink,keyword
커피메뉴가 다양하고 성수동인데도 넓어서 수다 떨기도 좋아요,"Dessert/Bakery, Coffee/Drink, Vibe",keyword
커피 맛있고 좋아요,Coffee/Drink,keyword
우연히 찾게 되었는데 분위기도 좋고 맛있어요!,"Service, Vibe",keyword
재방문 의사 있습니다 ◡̈,"Service, Vibe, Coffee/Drink",keyword
라떼 시켰는데 원두 자체가 맛있는지 고소하고 맛있었어요!,"Vibe, Coffee/Drink",keyword
분위기도 좋고 소금빵도 커피도 너무 맛있어요~,"Dessert/Bakery, Coffee/Drink, Vibe",keyword
들어와보니 밖에서 보는것보다 더 분위기가 좋은 것 같아요~~,"Dessert/Bakery, Vibe",keyword
커피 맛있고 빵도 맛있어요,"Dessert/Bakery, Coffee/Drink",keyword
"커피가 너무 맛있어서 종종 왔는데, 카공하기에도 좋아요!","Dessert/Bakery, Coffee/Drink",keyword
라떼 너무 맛있게 마셨어요,Coffee/Drink,keyword
이미 다 먹어버려서 사진을 다 못찍었네요 ㅎㅎ,Coffee/Drink,keyword
저는 성수동에서 이 집 커피랑 케익이 제일 맛있는 것 같아요!,"Dessert/Bakery, Coffee/Drink, Vibe",keyword
소금빵이 맛집인것 같아서 맛보려구요,"Dessert/Bakery, Vibe",keyword
다음에 또 방문할 의향이 생기네요!,"Service, Dessert/Bakery, Coffee/Drink",keyword
아메리카노 원두 좋은것 같아요!!,"Dessert/Bakery, Coffee/Drink",keyword
너무 예쁘고 맛있어용,Vibe,keyword
오후에 가서인지 빵은 한개 남아있었구요,"Dessert/Bakery, Coffee/Drink, Vibe",keyword
커피가 다양해서 좋았어요,"Dessert/Bakery, Coffee/Drink",keyword
커피 맛이 정말 깔끔하고 깊었어요.,"Dessert/Bakery, Coffee/Drink",keyword
산미랑 바디감이 균형 잡혀서 한 잔 내내 만족스럽게 즐길 수 있었습니다.,"Vibe, Coffee/Drink, Price",keyword
다시 찾고 싶은 카페!,"Service, Coffee/Drink",keyword
성수동 돌아다니다가 우연히 들어와봤는데 공간이 넓어서 편하게 쉬어가기도 좋고 애스프레소도 다양한 종류가 있어서 좋았어요!!,"Dessert/Bakery, Coffee/Drink, Vibe",keyword
친구들과 모임하기 좋습니다.,"Dessert/Bakery, Coffee/Drink, Vibe",keyword
그라니따가 너무 유니크해요.,"Dessert/Bakery, Coffee/Drink",keyword
레몬 슬러쉬랑 커피 조화가 좋습니다!,"Dessert/Bakery, Coffee/Drink",keyword
혼자 여행하다가 방문했는데 빵도 커피도 맛있어요,"Service, Dessert/Bakery, Coffee/Drink",keyword
커피가 맛있네요!,Coffee/Drink,keyword
친구가 좋아하는 곳이라고해서 처음 와봤는데 넓어서 앉을 곳도 많고 스페셜 메뉴도 많아서 또 오고 싶은 곳이에요~,"Dessert/Bakery, Coffee/Drink, Vibe",keyword
에스프레소 맛집이고 인테리어 넘 이쁘고 애견동반되서 넘 좋아요,Vibe,keyword
시그니처 커피 중에 골랐는데 레몬 그라니따 독특하고 맛있네요.,"Dessert/Bakery, Coffee/Drink",keyword
자두에이드도 맛있다고 하네여,"Dessert/Bakery, Coffee/Drink",keyword
전체적인 분위기가 세련되고 차분해서 들어가자마자 기분이 좋아졌답니다.,"Dessert/Bakery, Coffee/Drink, Vibe",keyword
"이날 주문한 메뉴는 아이스 라떼 두 잔, 레몬에이드, 그리고 아포가토였어요.","Service, Dessert/Bakery, Coffee/Drink",keyword
"라떼는 우유와 에스프레소의 밸런스가 정말 잘 맞아서 고소하면서도 깔끔한 뒷맛이 인상적이었고, 레몬에이드는 상큼함 속에 은은한 허브향이 더해져 산뜻하게 즐기기 좋았어요.","Dessert/Bakery, Coffee/Drink, Vibe",keyword
"개인적으로 가장 기억에 남는 건 아포가토였는데, 부드러운 바닐라 아이스크림 위에 쌉싸름한 에스프레소가 어우러져 달콤하면서도 진한 풍미가 느껴졌습니다.","Dessert/Bakery, Coffee/Drink, Vibe",keyword
특히 위에 살짝 올려진 설탕 크런치가 식감까지 책임져줘서 특별했어요.,"Dessert/Bakery, Coffee/Drink",keyword
"음료의 맛뿐만 아니라 플레이팅도 깔끔하고 예쁘게 나와서 눈으로 먼저 즐길 수 있었고, 친구들과 편하게 대화 나누며 여유를","Dessert/Bakery, Coffee/Drink, Vibe",keyword
커피 맛집이에요!,Coffee/Drink,keyword
성수 1픽 카페 여러가지 커피를 한자리에서 먹을 수 있어서 좋아요,"Vibe, Coffee/Drink",keyword
커피도 빵도 다 맛있고 매장도 쾌적해서 너무 좋아요!,"Dessert/Bakery, Coffee/Drink, Vibe",keyword
카페가 멋져요!,Coffee/Drink,keyword
그라나따 먹으러 또옴,"Dessert/Bakery, Coffee/Drink",keyword
음료도 너무 맛있고 직원들도 친절했어요!!,"Service, Dessert/Bakery, Coffee/Drink",keyword
꿀밤케이크 완전 맛도리 인정!,Dessert/Bakery,keyword
다음에 또 먹을꺼 같아요!!!✨,"Dessert/Bakery, Coffee/Drink",keyword
케이크 맛있어요!,Dessert/Bakery,keyword
"커피 그라니따 마셨는데
상큼해서 너무너무 맛있어요",Coffee/Drink,keyword
소금빵은 담백해서 진짜 최고입니당!!,"Dessert/Bakery, Coffee/Drink",keyword
레몬그라니따 리치팝 피치에이드 제로 히비스커스 피치티 모두 맛있습니다,Coffee/Drink,keyword
커피 음료 맛있어요,Coffee/Drink,keyword
시그니처 커피 최고 🎀👍🏻👍🏻,Coffee/Drink,keyword
에스프레소 메뉴가 다양하고 테이블이 커서 이야기 나누기 좋아요,"Service, Dessert/Bakery, Coffee/Drink, Vibe",keyword
첫 성수동 나들이에 신나 여기저기 팝업스토어 돌고 놀다가 카페인 이 필요해 커피집을 찾던중 소금빵 맛집인것 같아 들렀습니다 ㅎ ㅎㅎ,"Service, Dessert/Bakery, Coffee/Drink",keyword
또 와야겠습니다 ㅎㅎ,"Dessert/Bakery, Coffee/Drink",keyword
힙한 분위기의 카페예요,"Dessert/Bakery, Coffee/Drink, Vibe",keyword
저 도착했을때 말차 크림이 솔드아웃이라 아쉬웠지만 딸기 크림도 상콤하니 맛있었어요!,"Dessert/Bakery, Coffee/Drink",keyword
커피도 아주 맛있어용,Coffee/Drink,keyword
성수에서 약간 이런곳에 카페가 있다고?,"Vibe, Coffee/Drink",keyword
에 있음.,"Vibe, Coffee/Drink",keyword
커피가 되게 전문적이고 에이드류도 가격 괜찮음!,"Coffee/Drink, Price",keyword
소금빵이랑 케이크도 팔고 자리 넓어서 좋음~,"Dessert/Bakery, Vibe",keyword
"성수 최애 카페
여름에 여기서 그라니따 먹는 것 만큼 행복한게 없어용
가을이 와서 흑임자 라떼 먹었는데 꼬숩고 마시써욤","Dessert/Bakery, Coffee/Drink, Vibe",keyword
"성수동 데이트하다 들렀는데 분위기도 좋고, 커피도 맛있어서 좋았어요 ㅎㅎㅎ","Dessert/Bakery, Coffee/Drink, Vibe",keyword
디저트도 다양하구요!,"Dessert/Bakery, Coffee/Drink",keyword
성수동 데이트하시는분들 강추드립니다!!,"Dessert/Bakery, Coffee/Drink",keyword
커피 넘 맛있어요,Coffee/Drink,keyword
자주 이용하고 있어요.,"Dessert/Bakery, Coffee/Drink, Vibe",keyword
저는 시즈널 그라니따를 제일 좋아해요.^_^,Coffee/Drink,keyword
매장도 청결하고 좋아요,"Dessert/Bakery, Coffee/Drink, Vibe",keyword
커피진짜 맛있어요~~~,Coffee/Drink,keyword
성수오면 꼭 들리는 곳입니다,"Dessert/Bakery, Coffee/Drink, Vibe",keyword
소금빵도 진짜 맛나는 곳이구요,"Dessert/Bakery, Vibe",keyword
억스프레소 음료도 다 맛있는 곳이에요,"Vibe, Coffee/Drink",keyword
"5시쯤오니까 플레인 소금빵 두 개, 초코 소금빵 한 개만 남아있었어요ㅜㅜ","Dessert/Bakery, Coffee/Drink, Vibe",keyword
소금빵 먹으러 오시는 분들은 일찍 오셔야 할 것 같아요!,"Dessert/Bakery, Coffee/Drink",keyword
음료랑 빵 모두 맛있었습니다~~,"Dessert/Bakery, Coffee/Drink",keyword
빵 빨리 품절되니까 얼른 가세요!!!,Dessert/Bakery,keyword
"커피도 맛있고 빵도 맛있고
직원분들도 친절하셔서
항상 올때마다 기분 좋아지는 공간입니다ㅎㅎㅎ","Service, Dessert/Bakery, Coffee/Drink, Vibe",keyword
모두 행복하세요~!!,"Dessert/Bakery, Coffee/Drink, Vibe",keyword
크림과 크럼블이 달콤해서 에스프레소와 조합이 너무 좋아요,"Service, Dessert/Bakery, Coffee/Drink, Vibe",keyword
올때마다 감탄해요 에스프레소는 여기에요,"Dessert/Bakery, Coffee/Drink, Vibe",keyword
공간도 넓고 조용해서 성수 올 때마다 찾아요 ㅎㅎ,"Service, Dessert/Bakery, Coffee/Drink, Vibe",keyword
커피도 맛있어요!,Coffee/Drink,keyword
성수 오면 여기를 안 들르고 지나갈 수가 없습니다.,"Dessert/Bakery, Coffee/Drink",keyword
커피 하면 바로 여기죠.,"Dessert/Bakery, Coffee/Drink",keyword
다른 데서는 먹고 싶지 않네요.,Coffee/Drink,keyword
친구들이랑 처음 왔는데 확실히 가게 인테리어가 이뻐요!!,"Dessert/Bakery, Coffee/Drink, Vibe",keyword
성수오면 꼭 추천해주고싶어요!!,"Dessert/Bakery, Coffee/Drink, Vibe",keyword
친구들이랑 오면 꼭 여기로 오세요!!,"Dessert/Bakery, Coffee/Drink, Vibe",keyword
성수지나가는길에 발견하고 오랫만에!!,"Dessert/Bakery, Coffee/Drink",keyword
좌석도 많고 쾌적하고 좋아요!!,"Dessert/Bakery, Coffee/Drink",keyword
커피는 말이 필요없는맛!!,Coffee/Drink,keyword
"아침에 급하게 들어갔는데
분위기 너무 좋아요",Vibe,keyword
"직원분들도 다 너무 친절하시고
커피도 맛있어요!!","Service, Dessert/Bakery, Coffee/Drink",keyword
"직원분들 모두 친절하셨고, 공간이 넓고, 쾌적해서 집중하기 좋았어요.","Service, Dessert/Bakery, Coffee/Drink, Vibe",keyword
"음료는 망고 그린에이드 시켰는데, 적당히 달고 청량해서 좋았습니다.","Dessert/Bakery, Coffee/Drink",keyword
주변 올일 생기면 재방문해서 다른 음료랑 디저트들도 먹어보고 싶네요.,"Service, Dessert/Bakery, Coffee/Drink",keyword
특별한 메뉴가 있고 친절하게 설명해주세요.,"Service, Dessert/Bakery, Coffee/Drink, Vibe",keyword
카페도 크고 좋아요.,"Service, Coffee/Drink",keyword
가격도 저렴하고 소금빵이 진짜 맛있어요!!!!,"Dessert/Bakery, Price",keyword
비건 옵션이 있어서 와봤는데 일일히 여쭤봐야해서 죄송했어요ㅠㅠ,"Dessert/Bakery, Coffee/Drink, Vibe",keyword
메뉴 옆에 비건 메뉴 가능이라고 적어주시면 유제품 알러지 있는 사람들도 빨리 골라서 먹을 수 있을 것 같아욥,"Price, Dessert/Bakery, Coffee/Drink, Vibe",keyword
간신히 마지막 소금빵을 먹을수 있었어요~,"Dessert/Bakery, Coffee/Drink, Vibe",keyword
에플망고그린에이드는 색도 맛도 특별하네요~^^,"Dessert/Bakery, Coffee/Drink",keyword
테이블 간격이 넓어서 쾌적해요.,"Dessert/Bakery, Coffee/Drink, Vibe",keyword
음료가 다 예쁘게 나오고 맛도 진하고 맛있어요!,"Vibe, Coffee/Drink",keyword
시그니처라떼 당 떨어질때 최고!!!,Coffee/Drink,keyword
"성수동 아이들과 놀러와서
지나가다 들러본 맛집
데이트하기 좋고 크라상도 아인슈페이너도 맛잇는 맛집에요^^","Dessert/Bakery, Coffee/Drink",keyword
매장이 모던하고 분위기 좋아요,"Dessert/Bakery, Coffee/Drink, Vibe",keyword
번잡하지 않고 깔끔합니다,"Dessert/Bakery, Coffee/Drink",keyword
"지원분들 매우 친절하고
커피 맛 좋아요!","Service, Dessert/Bakery, Coffee/Drink",keyword
"너무 좋아하는 에스프레소바인데 
성수를 지나가다가 여기에도 있길래 바로 왔어요!!!","Dessert/Bakery, Coffee/Drink, Vibe",keyword
역시 인테리어 너무 멋지네요,Vibe,keyword
"구테 넛 슈페너라는 메뉴가 있길래 먹어봤는데
 땅콩?","Vibe, Coffee/Drink",keyword
견과류가 기간이 오래지나거나 신선하지 않을때 나는 그 특유의 쿱쿱한 향?,"Dessert/Bakery, Coffee/Drink",keyword
"이 강해서
처음부터 끝까지 먹는 내내 땅콩비린내가 나서 좀 아쉬웠네요",Coffee/Drink,keyword
견과류를 좀 신선한걸로 바꾸시면 좋을듯합니다!,"Dessert/Bakery, Coffee/Drink, Vibe",keyword
성수에서 겨우 찾은 자리가 있는카페 외관에 비해 엄청 넓고 치즈케잌이 맛있었어요,"Service, Dessert/Bakery, Coffee/Drink, Vibe",keyword
매장도 넓고 너무 쾌적해요,"Dessert/Bakery, Coffee/Drink, Vibe",keyword
다음번에는 소금빵 다양하게 먹어봐야겠어요,"Dessert/Bakery, Coffee/Drink",keyword
소금빵과 피치에이드가 너무너무 맛있습니다,"Dessert/Bakery, Coffee/Drink",keyword
애견동반 가능하고 자리가 넓어서 좋아요!,"Price, Dessert/Bakery, Coffee/Drink, Vibe",keyword
회사주변에도 있는곳이라 커피는 믿고 왔어요!,"Dessert/Bakery, Coffee/Drink, Vibe",keyword
매장이 엄청 넓고 시그니처 메뉴들이라던가 특별한 메뉴들이 다양하게 있어서 좋았어요 !,"Dessert/Bakery, Coffee/Drink, Vibe",keyword
좌석 많고 쾌적합니다,"Dessert/Bakery, Coffee/Drink",keyword
에스프레소 메뉴가 많아요,Vibe,keyword
퇴근길에 우연히 들린퇴독특한 인테리어의 다양한 카페 음료를가 독특하고 친절한 직원들 덕분에 쉼 있는 금요일 저녁 보내고 갑니다.,"Service, Dessert/Bakery, Coffee/Drink, Vibe",keyword
따끈한 소금빵과 코코넛 그라니따는 쬐고의 페어링입니다.,"Dessert/Bakery, Coffee/Drink",keyword
다시 다음주에도 올 것 같아요!^^,"Dessert/Bakery, Coffee/Drink",keyword
여기 커피 맛있어요!,Coffee/Drink,keyword
특히 밤 케이크 최고입니다!!,Dessert/Bakery,keyword
밤케이크 달달하고 맛있아요,"Dessert/Bakery, Coffee/Drink",keyword
음료가 맛있고 편하기 쉬기 좋아요~~,Coffee/Drink,keyword
친절하신 직원분까지 최고 ^^,"Service, Dessert/Bakery, Coffee/Drink",keyword
리뷰 작성 안하려다가 너무 맛있어서 씁니다!!,"Dessert/Bakery, Coffee/Drink",keyword
"흑임자들어간 커피 많이 먹어봤는데 역대급 ㅠㅠㅠㅠ
맛있고 혼자와도 부담스럽지 않아요","Dessert/Bakery, Coffee/Drink",keyword
커피도 맛있고 매장도 넓고 쾌적해서 좋아요,"Dessert/Bakery, Coffee/Drink, Vibe",keyword
인테리어도 예쁘고 커피맛이 진짜 좋아요,"Vibe, Coffee/Drink",keyword
소금방도 인기 있는지 오전인데도 많이 사가셔서 저도 구매해봤어요,"Dessert/Bakery, Coffee/Drink, Vibe",keyword
소금빵 나오기 기다렸다가 먹었는데 넘 맛있네요,"Service, Dessert/Bakery, Coffee/Drink",keyword
가다린보람있었어요,"Vibe, Coffee/Drink",keyword
커피도 산미있는거 마셨는데 최근마셔본 커피중에 최고였습니다,"Vibe, Coffee/Drink",keyword
사진찍기전에 다 먹어버려서 사진이 없어요 ㅠ,Coffee/Drink,keyword
인테리어도 넓직넓직 트였고 내부 시원해서 대화하기좋았어요~^^,"Dessert/Bakery, Coffee/Drink, Vibe",keyword
커피 향도좋고  맛있어요~~,Coffee/Drink,keyword
인테리어도 모던하고 조용해서 좋았습니다,"Dessert/Bakery, Coffee/Drink, Vibe",keyword
성수동 오면 여기만 와요,"Dessert/Bakery, Coffee/Drink",keyword
에스프레소 먹으러 왔어요!,"Dessert/Bakery, Coffee/Drink, Vibe",keyword
맛있고 늘 오는 곳이라 분위기도 좋아 애정해요,"Dessert/Bakery, Coffee/Drink, Vibe",keyword
"성수 볼일있어서 왔다가 
있는거 보고 들어왔어요","Dessert/Bakery, Coffee/Drink, Vibe",keyword
"동네 매장이 있엇는데 사라져서 맴찢
커피는 역시나 👍 매장도 깨끗하고 좋아요","Dessert/Bakery, Coffee/Drink, Vibe",keyword
소금빵밖에 안남아서 아쉬웠어요.,Dessert/Bakery,keyword
그치만 소금빵 맛있었고 음료도 맛있어요.,"Dessert/Bakery, Coffee/Drink",keyword
공간도 넓어서 맘에 들어요!,Vibe,keyword
다음에 또올게요.,"Dessert/Bakery, Coffee/Drink",keyword
외국인 친구들 데리고 소금빵 같이 먹으려고 왔어요!,"Dessert/Bakery, Coffee/Drink, Vibe",keyword
분위기도 깔끔하고 내부가 시원해서 좋아요,"Dessert/Bakery, Coffee/Drink, Vibe",keyword
✨️✨️✨️ 빵도 고소해서 평이 좋았습니다.,"Dessert/Bakery, Coffee/Drink",keyword
성수동 핫플 소개받아왔어요 ㅋㅋㅋ,"Dessert/Bakery, Coffee/Drink",keyword
커피도 소금빵도 다 맛있어요,"Dessert/Bakery, Coffee/Drink",keyword
성수오면 또 올게요!,"Dessert/Bakery, Coffee/Drink",keyword
다양한 커피가 잇어서 먹는 재미가 있어요,"Dessert/Bakery, Coffee/Drink, Vibe",keyword
에스프레소도 다양하게 있어 좋아요,"Dessert/Bakery, Coffee/Drink, Vibe",keyword
늦게 가니 품절인 케이크도 잇어 좀 아쉬웟어요 ㅠ,Dessert/Bakery,keyword
커피와 맛나는 소금빵..,"Dessert/Bakery, Coffee/Drink",keyword
커피전문점이라 그런지 커피향이 정말 좋았어요,Coffee/Drink,keyword
그라니따 때문에 온거였는데 오랜만에 맛있는 커피를 마셔서 좋았습니다!,"Dessert/Bakery, Coffee/Drink",keyword
2번째 방문이예요!!,Service,keyword
성수온김에 진짜 너무 맛잇어서 바로 다시 방문했어요,"Service, Dessert/Bakery, Coffee/Drink",keyword
그땐 빵이 없어서 아쉬웠는데 오늘은 소금빵도있고!!,"Dessert/Bakery, Coffee/Drink, Vibe",keyword
행복합니다!,"Dessert/Bakery, Coffee/Drink, Vibe",keyword
맛있고 시원한 ~~,"Dessert/Bakery, Coffee/Drink",keyword
성수의 늦은 시간에 대화하러 오기 좋아요.,"Dessert/Bakery, Coffee/Drink",keyword
커피 맛있고 케잌 맛있네여,Coffee/Drink,keyword
독특하고 묘한 커피 메뉴가 많은 곳!,"Dessert/Bakery, Coffee/Drink, Vibe",keyword
주말 늦은 시간에 방문했더니 남은 디저트는 많지 않았음ㅜ,"Service, Dessert/Bakery, Coffee/Drink",keyword
"티 종류 깔끔하고, 빈 맛이 아니라 블랜딩 된 맛이 밸런스가 좋다는 생각이 들었음.","Dessert/Bakery, Coffee/Drink",keyword
그라니따 생각보다 더 시고 잘어울렸음.,Coffee/Drink,keyword
가짜 커피 말고 진짜 커피 먹으러 올 곳.,"Dessert/Bakery, Coffee/Drink, Vibe",keyword
너무친절하고 소금빵도 맛있어요!!!,"Service, Dessert/Bakery, Coffee/Drink",keyword
성수에서 사람들에 치이다가 괜찮은 카페 찾아서 기분이 좋아요ㅎㅎ,"Service, Dessert/Bakery, Coffee/Drink, Vibe",keyword
"티는 타발론꺼라서 좋았고, 자두에이드는 와우플럼껌 물에 씻은 맛.","Vibe, Coffee/Drink",keyword
친절하고  커피 진하고 맛있어여~,"Service, Dessert/Bakery, Coffee/Drink",keyword
시원하고 깜끔함,"Dessert/Bakery, Coffee/Drink",keyword
음료도 금방나와좋아요,Coffee/Drink,keyword
커피 맛있어요!!,Coffee/Drink,keyword
친구랑 같이 왔는데 얘기하기 좋은 장소입니다~~!!,"Dessert/Bakery, Coffee/Drink, Vibe",keyword
커피 맛도 부드러워요~^^,Coffee/Drink,keyword
커피는 구테로이테가 제일 맛있어요!,Coffee/Drink,keyword
성수오면 무조건 들립니다.,"Dessert/Bakery, Coffee/Drink",keyword
매장이 넓고 매우 친절하세요,"Service, Dessert/Bakery, Coffee/Drink, Vibe",keyword
분위기도 너무 좋고 직원분들도 엄청 엄청 친절하세요,"Service, Dessert/Bakery, Coffee/Drink, Vibe",keyword
😆 다음에 또 방문할게요,"Service, Dessert/Bakery, Coffee/Drink",keyword
최근에 마신 커피 중에 젤 맛있었어요!,Coffee/Drink,keyword
"가게가 생각보다 넓고, 음악도 적당해서 대화하기도 좋아요","Dessert/Bakery, Coffee/Drink, Vibe",keyword
커피 종류가 많고 취향껏 다양히 먹을수있어서 좋아요!!,"Vibe, Coffee/Drink",keyword
음료도 맛있고 공간도 넓어서 추천하는 카페입니다!,"Dessert/Bakery, Coffee/Drink, Vibe",keyword
매장도 이쁜데 커피가 너모 맛있어요.,"Vibe, Coffee/Drink",keyword
메뉴도 다양해서 취향것 고르고 여러개 먹거봐도 좋을 거 같아요,"Dessert/Bakery, Coffee/Drink",keyword
회사 앞 카페예요!!,Coffee/Drink,keyword
대형 매장이라 자리가 많아 모임이나 작업하기에도 좋아요.,"Service, Dessert/Bakery, Coffee/Drink, Vibe",keyword
"시그니처 커피가 유명해서 일부러 찾아오는 분들도 많고, 맛이 확실히 개성이 있어 기억에 남습니다.","Dessert/Bakery, Coffee/Drink, Vibe",keyword
특히 초코 꾸덕함 미쳤어요!,"Dessert/Bakery, Coffee/Drink",keyword
"😆
인테리어도 세련되어 사진 찍기에도 좋아요.",Vibe,keyword
편하게 앉아 있다가 커피와 분위기 모두 즐기기 좋은 카페였습니다,"Vibe, Coffee/Drink",keyword
무뷰페 돌고 힘들어서 왔는데 커피도 맛있고 소금빵도 바삭해서 맛있어요,"Dessert/Bakery, Coffee/Drink",keyword
분위기가 너무 좋아요!!,Vibe,keyword
성수 와서 괜찮은 카페 찾다가 들어왔는데 매장이 넓고 쾌적하며 음료 종류도 많아서 좋습니다,"Service, Dessert/Bakery, Coffee/Drink, Vibe",keyword
캐모마일 리치펀치 주문했는데 너무 맛있었어요,"Service, Dessert/Bakery, Coffee/Drink",keyword
카페인 차징 굳,Coffee/Drink,keyword
강남가도 구태로이테 성수와도 구테로이테 입니다,Vibe,keyword
^^검증된 맛있는 커피를 먹기 딱입니다.,Coffee/Drink,keyword
언제나 편안하고 좋습니다~,"Dessert/Bakery, Coffee/Drink",keyword
내부가 밖에서 보이는 것 보다 넓고 깔끈해요!,"Dessert/Bakery, Coffee/Drink, Vibe",keyword
다른 카페에는 안파는 다양한 커피 종류가 있어서 좋고 넘 맛있어용,"Dessert/Bakery, Coffee/Drink, Vibe",keyword
구테로이테 소문처럼 커키 전문점 답게 커피가 맛있네요,Coffee/Drink,keyword
"잔얼음으로 채워주어서 더 시원하고 향기로운 커피
강추입니다","Dessert/Bakery, Coffee/Drink",keyword
인테리어도 깔끔히니요,Vibe,keyword
성수오면 커피1차하는 곳이에요,"Dessert/Bakery, Coffee/Drink, Vibe",keyword
커피랑 시그니처 음료들이 다 맛있어요,Coffee/Drink,keyword
음료 빨리 나오고 매장이 쾌적해서 좋아요! ㅎㅎ,"Dessert/Bakery, Coffee/Drink, Vibe",keyword
커피는 맛있는데 네모난 안경쓴 직원분?,"Service, Vibe, Coffee/Drink",keyword
사장님인지 모르겠는데 왜이리 화가 나신건지 모르겠네요.,"Service, Coffee/Drink",keyword
제가 돈받고 커피 먹는줄 알았어요,"Service, Coffee/Drink, Price",keyword
카페 인테리어도 좋구 버터스카치 커피가있어서 너무좋아요ㅜ,"Dessert/Bakery, Coffee/Drink, Vibe",keyword
이거파는곳 별로없어서ㅜㅜㅜ커피 좋아하시는 분들께 추천합니다!,"Dessert/Bakery, Coffee/Drink, Vibe",keyword
"본점이 회사 앞이었어서 거의 매일 갔다가 퇴사하고는 못 갔는데, 성수 왔다가 반가운 마음에 오랜만에 오네요ㅎㅎ","Dessert/Bakery, Coffee/Drink",keyword
커피는 여전히 넘 맛있어요!,Coffee/Drink,keyword
겉바속촉 크로와상이 버터향 가득해서 커피랑 찰떡이더라구요,"Service, Dessert/Bakery, Coffee/Drink, Vibe",keyword
☕️ 아이스아메리카노는 산미가 은은하고 깔끔해서 빵이랑 같이 먹기 딱 좋았어요.,"Dessert/Bakery, Coffee/Drink",keyword
옆에 시킨 에이드도 상큼톡톡해서 입안이 리프레시되는 느낌💛 비주얼도 예쁘고 맛까지 만족스러워서 재방문 예약입니다,"Vibe, Service, Coffee/Drink, Price, Dessert/Bakery",keyword
더워서 들어왔는데 내부도 넓고 음료도 빠르게 나오고 맛있어요.,"Dessert/Bakery, Coffee/Drink, Vibe",keyword
"소금빵 맛집 구테로이테(성수 센트럴 키친)
커피도 맛있고 위치도 좋아서 자주는 아니지만 가아끔 가는 곳!","Position, Dessert/Bakery, Coffee/Drink, Vibe",keyword
오늘은 우유크림 소금빵 포장,"Dessert/Bakery, Price",keyword
"성수 팝업스토어 왔다가 우연히 발견해서 왔는데
매장도 넓고 아아랑 블루소다레몬에이드 너무 맛있어요!!","Dessert/Bakery, Coffee/Drink, Vibe",keyword
인테리어도 넘 이쁘구 잘 쉬다 갑니당!!,Vibe,keyword
매장 인테리어도 예쁘고 쾌적해요!,"Dessert/Bakery, Coffee/Drink, Vibe",keyword
"커피, 음료도 너무 맛있고 친절하세요","Service, Dessert/Bakery, Coffee/Drink",keyword
소금빵 나오자마자 순삭해서 사진이 없어요.,"Dessert/Bakery, Coffee/Drink",keyword
진짜 진짜 버터동굴 미쳤고 바닥은 콰작해요 강추.,Dessert/Bakery,keyword
아침 일찍 왔는데도 소금빵두 있구 분위기도 너무 좋아요! ♡,"Dessert/Bakery, Coffee/Drink, Vibe",keyword
직장 근처라 종종 오는 곳인데 부모님 모시고와서 에스프레소 먹으니까 너무 좋아하시네요!,"Dessert/Bakery, Coffee/Drink, Vibe",keyword
매장 인테리어도 감각적이고 좋아요,Vibe,keyword
시그니처 메뉴도 너무 맛있고 인테리어가 완전 감성이여요..!!!,Vibe,keyword
"부모님이랑 대화하기도,친구들이랑 와도 좋을것같아요","Dessert/Bakery, Coffee/Drink, Vibe",keyword
시그니처메뉴도 3잔있고 가격도 저렴하네요!!!,"Vibe, Coffee/Drink, Price",keyword
대형카페 추천!,"Vibe, Coffee/Drink",keyword
레몬 그라나따는 엄청 상큼하고 구테 넛 슈페너는 진하고 달달해요.,Coffee/Drink,keyword
다른 것도 먹어보고 싶어요.,Coffee/Drink,keyword
커피가 특이하고 카페 분위기 좋아요 ㅎㅎㅎ,"Dessert/Bakery, Coffee/Drink, Vibe",keyword
성수동 나들이 나왔다 우연히 들렀어요..,Coffee/Drink,keyword
커피랑 에이드 모두 마시기 좋았어요.,Coffee/Drink,keyword
소금빵은 맛있었는데 다른빵도 먹어보고 싶었는데 플레인만 남아서 아쉬웠어요.,"Dessert/Bakery, Coffee/Drink",keyword
매장 크고 넓어서 쉬다가기 좋은곳 같아요.,"Service, Dessert/Bakery, Vibe",keyword
"믿고 오는 구테로이테♡
선릉점이랑은 또 느낌이 다르네요","Dessert/Bakery, Coffee/Drink",keyword
더운 여름에 잘 쉬다가요!,Coffee/Drink,keyword
음료 넘 맛있었어요,Coffee/Drink,keyword
시그니처음료가 독특하고 맛있어요~,"Dessert/Bakery, Coffee/Drink",keyword
소금빵도 맛있었어요,Dessert/Bakery,keyword
커피 받자마자 향이 넘 좋고 가게도 넓어서 좌석이 많아 좋아요!!,"Vibe, Coffee/Drink",keyword
직원분들도 친절하셔서 넘 감사했습니당,"Service, Dessert/Bakery, Coffee/Drink",keyword
매장이 깔끔하고 좌석이 넓고 앉기편해요,"Dessert/Bakery, Coffee/Drink, Vibe",keyword
미팅전 시간이 남아서 급하게 들어왔는데 인테리어도 좋고 커피도 맛있어요!,"Vibe, Coffee/Drink",keyword
콜드브루 맛있습니다,Coffee/Drink,keyword
성수점은 처음 와봤는데 매장도 넓고 쾌적해서 좋아요!!,"Dessert/Bakery, Coffee/Drink, Vibe",keyword
인테리어가 깔끔하고 커피맛과 향이 너무 좋아요!!,"Dessert/Bakery, Coffee/Drink, Vibe",keyword
소금빵은 매진이라 못먹었지만 다음에 다시와서 꼭 먹을게요!!!,"Dessert/Bakery, Coffee/Drink",keyword
넓고 쾌적하고 성수 조용한 카페로 추천합니당!,"Dessert/Bakery, Coffee/Drink, Vibe",keyword
느낌있습니다,"Vibe, Coffee/Drink",keyword
늘 이용하는 카페입니다!,"Dessert/Bakery, Coffee/Drink",keyword
커피 맛도 좋고 인테리어도 멋지고 친절해요,"Service, Dessert/Bakery, Coffee/Drink, Vibe",keyword
성수역이랑 가까워서 지하철 타고 바로 가기 좋고 성수 소금빵 첨 먹어봤는데 넘 맛있어요,"Dessert/Bakery, Coffee/Drink",keyword
"아메리카노는 고소해서 집중이 잘되고, 가게가 넓어서 혼자와도 부담안되네요","Dessert/Bakery, Coffee/Drink, Vibe",keyword
커피랑 빵 다 맛있고 분위기 좋아서 종종 이용하는 곳이에요 ㅎㅎ,"Dessert/Bakery, Coffee/Drink, Vibe",keyword
음료가 맛있고 분위기가 좋아요!,"Vibe, Coffee/Drink",keyword
커피도 케익도,Coffee/Drink,keyword
직원분이 친절해서 좋아요 ~~^^,"Service, Dessert/Bakery, Coffee/Drink",keyword
다음엔 우유크림 소금빵으로 ~~,Dessert/Bakery,keyword
음료가 다 이쁘고 맛있어요!,"Vibe, Coffee/Drink",keyword
아 그리고 아인슈페너는 무조건 섞지 않고 그대로 커피가 크림을 끌고 오게끔 마셔야 해요!!,"Dessert/Bakery, Coffee/Drink",keyword
"본점이랑 언주역에서 이용해보았는데
성수센트럴키친점은 처음이네요","Dessert/Bakery, Coffee/Drink",keyword
메뉴도 신기하고 맛있고 공간도 넓고 이용하기 좋았읍니다 :),"Dessert/Bakery, Coffee/Drink, Vibe",keyword
"성수의 핫플 구테로이테 성수~~♡
다행히 자리가 있어 들렀어요.","Vibe, Coffee/Drink",keyword
커피 오마카세 추천합니다.,"Dessert/Bakery, Coffee/Drink, Vibe",keyword
분위기좋고 음료맛있어요,"Vibe, Coffee/Drink",keyword
시원하고 매장넓고 맛있어요,"Dessert/Bakery, Coffee/Drink, Vibe",keyword
무엇보다 직원분들이 너무 친절하시네요!,"Service, Dessert/Bakery, Coffee/Drink",keyword
매장 분위기가 매우 좋네요,Vibe,keyword
성수동 걷다가 더워서 들어왔는데 매장 너무 시원하고 아이스 아메리카노 마시다가 머리 얼음찡 해서 더위 날려버렸네요,"Dessert/Bakery, Coffee/Drink, Vibe",keyword
에스프레소 러버들은 한 번 와볼만 합니다.,"Dessert/Bakery, Coffee/Drink, Vibe",keyword
두번째 방문입니다.,Service,keyword
강아지랑 동반하기 좋고 공간이 넓어요~~,"Dessert/Bakery, Coffee/Drink, Vibe",keyword
매장이 넓고 깔끔해요,"Dessert/Bakery, Coffee/Drink, Vibe",keyword
커피로 유명한고ㅛ,"Dessert/Bakery, Coffee/Drink, Vibe",keyword
분위기 좋고 맛도 좋고,Vibe,keyword
"😆
다음에 또 오고 싶어요!!!!!!!","Dessert/Bakery, Coffee/Drink",keyword
"맛있는 커피, 쇼콜라음료, 케익 등 가족과 함께 맛있게 먹고 갑니다~^^",Coffee/Drink,keyword
인테리어.,Vibe,keyword
맛 모두 특별한 곳!!^^,"Dessert/Bakery, Coffee/Drink, Vibe",keyword
매장이 넓고 시원하고 분위기가 조용조용해서 좋아요,"Dessert/Bakery, Coffee/Drink, Vibe",keyword
에스프레소 맛집인만큼 에스프레소 음료가 짱 맛도리입니다,"Vibe, Coffee/Drink",keyword
저는 레몬그라니따 마셨는데 레몬 살얼음에 에스프레소가 잘어울리고 맛있었어요,"Vibe, Coffee/Drink",keyword
카페가 조용하고 인테리어가 마음에 들어요,"Dessert/Bakery, Coffee/Drink, Vibe",keyword
깔끔한 분위기 좋아요~!!,"Dessert/Bakery, Coffee/Drink, Vibe",keyword
소금빵 맛나요♡,Dessert/Bakery,keyword
매장이 쾌적하고 음식이 맛있어요.,"Dessert/Bakery, Coffee/Drink, Vibe",keyword
음료가 빠르게 나와서 좋았어요.,Coffee/Drink,keyword
분위기도 좋구 커피도 맛있어요!!!,"Vibe, Coffee/Drink",keyword
음료도 맛있고 빵도 맛있어요,"Dessert/Bakery, Coffee/Drink",keyword
애정하는 커피맛딥,"Dessert/Bakery, Coffee/Drink",keyword
내부가 생각보다 넓어서 굳~!,"Dessert/Bakery, Vibe",keyword
소금빵에 피치에이드 잘 먹고 잘쉬다가요^^,"Dessert/Bakery, Coffee/Drink",keyword
"성수동에서 소금빵로 핫한곳~
서울 여행와서 맛나게 먹구 가요~^^","Dessert/Bakery, Coffee/Drink, Vibe",keyword
맛잇어용 소금빵 드세요,Dessert/Bakery,keyword
매장도 크고 시원하고 음료가 맛있어요!,"Service, Dessert/Bakery, Coffee/Drink, Vibe",keyword
애플망고그린에이드 짱맛 추천 꾹!!!,"Vibe, Coffee/Drink",keyword
아이랑 아빠랑 방탈출 보내고 가까이 있어서 들어왔는데 분위기 괜찮네요.,"Vibe, Coffee/Drink",keyword
아메리카노 마시려다가 앞사람 따라서 쿠테로이테 시켜봤는데 맛있어서 행복합니다~^^,"Dessert/Bakery, Coffee/Drink, Vibe",keyword
성수오면 항상 들립니다,"Dessert/Bakery, Coffee/Drink",keyword
커피 맛집!,Coffee/Drink,keyword
에스프레소 커핀바 중 가장 좋은것 같습니다!,"Dessert/Bakery, Coffee/Drink, Vibe",keyword
커피도 너무 맛있어서 자주 올 것 같네요~,"Dessert/Bakery, Coffee/Drink",keyword
에스프레소 좋아하시는 분들이라면 분명히 좋아할 가게입니다!!,Vibe,keyword
넘 맛있어서 재방문했어요,"Service, Dessert/Bakery, Coffee/Drink",keyword
커피 디저트 전부 짱맛있어요!!!,"Dessert/Bakery, Coffee/Drink",keyword
에스프레소바중에 젤 맛있어요,"Dessert/Bakery, Vibe",keyword
처음 방문했는데 커피 맛있네요,"Service, Dessert/Bakery, Coffee/Drink",keyword
가격도 괜찮아요!,Price,keyword
커피도 맛잇고  소금빵도 맛잇어요~,"Dessert/Bakery, Coffee/Drink",keyword
항상 가는 곳이었는데 이직하면서 오랜만에 왔는데 여전히 맛있네용!,"Dessert/Bakery, Coffee/Drink, Vibe",keyword
지나가다 빵이 맛있어 보여서 방문했어요.,"Service, Dessert/Bakery, Coffee/Drink",keyword
친절하시고 커피도 빵도 맛있네요!,"Service, Dessert/Bakery, Coffee/Drink",keyword
매장안도 넓고 쾌적하고 분위기도 좋아요~,"Dessert/Bakery, Coffee/Drink, Vibe",keyword
커피도 맛있고 소금빵도 맛있어요^^,"Dessert/Bakery, Coffee/Drink",keyword
저녁시간때라 그런지 빵이 거의 다 나가서 선턱지가 없었지만 커피랑 소금빵 찰떡입니당~,"Dessert/Bakery, Coffee/Drink",keyword
"더운 날씨에 음료는 필수
애플망고그림에이드,블루소다 레몸에이드 그리고 클래식 딥 쇼콜라 모두 시원하고 당충전하기 딱이었다.","Dessert/Bakery, Coffee/Drink, Vibe",keyword
매장이 넓고 쾌적해서 좋아요!,"Dessert/Bakery, Coffee/Drink, Vibe",keyword
커피 종류도 정말 다양해서 커피 좋아하는 분들이 오면 좋아할거 같아요,"Dessert/Bakery, Coffee/Drink",keyword
⭐️ 케이크 종류도 많고 맛있어요,Dessert/Bakery,keyword
아내랑 성수동에 놀러 왔다가 잠시 앉아 쉬다갑니다.,"Dessert/Bakery, Coffee/Drink",keyword
커피도 맛있고 매장도 좋네요.,"Vibe, Coffee/Drink",keyword
매장이 시원하고 인테리어 예뻐요,"Dessert/Bakery, Coffee/Drink, Vibe",keyword
가게도 이쁘고 소금빵과 구테로이터도 맛있어요!,"Dessert/Bakery, Vibe",keyword
매장이 넓은편.,Vibe,keyword
분위기도 좋고 커피가 맛있네요.,"Vibe, Coffee/Drink",keyword
"그라니따는 독특한데 매력있고 구테넛슈페너는
찐하게 맛있습니다.","Dessert/Bakery, Coffee/Drink, Vibe",keyword
에스프레소가 맛있는것 같아요!,"Dessert/Bakery, Vibe",keyword
와 여기 너무 조용하고 서비스도 좋네요,"Service, Dessert/Bakery, Coffee/Drink",keyword
사장님이 친절 하시고 원하는 메뉴 음료를 딱 맞게 해주셨어요...!!,"Service, Dessert/Bakery, Coffee/Drink",keyword
너무 바쁘신데 감사합니다,"Dessert/Bakery, Coffee/Drink",keyword
소금빵 맛이 👍🏻 버터가 고급진걸 혀로 느껴요~~,"Dessert/Bakery, Vibe",keyword
커피가 너무 맛있아요!!!!,Coffee/Drink,keyword
이번에 처음 방문했는데 쿠폰으로 저렴하게 구매했네요~,"Service, Dessert/Bakery, Coffee/Drink",keyword
인테리어도 깔끔하고 설명도 잘해주셨네요,"Service, Dessert/Bakery, Coffee/Drink, Vibe",keyword
맛있는 음료를 저렴하게 시원하게 마실수 있어서 정말 좋았습니다,"Vibe, Coffee/Drink",keyword
앞으로도 자주 방문할께요,"Service, Dessert/Bakery, Coffee/Drink",keyword
여자친구랑 왔는데 정말 좋았어요!,"Dessert/Bakery, Coffee/Drink, Vibe",keyword
"미니멀하고 컴팩트한 분위기면서 조명 때문에 따뜻한 느낌도 들었고, 커피도 진하고 디저트도 크리미하니 맛있었어요!!","Dessert/Bakery, Coffee/Drink, Vibe",keyword
매장 분위기도 좋고 소금빵 맛집!!,"Dessert/Bakery, Vibe",keyword
바삭바삭 고소고소🤗 카라멜라떼 시켰는데 조금은 더 달아도 될거 같아요^^,"Dessert/Bakery, Coffee/Drink",keyword
"구테로이테 성수점에서 에스프레소, 플랫화이트, 파인콘, 구테로이테, 그라나따, 롱블랙 코스로 마셨습니다.",Vibe,keyword
바리스타께서 친절히 설명해주시면서 한잔씩 음미할 수 있었습니다.,"Service, Dessert/Bakery, Coffee/Drink, Vibe",keyword
여섯 종류의 커피를 마셨는데 하나도 겹치는 맛 없이 다양함을 느낄 수 있었습니다.,"Dessert/Bakery, Coffee/Drink, Vibe",keyword
레몬 그라니따가 과하게 달지 않고 에스프레소와 잘 어울린다.,"Vibe, Coffee/Drink",keyword
여름에 최고~~~ 디카페인 롱블랙도 너~무 맛있다.,Coffee/Drink,keyword
시원하고 깔끔하고 정말 깔끔 !,"Dessert/Bakery, Coffee/Drink",keyword
성수 에스프레소 맛집 재방문 ☕️🤎,"Service, Vibe",keyword
엄마가 여기서 에스프레소에 입문해서 이후로도 많이 마셔봤는데 여기 원두향이 제일 좋고 맛있대요 ㅎㅎ,"Dessert/Bakery, Coffee/Drink, Vibe",keyword
"매장 넓고 좌석도 편해서 대화하기 좋아요
성수에서 밥먹고 오기 딱 좋은 곳","Dessert/Bakery, Coffee/Drink, Vibe",keyword
다만 저녁에 오니 베이커리류는 없었어요,"Dessert/Bakery, Coffee/Drink",keyword
"🥹
베이커리류도 맛집인가바요",Dessert/Bakery,keyword
그리고 매장도 크고 깨끗해요,"Service, Dessert/Bakery, Coffee/Drink, Vibe",keyword
많이 달지 않고 시원하게 마실수 있었습니다(리치팝 피치에이드),"Dessert/Bakery, Coffee/Drink, Vibe",keyword
서울에 휴가왔다 들린 까페인데요,"Dessert/Bakery, Coffee/Drink",keyword
"음료, 빵 모두 아주 맛있어요.","Dessert/Bakery, Coffee/Drink",keyword
처음 먹어본 그라니따 굿~~,Coffee/Drink,keyword
중딩이 아들 전시회 같이 와서 대기하면서 기다리고 있습니다.,"Service, Dessert/Bakery, Coffee/Drink, Vibe",keyword
에스팩토리에서 가깝고 가성비 좋고 분위기 좋아요…,"Vibe, Price",keyword
"좌석마다 거의 다 전선이 있어서 업무를 보기에 매우 좋고, 매장이 넓어서 쾌적하네요.","Dessert/Bakery, Coffee/Drink, Vibe",keyword
커피 원두는 신선한 걸 직접 엄수해서 쓰는 것 같아서 맛이 있습니다.,"Dessert/Bakery, Coffee/Drink, Vibe",keyword
커피 너무 맛있어서 성수올때마다 들리는 곳이에요~^^,"Dessert/Bakery, Coffee/Drink, Vibe",keyword
종류별로 다 맛있어요!,Vibe,keyword
카페가 커서 좋구 자리랑 음료가 맛있습니다!!,"Service, Coffee/Drink",keyword
성수점은 처음인데 넓고 깨끗하고 좋아요~~,Vibe,keyword
매장 안 쪽으로 들어오니 생각보다 넓고 인테리어도 모던하고 멋져요,"Dessert/Bakery, Coffee/Drink, Vibe",keyword
"✨️
시그니처 메누인 파인콘 먹었는데 겉에 카카오파우더랑 소금이 발려 있어서 달달하고 짭짤하고 맛나네요","Dessert/Bakery, Coffee/Drink, Vibe",keyword
시그니처 메뉴도 맛있던데 수정과 콜드브루로 특이하네요,"Dessert/Bakery, Coffee/Drink, Vibe",keyword
"친절하구 편하게
쉴수있어요ㅠ","Service, Dessert/Bakery, Coffee/Drink, Vibe",keyword
커피두맛있어요!!!,Coffee/Drink,keyword
"오래만에 찾은 성수에서
맛있는 커피집 발견 .",Service,keyword
오미자차도 직접만든 오미자청.,"Vibe, Coffee/Drink",keyword
으로.,Vibe,keyword
안든거같다,Dessert/Bakery,keyword
성수 카페는 꼭 여기 와요,"Dessert/Bakery, Coffee/Drink",keyword
"가격도 저렴하고 제가 먹은건 롱블랙인데
진하고 마시쑴","Coffee/Drink, Price",keyword
신기하고 예쁜 메뉴가 많아요!,"Dessert/Bakery, Coffee/Drink, Vibe",keyword
그리고 본질적인 커피 맛이 성수 최상급입니다,Coffee/Drink,keyword
"고소한거 좋아하시는 분 구테 넛 슈페너 진짜 추천드려요
유자 버블 브루도 예쁜데 달콤쌉쌀해서 여자친구가 진짜 좋아했습니다ㅎㅎ","Dessert/Bakery, Coffee/Drink, Vibe",keyword
데이트 코스로 추천이요,Vibe,keyword
습한 여름에 상큼하게 먹기 좋아요!,Coffee/Drink,keyword
에스프레소 향이 진하게 풍기면서 상큼해서 맛있어요,Vibe,keyword
카페 분위기가 이뻐요,"Vibe, Coffee/Drink",keyword
상콤한 그라니따랑 소금빵 ❤️ 좋네요,"Dessert/Bakery, Coffee/Drink",keyword
파인콘 한잔을 주문했는데 달달한 카카오파우더와 에스프레소가 조화를 이루었습니다.,"Service, Dessert/Bakery, Coffee/Drink, Vibe",keyword
좋은 커피였습니다.,Coffee/Drink,keyword
시원하게 먹고 시원하게 머물다 갑니다.,"Dessert/Bakery, Coffee/Drink",keyword
"성수동 하이큐 10주년 에디션 갓다가
더위피할겸 잠시들린 커피숍에서
요즘 트레드에 맞는 분위기속에
힐링해서요~~","Dessert/Bakery, Coffee/Drink, Vibe",keyword
성수에서 이렇게 싼 가격에 특별한 메뉴를 먹을 수 있어서 좋았습니다.,"Price, Dessert/Bakery, Coffee/Drink, Vibe",keyword
매장 분위기도 도란도란 이야기 나누는 아늑한 분위기에요.,"Dessert/Bakery, Coffee/Drink, Vibe",keyword
코코넛 그라니따 마셨는데 이거 진짜 맛있습니다ㅎㅎㅎ,Coffee/Drink,keyword
레몬 그라니따 맛있어요!!,Coffee/Drink,keyword
그라니따 매력있고 맛있어요,"Vibe, Coffee/Drink",keyword
맛있고 직원분들이 다들 친절 하십니다.,"Service, Dessert/Bakery, Coffee/Drink",keyword
성수동에 오시면 꼭 들려보시길 추천드려용~~,"Dessert/Bakery, Coffee/Drink, Vibe",keyword
늘 분위기 좋은 음악과 넓직한 공간이 매력적인 구테로이테!,"Dessert/Bakery, Coffee/Drink, Vibe",keyword
요즘같이 더운때 인테리어만 봐도 시원해요,"Dessert/Bakery, Coffee/Drink, Vibe",keyword
"🙂
레몬 그라나따 추천요.","Vibe, Coffee/Drink",keyword
커피가 너무 맛있고 위치가 너무 좋아요 !,"Position, Coffee/Drink",keyword
꼭 방문 해보세용 ㅎㅎ,"Service, Dessert/Bakery, Coffee/Drink",keyword
가성비 좋고 맛있어욤~~,Price,keyword
매장 넓고 시그니처 음료랑 커피 귀여워요,"Vibe, Coffee/Drink",keyword
인테리어도 예쁘고 음료도 맛있고 케익들도 맛있어요!!,"Vibe, Coffee/Drink",keyword
아주 하트하트하게 맛있네요,"Dessert/Bakery, Coffee/Drink",keyword
커피 맛이 너무너무 특별해요!!!!,"Dessert/Bakery, Coffee/Drink",keyword
이쁘고 넓고 맛있어요,Vibe,keyword
식사후 입가심하러 에스프레소 / 베리에이션 주문했는데 너무 맛있습니다 !,"Service, Dessert/Bakery, Coffee/Drink, Vibe",keyword
성수 올때마다 들려요,"Dessert/Bakery, Coffee/Drink",keyword
에스프레소메뉴가 많길래 커피가 맛있을줄알았는데 라떼는 별로네요,"Service, Vibe, Coffee/Drink",keyword
밍밍해요,"Dessert/Bakery, Coffee/Drink",keyword
에이드도 밍밍하고.,"Dessert/Bakery, Coffee/Drink",keyword
티라미수는 괜찮았어요.,Dessert/Bakery,keyword
근데 직원이 영 친절하진않네요!,"Service, Dessert/Bakery, Coffee/Drink",keyword
만족스럽진않았어요.,Price,keyword
디저트가 여러종류가 있구 음료도 맛있었어욤ㅎㅎ,"Dessert/Bakery, Coffee/Drink, Vibe",keyword
시그니처 메뉴가 있어서 좋았숩니당,"Vibe, Coffee/Drink",keyword
"커피 메뉴가 다양하고 
고규마 케이크 목었는데 폭신 달달…  최고예요","Dessert/Bakery, Coffee/Drink",keyword
음료가 맛있고 인테리어가 맘에 드네요,"Vibe, Coffee/Drink",keyword
음료 맛있고 넓어서 대화하기 좋아요!,"Dessert/Bakery, Coffee/Drink, Vibe",keyword
요즘 성수 오면 이 카페만 옵니다,"Dessert/Bakery, Coffee/Drink",keyword
자리도 넓고 분위기도 좋고 맛도 짱~,Vibe,keyword
성수동팝업스토어 왔다가 발견한 곳~ 맛있다!,"Dessert/Bakery, Coffee/Drink, Vibe",keyword
음료 새롭다!!!,Coffee/Drink,keyword
"커피와 디저트, 소금빵이 맛있어요!","Dessert/Bakery, Coffee/Drink",keyword
모임장소로 추천합니다!!,"Dessert/Bakery, Coffee/Drink, Vibe",keyword
직원분들이 바쁜데도 친절하고 커피가 맛있어요.,"Service, Dessert/Bakery, Coffee/Drink",keyword
클래식 쇼콜라도 너무 달지않고 맛있어서 아이들이 좋아했어요,Vibe,keyword
근처 팝업스토아 왔다가 우연히 들렀어요.,"Dessert/Bakery, Coffee/Drink",keyword
사람들로 붐비지만 긴테이블에 앉을수 있어서 바로 주문했어요.,"Service, Dessert/Bakery, Coffee/Drink, Vibe",keyword
두번나눠 주문했는데 아아가 맛있어요,"Service, Dessert/Bakery, Coffee/Drink",keyword
분위기가 딱 성수네요.,Vibe,keyword
힙한 느낌.,"Dessert/Bakery, Coffee/Drink, Vibe",keyword
커피도 맛있어요.,Coffee/Drink,keyword
성수에서 발견한 보석 같은 공간.,"Dessert/Bakery, Coffee/Drink, Vibe",keyword
어디서 찍어도 인생샷 나오는 감성 인테리어.,"Vibe, Coffee/Drink",keyword
소품 하나하나 신경 쓴 티가 나요.,"Vibe, Coffee/Drink",keyword
라떼는 비주얼부터 합격!,Coffee/Drink,keyword
"🥹
오랜만에 여유로운 시간 보내고 왔어요.","Dessert/Bakery, Coffee/Drink",keyword
수다 떨기 딱 좋은 곳.,Vibe,keyword
아기의자있어요!!!!,"Vibe, Coffee/Drink",keyword
"전체적으로 산미가 강하지 않고, 초콜릿티한 뉘앙스와 고소한 견과류의 풍미가 기분 좋게 어우러졌습니다.","Dessert/Bakery, Coffee/Drink, Vibe",keyword
커피 본연의 맛에 집중하고 싶은 분들께 추천하고 싶은 곳입니다.,"Dessert/Bakery, Coffee/Drink, Vibe",keyword
초코빵도 맛있고 자리도 넓직해서 좋네요,"Dessert/Bakery, Coffee/Drink",keyword
하이큐 팝업보고 바로 앞에 있어서 왔는데 쾌적하고 맛있습니다!,"Dessert/Bakery, Coffee/Drink, Vibe",keyword
"성수동 왔다가 잠시 드른 소금빵 맛집~
더위를 날릴 시원한 아이스 커피와 오미자, 리치팝 피치에이드도 맛있네요~","Dessert/Bakery, Coffee/Drink",keyword
매장이 넓고 깔끔해서 편하게 올 듯~^^,"Dessert/Bakery, Coffee/Drink, Vibe",keyword
음료가 맛있고 평화로워용,Coffee/Drink,keyword
지나가다 양 적고 맛있는 커피 먹고싶어서 왔어요!,"Dessert/Bakery, Coffee/Drink",keyword
파인콘 먹었는데 너뮤 쓰지도 않고 잔에 올려놓은게 달콤새콤하네요,"Dessert/Bakery, Coffee/Drink",keyword
"전에 커피 맛있어서 오늘 오마카세로 즐기는데
다양한맛에 에스프레소 커피 맛을 제대로
즐길수 있어서 좋아요","Dessert/Bakery, Coffee/Drink, Vibe",keyword
"담에는 계절 오마카세
마시러 와야겠어요","Dessert/Bakery, Coffee/Drink",keyword
에스프레소 베이스로 맛있는 메뉴들이 다양하고 가격도 저렴해서 여러잔 마실수 있어서 너무 좋아요,"Price, Dessert/Bakery, Coffee/Drink, Vibe",keyword
메뉴가 다 맛있고 빵 맛집이예요!,Dessert/Bakery,keyword
"길 지나가다 소금빵이 너무 맛있어 보여서 들어왔는데, 기본 소금빵만 남아 있고 다 품절이었어요.","Dessert/Bakery, Coffee/Drink, Vibe",keyword
그래도 소금빵 하나만으로도 충분히 맛있었고 만족했어요.,"Dessert/Bakery, Coffee/Drink, Price",keyword
겉은 바삭하고 속은 쫀쫀해서 식감이 정말 좋았어요.,"Dessert/Bakery, Coffee/Drink",keyword
제로 히비스커스 피치티는 향긋하고 산뜻해서 함께 먹기 딱 좋았어요.,"Dessert/Bakery, Coffee/Drink",keyword
"그래서 그런가, 커피도 언주역이 더 맛있는 느낌",Coffee/Drink,keyword
성수 팝업 나들이 왔다가 들렀는데 시원하고 대화하기 좋아요.,"Dessert/Bakery, Coffee/Drink",keyword
"더운 날 강아지 동반 가능한 카페 찾기 힘들었는데~ 넘 반갑게 들어와서 쉬다가요~ 우연히 들렀는데, 공간이 넓어서 좋았어요.","Vibe, Service, Coffee/Drink, Price, Dessert/Bakery",keyword
근데 에어컨은 조금 쎄게 틀어주시면 더 좋을 것 같네요^^,Dessert/Bakery,keyword
"소금빵도 먹고, 생각보다 저렴한 값에 특이한 커피(그라니따) 레몬샤베트 들어간 것도 먹어 봤네요.","Dessert/Bakery, Coffee/Drink",keyword
재방문 의사 있어용,"Service, Vibe, Coffee/Drink",keyword
커피가 맛있어서 점심시간에 자주와요!,"Dessert/Bakery, Coffee/Drink",keyword
여긴 에스프레소 마시러 옵니다!!!,"Dessert/Bakery, Coffee/Drink, Vibe",keyword
에스프레소 맛집!!!,Vibe,keyword
커피가 맛있고 안에 인테리어가 잘되어 있습니다!!,"Vibe, Coffee/Drink",keyword
직원분도 친절하세요!!,"Service, Dessert/Bakery, Coffee/Drink",keyword
여러가지 먹을수있어서 좋은거같아,"Dessert/Bakery, Coffee/Drink, Vibe",keyword
처음와봤는데 매장도 넓고 다 맛있어요.,"Dessert/Bakery, Coffee/Drink, Vibe",keyword
재방문의사 있음,"Service, Vibe, Coffee/Drink",keyword
구테로이테 만의 커피맛이 있어요!,"Vibe, Coffee/Drink",keyword
컵은 구테로이껀 아니고 제 컵인데요.,Vibe,keyword
인테리어도 멋지고 전 특히 여기레몬샤벳+커피 섞인거 넘 좋아해요~,"Vibe, Coffee/Drink",keyword
여름에 더위 먹을때 한잔하면 개꿀..,"Dessert/Bakery, Coffee/Drink",keyword
무더운 날씨에 그라니따 레몬소르베 먹으니까 너무 입가심되고 맛있어요!!,Coffee/Drink,keyword
한 잔 더 마실까 고민했어요..,"Dessert/Bakery, Coffee/Drink",keyword
매장이 넓고 커피가 맛있습니다.,"Vibe, Coffee/Drink",keyword
깔끔하고 너무 좋아요,"Dessert/Bakery, Coffee/Drink",keyword
직원분들도 엄청 친절하십니다!,"Service, Dessert/Bakery, Coffee/Drink",keyword
너무 맛도리 카페를 찾은 것 같아욥,"Service, Dessert/Bakery, Coffee/Drink",keyword
시원하고 뭔사 한적해서 여름에 시분 좋은곳!!,"Dessert/Bakery, Coffee/Drink, Vibe",keyword
항상 눈여겨보다 와 본 구테로이테!!,"Dessert/Bakery, Coffee/Drink",keyword
☕️ 분위기도 좋아서 또 오고 싶어요,"Dessert/Bakery, Coffee/Drink, Vibe",keyword
언제와도 맛있는 구테로이테👍,"Dessert/Bakery, Coffee/Drink",keyword
커피향과 소금빵 굽는 향기로 들어서는 순간 기분이 좋아요^ ^,"Dessert/Bakery, Coffee/Drink, Vibe",keyword
성수동 오면 꼭 들르는 곳입니다^,"Dessert/Bakery, Coffee/Drink, Vibe",keyword
구테로이테 본점 만큼 맛잇어옴..,"Dessert/Bakery, Coffee/Drink",keyword
커피는 말모..,Coffee/Drink,keyword
좋아오,"Dessert/Bakery, Coffee/Drink",keyword
시그니처 그라니따가 여름에 마시기 진짜 맛난 메뉴에요!!,Coffee/Drink,keyword
기본 소금빵만 있었지만 그래도 맛있었어요 ◡̈,"Dessert/Bakery, Coffee/Drink, Vibe",keyword
분위기가 정말 좋고 커피 맛이 좋습니다!,"Vibe, Coffee/Drink",keyword
더운 날씨에 매장 시원하고 음료가 금방 나오니 좋네요,"Vibe, Coffee/Drink",keyword
아이랑 성수동에 놀러왔다,"Dessert/Bakery, Coffee/Drink",keyword
"우연히 들르게 된 카페인데, 기분 좋은 시간을 보내고 갑니다.","Vibe, Coffee/Drink",keyword
"세련된 분위기가 참 좋았고, 커피도 생각보다 훨씬 맛있었어요.","Vibe, Coffee/Drink",keyword
다음엔 다시 오고 싶어요.,"Dessert/Bakery, Coffee/Drink",keyword
성수카페 분위기가 좋고 가격도 괜찮아요~,"Vibe, Coffee/Drink, Price",keyword
더운날 휴식 취하고 싶을 때 추천합니다.,"Dessert/Bakery, Coffee/Drink, Vibe",keyword
"레몬 그라니따와 캐모마일 리치펀치 
시켰어요!",Coffee/Drink,keyword
시그니처 커피도 너무 맛있고 디저트도 맛있어요,"Dessert/Bakery, Coffee/Drink",keyword
추천합니다!!,"Dessert/Bakery, Coffee/Drink, Vibe",keyword
그럭저럭 괜찮았어유 잠깐 땀식히기 좋은 카페인것 같아욤,"Dessert/Bakery, Coffee/Drink",keyword
역시 에스프레소 맛집답네요 ㅎㅎ,Vibe,keyword
커피가 되게 고급지고 인테리어도 세련되고 깔끔해서 좋아요!!,"Dessert/Bakery, Coffee/Drink, Vibe",keyword
요즘 커피는 못마셔서..,Coffee/Drink,keyword
"다양한 소금빵이 있다기에 들어왔더니
커피크림소금빵과 플레인만 남은...","Dessert/Bakery, Coffee/Drink, Vibe",keyword
"다른건 안먹어봤지만 
커피크림빵은 좀 느끼..","Dessert/Bakery, Coffee/Drink",keyword
커피를 부르는 맛.,Coffee/Drink,keyword
클래식 코스라는 메뉴를 처음 접해봤는데 너무 신선하네요!,"Dessert/Bakery, Coffee/Drink",keyword
케이크도 커피도 모두 맛있어요~!,"Dessert/Bakery, Coffee/Drink",keyword
서울 나들이와서 먹었어요,"Dessert/Bakery, Coffee/Drink",keyword
뱅쇼도 커피도 소금빵 맛나요^♡^,"Dessert/Bakery, Coffee/Drink",keyword
공간이 넓어서 좋아요!,Vibe,keyword
더운날 데이트하다가 쾌적하게 쉴 수 있어서 좋아요,"Dessert/Bakery, Coffee/Drink, Vibe",keyword
아이랑 같이 와서 맛있게 먹고 가요!,"Dessert/Bakery, Coffee/Drink",keyword
커피도 맛있고 케이크는 달콤해요 ㅎㅎ,"Dessert/Bakery, Coffee/Drink",keyword
쿠키런킹덤 방탈출왔다가 찾게된 멋진곳을 발견했어요,"Service, Dessert/Bakery, Coffee/Drink, Vibe",keyword
친절하신 직원분과 색다른 음료.,"Service, Dessert/Bakery, Coffee/Drink",keyword
맛있는커피 아이들과 즐거운 나들이가되었어요,Coffee/Drink,keyword
여름엔 그라니따!!,Coffee/Drink,keyword
성수에도 구테로이테가 있는 줄 몰랐네요~,"Service, Vibe, Coffee/Drink",keyword
커피 다 맛있고 메뉴도 커피에 진심인 곳!!,"Vibe, Coffee/Drink",keyword
빵도 맛있었고 응대도 굉장히 친절하고 넓고 쾌적해서 성수 오면 여기로 오게 될 것 같다,"Service, Dessert/Bakery, Coffee/Drink, Vibe",keyword
"✨️레몬그라니따, 아메리카노(decaf), 플레인소금빵✨️",Dessert/Bakery,keyword
코코넛 그라니따 완전 취향저격이고 베이커리도 다 맛있어요^^,Coffee/Drink,keyword
"예약없이 급 방문했는데
여유있게 맛있게 먹을수있었어요","Service, Dessert/Bakery, Coffee/Drink, Vibe",keyword
자리가 너무 편하고 음료도 맛있었어요~♡,Coffee/Drink,keyword
언니랑동생이랑놀러와서 맛있는커피한잔 좋은추억만들고갑니다,"Dessert/Bakery, Coffee/Drink, Vibe",keyword
"친절하고 음료, 베이커리 맛있습니다!","Service, Dessert/Bakery, Coffee/Drink",keyword
너무맛잇구 넓고 에어컨 빵빵해서 좋아,"Dessert/Bakery, Coffee/Drink, Vibe",keyword
오 가격도 주변보다 착한편,"Dessert/Bakery, Coffee/Drink, Price",keyword
분위기도 조용하고 맛있어요,"Dessert/Bakery, Coffee/Drink, Vibe",keyword
"꼭 드셔보시고 초코케이크도 드셔요,, 왕진하니까 왕좋다","Dessert/Bakery, Coffee/Drink",keyword
히히 에스프레소 짱,Vibe,keyword
핫한 성수동 한가운데 있는 시원하고 세련된 공간이에요.,"Dessert/Bakery, Coffee/Drink, Vibe",keyword
커피도 맛있고 케익도 맛있고 분위기도 편해서 잘 머물다가 갑니다,"Vibe, Coffee/Drink",keyword
요새 많이 보이는 구테로이테 !!,Coffee/Drink,keyword
성수에 있길래 호닥닥 왔어요 !,"Dessert/Bakery, Coffee/Drink, Vibe",keyword
성수동에서 이 가격에 이 분위기에 좋은 커피를 마실 수 있는 곳은 여기뿐일거에요!,"Vibe, Coffee/Drink, Price",keyword
코코넛 그라니따 시원하게 꼬옥 드세요ㅠ,Coffee/Drink,keyword
분위기도 완전 좋고 커피도 짱장 맛있어요!!!!,"Vibe, Coffee/Drink",keyword
"처음 먹어본 ""코코넛 그라니따"" 묘하게 맛나네요",Coffee/Drink,keyword
되게 친절하고 분위기 좋아요!,"Service, Dessert/Bakery, Coffee/Drink, Vibe",keyword
"매장도 넓어서 이야기 하기 좋구
아포카토랑 다른 음류들도 맛있네요","Dessert/Bakery, Coffee/Drink, Vibe",keyword
"🥰
추천합니다.","Dessert/Bakery, Coffee/Drink, Vibe",keyword
담에 또 케이크 먹으러 와야겠어요.,"Dessert/Bakery, Coffee/Drink",keyword
커피가 맛있다고 해서 방문했어요,"Service, Dessert/Bakery, Coffee/Drink",keyword
에스프레소 맛집이에요~,Vibe,keyword
티라미수랑 같이 먹었어요,"Dessert/Bakery, Coffee/Drink",keyword
그리고 장소도 넓어서 바로 앉을 수 있었어요,"Vibe, Coffee/Drink",keyword
어느 지점에 있는 매장을 가도 아묻따 구테로이테••♡ ♡,"Vibe, Coffee/Drink",keyword
따뜻하고 깔끔하고 행복가득 만땅 카페 입니두 ••♡,"Dessert/Bakery, Coffee/Drink, Vibe",keyword
친절하시고 고구마케이크 너무 맛있어요!,"Service, Dessert/Bakery, Coffee/Drink",keyword
분위기 좋고 다음에 또 방문해야겠어요!!,"Service, Dessert/Bakery, Coffee/Drink, Vibe",keyword
사진도 잘 나왔어요~,Coffee/Drink,keyword
넓고 쾌적해서 대화하기 좋아요!,"Dessert/Bakery, Coffee/Drink, Vibe",keyword
커피도 특이하고 넘 맛있습니당,"Dessert/Bakery, Coffee/Drink",keyword
다음에 빵도 먹어보려구요!,"Dessert/Bakery, Coffee/Drink",keyword
매장도 넓고 깔끔해서 쉬었다가기 너무 좋아요!,"Dessert/Bakery, Coffee/Drink, Vibe",keyword
커피와 음료도 맛있고 시원해서 힐링하고 갑니다!,"Dessert/Bakery, Coffee/Drink",keyword
기본커피도 고소하고 시원하니 좋네요 /,"Dessert/Bakery, Coffee/Drink",keyword
히비스커스 / 그라니따(레몬소르베) 강력추천,Vibe,keyword
카피기 유니크하고 맛있어요~~!,"Dessert/Bakery, Coffee/Drink",keyword
카페가 너무 춥지 않아 좋아요,Coffee/Drink,keyword
"그라니따 먹으러 일부러 굳이 찾아오는 곳☕️ 한잔만 먹기에 아쉽고 두잔은 거뜬히 먹을수 있는 진짜 유일하게 구테로이테만 가능한 맛🍋☕️커피에 레몬 셔벗이 들어가는데 그 맛은 먹어봐야만 알아요, 꼭 한번만 믿고 먹어봐주세요..","Price, Dessert/Bakery, Coffee/Drink, Vibe",keyword
너무 맛있고 시원하고 친구들과 이야기하기 좋았어요!!,"Dessert/Bakery, Coffee/Drink, Vibe",keyword
흑임자 맛이 고소하고 특별한 커피였습니다,"Dessert/Bakery, Coffee/Drink",keyword
시원하고 넓은 매장이라 좋아요!!,"Dessert/Bakery, Coffee/Drink, Vibe",keyword
그라니따는 굉장히 상큼해요,Coffee/Drink,keyword
커피랑 은근 조합이 좋네요,Coffee/Drink,keyword
요즘같이 더운날 먹기좋아요,Coffee/Drink,keyword
공간이 크고 깨끗해서 오래있기 좋아요,"Service, Dessert/Bakery, Coffee/Drink, Vibe",keyword
추천!!,Vibe,keyword
여기 레몬 그라니따 맛있어요 ㅋ,Coffee/Drink,keyword
매장도 넓고 오미자아메리카노 맛있어요,Vibe,keyword
아샷추같음!!,Dessert/Bakery,keyword
분위기도 좋고 맛도 좋아요.,Vibe,keyword
시원해서 여름에 최고!,"Dessert/Bakery, Coffee/Drink",keyword
"갑작스레 들어왔는데 시그니처 그라니따, 파인콘 너무 맛있어요","Vibe, Coffee/Drink",keyword
분위기도 좋고 소금빵과 잘 어울려요,"Dessert/Bakery, Vibe",keyword
세트 주문했는데 늦게 나오기도 하고 중간 손님한테 먼저 음료가 먼저 나가기도 하네요. ㅜㅜ,"Service, Dessert/Bakery, Coffee/Drink",keyword
혼자왔는데 쾌적하고 좋이요💜,"Dessert/Bakery, Coffee/Drink",keyword
항상 맛있게 먹습니다 ㅋㅋㅋㅋㅋ,Coffee/Drink,keyword
점심때 먹으면 오후 일이 잘됩니당,Coffee/Drink,keyword
에스프레소바를 찾아왔는데 너무 맛있고 매장도 넓고 좋습니다!,"Dessert/Bakery, Vibe",keyword
커피도 너무 맛있어요~!,Coffee/Drink,keyword
친구랑 같이 와서 너무 좋은시간 잘 보냈습니다~~,"Dessert/Bakery, Coffee/Drink, Vibe",keyword
"음료도 다 너무 맛나구, 케이크도 꾸덕하니 넘넘 맛나요!!","Dessert/Bakery, Coffee/Drink",keyword
😉 다음에도 재방문 의사 있습니당 ~~,"Service, Vibe, Coffee/Drink",keyword
커피와 소금빵 추천해요,"Dessert/Bakery, Coffee/Drink, Vibe",keyword
클라이밍 하러 와서 한잔하는데 전에 올때보가 메뉴가 다양해진거같아요.,"Dessert/Bakery, Coffee/Drink",keyword
여전히 쾌적하네요.,"Dessert/Bakery, Coffee/Drink",keyword
커피양이 슬프지만 맛있어요 ㅎ,Coffee/Drink,keyword
아아도 좋고 크림소금빵도 맛있을거같은데 없어서 못먹는게 아쉽네요 !,"Dessert/Bakery, Coffee/Drink",keyword
케이크랑 커피가 맛있었고 시원하고 넓어서 좋았어요!,"Dessert/Bakery, Coffee/Drink, Vibe",keyword
여친이랑 데이트하러 왔는데 분위기 좋고 너무 이뻐요,"Dessert/Bakery, Coffee/Drink, Vibe",keyword
여친한데 여기 추천했는데 점수 얻었습니다!!,"Dessert/Bakery, Coffee/Drink, Vibe",keyword
모던한 카페에 커피와 소금빵이 너무 맛있어요.,"Dessert/Bakery, Coffee/Drink",keyword
데이트 장소로 추천해요.,"Dessert/Bakery, Coffee/Drink, Vibe",keyword
더위 지쳐서 막 왔는데 빵 시그니처 음료 너무 맛있어요!!!,"Dessert/Bakery, Coffee/Drink",keyword
소금빵이랑 케익이 맛있어요,Dessert/Bakery,keyword
시원하고 조용하고 커피도 맛있어요!!,"Dessert/Bakery, Coffee/Drink",keyword
"제게 성수는 마음 먹고 오는 곳이기에 (거리적으로) 한 번 방문할 때 후회 없이 성수를 즐기고 오고 싶어 갈 곳을 알아보던 중, 우연히 구테로이테의 커피 오마카세를 알게 되었어요!","Service, Dessert/Bakery, Coffee/Drink, Vibe",keyword
"매 계절마다 다른 메뉴로 운영되고 매월 운영되는 시간이 다른 만큼 예약이 필요한데, 예약하고 방문한 만큼 정말 기억에 남았던 것 같아요.","Service, Dessert/Bakery, Coffee/Drink, Vibe",keyword
"커피로 이렇게 다양하게 즐길 수 있다는 점에서, 그리고 여러 퍼포먼스와 맛을 즐길 수 있다는 점에서 다른 성수 카페, 성수 오마카게 저리가라지 않나 싶네요!","Dessert/Bakery, Coffee/Drink, Vibe",keyword
개인적으로 맛은 네번째 코스가 예쁨은 다섯번째 코스였다고 생각했어요.,"Dessert/Bakery, Coffee/Drink, Vibe",keyword
구테로이테는 커피 전문 브랜드라는데 소금빵도 맛있다고 해서 다음 번에는 커피랑 소금빵 즐기러 또 오려구요~,"Dessert/Bakery, Coffee/Drink",keyword
에스프레소 맛집이네요,Vibe,keyword
분위기 깨끗히고 맛있어요,Vibe,keyword
맛잇음 커피,Coffee/Drink,keyword
커피의 진심!!!,Coffee/Drink,keyword
성수치고 가격대가 비싸지않고 커피맛도 너무 좋아요 !,"Coffee/Drink, Price",keyword
가볍게 한잔 마시고 싶어서 에스프레소바 찾던중에 오게되었습니다.,"Service, Dessert/Bakery, Coffee/Drink, Vibe",keyword
날씨도 우중충해 상큼한 그라니따 주문했어요.,"Service, Dessert/Bakery, Coffee/Drink",keyword
레몬셔벗과 에스프레소 밸런스가 좋아요.,"Vibe, Coffee/Drink",keyword
종종 생각나서 마시러 올것 같아요 :-),"Dessert/Bakery, Coffee/Drink",keyword
올때마다 다양한 메뉴 맛볼 수 있어서 좋은것 같아요.,"Dessert/Bakery, Coffee/Drink, Vibe",keyword
저희는 두사람이 와서 음료 4개 주문했어요.,"Service, Dessert/Bakery, Coffee/Drink, Vibe",keyword
여름 시그니처 메뉴는 예약을 못해서..ㅠ,"Dessert/Bakery, Coffee/Drink",keyword
아쉬운대로 애플망고에이드로 상큼하게 입가심 :),"Dessert/Bakery, Coffee/Drink, Vibe",keyword
그라니따 케이크도 너무 맛있었고 카페 크기가 크고 분위기도 좋네요,"Service, Dessert/Bakery, Coffee/Drink, Vibe",keyword
맛있게 잘먹었어요,Coffee/Drink,keyword
에스프레소 마시러 와서 레오파드랑 그라니따 마셨는데 맛있었어요,"Dessert/Bakery, Coffee/Drink, Vibe",keyword
레몬 소르베(슬러시 같은 베이스)에 커피 부어주시는데 아주 독특하고 맛있어요!,"Dessert/Bakery, Coffee/Drink",keyword
"더운 날씨에 시그니처 그라니따 한잔이면 재충전 할 수 있어요 :)
성수 올 때 자주 들릴 것 같아요","Dessert/Bakery, Coffee/Drink, Vibe",keyword
특별했던 수정과 콜드브루.,"Dessert/Bakery, Coffee/Drink",keyword
어디에도 없는 커피 메뉴~~ 다 먹어보고싶었어요.,Coffee/Drink,keyword
특히 커피 오마카세 경험해보고 싶어요.,"Dessert/Bakery, Coffee/Drink",keyword
소금빵이 짱이요~~ 진짜 맛있습니다.,Dessert/Bakery,keyword
"🫶🏻
커피도 베스트 매뉴를 시켜 먹었는데 와 진짜진짜 짱이용🫶🏻☕️",Coffee/Drink,keyword
디저트 음료 다,"Dessert/Bakery, Coffee/Drink",keyword
맛있고 분위기도 좋아요,Vibe,keyword
소금빵 바삭바삭하고 맛잇어요!!,"Dessert/Bakery, Coffee/Drink",keyword
커피도 진짜 맛잇어요!!!,Coffee/Drink,keyword
분위기가 좋고 음료가 맛있습니다,"Vibe, Coffee/Drink",keyword
나중에 또방문할게요,"Service, Dessert/Bakery, Coffee/Drink",keyword
"비건 크림이 있다는 거에서 이미 점수 100점 먹고 들어가는 카페 
크림이 들어가는 음료는 전부 비건크림으로 변경 가능하고 우유도 대체유로 변경 가능해서 우유, 생크림 등을 못먹는 사람들에게 너무 좋은 곳입니다.","Price, Dessert/Bakery, Coffee/Drink, Vibe",keyword
"시그니처 음료도 예쁨, 맛 둘다 잡음
개인적으로 에스프레소를 차게 먹는 배리뱅 콘판나 너무 추천합니다.","Dessert/Bakery, Coffee/Drink, Vibe",keyword
맛있고 시원하고 예쁨,"Dessert/Bakery, Coffee/Drink, Vibe",keyword
직원분들도 넘 친절하고 공간도 넓고 좋아용~!,"Service, Dessert/Bakery, Coffee/Drink, Vibe",keyword
가성비가 성수에서 제일 좋은 거 같아요!,"Dessert/Bakery, Price",keyword
아메리카노듀 맛있고 안에 빵종류도 많아서 초코크림 소금빵 맛있게먹고 갑니당 ◡̈,"Dessert/Bakery, Coffee/Drink",keyword
다른 종류 빵도 먹어보고 싶었는데ㅠ 우유크림없어서 아쉬워용..!!,"Dessert/Bakery, Coffee/Drink",keyword
"주문 메뉴
플레인소금빵, 더테초코롤, 레몬 그라니따, 롱블랙","Service, Dessert/Bakery, Coffee/Drink",keyword
레몬 그라니따는 이번 방문의 하이라이트!,"Service, Coffee/Drink",keyword
"상큼하면서도 무더운 날씨에 딱 어울렸고, 개인적으로 정말 취향저격이었어요.","Dessert/Bakery, Coffee/Drink",keyword
소금빵은 담백하고 결이 살아 있어서 기본에 충실한 느낌.,"Dessert/Bakery, Coffee/Drink, Vibe",keyword
"더티초코롤은 진한 초코맛이 매력적이었고, 롱블랙과 함께 먹으면 밸런스가 괜찮아 잘 어울렸습니다.","Dessert/Bakery, Coffee/Drink",keyword
"전체적으로 맛과 분위기 모두 만족스럽고, 직원분들도 친절하셔서 기분 좋게 머물다 갈 수 있는 곳입니다.","Vibe, Service, Coffee/Drink, Price, Dessert/Bakery",keyword
오랜만에 성수데이트~ 커피 맛집 찾아왔어요~,"Service, Dessert/Bakery, Coffee/Drink",keyword
분위기 좋고 커피는 고급진 맛이네요.,"Dessert/Bakery, Coffee/Drink, Vibe",keyword
맛있게 잘 먹고 이야기하고 즐거운 시간이었어요~^^,"Dessert/Bakery, Coffee/Drink",keyword
모던한 인테리어에 대화하기 편안하구요,"Dessert/Bakery, Coffee/Drink, Vibe",keyword
다양한 커피 너무 맛있네요,"Dessert/Bakery, Coffee/Drink",keyword
바 자리도 있어 좋아요,"Dessert/Bakery, Coffee/Drink, Vibe",keyword
맛있는 에쏘 만들어주셔서 감사해요!!,"Dessert/Bakery, Coffee/Drink, Vibe",keyword
어떤 지점을 방문해도 맛있어요~~,"Service, Dessert/Bakery, Coffee/Drink",keyword
여름에 그라니따 최고!,Coffee/Drink,keyword
"오랜만에 재방문 했는데, 여전히 쾌적하고 깨끗 했습니다.","Service, Dessert/Bakery, Coffee/Drink",keyword
새로 나온 제로 히비스커스 피치 티 먹어 봤는데 한 입 먹자마자 와 진짜 맛있다 소리 절로 나왔어요.,Coffee/Drink,keyword
🫶초코 모카 토르 테라는 케이크도 적당히 달달 하면서 커피와 마시기 딱이었습니다.,"Dessert/Bakery, Coffee/Drink",keyword
주차할 곳은 없지만 화장실도 남녀 분 이 되어 있고 일단 빵이 맛있어서 너무 좋아요.,"Position, Dessert/Bakery, Coffee/Drink, Vibe",keyword
모든게 좋고  친절하세요.,"Service, Dessert/Bakery, Coffee/Drink",keyword
첫 성수동 나들이 젤 좋아보이는 카페들어왔는데 넘 맛있고 예뻐요,"Vibe, Coffee/Drink",keyword
시그니처 메뉴들 진짜 특이하고 맛나요!!!!,"Dessert/Bakery, Coffee/Drink",keyword
꼭 방문 강추드립니다!!!,Service,keyword
카페가 정말 넓고 쾌적하고 음료도 정말 색다르고 맛있어요!!,"Dessert/Bakery, Coffee/Drink, Vibe",keyword
🫶🏼🫶🏼  특히 비고 오고 더운 여름에 잠시 휴식을 취하다 가니 정말 좋았어요!!!,"Dessert/Bakery, Coffee/Drink",keyword
꼭 재방문 할게요!!!,"Service, Dessert/Bakery, Coffee/Drink",keyword
"커피가..3,500원인게 믿기지 않아요.",Coffee/Drink,keyword
맛있고 장소도 편안합니다.,"Dessert/Bakery, Coffee/Drink",keyword
"정말 친절하고, 커피 너무 맛있어요!","Service, Dessert/Bakery, Coffee/Drink",keyword
성수에 올 때마다 부모님과 들러서 맛있게 마시고 갑니다.,"Dessert/Bakery, Coffee/Drink",keyword
예쁘고 편안한 공간이에요!,"Dessert/Bakery, Coffee/Drink, Vibe",keyword
커피가 맛있고 쾌적해요,"Dessert/Bakery, Coffee/Drink",keyword
케이크도 달달하니 좋았습니다,Dessert/Bakery,keyword
구테로이테 그라니따를 정말 조아합니다 ㅎ,"Dessert/Bakery, Coffee/Drink",keyword
근방에서 매장 대비 가격대도 좋고 커피도 맛있어요~!,"Vibe, Coffee/Drink",keyword
분위기도 좋고 매장이 쾌적해서 좋아요!,"Dessert/Bakery, Coffee/Drink, Vibe",keyword
커피랑 음료도 맛있습니당,Coffee/Drink,keyword
소금빵이 맛있다는 광고 보고 홀린듯이 들어왔어요ㅎㅎ,Dessert/Bakery,keyword
매장도 넓고 자리마다 콘센트가 있어서 노트북으로 할 일 하기 좋았어요!,"Dessert/Bakery, Coffee/Drink, Vibe",keyword
카페에서 나오는 노래도 제 취향이라서 앉아있다 가기도 좋은 것 같아요,"Dessert/Bakery, Coffee/Drink, Vibe",keyword
에스프레소 및 커피 배리에이션 음료가 독특해서 커피쟁이에게는 만족스런 카페,"Price, Dessert/Bakery, Coffee/Drink, Vibe",keyword
매장 분위기도 좋고 일단 커피가 너무 맛있어요!!,"Vibe, Coffee/Drink",keyword
"구테 넛 슈페너는 고소하면서 부드럽고
그라니따는 상큼하면서 시원해서 너무 맛있어여!","Dessert/Bakery, Coffee/Drink",keyword
유자 버블브루랑 레몬 그라니따 마셨는데 그라니따 추천해요,"Dessert/Bakery, Coffee/Drink, Vibe",keyword
👍🏻 더운날 상큼하게 마시기 좋아요!,"Dessert/Bakery, Coffee/Drink",keyword
소금빵도 좋지만 미니멀한게 알찬 맛이 담겨있어요~,"Dessert/Bakery, Coffee/Drink, Vibe",keyword
자리가 넓어서 이야기하기 좋아요 :) 신기한 음료가 많아서 메뉴 고르는 재미가 있습니다~~!,"Dessert/Bakery, Coffee/Drink, Vibe",keyword
자리가 넓고 테이블넓이가 적당해서 쾌적해요,"Dessert/Bakery, Coffee/Drink, Vibe",keyword
인테리어도 힙해서 좋아요!,"Dessert/Bakery, Coffee/Drink, Vibe",keyword
특이한메뉴도 많아요,"Dessert/Bakery, Coffee/Drink",keyword
지나다닐때 부터 궁금했는데 들어오니 더 좋앙,"Dessert/Bakery, Coffee/Drink",keyword
입구에 인스타용 사진 찍는데 있으니 입장 하면서 찰칵 찍고 입장 하세요,"Dessert/Bakery, Coffee/Drink, Vibe",keyword
반려동물 가능해서 너무 좋음,"Dessert/Bakery, Coffee/Drink, Price",keyword
운 좋아서 멍뭉이도 쓰담쓰담 해주고 갑니다,"Dessert/Bakery, Coffee/Drink",keyword
성수에 올때 가끔 방문하는 곳 뱅쇼가 맛있어요~,"Service, Dessert/Bakery, Coffee/Drink, Vibe",keyword
그라니따는 정신이 반짝나는 상콤한 음료!,"Dessert/Bakery, Coffee/Drink",keyword
시원하고 한적해서 좋아요!!,"Dessert/Bakery, Coffee/Drink",keyword
커피도 맛있어요^^,Coffee/Drink,keyword
넓고 쾌적하고 좋아요,"Dessert/Bakery, Coffee/Drink, Vibe",keyword
성수동   놀러 왔다,"Dessert/Bakery, Coffee/Drink",keyword
시원한 음로 마시러 들어왔어요,"Dessert/Bakery, Coffee/Drink, Vibe",keyword
음료도  맛있고  깔끔하고  예쁘네요,"Dessert/Bakery, Coffee/Drink, Vibe",keyword
커피랑 케이크가 넘 맛나요,"Dessert/Bakery, Coffee/Drink",keyword
매장 쾌적하고 복잡하지 않아서 좋아요,"Dessert/Bakery, Coffee/Drink, Vibe",keyword
커피맛도 괜춘해요,"Dessert/Bakery, Coffee/Drink",keyword
매장 크고 쾌적합니다.,"Service, Dessert/Bakery, Coffee/Drink, Vibe",keyword
음악이 중간에 끊기는 것만 빼고(스피커가 고장났나봐요🥲) 매장 직원분들 친절하고 좋아요.,"Service, Dessert/Bakery, Coffee/Drink, Vibe",keyword
소금빵 맛나요 ㅋ,Dessert/Bakery,keyword
성수 물가 생각하면 가격도 그리 비싸지 않아 만족합니다.,"Price, Dessert/Bakery, Coffee/Drink, Vibe",keyword
커피도 맛있고 소금빵이 진짜 쫀맛이네요!!,"Dessert/Bakery, Coffee/Drink",keyword
"구테 넛 슈페너, 꾸덕한 너트크림이 너무 맛있어요!!","Dessert/Bakery, Coffee/Drink",keyword
"롱블랙 커피도 진하고 향긋하고,
매장 내 너무 쾌적하니 넓고 좋아요:) 
다양한 시그니처 메뉴가 있어서 다른 카페랑도 차별화 되는 것 같아요!!!","Dessert/Bakery, Coffee/Drink, Vibe",keyword
검색해서 찾아왔는데 정말 마음에 듭니다,"Dessert/Bakery, Coffee/Drink",keyword
일단 공간이 넓고 좋음.,Vibe,keyword
공간 보고 들어왔는데 시그니처 카페크레마 매우 맛있어요.,Vibe,keyword
커피 가격 합리적이어서 좀 놀랐..,"Dessert/Bakery, Coffee/Drink, Price",keyword
소금빵도 맛있네요,Dessert/Bakery,keyword
아이들과 더운 날씨에 시원하게 한잔하러왔어요,"Dessert/Bakery, Coffee/Drink",keyword
깔끔하고 음식도 맛있어요,"Dessert/Bakery, Coffee/Drink",keyword
시그니처 메뉴인 파인콘 추천해요!,"Dessert/Bakery, Coffee/Drink, Vibe",keyword
"🫶🏻
매장도 크고 넓어서 좋아요","Service, Vibe",keyword
"☺️
친절하게 메뉴 설명도 잘 해주시고 감사합니다.","Service, Dessert/Bakery, Coffee/Drink",keyword
음료랑 커피 종류도 다양하고 매장도 넓어서 사람 많은 주말에도 편히 이용할 수 있어서 좋아요,"Dessert/Bakery, Coffee/Drink, Vibe",keyword
직원분도 친절해요!,"Service, Dessert/Bakery, Coffee/Drink",keyword
화장실 상태 별로.,Vibe,keyword
매장만 화려한거같음,"Dessert/Bakery, Coffee/Drink, Vibe",keyword
괜찮아보여서 들어왔는데 넓고 쾌적하고 음식도 맛있어요!,"Dessert/Bakery, Coffee/Drink, Vibe",keyword
소금빵 맛집입니다!,Dessert/Bakery,keyword
강남구청점에 자주 방문해서 성수점도 와보았는데요 성수점은 재방문의사없습니다,"Service, Dessert/Bakery, Coffee/Drink",keyword
직원분들 불친절해여,"Service, Dessert/Bakery, Coffee/Drink",keyword
커피 완전 맛있어요!!,Coffee/Drink,keyword
성수에 좋은 카페가 많은데 여기도 찐 커피 맛집이네요,Coffee/Drink,keyword
"에스프레소도 있고, 커피만 전문으로 하는곳 찾다가 왔어요.","Service, Dessert/Bakery, Coffee/Drink, Vibe",keyword
"크레이프 맛있어용
스톤 슈페너 흑임자 너무 달지 않고 맛있어요",Dessert/Bakery,keyword
분위기도 너무 좋아요!,Vibe,keyword
메뉴가 특색있고 다 맛있어요!!,"Vibe, Coffee/Drink",keyword
좋아하는 언니랑 함께 방문했어요!,"Service, Dessert/Bakery, Coffee/Drink",keyword
나만 아는 맛집처럼 사랑하는 사람한테만 알려주고싶은 커피집!,"Dessert/Bakery, Coffee/Drink, Vibe",keyword
소금 빵을 좋아해서 원래 자주가는 소금 빵집이 있는데 거기 사람이 너무 많아서 기다려야 되더라구요.,"Service, Dessert/Bakery, Coffee/Drink, Vibe",keyword
그래서 다른 곳을 둘러 볼 겸 걷다가 발견한 소금 빵 맛집 입니다.,"Dessert/Bakery, Coffee/Drink, Vibe",keyword
카페인데 카페 안에도 너무 예뻐요.,"Vibe, Coffee/Drink",keyword
시간이 없어서 테이크크하우스로 소금 빵 하나만 사왔는데.,"Service, Dessert/Bakery, Coffee/Drink, Vibe",keyword
다음에 시간이 되면 음료랑 같이 카페에서 즐기고 싶습니다.,Coffee/Drink,keyword
우연히 들렀는데 커피 맛있고 분위기 여유있어 좋아요,"Vibe, Coffee/Drink",keyword
커피랑 흑임자 베이스 크림 둘다 너무 고소하고 잘 어울려요 !!,Coffee/Drink,keyword
너무 맛있어서 다음에 또 올 것 같아요,"Dessert/Bakery, Coffee/Drink",keyword
파인콘 너무 맛있어요^^,"Vibe, Coffee/Drink",keyword
상콘한게 너무 맛잇어요,"Dessert/Bakery, Coffee/Drink",keyword
또방문하고싶어요,"Service, Dessert/Bakery, Coffee/Drink",keyword
널찍하고 여유잇어 좋아요.,"Dessert/Bakery, Coffee/Drink",keyword
"성수동오면 항상들리는 구테로이테
맛도 분위기도 너무 좋아요","Dessert/Bakery, Coffee/Drink, Vibe",keyword
"매장이 청결하고 시원해서 좋았어요 :)
디저트랑 커피도 맛있네요!","Dessert/Bakery, Coffee/Drink, Vibe",keyword
넓고 깔끔해요!,"Dessert/Bakery, Coffee/Drink, Vibe",keyword
저녁이라 커피를 못먹었지만 오미자와 리치펀치 깔끔하고 맛있었어요!,"Dessert/Bakery, Coffee/Drink",keyword
재방문 할 것 같어요!,"Service, Dessert/Bakery, Coffee/Drink",keyword
시원하고 좋습니다,"Dessert/Bakery, Coffee/Drink",keyword
매장도 쾌적하고 인테리어도 좋아요,"Dessert/Bakery, Coffee/Drink, Vibe",keyword
직원분들도 친절하고 재방문의사 있어요^^,"Service, Dessert/Bakery, Coffee/Drink, Vibe",keyword
분위기 좋고 시원하고 좋아요,"Dessert/Bakery, Coffee/Drink, Vibe",keyword
커피가 아주 맛있어요,Coffee/Drink,keyword
소금빵이 바삭하고 맛있어요!,"Dessert/Bakery, Coffee/Drink",keyword
그라니따도 레몬 셔벗이 부드러웠어요:),Coffee/Drink,keyword
성수동 가족 나들이 카페로 최고에요!,"Vibe, Coffee/Drink",keyword
내부가 깔끔하고 적당히 조용합니다.,"Dessert/Bakery, Coffee/Drink",keyword
성수에 대형카페가 별로 없는데 너무 넓고 좋아요!,"Vibe, Coffee/Drink",keyword
커피 다양하고 창작 음료가 맛있습니다!,"Dessert/Bakery, Coffee/Drink",keyword
오랜만에 구테로이테 성수센트럴점 방문했습니다.,"Service, Dessert/Bakery, Coffee/Drink",keyword
"항상 에스프레소 메뉴가 생각날 때면 방문하는데, 너무 만족스럽네요.","Vibe, Service, Coffee/Drink, Price, Dessert/Bakery",keyword
소금빵 메뉴도 담백하고 향긋해서 기분 좋게 다녀왔습니다.,"Dessert/Bakery, Coffee/Drink, Vibe",keyword
분위기 좋고 친절하시고 내부 인테리어가 쾌적해서 좋아요,"Service, Dessert/Bakery, Coffee/Drink, Vibe",keyword
분위기도 너무 좋고 커피가 진짜 맛있어요 ㅎㅎ,"Vibe, Coffee/Drink",keyword
그라니따 강추하고 롱블랙도 굿굿!!,"Dessert/Bakery, Coffee/Drink",keyword
자주 방문할만한 곳이라 추천드립니다!!,"Service, Dessert/Bakery, Coffee/Drink, Vibe",keyword
카페도 넓고 쾌적해요,"Dessert/Bakery, Coffee/Drink, Vibe",keyword
성수 근처에서 에스프레소 마시고 싶을 때 들리기 좋아요!!,Vibe,keyword
넓고 맛있어요 ^^,Vibe,keyword
그라니따 독특하고 맛있어요!!,"Dessert/Bakery, Coffee/Drink",keyword
시원한 인테리어도 좋고 시그니처 메뉴도 있어서 좋아요,"Dessert/Bakery, Coffee/Drink, Vibe",keyword
강남구청에만 있는 줄 알았는데 여기도 있네요,"Service, Vibe, Coffee/Drink",keyword
에스프레소 종류가 다양해서 좋아요,"Dessert/Bakery, Coffee/Drink, Vibe",keyword
매장이 넓으면서 시끄럽지않고 대화하기 좋아요!,"Dessert/Bakery, Coffee/Drink, Vibe",keyword
에스프레소랑 구테로이테 넘 맛있습니다 :),Vibe,keyword
"성수동에서 커피 맛집이라고 해서 왔는데, 커피도 맛있고 음료도 맛있어요","Dessert/Bakery, Coffee/Drink",keyword
에스프레소 소금빵 맛집입니다,"Dessert/Bakery, Vibe",keyword
"🫶🏻
실버 메탈 컨셉 인테리어도 너무 깔끔해요","Dessert/Bakery, Coffee/Drink, Vibe",keyword
저장만 해 두었던 곳인데 근처에 왔다가 커피 마시고 싶어서 왔어요.,"Dessert/Bakery, Coffee/Drink, Vibe",keyword
"직원분들 모두 친절하시고,커피도 맛있어요.","Service, Dessert/Bakery, Coffee/Drink",keyword
소금빵도 기대가 됩니다!,Dessert/Bakery,keyword
매장이넓구 분위기 취향저격입니당,Vibe,keyword
커피맛도 좋아요!!!,Coffee/Drink,keyword
또 찾아올거같아용 ㅎㅎ,"Service, Dessert/Bakery, Coffee/Drink",keyword
분위기 좋고 친절하세요,"Service, Dessert/Bakery, Coffee/Drink, Vibe",keyword
커피 지인짜 맛잇어요!!,Coffee/Drink,keyword
생각나서 한번씩 꼭 들리는곳이에요!!,"Vibe, Coffee/Drink",keyword
사진잘나오고 빵도맛있고 좋아요 ㅎㅎㅎ,"Dessert/Bakery, Coffee/Drink",keyword
새로운 메뉴라서 오더했는데 맛있어요,"Dessert/Bakery, Coffee/Drink",keyword
음료가 맛있고 인테리어도 멋져요,"Vibe, Coffee/Drink",keyword
검색해서 들어왔는데 쉬기 좋았어요,"Dessert/Bakery, Coffee/Drink",keyword
성수 넘 복잡하고 사람 많았는데 카페 내부도 넓고 대화하기 좋은 분위기에요,"Dessert/Bakery, Coffee/Drink, Vibe",keyword
성수동 소금빵 맛집이라고 지인에게 추천받아서 다녀왔습니다!,"Dessert/Bakery, Vibe",keyword
직원분들도 친절하시고 매장도 힙하고 이쁩니다!,"Service, Dessert/Bakery, Coffee/Drink, Vibe",keyword
시그니쳐 음료들이 딴곳에서는 볼 수 없는 특이한 것들이 많아서 강추합니닷!!!,"Dessert/Bakery, Coffee/Drink, Vibe",keyword
커피의 산미가 좋고 신선한 원두 사용하는 것 같아서 좋아요.,"Dessert/Bakery, Coffee/Drink",keyword
다음에 또 올 것 같아요,"Dessert/Bakery, Coffee/Drink",keyword
성수동 자주 오진 않지만 아이들 방탈출에 넣고 오랜만에 부부 데이트 하였어요.,"Dessert/Bakery, Coffee/Drink",keyword
맛있는 커피와 소금빵으로 당충전 하고 카페인 가득 채우고 다정한 데이트 하였습니다. ^^,"Dessert/Bakery, Coffee/Drink",keyword
카페가 넓어서 가족끼리 이용히기에도 좋은 것 같아요!,"Dessert/Bakery, Coffee/Drink, Vibe",keyword
스톤슈페너 특이하고 맛있었습니다ㅎㅎ,"Dessert/Bakery, Coffee/Drink",keyword
독특한 커피도 있어서 먹어보고 싶기도 하네요,"Dessert/Bakery, Coffee/Drink, Vibe",keyword
커피도 맛있고 장소도 넓고 친절하고 넘 좋음,"Service, Dessert/Bakery, Coffee/Drink, Vibe",keyword
친절하구 좋아요,"Service, Dessert/Bakery, Coffee/Drink",keyword
깔끔하고 공간도 넓고,"Dessert/Bakery, Coffee/Drink, Vibe",keyword
커피가 찐하고 맛있습니다!!,Coffee/Drink,keyword
밤케이크도 괜찮고 조카가 초코우유도 너무 맛있다고 하네요~,"Dessert/Bakery, Coffee/Drink",keyword
소금빵 바삭하고 맛있어요:),"Dessert/Bakery, Coffee/Drink",keyword
카페 공간이 넓어서 좋아요!,"Vibe, Coffee/Drink",keyword
시그니처 음료도 맛있 👍,Coffee/Drink,keyword
성수동에 놀러왔다..,"Dessert/Bakery, Coffee/Drink",keyword
빵도 맛있고..,Dessert/Bakery,keyword
음료도 굿~~,Coffee/Drink,keyword
오랜만에 들리는 카페 입니다,Coffee/Drink,keyword
내부가 정말 넓고 분위기가 좋습니다,"Dessert/Bakery, Vibe",keyword
카페도 저렴하고 정말 맛이 좋아요,"Dessert/Bakery, Coffee/Drink, Price",keyword
다음에도 재방문 하고 싶습니다,"Service, Dessert/Bakery, Coffee/Drink",keyword
장소가 넓고 쾌적하고 커피가 맛있어요,"Dessert/Bakery, Coffee/Drink, Vibe",keyword
2년만에 언니랑 함께 왔어요,"Dessert/Bakery, Coffee/Drink",keyword
맛있는 커피마시러,Coffee/Drink,keyword
매장이 엄청크고 쾌적해서 좋아요,"Service, Dessert/Bakery, Coffee/Drink, Vibe",keyword
맛있고 이뻐용 ㅎㅎ,Vibe,keyword
시그니처 에스프레소 메뉴 궁금하서 방문.,"Service, Dessert/Bakery, Coffee/Drink, Vibe",keyword
파인콘은 설탕이란 예상과 달리 소금이 둘레에 뿌려져 있어서 재밌었고 의외로 맛의 조화가 좋았음.,"Dessert/Bakery, Coffee/Drink, Vibe",keyword
소금빵 맛도 준수.,Dessert/Bakery,keyword
분위기도 괜찮고 에스프레소 메뉴 외에도 재밌는 메뉴가 많아 뽀개러 오는 재미가 있겠음,"Dessert/Bakery, Coffee/Drink, Vibe",keyword
성수동에 자리도 넉넉하고 분위기도 좋은 카페가 있어서 바로 방문했어요!!,"Service, Dessert/Bakery, Coffee/Drink, Vibe",keyword
에어컨도 빵빵 엄청 시원하고 커피맛도 좋아요!,Coffee/Drink,keyword
"상큼한 음료 추천부탁드렸는데, 친절히 안내해즈셨고 
음료도 맛있어요!","Dessert/Bakery, Coffee/Drink, Vibe",keyword
스톤 슈페너는 다른곳에서 먹어보지못한 커피였어요!,"Vibe, Coffee/Drink",keyword
첫성수동나들이 디저트가 맛있어보여서 들어왔어요,"Dessert/Bakery, Coffee/Drink",keyword
💓 시원한 아아도 너무 맛있어요,"Dessert/Bakery, Coffee/Drink",keyword
예쁜 메뉴가 많아서 좋았어요,Vibe,keyword
소금빵 맛있고 피스타치오 딸기 슈페너도 너무 밋있어요,"Dessert/Bakery, Coffee/Drink, Vibe",keyword
❤️ 추천합니다!,"Dessert/Bakery, Coffee/Drink, Vibe",keyword
커피랑 소금빵이 맛있는 곳~ 인테리어도 깔끔하고 직원분들 모두 친절하세요.,"Service, Dessert/Bakery, Coffee/Drink, Vibe",keyword
분위기도 세련되고 좋은 곳~,Vibe,keyword
모든 메뉴가 개성있고 맛나요~,"Vibe, Coffee/Drink",keyword
분위기좋고 친절하시고 커피도맛있어요!,"Service, Dessert/Bakery, Coffee/Drink, Vibe",keyword
시그니처 구테로이테로 맛있고 매장도 넓고 클린해서 좋아요!!,"Dessert/Bakery, Coffee/Drink, Vibe",keyword
메뉴에 없는 코르타도 주문했는데 원하는데로 만들어줬어요!,"Service, Dessert/Bakery, Coffee/Drink, Vibe",keyword
방문할때마다 다른지점과 동일하게 커피가 넘 맛나요,"Service, Dessert/Bakery, Coffee/Drink",keyword
더운날 카페크레마 너무 잘어울려요~~,Coffee/Drink,keyword
커피 메뉴가 신박한게 많고 맛있어요!,"Dessert/Bakery, Coffee/Drink",keyword
성수에 몇 없는 쾌적하고 세련된 카페입니다ㅎㅎ,"Dessert/Bakery, Coffee/Drink, Vibe",keyword
"처음 먹어보는 맛
찐하고 고소합니당","Dessert/Bakery, Coffee/Drink",keyword
특이하고 맛있는 커피가 있는 힙하고 넓고 예쁜 카페에요,"Dessert/Bakery, Coffee/Drink, Vibe",keyword
디카페인이 이렇게 맛있는 카페는 처음이에여!!!!!!!!!,Coffee/Drink,keyword
에스프레소 넘넘맛나용,Vibe,keyword
구테넛슈페너는 견과류의 고소함과 흑임자가 어우러져 짙은 커피맛을 느낄 수 있었어요~,"Vibe, Coffee/Drink",keyword
시그니처 메뉴가 맛있는 에스프레소바에요!,"Dessert/Bakery, Vibe",keyword
여름엔 레몬 그라니따 강추입니당,Coffee/Drink,keyword
그라니따가 상큼하고 맛있어서 여름에 딱이예요!!,Coffee/Drink,keyword
하 또 먹고 싶다,"Dessert/Bakery, Coffee/Drink",keyword
음료 비쥬얼 넘 좋아요~,Coffee/Drink,keyword
예쁘네요ㅎㅎ,Vibe,keyword
클래식 딥 쇼콜라는 생초코 맛으로 맛있고 애플망고에이드 상큼하고 달달하니 맛이 괜찮아요^^,Coffee/Drink,keyword
맛도 분위기 좋아요,Vibe,keyword
분위기 좋고 음악도 좋네요~,Vibe,keyword
친구들이랑 같이 왔는데 또 오고 싶은 곳이군요!,"Dessert/Bakery, Coffee/Drink, Vibe",keyword
"😆
친절하고 먹을 디저트 종류가 많아용ㅎㅎㅎ
도전하고 싶은 메뉴도 많아서 또 도전입니당","Service, Dessert/Bakery, Coffee/Drink",keyword
구테로이테 에스프레소 초보자도 너무 맛있게 마셨어요!,Vibe,keyword
메뉴 하나하나 설명도 잘해주셔서 감사합니다!,"Service, Dessert/Bakery, Coffee/Drink",keyword
커피도 좋아요,Coffee/Drink,keyword
넓고 늦게까지하고 커피도 맛있어,"Dessert/Bakery, Coffee/Drink, Vibe",keyword
소금빵맛찝 소금이 안짜고 순삭이에요,Dessert/Bakery,keyword
"인테리어가 좋아서 들어오자마자 기분이 좋았는데, 커피가 너무 맛있어요!","Vibe, Coffee/Drink",keyword
커피가 정말 맛있어요!!,Coffee/Drink,keyword
"소금빵은 솔드아웃이라
먹어보고 싶었는데 아쉽네요. ㅎㅎ","Dessert/Bakery, Coffee/Drink",keyword
"매장은 넓고
인테리어 멋있습니다.",Vibe,keyword
"베이커리는 소금빵밖에 없어서 아쉬웠지만
기본에 충실한 맛이고","Dessert/Bakery, Coffee/Drink",keyword
"쇼케이스가 주문대 동선에 있지않아
매장과 동떨어진 느낌입니다.","Service, Vibe, Coffee/Drink",keyword
성수 오면 항상 와요!,"Dessert/Bakery, Coffee/Drink",keyword
"성수역 3번출구에 있는
커피숍이에요","Position, Vibe, Coffee/Drink",keyword
"성수동 올때마다 방앗간 못 지나치는 참새 마냥 
꼭 들르는 에스프레소 바 입니다","Dessert/Bakery, Coffee/Drink, Vibe",keyword
오늘도 달콤 쌉쌀한 커피 감사합니다,"Dessert/Bakery, Coffee/Drink",keyword
에스프레소 좋아하시는 분을 꼭 들르세요,Vibe,keyword
다양한 베리에이션이 하나같이 다 독특하고 맛나요,"Dessert/Bakery, Coffee/Drink",keyword
씁쓸한 커피와 건딸기의 조화가 좋네요,"Dessert/Bakery, Coffee/Drink",keyword
카페 인테리어도 심플하니 깔끔하고 커피도 단순 하지 않고 힙해서 이쁘고 보기 좋아요,"Dessert/Bakery, Coffee/Drink, Vibe",keyword
가격도 적당합니다.,"Dessert/Bakery, Coffee/Drink, Price",keyword
일요일 오후 3시에 일하는 날카롭게 생긴 여성 직원 분이 친절하지는 않네요 ^^..,"Service, Dessert/Bakery, Coffee/Drink",keyword
"말투나 행동이나 ㅠ
리뷰이벤트 써 있길래 참여했는데 
평일에만 된대요","Dessert/Bakery, Coffee/Drink, Vibe",keyword
참고하세요 ..!,"Dessert/Bakery, Coffee/Drink",keyword
색다른 커피 체험하면서 가격도 합리적이라 좋아요!!,"Dessert/Bakery, Coffee/Drink, Price",keyword
특별한 커피메뉴가 많아요!,"Dessert/Bakery, Coffee/Drink",keyword
인테리어 넘 멋져요♡,Vibe,keyword
인테리어도 멋지고 넓어요,Vibe,keyword
"카페레마, 롱블랙  둘다 너무 맛있네요^^",Coffee/Drink,keyword
성수동에 오면 꼭 오세요♡,"Dessert/Bakery, Coffee/Drink",keyword
커피 맛이 깔끔하고 너무 맛있어요!!,"Dessert/Bakery, Coffee/Drink",keyword
늘 애용하는 브랜드 너무 좋고 맛있어요 :),"Dessert/Bakery, Coffee/Drink",keyword
음식이 맛있고 분위기가 좋아요~,Vibe,keyword
데이트 하기 딱입니당ㅎㅎ,"Dessert/Bakery, Coffee/Drink",keyword
에스프레소가 참 맛나요!,Vibe,keyword
신기하고 다양했어요!,"Dessert/Bakery, Coffee/Drink",keyword
코스로 즐기는 매력이 느껴져 좋았습니당!,Vibe,keyword
디저트가 맛있어요~!,Dessert/Bakery,keyword
매장도 넓구 좋아요,Vibe,keyword
메뉴 설명도 있어서 좋습니당^__^,"Service, Vibe, Coffee/Drink",keyword
매장이 넓고 좋아요,Vibe,keyword
조용해서 대화하기 좋습니다!,"Dessert/Bakery, Coffee/Drink",keyword
음료도 맛있어요~,Coffee/Drink,keyword
커피도 맛있고 오우 소금빵 정말 제 스타일입니다.,"Dessert/Bakery, Coffee/Drink",keyword
넓고 청결해보여서 좋네요 .,"Dessert/Bakery, Coffee/Drink, Vibe",keyword
커피도 맛있을거 같아요,"Dessert/Bakery, Coffee/Drink",keyword
팝업 대기 하다가 카페인 충전했는데 살아나는 느낌이에요,"Service, Dessert/Bakery, Coffee/Drink",keyword
아침일찍 오픈하고 오전에는 사람이 많지 않아서 좋았어요.,"Dessert/Bakery, Coffee/Drink, Vibe",keyword
에스프레소에 설탕이 기본인데 단많이 많이 느껴질 정도는 아니고 편안하게 마실 수 있었어요.,"Dessert/Bakery, Coffee/Drink, Vibe",keyword
시그니처 구테로이테는 단맛으로 시작해서 점점 짙어지는 스타일이네요.,"Service, Dessert/Bakery, Coffee/Drink",keyword
쿠키의 바삭함이 재밌습니다.,"Dessert/Bakery, Coffee/Drink",keyword
음료 너무 맛있고 뷴위기됴조아영~,Coffee/Drink,keyword
지나가다 들른 커피바인데 커피 종류도 다양하더라도요 아아도 맛있고 내부 인테리어도 예뻐요,"Dessert/Bakery, Coffee/Drink, Vibe",keyword
"치케 짱맛탱,, 꼭 드세요 시그니처 커피 코스도 있어서 다음에 한번 코스도 도전해보고싶어요","Dessert/Bakery, Coffee/Drink, Vibe",keyword
에쏘가 맛있어요..,Coffee/Drink,keyword
커피 맛집이네용...,Coffee/Drink,keyword
디저트도 맛있고 잘 어울려요,Dessert/Bakery,keyword
커피맛집이라 일부러 찾아왔어요~,Coffee/Drink,keyword
커피가 맛있는 구테로이테!,Coffee/Drink,keyword
성수에도 매장이 생겨서 너무 좋아요~!!,Vibe,keyword
잠깐 성수 들렸는데 좋아하는 에스프레소 바가 있어서 바로 들어왔어요!,"Dessert/Bakery, Coffee/Drink, Vibe",keyword
남김없이 다먹었어요,Coffee/Drink,keyword
특이하고 맛있어요,"Dessert/Bakery, Coffee/Drink",keyword
시원하고 인테리어와 커피맛이 조아브러요~,"Dessert/Bakery, Coffee/Drink, Vibe",keyword
회사 동료분들이랑 재밌게 먹었어요!!,Coffee/Drink,keyword
친절해서 좋아요,"Service, Dessert/Bakery, Coffee/Drink",keyword
커피가 맛있고 컨셉이 느낌 있어요~,"Vibe, Coffee/Drink",keyword
또 먹고 싶어서 재방문 의사 백퍼,"Service, Coffee/Drink",keyword
레몬 그라나따는 엄청 상큼한 샤베트에 에소프레소가 들어간 음료인데 샤베트 맛이 강해요,Coffee/Drink,keyword
수정과 콜드브루는 묘한 맛인뎅 마실수록 당기는 맛이에요,Coffee/Drink,keyword
케이크 종류가 너무 맛있어요,Dessert/Bakery,keyword
매장 분위기가 너무 좋아요,Vibe,keyword
오랜만에 다시 왔는데 여전히 맛있어요!,"Dessert/Bakery, Coffee/Drink",keyword
성수 매장은 커서 좋았습니다,"Service, Vibe",keyword
오늘 성수 나들이는 카페로 완성!,"Vibe, Coffee/Drink",keyword
"레몬그라니따, 유자버블브루 시켰는데 신기하면서도 맛있었습니다!!!","Dessert/Bakery, Coffee/Drink",keyword
성수점은 처음인데 쾌적하고 좋네요,"Dessert/Bakery, Coffee/Drink",keyword
맛있고 분위기가 좋아요,Vibe,keyword
시그니처 음료가 맛있고 이외에도 특별한 메뉴들이 많습니다,"Dessert/Bakery, Coffee/Drink",keyword
분위기도 좋고!,Vibe,keyword
커피도 신선해요!,"Dessert/Bakery, Coffee/Drink",keyword
자주올 것 같아용,"Dessert/Bakery, Coffee/Drink",keyword
널찍하고 깔끔하고 좋습니다!,"Dessert/Bakery, Coffee/Drink",keyword
커피 다 맛있어요,Coffee/Drink,keyword
재방문의사 이백퍼입니다,Service,keyword
자리도 편안하고 커피도 맛있습니다!,"Dessert/Bakery, Coffee/Drink",keyword
빵은 늦게 갔더니 없더라구요ㅠㅠ,Dessert/Bakery,keyword
다음번에 먹어볼 수 있으면 좋겠습니다!,"Vibe, Coffee/Drink",keyword
대화하기 좋은 카페로 추천합니다!,"Dessert/Bakery, Coffee/Drink, Vibe",keyword
"커피가 맛있고
디저트 종류가 다양해요 ㅎㅎ","Dessert/Bakery, Coffee/Drink",keyword
커피도 맛있고 디저트도 맛있네요,"Dessert/Bakery, Coffee/Drink",keyword
"💛
애견동반 사랑합니다.","Dessert/Bakery, Coffee/Drink",keyword
"다른데에서 가봤는데 성수 놀러온김에 와봤는데 , 맛 똑같고 진짜 시그니처가 최고에요","Dessert/Bakery, Coffee/Drink",keyword
성수에서 분위기 좋은 카페예요!,"Vibe, Coffee/Drink",keyword
커피 맛나요,Coffee/Drink,keyword
커피도 맛있고 친절하네요,"Service, Dessert/Bakery, Coffee/Drink",keyword
조명이예쁘고 사진도잘나오고 커피도 맛있어요,"Vibe, Coffee/Drink",keyword
실내내부가 조금 더운것 같아요,"Dessert/Bakery, Vibe",keyword
에어컨틀어지면 시원하겠죠,"Dessert/Bakery, Coffee/Drink",keyword
재방문의사있어요,"Service, Vibe, Coffee/Drink",keyword
케이크 종류도 많고 커피 원두 종류도 고를 수 있어서 좋네용 !,"Dessert/Bakery, Coffee/Drink, Vibe",keyword
"분위기도 좋고 
직원분도 친절해요","Service, Dessert/Bakery, Coffee/Drink, Vibe",keyword
커피가 아주 맛나요,Coffee/Drink,keyword
에스프레소 드세여,Vibe,keyword
커피가  진하고 맛있어요^^,Coffee/Drink,keyword
한잔더 먹고 싶어요^^♡,Coffee/Drink,keyword
공간도 넓구 깔끔해요!,"Dessert/Bakery, Coffee/Drink, Vibe",keyword
에스프레소 종류가 많아서 좋아요!,Vibe,keyword
음료도 맛있구 빵이 없어서 아쉬웠지만 케이크는 본연의 맛이 잘 살아서 맛있어요.,"Dessert/Bakery, Coffee/Drink",keyword
저장해뒀던 곳인데 기대만큼 좋았어요!,"Dessert/Bakery, Coffee/Drink, Vibe",keyword
커피도맛있고 분위기도좋아요~,"Vibe, Coffee/Drink",keyword
다음에또방문할께요~ㅋㅋ,"Service, Dessert/Bakery, Coffee/Drink",keyword
특이하고 맛있습니다,"Dessert/Bakery, Coffee/Drink",keyword
"에쏘바 중 내 최애♡
본점 처음 오픈할때부터 에쏘바는 구테만 다녀요!!","Dessert/Bakery, Coffee/Drink",keyword
성수점 생겨서 비오는날은 오기 편하네요~,"Dessert/Bakery, Coffee/Drink",keyword
커피맛 말모말모~,Coffee/Drink,keyword
공간도 널찍하고 커피도 맛있는 곳입니다!,"Dessert/Bakery, Coffee/Drink, Vibe",keyword
평일 오후에 방문했늗데 여유있고 커피도 맛있어요!,"Service, Dessert/Bakery, Coffee/Drink, Vibe",keyword
커피가 너무 맛있고 분위기 최고입니다!!,"Vibe, Coffee/Drink",keyword
구테로이테 수유에서도 자주 먹던 유자버블!,Coffee/Drink,keyword
카페 점바점 되게 심한곳도 많은데 구테로이테는 어딜 가도 안정적인 맛이라 너무 좋아용,"Dessert/Bakery, Coffee/Drink, Vibe",keyword
그리고 성수에서 기 쫙 빨려서 탈탈털린채로 구테로이테 들어왔는데..,Vibe,keyword
조용해서 넘 죠아..,"Dessert/Bakery, Coffee/Drink",keyword
커피가 맛있고 분위가 좋아요!,Coffee/Drink,keyword
직원 분들이 친절해서 더 좋습니다,"Service, Dessert/Bakery, Coffee/Drink",keyword
우선 매장 너무 넓고 느낌 좋습니다.,Vibe,keyword
에소바 가고싶었는데 성수에 요런곳이!,Vibe,keyword
인테리어가 예쁘고 음료도 특색 있고 맛있어요!!,"Vibe, Coffee/Drink",keyword
제가 간 날은 베이커리 휴무라 음료만 먹었는데 사람도 너무 북적이지 않고 좋았습니다ㅎㅎ,"Dessert/Bakery, Coffee/Drink, Vibe",keyword
"구테로이테, 스톤슈페너 추천!",Vibe,keyword
스톤슈페너는 컵주변에 설탕있어서 돌려가면서 마셔야해여,"Dessert/Bakery, Coffee/Drink, Vibe",keyword
"🤣 그리고 성수에 애견동반카페 흔치않은데, 넘 조아여!!","Dessert/Bakery, Coffee/Drink",keyword
오래오래 해주세요~~!,"Dessert/Bakery, Coffee/Drink",keyword
카페 크레마 메뉴가 진짜 맛있어요~~!!!,Coffee/Drink,keyword
"동네에 맛있는 커피집이 생겼다고 ㅎ 언뉘가 델꾸 옴❤️
역시나 ㅎ 커피 밸런스 좋으면서 맛있음","Dessert/Bakery, Coffee/Drink, Vibe",keyword
케익은 솔드 아웃되서 못먹어서 아쉽,Coffee/Drink,keyword
특별한 맛의 에스프레소를 느끼고 싶으면 성수동에서는 여기입니다!,"Dessert/Bakery, Coffee/Drink, Vibe",keyword
커피와 롤이 맛있어요,"Dessert/Bakery, Coffee/Drink",keyword
분위기도 좋고 사람이 많은데 공간도 넓고 많이 울리지 않아서 대화하기 괜찮아요!,"Dessert/Bakery, Coffee/Drink, Vibe",keyword
커피도 뭐 말모말모!,Coffee/Drink,keyword
"처음 왔는데, 커피맛도 너무 좋습니다.","Dessert/Bakery, Coffee/Drink",keyword
직원분들도 친절하시고 카페 분위기도 좋아요,"Service, Dessert/Bakery, Coffee/Drink, Vibe",keyword
카페 메뉴가 가격이 좋고 맛있어요,"Coffee/Drink, Price",keyword
자리도 많아서 웨이팅없이 앉았어요,Service,keyword
매장이 넓은데 조용해서 대화하기 좋고 커피가 맛있어요‘,"Dessert/Bakery, Coffee/Drink, Vibe",keyword
매장도 깔끔해서 더 좋았습니다,"Dessert/Bakery, Coffee/Drink, Vibe",keyword
커피 맛있규 매장이 쾌적해욥,"Dessert/Bakery, Coffee/Drink, Vibe",keyword
산뜻한 커피 찾았는데~~ 여기에 맛잇는게 있었네요,"Service, Dessert/Bakery, Coffee/Drink, Vibe",keyword
커피가 맛있고  다양한 커피를 판매하고 있어서 도전해볼수 있어 좋아요~,"Dessert/Bakery, Coffee/Drink, Vibe",keyword
특별한 커피가 있어요~,"Dessert/Bakery, Coffee/Drink, Vibe",keyword
제빵 장인이 하시는 곳이라고 되어 있어서 들어왔는데 유명한곳 답게 이미 디저트는 다 나가서 못먹었어요~,"Dessert/Bakery, Coffee/Drink, Vibe",keyword
인테리어가 예쁘고 대화하기 좋았고 직원분들이 정말 친절하세요!!,"Service, Dessert/Bakery, Coffee/Drink, Vibe",keyword
커피도 정말 맛있습니다.,Coffee/Drink,keyword
"우연히 들렀는데 많이 비싸지도않고 가성비 굿 카페~~
고퀄~ 아이들도 좋아해요~","Coffee/Drink, Price",keyword
성수에 와서 카페를 찾다 구테로이테에 가보고싶어 방문했어용!,"Service, Dessert/Bakery, Coffee/Drink",keyword
뭔가 먹어보고싶던 구테로이테를 먹어봤는데 로투스랑 크림이 넘 잘어울려서 맛있게 먹었습니다,Coffee/Drink,keyword
가게 내부 공간도 넓고 무엇보다 음료가 뭐든 맛있어요!,"Dessert/Bakery, Coffee/Drink, Vibe",keyword
커피맛이 너무 좋아요~,Coffee/Drink,keyword
추천이요,Vibe,keyword
자리가 편하고 음료가 맛있었어요,Coffee/Drink,keyword
구테로이테 강남쪽에서도 자주 이용하는데 에스프레소는 정말 너무 맛잇게 잘하고 가격도 좋고 항상 만족스러워요,"Price, Dessert/Bakery, Coffee/Drink, Vibe",keyword
분위기 좋고 음료도 맛있어요 ~~,"Vibe, Coffee/Drink",keyword
파인콘 달고 짜고 다양한 맛.,"Dessert/Bakery, Coffee/Drink",keyword
메뉴가 다양하고 커피도 맛있었어요!!,"Dessert/Bakery, Coffee/Drink",keyword
매장도 깔끔하고 예뻐서 잘 놀다가요~~~,"Dessert/Bakery, Coffee/Drink, Vibe",keyword
에스프레소 마시러 방문했습니다!,"Service, Dessert/Bakery, Coffee/Drink, Vibe",keyword
시그니처로 마셨는데 달달하고 디저트로 너무 좋아요,"Dessert/Bakery, Vibe",keyword
"🫶🏻
에스프레소 잘 못 마시는 분들도 부담없이
마시기 좋아요!!",Vibe,keyword
"너무 맛있고 분위기도 좋아요 :) 
친구도 분위기가 너무 좋다고 하네요!","Dessert/Bakery, Coffee/Drink, Vibe",keyword
분위기좋고 대화하기 너무좋아요,"Dessert/Bakery, Coffee/Drink, Vibe",keyword
"❤️
커피 에이드 다",Coffee/Drink,keyword
성공해쏘용😚❤️,"Dessert/Bakery, Coffee/Drink",keyword
애견동반가능 너무 좋아요!!,Price,keyword
커피가 맛았어요파 냐?,Coffee/Drink,keyword
커피랑 케익 모두 대만족입니다!,"Coffee/Drink, Price",keyword
분위기도 좋아요!,Vibe,keyword
특별한 메뉴가 있어서 넘 맛있고 자리도 넓고 쾌적해요!,"Dessert/Bakery, Coffee/Drink, Vibe",keyword
"음료수랑 커피, 크레이프 모두 맛있어요 ㅎㅎㅎ","Dessert/Bakery, Coffee/Drink",keyword
독특한 메뉴가 있고 맛도 좋아요,"Dessert/Bakery, Coffee/Drink, Vibe",keyword
인스타에서 보고 너무오고싶었는데 역쉬나 예술,"Position, Dessert/Bakery, Coffee/Drink",keyword
항상 커피 맛있고 장소도 넓고 좋아요~~~!!!!,"Vibe, Coffee/Drink",keyword
커피가 너무맛있고 분위기도 힙하네요,"Dessert/Bakery, Coffee/Drink, Vibe",keyword
처음 방문인데.,Service,keyword
커피도 맛있고.,Coffee/Drink,keyword
"직원분 친절하시고
가격 만족
또 방문의사 1000%
잘 마셨습니당","Service, Dessert/Bakery, Coffee/Drink, Price",keyword
공간도 엄청 멋집니다.,Vibe,keyword
복잡한 성수동에서 이렇게 넓은 공간을 만나니 반갑네요,"Dessert/Bakery, Coffee/Drink, Vibe",keyword
카페가 넓어서 들어오게 되었는데 커피가격도 착하고 맛있어요!,"Vibe, Coffee/Drink, Price",keyword
성수카페로 추천합니다,"Dessert/Bakery, Coffee/Drink, Vibe",keyword
친구랑 성수에 왔다가 들렸습니다!,"Dessert/Bakery, Coffee/Drink, Vibe",keyword
구테로이테 강남구청역점 잘 이용했는데 성수에도 매장이 보여 반가운 마음에 들렸어요!,"Dessert/Bakery, Coffee/Drink, Vibe",keyword
그냥 커피랑 음료가 진짜 맛있습니다~~,Coffee/Drink,keyword
성수 오면 꼭 들리는 곳!,"Dessert/Bakery, Coffee/Drink, Vibe",keyword
추천합니당,"Dessert/Bakery, Coffee/Drink, Vibe",keyword
"커피가 맛난집  재방문  지난번엔 에스프레소를 마시고 오늘은 케잌까지   포인트적립 하면 텀블러까지  
성수의 맛깔나는 까페","Service, Dessert/Bakery, Coffee/Drink, Vibe",keyword
롱블랙 맛있고 매장 깔끔해요!,"Dessert/Bakery, Coffee/Drink, Vibe",keyword
매장도 깔끔하고 아주 좋네요..,"Dessert/Bakery, Coffee/Drink, Vibe",keyword
커피 마시기 너무 좋아요,Coffee/Drink,keyword
연인과 함께라면 특히,Coffee/Drink,keyword
맛있는 커피.,Coffee/Drink,keyword
예쁜 공간.,Vibe,keyword
성수에서 깔끔하고 커피먹기 좋은 매장인거 같습니다.,"Dessert/Bakery, Coffee/Drink, Vibe",keyword
재방문의사 있습니다.,"Service, Vibe, Coffee/Drink",keyword
롱블랙이랑 스톤슈페너 주문했는데 둘 다 너무 맛있네요.,"Service, Dessert/Bakery, Coffee/Drink",keyword
특히 롱블랙은 제가 좋아하는 고소한 맛이라 너무 맛있어요.,"Dessert/Bakery, Coffee/Drink",keyword
성수역에서 멀지 않아 찾기도 쉬워요.,Service,keyword
롱블랙은 진짜 강추합니다.,"Dessert/Bakery, Coffee/Drink",keyword
빵은 솔드아웃이 빨리 되는편인거 같아요.,Dessert/Bakery,keyword
대신 케잌류가 남아있네요.,"Vibe, Coffee/Drink",keyword
매장도 인테리어도 세련되어 커피 마시기 좋아요♡,"Vibe, Coffee/Drink",keyword
커피맛 좋고 여기 구테로이테는 넓어서 좋아요!!,"Vibe, Coffee/Drink",keyword
커피가 진짜 맛있어요!!!,Coffee/Drink,keyword
그래서 또 먹을려고요ㅠ,Coffee/Drink,keyword
에스프레소 바 찾다가 우연히 방믄했는데 매장도 쾌적하고 커피도 맛있어요,"Service, Dessert/Bakery, Coffee/Drink, Vibe",keyword
커피 너무 맛있고 분위기 너무 좋아요 ㅎㅎ,"Vibe, Coffee/Drink",keyword
재방문 의사 있습니당,"Service, Vibe, Coffee/Drink",keyword
커피랑 음료 맛있어요.,Coffee/Drink,keyword
넓어서 좋았어요,Vibe,keyword
귀여운 시그니처 메뉴 예쁘고 맛있어요,Vibe,keyword
여기 커피도 맛있고 케이크도 맛있네요^^,"Dessert/Bakery, Coffee/Drink",keyword
에스프레소 맛집이에요,Vibe,keyword
"어쩌다가 들어간 카페인데
너무 느낌 좋고 분위기도 좋았어요!!","Vibe, Coffee/Drink",keyword
다음에 다시 오고 싶어요!,"Dessert/Bakery, Coffee/Drink",keyword
인테리어 좋고 메뉴가 특별하고 다양하게 많아요!!!,"Dessert/Bakery, Coffee/Drink, Vibe",keyword
너무 맛있고 특별한 메뉴가 많아서 좋아요!,"Dessert/Bakery, Coffee/Drink",keyword
공간이 넓고 편해요,Vibe,keyword
음료도 맛있고 직원분들도 친절하세요,"Service, Dessert/Bakery, Coffee/Drink",keyword
성수동에 위치한 커피맛집을 찾았어요,"Vibe, Service, Position, Coffee/Drink, Dessert/Bakery",keyword
"아인슈페너도 너무 맛있고 콜드브루도
좋아용",Coffee/Drink,keyword
원두가 부드러워서 커피가 맛있네요,Coffee/Drink,keyword
디저트도 맛있고  테이블 간격도 넓어서 좋네요,"Dessert/Bakery, Coffee/Drink, Vibe",keyword
항상 즐겨찾는 에프 맛집입니다.,Service,keyword
믿고먹는 맛집이에요!!,Coffee/Drink,keyword
맛난 디저트 맛있는커피향 매장깔끔해서좋아요~^^,"Dessert/Bakery, Coffee/Drink, Vibe",keyword
커피종류가 정말 많고 다 맛있어요!,Coffee/Drink,keyword
강남과 다르게 빵도 다양하게 있어서 자주 올 것 같습니다!,"Dessert/Bakery, Coffee/Drink, Vibe",keyword
커피의 부드러움이 혀 끝의 단맛으로  와 맛있다,"Dessert/Bakery, Coffee/Drink",keyword
"설탕 끝맛에 레몬맛까지
따뜻핫 커피는 아니다","Dessert/Bakery, Coffee/Drink",keyword
다른 메뉴의 에스프레소도 궁금하다  성수의 ☕️    매장 넓고 꽤적하다  테이블아래  충전기  꼳을 수 있어서  갠ㅣ적으론  자주 올 거같다   ㄱ,"Dessert/Bakery, Coffee/Drink, Vibe",keyword
커피와 빵이 맛있어요~,"Dessert/Bakery, Coffee/Drink",keyword
대기없이 맛있는 커피 마셨습니다,"Service, Coffee/Drink",keyword
에스프레소를 합리적인 가격으로 즐길 수 있는 곳.,"Vibe, Coffee/Drink, Price",keyword
카페 너무 이뻐용!!,"Vibe, Coffee/Drink",keyword
커피도 맛잇습니다!~~,Coffee/Drink,keyword
에스프레소 마시러 왔는데 공간도 여유롭고 커피 맛도 좋아요.,"Dessert/Bakery, Coffee/Drink, Vibe",keyword
매장이 쾌적하고 에이드 추천합니다,"Dessert/Bakery, Coffee/Drink, Vibe",keyword
독특한 음료 메뉴도 많고 맛있어요~!,"Dessert/Bakery, Coffee/Drink",keyword
’레몬그라니따‘ 맛있네요~^^,Coffee/Drink,keyword
케이크도 맛있는데 커피가 맛있네요.,"Dessert/Bakery, Coffee/Drink",keyword
"공간도 깡끔한데 단, 테이블 간격이 너무 좁아요.","Dessert/Bakery, Coffee/Drink, Vibe",keyword
성수 너무 정신없어서 좀 떨어진 곳 왔는데 그나마 한적하고 좋네요,"Dessert/Bakery, Coffee/Drink, Vibe",keyword
사람이 많긴 하지만 적당한 간격이어서 좋고 커피는 두말할 것도 없이 맛있습니다,"Dessert/Bakery, Coffee/Drink, Vibe",keyword
다른 지점에 간 적이 있어서 온건데 에스프레소 맛있습니다,"Dessert/Bakery, Coffee/Drink, Vibe",keyword
"구테로이테 본점에서 너무 맛있게 먹었는데
성수 놀러왔다가 발견해서 방문했어요","Service, Dessert/Bakery, Coffee/Drink",keyword
역시나 너무 맛있어요,Coffee/Drink,keyword
더워진 날씨에 딱 맞는 상큼함 맛이었어요,"Dessert/Bakery, Coffee/Drink",keyword
인테리어도 너무 좋고 다음에 또 오려고요,"Dessert/Bakery, Coffee/Drink, Vibe",keyword
완전 시그니쳐 커피 희망한다면 잘 오신겁니다~~^^,"Dessert/Bakery, Coffee/Drink",keyword
"우연히 발견한  곳인데  분위기, 커피 맛, 비쥬얼에 반했습니다.","Dessert/Bakery, Coffee/Drink, Vibe",keyword
성수 오신다면 꼭 들려보세요.,"Dessert/Bakery, Coffee/Drink",keyword
느좋카페에 커피 가격도 착해요!!,"Coffee/Drink, Price",keyword
시그니쳐 에스프레소가 너무 맛잇어용 순수 우유케잌 기대돼여,Vibe,keyword
커피 음료 빵도 조아요,"Dessert/Bakery, Coffee/Drink",keyword
구테로이테랑 피스타치오딸기슈페너 모두 특이하고 엄청 맛있었어요!!,"Dessert/Bakery, Coffee/Drink",keyword
분위기도 너무 좋고 대화하기 좋아요 ㅎㅎ,"Dessert/Bakery, Coffee/Drink, Vibe",keyword
아주 특별하진 않아요.,"Dessert/Bakery, Coffee/Drink",keyword
왜인지 1시쯤 갔는데 빵 진열장도 많이 비어있었어요.,"Dessert/Bakery, Coffee/Drink, Vibe",keyword
사람이 많은것도 아니었는데 말이죠..,"Dessert/Bakery, Vibe",keyword
그래서 다양한 빵을 구경하진 못 했고 커스터드 크레이프케이크를 먹었는데 맛있긴 했어요.,"Dessert/Bakery, Coffee/Drink",keyword
흑임자 커피는 양이 매우 적었지만 맛있었어요~,Coffee/Drink,keyword
"자리는 생각보다 많이 붙어있는 느낌이 들지만 잘 마시고, 먹고 왔어요~","Dessert/Bakery, Coffee/Drink, Vibe",keyword
원두가 신선하고 에스프레소가 너무 훌륭해요..,"Dessert/Bakery, Coffee/Drink, Vibe",keyword
올때마다 만족!,"Dessert/Bakery, Coffee/Drink, Price",keyword
엄마랑 같이 왔어요!,"Dessert/Bakery, Coffee/Drink",keyword
"엄마랑은 처음 와보는데, 너무 좋아하셨어요!","Dessert/Bakery, Coffee/Drink",keyword
에스프레소를 시키면 물과 함께 줘서 너무 기분이 좋은 곳!,Vibe,keyword
빵 커피 맛있어요!,"Dessert/Bakery, Coffee/Drink",keyword
그저께도 왔었는데 점심먹고 오늘 또 왔어요.,"Dessert/Bakery, Coffee/Drink",keyword
여기는 커피도 맛있고 케이크도 맛있고 음료도 맛있어요.,"Dessert/Bakery, Coffee/Drink",keyword
다들 여기서 커피 마셔주세요,Coffee/Drink,keyword
직원들도 친절합니다 ~^^,"Service, Dessert/Bakery, Coffee/Drink",keyword
저녁식사 시간대에 오니깐 여유롭고 좋아요 ✨,"Dessert/Bakery, Coffee/Drink",keyword
🥺 다음엔 좀 더 일찍 와봐야겠어요 !,"Dessert/Bakery, Coffee/Drink",keyword
"에스프레소에 진입장벽 느껴졌어서
에스프레소랑 그라니따 둘 다 이번에 처음 마셔보는데
너무너무 맛있어요...",Vibe,keyword
첫 시작을 커피 맛집 구테로이테에서해서 그런지 ㅎㅎ,"Service, Dessert/Bakery, Coffee/Drink",keyword
맛있는 커피 잘 마시고 가용,Coffee/Drink,keyword
"달콤 짭짤 고소가 어우러진~~~♡
흑임자크림과 단짠의 조화가 어쩜 이리 맛있지~~~",Dessert/Bakery,keyword
의외로 성수동 커피 맛없는데도 많은데 커피짱맛~~^^,Coffee/Drink,keyword
제과기능장님이 하시는 에스프레소바!!,"Dessert/Bakery, Coffee/Drink, Vibe",keyword
독특한 메뉴구성이 있어 고르는 재미가 있네요~,"Dessert/Bakery, Coffee/Drink, Vibe",keyword
커피맛도 좋아요!!,Coffee/Drink,keyword
여기 커피가 정말 맛있어요^^,Coffee/Drink,keyword
남편이랑 왔다,"Dessert/Bakery, Coffee/Drink",keyword
맛있어서 또 왔네요~,"Dessert/Bakery, Coffee/Drink",keyword
시그니처 커피가 많아서 고르는데 힘들었지만 어느걸 골라도 후회안할거에요!!,"Dessert/Bakery, Coffee/Drink",keyword
그리고 제과기능장 1호 사장님께서 만드신 케익이 진짜 맛있어요!!,"Service, Vibe",keyword
다들 친절하시고 너무 맛있어요!,"Service, Dessert/Bakery, Coffee/Drink",keyword
카공하기도 좋은 곳 같아요!,"Dessert/Bakery, Coffee/Drink, Vibe",keyword
스톤슈페너와 에스프레소가  맛있어요,Vibe,keyword
비오는 날 점심시간 행복한 오후입니다~~!,"Dessert/Bakery, Coffee/Drink, Vibe",keyword
커피는 깔끔하고 맛있고 에이드도 너무 달지않고 맛있네요,"Dessert/Bakery, Coffee/Drink",keyword
매장이 넓어 아이데리고 오기좋아요^^,"Dessert/Bakery, Coffee/Drink, Vibe",keyword
매장이 넓고 쾌적하고 디저트도 맛있고 디스플레이 박스 안에 있어서 위생적인 것 같아요!,"Dessert/Bakery, Coffee/Drink, Vibe",keyword
커피도 다양하고 진한거 좋아하시면 꼭 오시길 추천드려요!,"Dessert/Bakery, Coffee/Drink, Vibe",keyword
지나가다가 그냥 들어온 곳인데 한입마시고 너무 맛있어서 급하게 사진찍고 리뷰 작성해요!,"Dessert/Bakery, Coffee/Drink, Vibe",keyword
커피 코스가 있을 정도로 커피 종류도 다양하고 다 너무너무 맛있어요!!!,"Dessert/Bakery, Coffee/Drink, Vibe",keyword
구테 넛 슈페너랑 스톤 슈페너 둘다 맛난데 할모니 입맛이시면 스톤 슈페너 강추에요!,"Dessert/Bakery, Coffee/Drink",keyword
공간 넓고 시원하고 음료 맛있어요,"Dessert/Bakery, Coffee/Drink, Vibe",keyword
부모님이랑 같이 와서 먹었는데 정말 만족스러웠습니다!,"Dessert/Bakery, Coffee/Drink, Price",keyword
"☺️
분위기도 좋고 음료도 새로운 맛이라서 다음에 오면 다른 음료도 먹어보고 싶다는 생각이 들었어요!","Dessert/Bakery, Coffee/Drink, Vibe",keyword
😚 직원들도 너무 친절하셔서 기분 좋게 마실 수 있었습니다.,"Service, Dessert/Bakery, Coffee/Drink, Vibe",keyword
다음에 또 오겠습니다!!,"Dessert/Bakery, Coffee/Drink",keyword
나,Coffee/Drink,keyword
행복한 시간 보냈어요♡♡♡,"Dessert/Bakery, Coffee/Drink, Vibe",keyword
다양한 에스프레소를 저렴하게 먹을 수 있어 좋았습니다!,"Dessert/Bakery, Coffee/Drink, Vibe",keyword
케이크도 부드럽고 맛있었어요,Dessert/Bakery,keyword
자리도 넓어 대기없이 이용할 수 있어 좋았습니다!,"Service, Dessert/Bakery, Coffee/Drink, Vibe",keyword
"클래식 코스로 다양한 커피맛을 볼수있고,커피 하나하나의 특유한 맛을 볼수 있어서 좋았습니다.","Dessert/Bakery, Coffee/Drink, Vibe",keyword
느므 좋아하는곳이예요,Vibe,keyword
커피 샷을 선택할 수 있어 좋아요.,"Service, Dessert/Bakery, Coffee/Drink, Vibe",keyword
늦게 가면 빵이 많이 없어 아쉬워요,Dessert/Bakery,keyword
분위기도 이쁘고 너무 맛있어용....,Vibe,keyword
에스프레소 잘하는 곳을 많이 찾는편인데 여기가 딱 그런곳이에요!,"Service, Dessert/Bakery, Coffee/Drink, Vibe",keyword
맨날 와요,"Dessert/Bakery, Coffee/Drink",keyword
에스프레소바 같은데 전형적인 음료도 있어서 어른들 드시기에도 좋아요.,"Dessert/Bakery, Coffee/Drink, Vibe",keyword
에스프레소 종류도 다양해서 좋아요,"Dessert/Bakery, Coffee/Drink, Vibe",keyword
분위기좋고 조용한카페입니다,"Dessert/Bakery, Coffee/Drink, Vibe",keyword
구테로이테커피 너무너무 맛나용,Coffee/Drink,keyword
성수점은 직원분들이 더 친절하신 느낌요~,"Service, Dessert/Bakery, Coffee/Drink",keyword
애플망고그린에이드가 상큼하고 맛있오요^^,"Dessert/Bakery, Coffee/Drink",keyword
친구랑 처음 온 에스프레소바~ 너무 맛있어서 흡입하고 갑니다 그라니따 최고,"Dessert/Bakery, Coffee/Drink, Vibe",keyword
친구들이랑 같이 왔어요~,"Dessert/Bakery, Coffee/Drink, Vibe",keyword
디저트랑 시그니쳐 메뉴 모두 독특하고 맛있어요!,"Dessert/Bakery, Coffee/Drink",keyword
재방문 의사 많어요!,Service,keyword
잘먹었습니다!,Coffee/Drink,keyword
매장도 깨끗하고 빵도 종류가 많고 인테리어 이쁘네요,"Dessert/Bakery, Coffee/Drink, Vibe",keyword
시그니처 메뉴 파인콘 추천합니다!,"Dessert/Bakery, Coffee/Drink, Vibe",keyword
매장도 넓고 쾌적했어요~,"Dessert/Bakery, Coffee/Drink, Vibe",keyword
"직원분들 친절하시고 분위기도 좋음, 무엇보다 커피맛이 좋습니다.","Service, Dessert/Bakery, Coffee/Drink, Vibe",keyword
널찍한 공간에 특별한 메뉴.,"Dessert/Bakery, Coffee/Drink, Vibe",keyword
그라니따 주문해봤어요 !,"Service, Dessert/Bakery, Coffee/Drink",keyword
시그니처 메뉴라고 해서 기대했는데 신기하게 상큼달콤하고 쌉싸름한게 아주 특별했습니다.,"Dessert/Bakery, Coffee/Drink",keyword
추가로 케이크도 주문해서 먹어봤는데 너모너모 맛도리였어요!!!!!!,"Service, Dessert/Bakery, Coffee/Drink, Vibe",keyword
달달구리하고 꾸덕한 초콜릿의 맛!,"Dessert/Bakery, Coffee/Drink",keyword
잘 먹고갑니다 번창하세옵,"Dessert/Bakery, Coffee/Drink",keyword
스톤 슈패너 달달하고 고소하고 컵 입구 쪽에 묻힌 설탕이랑 같이 쭉 마시니까 조합이 너무 좋네요!,"Dessert/Bakery, Vibe",keyword
🥺 그리고 같이 시킨 케이크도 정말정말 맛있었어요.,Dessert/Bakery,keyword
진하고 꾸덕한 초콜릿 한가득 퍼먹는 맛인데 또 너무 달지 않은!?,"Dessert/Bakery, Coffee/Drink",keyword
카페 공간 자체도 깔끔하고 예뻐서 성수 오면 종종 들를 것 같아요~,"Dessert/Bakery, Coffee/Drink, Vibe",keyword
성수동 올때마다 종종 방문하는데 분위기도 편하고 음료도 마싯어서 매우만족하는 카페에여!!,"Vibe, Service, Coffee/Drink, Price, Dessert/Bakery",keyword
"👍👍👍👍
잘쉬고 잘먹고갑니당",Coffee/Drink,keyword
또 방문할게용,"Service, Dessert/Bakery, Coffee/Drink",keyword
"에스프레소 후다닷 먹고 가기 너무 죠아여 ㅋㅋㅋㅋ
회사근처라 애용합니다","Dessert/Bakery, Coffee/Drink, Vibe",keyword
"다들 친절하시고, 주문과 음료 나오는 시간이 빨라요.","Service, Dessert/Bakery, Coffee/Drink",keyword
사무실 근처라 애용하고 있어요~,"Dessert/Bakery, Coffee/Drink, Vibe",keyword
에스프레소 메뉴가 전문적이라 좋아요!!,Vibe,keyword
분위기도 좋고 시그니쳐 커피도 맛있어요,"Vibe, Coffee/Drink",keyword
가게가 넓어서 편하게 쉬기 좋아요!!,Vibe,keyword
음료도 독특한데 맛있구 깔끔해서 좋아요>_<,"Dessert/Bakery, Coffee/Drink",keyword
오랜만에 아내와 시간을 내어 방문한 곳..,"Service, Dessert/Bakery, Coffee/Drink, Vibe",keyword
일단 커피 맛있고.,Coffee/Drink,keyword
메뉴도 다양해요 ㅎ,"Dessert/Bakery, Coffee/Drink",keyword
그리고 매장 청결하고..,"Dessert/Bakery, Coffee/Drink, Vibe",keyword
쿠테로이테 연남에 이어 두번째 쿠테로이테 방문.,Service,keyword
성수가 보다 나은 것 같아요~,Dessert/Bakery,keyword
"일단 공간이 시원하게 넓고, 음악 좋아요~","Dessert/Bakery, Coffee/Drink, Vibe",keyword
"인상적인건 에스프레소 추출시 설탕도 함께 추출하는 방식을 취한다는데, 산미랑 단맛이 함께 있네요.","Dessert/Bakery, Coffee/Drink, Vibe",keyword
요청하시면 설탕없이 추출도 가능하다고 합니다.,"Dessert/Bakery, Coffee/Drink, Price",keyword
둘이 가서 세 잔씩 마시고 왔어요.,"Dessert/Bakery, Coffee/Drink",keyword
레몬 그라나따 두 잔 마셨어요.,Coffee/Drink,keyword
오미자 아메리카노 추천받고 와봤는데요~~,"Dessert/Bakery, Coffee/Drink, Vibe",keyword
"소문대로 역시 맛도 좋구
매장분위기 끝내줘요",Vibe,keyword
지나가다 우연히 들른 카페인데 완전 성공했어요!!,"Dessert/Bakery, Coffee/Drink",keyword
"커피, 라떼 맛도 괜찮았는데밀크티롤 맛이 정말 찐해서 맛있었어요.","Dessert/Bakery, Coffee/Drink",keyword
일정 마치고 잠깐 시간이 떠서 평소에 와보고 싶었던 구테로이데 방문해봤어요!,"Service, Dessert/Bakery, Coffee/Drink",keyword
아이스 롱블랙이랑 롤케이크 먹었는데 담백하고 깔끔하게 맛있었어요!,"Dessert/Bakery, Coffee/Drink",keyword
"자리도 넉넉하고, 모던하고 깔끔한 분위기라 잠깐 들렀다 가기도 좋아요 :)","Dessert/Bakery, Coffee/Drink, Vibe",keyword
분위기도 좋고 맛있어요,Vibe,keyword
빵이 맛있습니다,Dessert/Bakery,keyword
콘센트도 있고 조용해서 좋아요,"Dessert/Bakery, Coffee/Drink, Vibe",keyword
추천으로 왔는데 정말 맛잇어요!!!!!,"Dessert/Bakery, Coffee/Drink, Vibe",keyword
에스프레소 맛있습니다!!,Vibe,keyword
설명도 친절하세요,"Service, Dessert/Bakery, Coffee/Drink",keyword
"메뉴가 다양하고 
다른곳에서 먹어볼수 없는 스프레소 메뉴가 많아요","Dessert/Bakery, Coffee/Drink, Vibe",keyword
분위기도 좋고 인테리어도 깔끔해요,"Dessert/Bakery, Coffee/Drink, Vibe",keyword
시그니처 음료들이 맛있었어요!,Coffee/Drink,keyword
에스프레소 코스도 있어서 담에 왔을땐 에스프레소 코스 먹어볼려구요 !,"Dessert/Bakery, Coffee/Drink, Vibe",keyword
오미자 아메리카노는 처음 먹어보는데 상큼하고 맛있어요!,Coffee/Drink,keyword
흑임자 크림도 달콤하고 커피랑 잘 어울려요,"Dessert/Bakery, Coffee/Drink",keyword
"콜드브루 맛나서 두개나 주문ㅋㅋ
매장넓고 깔금~스톤슈페너 흑임자들엇는데 맛나게먹엇어요 아늑한 분위기와 직원들의 친절한 서비스 덕분에 기분 좋은 시간을 보냈네유~
, 가격 대비 만족도가 높아 재방문 의사가 확실~있음","Vibe, Service, Coffee/Drink, Price, Dessert/Bakery",keyword
분위기도 좋고 천장조명이 사진이 넘 잘나오ㅏ요ㅎㅎ커피도 맛있고 케이크도 맛있내요…👋🏻,"Dessert/Bakery, Coffee/Drink, Vibe",keyword
시그니처 음료가 맛있어요,Coffee/Drink,keyword
추천도 친절히 잘해주시고 음료도 엄청 금방나오네요!,"Dessert/Bakery, Coffee/Drink, Vibe",keyword
본점만 가다가 성수점은 처음 와보네요!,"Dessert/Bakery, Coffee/Drink",keyword
분위기 좋습니다,Vibe,keyword
빵이 유명한 집이라 방문했는데 넘 맛있오요!,"Service, Dessert/Bakery, Coffee/Drink, Vibe",keyword
분위기 좋고 커피맛도 좋아요!,"Vibe, Coffee/Drink",keyword
팝업왔다가 현장예약 마감이 걸려서 팝업에 참여도못하고 속상한 마음에 들렸는데 진짜 뒤집어지게 맛있네요...,"Dessert/Bakery, Coffee/Drink",keyword
에스프레소 메뉴가 다양해서 처음 마시는 분들도 부담없이 즐기기 좋고 기본도 맛있어요.,"Dessert/Bakery, Coffee/Drink, Vibe",keyword
매장이 넓은 편이에요!,Vibe,keyword
케익이 맛있고 직원분들이 친절해요,"Service, Dessert/Bakery, Coffee/Drink",keyword
"시그니처 메뉴는
무조건 먹어봐야죠 !!",Coffee/Drink,keyword
디저트는 거의 다 나가있어서 나오는 시간대 기다리다가 먹을 예정입니다 ^_^,"Service, Dessert/Bakery, Coffee/Drink, Vibe",keyword
디저트맛있어요,Dessert/Bakery,keyword
"다음에 또 방문해서 다른메뉴들도
먹을거에요~","Service, Dessert/Bakery, Coffee/Drink",keyword
커피 맛은 ㅜㅜㅜㅜ,Coffee/Drink,keyword
"빵 & 커피 맛집👍👍
너무 맛있어요~~~","Dessert/Bakery, Coffee/Drink",keyword
"둘이와서 빵 3개, 커피 3잔을 시켜먹었어용","Dessert/Bakery, Coffee/Drink",keyword
빵도 맛있네요~,Dessert/Bakery,keyword
커피도 맛있고 매장도 청결하며 직원들이 친절하여 더할나위없이 좋아용^^,"Service, Dessert/Bakery, Coffee/Drink, Vibe",keyword
커피가 진짜 맛있네요,Coffee/Drink,keyword
레몬향이 좋아요,Coffee/Drink,keyword
즐겁게 마시고 왔습니다,"Dessert/Bakery, Coffee/Drink",keyword
매장이 깔끔하고 빵 종류가 많아요!,"Dessert/Bakery, Coffee/Drink, Vibe",keyword
공간도 넓어서 옆테이블 방해없이 대화하기 좋아요ㅎㅎ,"Dessert/Bakery, Coffee/Drink, Vibe",keyword
조용하고 커피가 다양하고 맛있어요,"Dessert/Bakery, Coffee/Drink",keyword
디저트 종류도 엄청 다양해요,"Dessert/Bakery, Coffee/Drink",keyword
커피 정말 맛있어요,Coffee/Drink,keyword
다른 지점 방문 하고 너무 좋아서 성수에서도 왔어요,"Service, Dessert/Bakery, Coffee/Drink",keyword
구테로이테 오면 커피 3잔은 기본인것 같습니다 ㅎㅎ,"Dessert/Bakery, Coffee/Drink",keyword
"분위기도 너무 좋고, 시그니처 커피 맛있어요","Vibe, Coffee/Drink",keyword
멋진 공간이고 커피가 맛있어요!!!,"Vibe, Coffee/Drink",keyword
에스프레소 맛집 👍🏻,Vibe,keyword
매장도 쾌적하고 달다구리 특이한 메뉴도 많고 올때마다 항상 기분 좋아지는 곳🥰,"Dessert/Bakery, Coffee/Drink, Vibe",keyword
분위기 갑!,Vibe,keyword
명장이 만드신 맛난 베이커리와 함께하는 시그니처 커피 최고!!,"Dessert/Bakery, Coffee/Drink, Vibe",keyword
"지나가다 들러봤어요~
<시그니처음료 파인콘, 아아, 롤케이크>","Dessert/Bakery, Coffee/Drink",keyword
주문!,Service,keyword
커피맛 깔끔하고 괜찮았어요.,"Dessert/Bakery, Coffee/Drink",keyword
"시그니처 음료답게 파인콘 특색있고 맛나더라는😚
에스프레소와 함께 씹히는 설탕에
나른한 오후 정신 바짝 깨는 느낌이랄까ㅋ","Dessert/Bakery, Coffee/Drink, Vibe",keyword
카페크레마 진심 크림 입에닿는순간 부드러워서 깜짝놀라는데 더 마시면 달달한 커피가 같이 들어와서 그 조화가 아주 놀라워요!!!,"Dessert/Bakery, Coffee/Drink",keyword
레몬 그라니따 존맛...,Coffee/Drink,keyword
이렇게 맛있는 레몬 소르베는 처음이에요.,Coffee/Drink,keyword
샷 추가해서 이상할까봐 걱정했는데 너무 맛있어요.,"Dessert/Bakery, Coffee/Drink",keyword
그리고 클래식 딥 쇼콜라도 '딥쇼콜라' 그 자체.,Vibe,keyword
재방문의사 2만퍼센트🩷,Service,keyword
음료도 맛있고 케익도 순삭이네요.,Coffee/Drink,keyword
무엇보다 매장이 청결하고 깔끔해서 좋아요,"Dessert/Bakery, Coffee/Drink, Vibe",keyword
"커피 시그니처이고,  직원분  친절해서 넘 좋았어요.","Service, Dessert/Bakery, Coffee/Drink",keyword
커피 맛집☕️,Coffee/Drink,keyword
커피도 맛있고 케이크도 맛있어요.,"Dessert/Bakery, Coffee/Drink",keyword
내부 매장도 넓어서 복잡하지 않고 좋네요.,"Dessert/Bakery, Coffee/Drink, Vibe",keyword
분위기 조아요,Vibe,keyword
공간이 예쁘고 커피메뉴가 다양해서 좋았어요,"Dessert/Bakery, Coffee/Drink, Vibe",keyword
분위기 너무 좋고 이뻐요!,Vibe,keyword
"혼자서 앉기도 좋고,
커피랑 디저트도 많아서 좋습니당","Dessert/Bakery, Coffee/Drink",keyword
길가다가 우연히 들어왔는데 분위기도 좋고 커피도 맛있네요,"Vibe, Coffee/Drink",keyword
힙한 카페라서 좋네요,"Vibe, Coffee/Drink",keyword
나들이 나왔는데 좋아요,Coffee/Drink,keyword
깔끔한 매장에 에스프레소 맛도 좋아요,"Dessert/Bakery, Coffee/Drink, Vibe",keyword
"우연히 비오는 날 들어온 구테로이테
성수동 에스프레소 맛집 ☕️☕️","Dessert/Bakery, Coffee/Drink, Vibe",keyword
커피도 맛있는데 휘낭시에를 꼭 드세요!!!,Coffee/Drink,keyword
커피가 맛있고 쓰지 않아서 좋았어요.,Coffee/Drink,keyword
사람들도 많아서 대화하기 좋았어요!,"Dessert/Bakery, Coffee/Drink, Vibe",keyword
분위기도 좋고 위치가 좋아서 오기 좋을거 같아요!,"Position, Dessert/Bakery, Coffee/Drink, Vibe",keyword
커피 내리는 부분이 오픈되어 넓은 느낌이 들어 좋아요,"Vibe, Coffee/Drink",keyword
커피 쥰맛탱,Coffee/Drink,keyword
에스프레소 맛있고 케이크 고급스러운 맛이에요.,"Dessert/Bakery, Vibe",keyword
구테로이테 성수점 부모님과 데이트로 방문했어요!,"Service, Dessert/Bakery, Coffee/Drink, Vibe",keyword
"플랫화이트랑 시그니처 레몬 그라니따 주문했는데
진짜 너무 맛있어요!","Service, Dessert/Bakery, Coffee/Drink",keyword
매장도 넓어서 쾌적해요.,"Dessert/Bakery, Coffee/Drink, Vibe",keyword
다음에 빵 있을때 방문하고싶어요^ ^,"Service, Dessert/Bakery, Coffee/Drink, Vibe",keyword
커피가 진하고 맛있어요,Coffee/Drink,keyword
자주오게되옄ㅋㅋ,"Dessert/Bakery, Coffee/Drink",keyword
"지나가다 우연히 들린곳ᆢ
빵이 많이 없어서 아쉬웠지만
구테로이테는 아포카토랑 비슷하고 맛있으며
로얄밀크티롤은 홍차맛이 찐하고
커피는 고소하고 맛있으며 
쿨민트는 입안이 개운하고 상쾌하다","Dessert/Bakery, Coffee/Drink, Vibe",keyword
커피가 맛있어요 ◡̈,Coffee/Drink,keyword
가격도 저렴해서 넘 좋아요,Price,keyword
매장도 깨끗하고 넓고 메뉴도 다양해서 좋아요,"Dessert/Bakery, Coffee/Drink, Vibe",keyword
매장 넓고 에스프레소 맛있어요.,Vibe,keyword
커피가 맛있구 직원분들이 친절해요!!!,"Service, Dessert/Bakery, Coffee/Drink",keyword
롤케익도 맛있구용 인테리어도 예뻐서 사진이 잘나와용!!,"Dessert/Bakery, Coffee/Drink, Vibe",keyword
추천👍🏻👍🏻👍🏻,Vibe,keyword
세번째 방문인데 파인콘 넘 맛있어요~!!!,"Service, Vibe, Coffee/Drink",keyword
구테 항상 잘 먹구있습니다!,"Vibe, Coffee/Drink",keyword
👍🏻 메뉴 빨리나와서 넘 조아욘,Coffee/Drink,keyword
성수에도 있어서 온김에 들렀어요!!,"Dessert/Bakery, Coffee/Drink, Vibe",keyword
넓고 쾌적하요,"Dessert/Bakery, Coffee/Drink, Vibe",keyword
인테리어예쁘고 커피 맛있어요,"Vibe, Coffee/Drink",keyword
분위기가 넘 좋아요.,Vibe,keyword
시그니처 메류 추천해요,"Dessert/Bakery, Coffee/Drink, Vibe",keyword
분위기 맛 친절함,"Service, Dessert/Bakery, Coffee/Drink, Vibe",keyword
😍❤️ 아메리카노랑 구테로이테 조합너무 맛있고 분위기도 좋아요,Vibe,keyword
다른 에쏘바에서 맛보지 못한 독특한 맛의 조합 그라니따와 고소한 넛슈페너 메뉴가 맘에 들었고 매장도 넓고 북적여도 귀가 아프지않아 대화하기 적당해서 잘 머물다 갑니다!,"Dessert/Bakery, Coffee/Drink, Vibe",keyword
분위기 좋고 넓습니다!,Vibe,keyword
커피 종류 짱 많네요,Coffee/Drink,keyword
고구마 케이크도 존맛탱,Dessert/Bakery,keyword
커피랑 케잌 모두 넘 맛있어요.,Coffee/Drink,keyword
"인테리어도 좋고
성수동 커피맛집","Vibe, Coffee/Drink",keyword
빵도 너무 맛있습니당ㅋㅋ,Dessert/Bakery,keyword
커피가 깔끔 해요 ~,"Dessert/Bakery, Coffee/Drink",keyword
인테리어 이쁩니다 :),Vibe,keyword
커피맛나고 분위기너무 좋아요~,"Vibe, Coffee/Drink",keyword
커피가 맛있어요.,Coffee/Drink,keyword
특히 플랫화이트 맛있게 먹었습니다~,Coffee/Drink,keyword
커피가 비싸지 않은데 너무 맛있어요,"Coffee/Drink, Price",keyword
"부산 촌년 성수동 핫플와서
커피마시는데 너무 맛나요 ㅋ","Dessert/Bakery, Coffee/Drink",keyword
"강남구청역에 있는 멋진 카페 구테로이테
우연히 연무장길을 지나가다가 발견했습니다.","Dessert/Bakery, Coffee/Drink, Vibe",keyword
매장은 넓고 조용하며 맛있는 원두를 이용한 에스프레소 음료들을 합리적인 가격에 맛 볼 수 있습니다.,"Price, Dessert/Bakery, Coffee/Drink, Vibe",keyword
재방문이에요,Service,keyword
커피맛도 좋고 만족해요!,"Dessert/Bakery, Coffee/Drink, Price",keyword
상큼하고 맛난 케이크와 향이 좋은 커피가 데이트를 더욱 풍성하게 해주었네요,"Dessert/Bakery, Coffee/Drink",keyword
😄 매장도 넓고 분위기도 좋아서 대화하기에도 좋아요,"Dessert/Bakery, Coffee/Drink, Vibe",keyword
에스프레소 입문을 구테로이테로 했어요!,"Dessert/Bakery, Coffee/Drink, Vibe",keyword
친구랑 성수 왔다가 친구가 커피 맛있다고 해서 왔어요,"Dessert/Bakery, Coffee/Drink, Vibe",keyword
디저트도 맛있고 커피도 맛있어요,"Dessert/Bakery, Coffee/Drink",keyword
넓고 쾌적하고 이쁜 카페에서 잘 쉬고 갑니다 ~,"Dessert/Bakery, Coffee/Drink, Vibe",keyword
우연히 들어왔다가 너무 맛있는 에쏘를 만났어요,Coffee/Drink,keyword
💖☕️  에쏘 끊었다가 최근에 다시 마시기 시작했는데 매번 별로여서 입맛이 변했나 했는데ㅋㅋㅋ아니었어욬ㅋㅋㅋㅋㅋㅋㅋ,"Service, Dessert/Bakery, Coffee/Drink",keyword
"에쏘바 많이 돌아다니고 카페도 많이 가는 네이버 상위 1% 리뷰어(먹보^^...)인데, 감히 더 유명한 에쏘바에 버금 가는 실력이라고 생각합니다","Dessert/Bakery, Coffee/Drink",keyword
"강남에서 먹고
성수 지나가다 반가워서 들어왔어요",Coffee/Drink,keyword
크럼블과 에스프레소 환상궁합,"Dessert/Bakery, Vibe",keyword
케이크 커피 다 맛있고 인테리어도 예뻐용 ㅎㅎㅎ,"Dessert/Bakery, Coffee/Drink, Vibe",keyword
입문하기 좋은 에스프레소들 입니다~,"Dessert/Bakery, Coffee/Drink, Vibe",keyword
미야옹,Coffee/Drink,keyword
음식맛도 좋고 분위기 비지엠도 너무 맘에 들어요!,Vibe,keyword
에스프레소는 양이 적어서 테이크아웃이 안 된다는 개소리를 신박하게 함,"Service, Dessert/Bakery, Coffee/Drink, Vibe",keyword
그럼 용량 작은 컵 구비하고 있으면 되는 것 아닌지...,"Dessert/Bakery, Coffee/Drink, Vibe",keyword
"그리고 30초 전에 주문했는데 주문 들어가서 환불 안 된다는 것도 이해는 하는데
한잔은 환불해줄 수 있을텐데 아예 안 된다고 함","Service, Dessert/Bakery, Coffee/Drink, Vibe",keyword
"여자 알바생 융통성도 없고 겁나 띠꺼움
보니까 체인인 까페인데 정책이 그런건지 알바 교육이 잘못된 건지 모르겠지만 똑바로 영업하시길","Dessert/Bakery, Coffee/Drink",keyword
특별한 에스프레소를 먹을 수 있어서 너무 좋아요 !,"Dessert/Bakery, Coffee/Drink, Vibe",keyword
공간도 넓아요,"Vibe, Coffee/Drink",keyword
오미자 음료 맛있습니다,Coffee/Drink,keyword
성수 팝업 왔다가 커피마시러왔는데 디저트도 맛있고 커피도 맛있어요:) 배리뱅콘파냐도 너무 매력적이예요~,"Dessert/Bakery, Coffee/Drink",keyword
커피도 너무 맛있고 분위기도 좋아요,"Vibe, Coffee/Drink",keyword
시그니처메뉴는 언제나 기대를 넘어 맛있는 경험을 주는 나만의 카페입니다.,Coffee/Drink,keyword
오늘도 스톤슈페너와 구테 넛 슈페너로 행복을 얻어갑니다,"Dessert/Bakery, Vibe",keyword
카페 너무 예쁘고 매력적인 커피메뉴도 있어서 애용할 거 같아요,"Dessert/Bakery, Coffee/Drink, Vibe",keyword
가심비도 좋구 인테리어도 고급져서 좋아요,"Dessert/Bakery, Coffee/Drink, Vibe",keyword
분위기도 너무좋고 커피도 맛있어용!!!!,"Vibe, Coffee/Drink",keyword
혼자 두잔씩 마시곤 해요,"Dessert/Bakery, Coffee/Drink",keyword
커피 맛있고 대화하기 좋아요,"Dessert/Bakery, Coffee/Drink",keyword
분위기 좋고 맛있어요,Vibe,keyword
성수 올때마다 오는 카페입니다,"Dessert/Bakery, Coffee/Drink",keyword
"커피
너무 맛있어요~",Coffee/Drink,keyword
월요일인데도 영업해서 좋았습니다!,"Dessert/Bakery, Coffee/Drink",keyword
조금 늦게 방문했더니 없는 디저트가 좀 있었지만 남은 것도 충분했고 자리도 많아서 좋았어요,"Service, Dessert/Bakery, Coffee/Drink, Vibe",keyword
우연하게 들어갔는데 업무 보기편합니다,"Dessert/Bakery, Coffee/Drink",keyword
음료는 당연히 맛있구요,Coffee/Drink,keyword
분위기가 시끄럽지않고 침착한 분위기라 너무 젛아여,"Dessert/Bakery, Coffee/Drink, Vibe",keyword
커피맛 너무 좋아요,Coffee/Drink,keyword
시그니처 커피 모두 좋습니다,Coffee/Drink,keyword
길 가다가 멋진 카페 같아서 들렀습니다.,"Dessert/Bakery, Coffee/Drink",keyword
"클래식 딥 쇼콜라와 파이콘 먹었는데, 비주얼부터 아주 멋지지 않나요?","Vibe, Coffee/Drink",keyword
맛있게 잘 먹었습니다~~,Coffee/Drink,keyword
"빵은 다 팔렸던데, 다음에는 빵도 먹어봤으면 좋겠네요.","Dessert/Bakery, Coffee/Drink",keyword
"인테리어도 넘 예쁘고✨👀
커피도 맛있고 디저트도 다양해요!!","Dessert/Bakery, Coffee/Drink, Vibe",keyword
케이크도 맛있습니다ㅎㅎ,Dessert/Bakery,keyword
커피도 맛있고 분위기가 좋아요! :),"Vibe, Coffee/Drink",keyword
너무 맛있고 분위기 좋아요 ㅎㅎ,Vibe,keyword
따뜻한 날 시원한 음료 마시면서 쉬고 싶어서 왔는데 분위기 완전 좋아여,"Dessert/Bakery, Coffee/Drink, Vibe",keyword
❣️ 특히 달달상큼한 자두에이드 강추입니다..,Coffee/Drink,keyword
롱블랙은 깔끔담백해서 넘 좋아용,"Dessert/Bakery, Coffee/Drink",keyword
우연히 들렀는데  일단 예쁘네요,Vibe,keyword
맛도 있어요♡♡♡,"Vibe, Coffee/Drink",keyword
"날이 좋은 날, 여자친구와 강아지와 함께 방문했습니다.","Service, Dessert/Bakery, Coffee/Drink, Vibe",keyword
음료가 다양하고 맛도 맛있어요..!!!!!,"Dessert/Bakery, Coffee/Drink",keyword
그리고 사람이 너무 많지않아서 더 맘에 들어요 ㅎㅎ,"Dessert/Bakery, Vibe",keyword
갑자기온 카페 너무 맛있어요,Coffee/Drink,keyword
빵도 맛있구요 ㅎ,Dessert/Bakery,keyword
에스프레소 먹으러 오는 곳!,"Dessert/Bakery, Coffee/Drink, Vibe",keyword
성수=에스프레소 라고 생각하는 1인..,"Dessert/Bakery, Coffee/Drink, Vibe",keyword
성수오면 아아보단 에스프레소 먹게되더라구요,"Dessert/Bakery, Coffee/Drink, Vibe",keyword
다른 곳은 너무 좁고 웨이팅 길어서 여기로 왔는데 맛나용ㅎㅎ,"Service, Dessert/Bakery, Coffee/Drink, Vibe",keyword
"분위기가 좋고, 음료가 이쁘고 맛있어요 ♥","Vibe, Coffee/Drink",keyword
다음에 또 방문하고 싶어요.,"Service, Dessert/Bakery, Coffee/Drink",keyword
음료.,Coffee/Drink,keyword
분위기 좋고 커피가 너무 맛있어요,"Vibe, Coffee/Drink",keyword
특히아포가토가 굿입니다,Coffee/Drink,keyword
매장도 넒고 커피도 맛있어요,"Vibe, Coffee/Drink",keyword
분위기도 좋고 커피도 맛있어요!,"Vibe, Coffee/Drink",keyword
커피가 맛있구 분위기 좋아요~~,"Vibe, Coffee/Drink",keyword
성수역에서 여기 카페가 그래도 한적하고 디저트도 많고 좋은 것 같아용!,"Dessert/Bakery, Coffee/Drink",keyword
커피도 맛있구 좋아요,Coffee/Drink,keyword
생각보다 커피가 맛있구 분위기 넘 좋았습니다!,"Vibe, Coffee/Drink",keyword
커피도 맛있고 케익도 맛있네요,Coffee/Drink,keyword
분위기도 좋습니다!,Vibe,keyword
디저트도 괜찮고 시그니처 커피 맛있어요,"Dessert/Bakery, Coffee/Drink",keyword
카페 분위기는 힙해요 제니 노래가 계속 나와요,"Vibe, Coffee/Drink",keyword
디저트도 맛있고 커피메뉴도 다양해서 좋아요,"Dessert/Bakery, Coffee/Drink",keyword
커피맛집이네요.,Coffee/Drink,keyword
완전 커피 맛집 🔥❤️ 근데 매장 넓고 쾌적해요,"Dessert/Bakery, Coffee/Drink, Vibe",keyword
처음 와봤는데 커피도 맛있고 테이블이 커서 좋아요.,"Service, Dessert/Bakery, Coffee/Drink",keyword
자주 오는 곳이예요,"Dessert/Bakery, Coffee/Drink, Vibe",keyword
에스프레소가 부담스럽지않고 맛있어요,Vibe,keyword
조각케잌 포장비다 천원이라니 충격입니다.,"Dessert/Bakery, Coffee/Drink, Price",keyword
"조각케잌 한 조각에 9천원인데, 일반 종이박스인데 추가 천원을 내라니요,","Dessert/Bakery, Coffee/Drink",keyword
처음있는 일이라 황당하기만 하네요.,"Dessert/Bakery, Coffee/Drink, Vibe",keyword
공간이 넓고 음료가 맛있어용>.<,"Vibe, Coffee/Drink",keyword
"시그니처음료들이 다양하게 있고
평일이라 그런지 쾌적하고 이야기 하기 좋습니다.","Dessert/Bakery, Coffee/Drink, Vibe",keyword
직원분들도 친절하세요,"Service, Dessert/Bakery, Coffee/Drink",keyword
성수에서 쉬었다가기 좋은 에스프레소바에요~~,"Dessert/Bakery, Vibe",keyword
음료도 맛있어요!,Coffee/Drink,keyword
성수동 왔다가 우연히 방문했는데 메뉴...,"Service, Dessert/Bakery, Coffee/Drink",keyword
저는 구테 넛 슈페너 추천합니다,"Dessert/Bakery, Coffee/Drink, Vibe",keyword
성수 데이트오시는 분들 추천합니다~!,"Dessert/Bakery, Coffee/Drink, Vibe",keyword
베이커리 훌륭하고 커피도 종류 다양해요.,"Dessert/Bakery, Coffee/Drink, Vibe",keyword
매장도 깔끔하고 감각 있어서 추천합니다!,"Dessert/Bakery, Coffee/Drink, Vibe",keyword
성수동에서 맛잇는 에스프레소를 먹을수잇어서 좋아요!,"Vibe, Coffee/Drink",keyword
항상 모임하는곳이에요~!,"Dessert/Bakery, Coffee/Drink, Vibe",keyword
커피도 너무 맛있고 베이커리도 좋아요!,Coffee/Drink,keyword
넘 달지 않아서 조아유,Coffee/Drink,keyword
분위기도 좋고 음료가 너무 맛있었어요,"Vibe, Coffee/Drink",keyword
성수 주변 카페들은 다 웨이팅이 있어서 힘들었는데 여긴 웨이팅도 없었도 맛도 있어서 또 올 것 같아요!,"Service, Dessert/Bakery, Coffee/Drink, Vibe",keyword
시그니쳐 커피 골라마시는 재미도 있고 빵들이 다 맛있어요 !,"Dessert/Bakery, Coffee/Drink, Vibe",keyword
매장이 너무 예쁘고 음료도 맛있어요!,"Vibe, Coffee/Drink",keyword
성수오면 한번더 들리게용,"Dessert/Bakery, Coffee/Drink",keyword
커피너무맛있어요!!,Coffee/Drink,keyword
매장넓구 쾌적해요:) 커피도 맛있어요 !!,"Dessert/Bakery, Coffee/Drink, Vibe",keyword
다음에 또 오겠습니당,"Dessert/Bakery, Coffee/Drink",keyword
에스프레소 맛집 이네요,Vibe,keyword
시그니처 커피도 단짠단짠 맛있어요‘!,Coffee/Drink,keyword
여기 오면 기본 두잔씩 마시게 될거에요,"Dessert/Bakery, Coffee/Drink",keyword
"매장이 아주 넓고, 커피 메뉴도 아주 다양해서 좋았어요^^","Dessert/Bakery, Coffee/Drink, Vibe",keyword
베이커리도 종류도 많고 맛나네요~,Coffee/Drink,keyword
성수 오면 자주 들려야겠어요!!,"Dessert/Bakery, Coffee/Drink",keyword
롱블랙 주문했는데 진하고 맛있어요!,"Service, Dessert/Bakery, Coffee/Drink",keyword
산미없는 고소한 맛입니다.,"Dessert/Bakery, Coffee/Drink",keyword
구테 넛 슈페너는 딱 너티한 크림 맛 그 자체.,Coffee/Drink,keyword
커피와 빵이 맛있는 성수 카페 쿠테로이테,"Dessert/Bakery, Coffee/Drink",keyword
성수동 돌아다니다가 검색없이 들어왔는데 카페 분위기가 너무 좋아요.,"Vibe, Coffee/Drink",keyword
커피도 이렇게 특이하고 맛있다뇨!!!,"Dessert/Bakery, Coffee/Drink",keyword
마시는 법 설명도 친절히 해주셔서 더 맛있게 마셨어요.,"Service, Dessert/Bakery, Coffee/Drink",keyword
기대없이 들렀다가 만족하고 갑니다.,"Dessert/Bakery, Coffee/Drink, Price",keyword
빵이 ㄹㅇ 대존맛입니다,Dessert/Bakery,keyword
추천추천✌️🫶🏻,Vibe,keyword
시그니처 커피가 다양해서 방문했어요!,"Service, Dessert/Bakery, Coffee/Drink",keyword
매장이 아주 넓고 쾌적해서 다음에 또 방문할 것 같아용,"Service, Dessert/Bakery, Coffee/Drink, Vibe",keyword
담에 또와야겠네요,"Dessert/Bakery, Coffee/Drink",keyword
분위기가 고급지고 좋아요!,"Dessert/Bakery, Vibe",keyword
"조용해서 대화하기도 좋고
꿀밤케이크랑 디카페인아아 먹었는데 커피도 찐하고 케익도 달달하니 둘다 맛있네용!","Dessert/Bakery, Coffee/Drink",keyword
자리도 완전 많고 커피도 맛있어요,Coffee/Drink,keyword
산미도 적당하고 하나도 안씁니다..,"Dessert/Bakery, Coffee/Drink",keyword
매장 넓고 커피도 디저트도 너무 예뻐요,"Dessert/Bakery, Coffee/Drink, Vibe",keyword
"각 지역 돌아다니면서 카페들만의 에스프레소 변형메뉴 마시는걸 즐기는데, 배리뱅 콘판냐는 플레이팅도 예쁘고 에스프레소 처음 마셔본 친구도 맛있다고 해서 만족했습니다.","Price, Dessert/Bakery, Coffee/Drink, Vibe",keyword
파인콘도 너무 맛있게 잘 마셔서 재방문 의사 있습니다!,"Service, Vibe, Coffee/Drink",keyword
"구테로이테 한잔의 여유
에스프레소 입문으로 추천합니다","Dessert/Bakery, Coffee/Drink, Vibe",keyword
커피 짱맛이에요!,Coffee/Drink,keyword
가끔 차량 정비 맡길 때 들리는 곳이에요~,Vibe,keyword
아침 일찍부터 하고 내부가 넓어서 너무 편해요.,"Dessert/Bakery, Coffee/Drink, Vibe",keyword
베이커리도 있어요~,"Vibe, Coffee/Drink",keyword
진짜커피를 만날 수 있는 장소같아요,"Dessert/Bakery, Coffee/Drink, Vibe",keyword
다양한 커피의 모습을 느껴볼 수 있어서 좋아요!!,"Dessert/Bakery, Coffee/Drink, Vibe",keyword
커피와 더 알아가고 싶은 분들께 추천합니다.,"Dessert/Bakery, Coffee/Drink, Vibe",keyword
늦게 가서 빵종류는 별로 없었는데 음료가 맛있습니당,"Dessert/Bakery, Coffee/Drink",keyword
디저트 종류가 다양하게 있어서 선택의 폭이 넓어서 좋았구 커피종류가 진짜 다양해서 특이하고 맛있어요!,"Service, Dessert/Bakery, Coffee/Drink, Vibe",keyword
멋있고.,"Vibe, Coffee/Drink",keyword
분위기.,Vibe,keyword
좋은곳으로.,Vibe,keyword
커피 너무 맛있고 공간이 넓어서 편하게 이용할 수 있습니다!,"Dessert/Bakery, Coffee/Drink, Vibe",keyword
디저트 맛집이예요~,Dessert/Bakery,keyword
분위기도 좋습니다,Vibe,keyword
처음와서 고민이 많았는데 친절하게 설몀해주셔서 바로 선택 할 수 있었어요,"Service, Dessert/Bakery, Coffee/Drink, Vibe",keyword
매장도 넓고 맛있어요,Vibe,keyword
성수동 거닐다가 우연히 들어간곳.,Vibe,keyword
"주문한 메뉴는 매장과 이름이 같은 
구테로이테, 느낌은
잘 정돈된 달달한 맛(?)","Service, Dessert/Bakery, Coffee/Drink, Vibe",keyword
"40대 중반이라 ㅜㅠ 단거 잘 안마시는데, 이건 맛있게 한입에 홀짝할 정도의 양이라서 부담없어서 좋다~","Dessert/Bakery, Coffee/Drink",keyword
완전 분위기 맛집!,Vibe,keyword
커피맛도 진하고 그릇 이뻐요,"Vibe, Coffee/Drink",keyword
커피랑 빵 너무 맛있네용!!ㅎㅎㅎㅎ,"Dessert/Bakery, Coffee/Drink",keyword
카페도 너무 깔끔해요,"Dessert/Bakery, Coffee/Drink",keyword
구테이로테커피 너무맛있었어요,Coffee/Drink,keyword
부드럽고 생각날거같은 맛이였어요,Dessert/Bakery,keyword
아기의자도있고 대화하기 좋아요,"Dessert/Bakery, Coffee/Drink, Vibe",keyword
스톤슈페너 너무 고소하니 맛있고 롱블랙도 깔끔하니 좋네요 ㅎㅎㅎ,"Dessert/Bakery, Coffee/Drink",keyword
자리도 넓어서 좋아요,Vibe,keyword
"카페 이름이 특히해서 들어갔는 데
메뉴 중에 카페 이름과 같은 메뉴가 있어서
주문했고 완전 이쁘고 맛있어요~","Service, Dessert/Bakery, Coffee/Drink, Vibe",keyword
디카페인 원두 맛있어요.,Coffee/Drink,keyword
인테리어도 좋아요!,Vibe,keyword
특별한 커피를 마셔볼수있는 구테로이테!!,"Dessert/Bakery, Coffee/Drink, Vibe",keyword
음료가 맛있어여~,Coffee/Drink,keyword
디카페인으로 에스프레소를 먹을 수 있어서 너무 좋아요!,"Vibe, Coffee/Drink",keyword
파인콘의 상콤한 레몬 설탕이 맘에 들었었습니다!,"Dessert/Bakery, Coffee/Drink",keyword
분위기도 너무 좋고 커피도 맛있어요!!,"Vibe, Coffee/Drink",keyword
대화하기 딱 좋은 공간ㅎㅎ,"Dessert/Bakery, Coffee/Drink, Vibe",keyword
음료가 엄청 맛있고 페스츄리도 크림이랑 잘 어울려요!!,Coffee/Drink,keyword
마침 자리가 있어서 대기하지 않고 들어왔어요,"Service, Dessert/Bakery, Coffee/Drink, Vibe",keyword
"주말 오후다 보니 빵 종류는 많지 않아서 아쉬웠지만 시그니처인 구테로이테, 그라니따 다 맛있었어요","Dessert/Bakery, Coffee/Drink",keyword
분위기도 좋고 커피도 맛있네요!,"Vibe, Coffee/Drink",keyword
처음 왔는데 다음에 또 오고싶어요!!,"Dessert/Bakery, Coffee/Drink",keyword
주말이라 사람 많아서 걱정했는데 테이블도 꽤 있고 바 자리도 있어서 편하게 앉아서 먹었어요~,"Dessert/Bakery, Coffee/Drink, Vibe",keyword
디저트도 맛있고 커피도 너무 맛있어요~!,"Dessert/Bakery, Coffee/Drink",keyword
다음에 또 올게요!!,"Dessert/Bakery, Coffee/Drink",keyword
구테로이테 성수 강남구청도 일전에 방문했는데 성수점은 빵종류가 더다양하그 따듯한 분위기라 좋네요  ♥,"Service, Dessert/Bakery, Coffee/Drink, Vibe",keyword
여전히 커피는 맛납니다,Coffee/Drink,keyword
에스프레소 외 메뉴 처음 시키는데 맛나옹 ㅎㅎ,Vibe,keyword
넓고 쾌적하고 케이크부터 디저트가 꽤 다양하게 있어요.,"Dessert/Bakery, Coffee/Drink, Vibe",keyword
명장님이 만드는 빵이라 맛있구요,"Dessert/Bakery, Vibe",keyword
커피도 물론 맛있답니다,Coffee/Drink,keyword
그라니따 예상보다 아주 상콤하고 맛있네요!,"Dessert/Bakery, Coffee/Drink",keyword
여기에서만 마실 수 있는 메뉴가 있어서 좋아요:) 다음엔 오마카세도 마셔보고싶어요!!,"Vibe, Coffee/Drink",keyword
분위기도 너무 좋고 음료와 디저트도 맛있어요.,"Dessert/Bakery, Coffee/Drink, Vibe",keyword
매장이 깔끔하고 음악도 잔잔해서 대화하거나 혼자 오기 좋고 콘센트도 많습니다.,"Dessert/Bakery, Coffee/Drink, Vibe",keyword
여성직원분이 친절하셔서 좋아요,"Service, Dessert/Bakery, Coffee/Drink",keyword
디져트 가격대는 조금 있으나 빵종류가 많아서 친구랑 오셔서 하나 시켜 먹기 좋습니다.,"Dessert/Bakery, Coffee/Drink, Vibe",keyword
성수인데 커피가격도 굉장히 합리적이고 친절해요,"Service, Dessert/Bakery, Coffee/Drink, Price",keyword
아빠랑 동생이랑 함께 성수에서 여유로운 브런치 타임을 가졌어요!,Dessert/Bakery,keyword
🥐✨ 구테로이테의 크루아상과 케이크는 역시나 기대를 저버리지 않는 맛이었어요.,"Dessert/Bakery, Coffee/Drink",keyword
"겉바속촉 크루아상은 고소하고 버터 풍미가 가득했고, 케이크는 달달하면서도 촉촉한 식감이 너무 좋았어요.","Dessert/Bakery, Coffee/Drink",keyword
"상큼한 유자차 곁들여서 기분 좋게 즐길 수 있었고, 가족과 함께하는 소소한 행복을 만끽한 시간이었네요.","Dessert/Bakery, Coffee/Drink, Vibe",keyword
성수에서 브런치나 디저트를 찾는다면 꼭 추천하고 싶은 곳!,"Service, Dessert/Bakery, Coffee/Drink, Vibe",keyword
"달달 디저트 안좋아하는데 신기해서 먹어 봤어요:) 
배리뱅 콘판나 신기해서 먹어봤는데 딸기칩도 상콤하고 크림은 비건이라 더더욱 좋음!!!","Dessert/Bakery, Coffee/Drink",keyword
그래놀라가 이렇게 잘어울릴수가 >0< 어느정도 반 다먹고나면 밑에 에스프레소 슬러시랑 같이섞어먹으먼 대는데 이게 존맛탱 그리고 성수에 늦게까지하는 카페없는데 여기 넘 좋어여,"Dessert/Bakery, Coffee/Drink, Vibe",keyword
일부러 친구랑 찾아왔는데 너무 취저 만족이예요ㆍ,"Vibe, Price",keyword
담번에 또 와야겠어요ㆍ,"Dessert/Bakery, Coffee/Drink",keyword
직원분 엄청 친절하시고 커피도 맛있어요!!,"Service, Dessert/Bakery, Coffee/Drink",keyword
빵도 넘 맛있구 커피두 맛있어요^^,"Dessert/Bakery, Coffee/Drink",keyword
들어가자마자 크~게 인사해주셔서 기분도 좋아요^^,"Service, Dessert/Bakery, Coffee/Drink, Vibe",keyword
성수왔다가 들렸어요,"Dessert/Bakery, Coffee/Drink",keyword
"분위기도 좋고
커피도 맛있어요","Vibe, Coffee/Drink",keyword
종종 와야겠어요,"Dessert/Bakery, Coffee/Drink",keyword
친구와 성수 놀러왔다가 맛있는 커피 마시고 가요.,"Dessert/Bakery, Coffee/Drink, Vibe",keyword
매장이 보는 것보다 넓어서 편하게 있을수 있었어요.,"Vibe, Coffee/Drink",keyword
"원래 성수에 가면 항상 카페가 고민이었어요;;
이번에 처음 방문해봤는데,, 좌석도 많고 매장도 넓고 무엇보다도 다양한 커피가 있어서 선택지가 많아 넘,, 좋았어요!!","Service, Dessert/Bakery, Coffee/Drink, Vibe",keyword
"특히, 커피맛은 진짜 good!!",Coffee/Drink,keyword
자주 올게요~~,"Dessert/Bakery, Coffee/Drink",keyword
오랜만에 맛있는 콘파냐네요 !,"Dessert/Bakery, Coffee/Drink",keyword
카페인이랑 당충전 제대로 입니다,Coffee/Drink,keyword
다음에 배고플때 와서 빵이랑 에스프레소 먹고 싶어요!,"Dessert/Bakery, Coffee/Drink, Vibe",keyword
회사 고객분과 함께 방문해도 언제나 평이 좋습니다.,"Service, Dessert/Bakery, Coffee/Drink",keyword
구테넛슈페너와 슈톤스페너를 주문했는데 비쥬얼도 맛도 너무 좋습니다,"Service, Dessert/Bakery, Coffee/Drink",keyword
시그니처 메뉴도 다양하고 맛있어요!,"Dessert/Bakery, Coffee/Drink",keyword
구태로이테 자주 오는데 분위기도 좋고 점심에 오기좋아요~,"Dessert/Bakery, Coffee/Drink, Vibe",keyword
겨울 오마카세가 끝나서 아쉽지만 다음 시즌 코스를 기다리며 에스프레소 코스를 마셨습니다.,"Service, Vibe, Coffee/Drink",keyword
가본 애쏘부터 밀크메뉴랑 시그니처메뉴까지 만족스럽습니다!,Price,keyword
너무 맛있고 특이한 커피가 있어서 맛보기 좋은거같아요~,"Dessert/Bakery, Coffee/Drink, Vibe",keyword
매장도 넓고 깨끗해요!,"Dessert/Bakery, Coffee/Drink, Vibe",keyword
남자친구랑 커피 마시러 왔어요,"Dessert/Bakery, Coffee/Drink, Vibe",keyword
매장이 넓고 깔끔해요~~,"Dessert/Bakery, Coffee/Drink, Vibe",keyword
커피두 맛있게 먹었습니당,Coffee/Drink,keyword
매장이 깔끔하고 넓어요,"Dessert/Bakery, Coffee/Drink, Vibe",keyword
"지난번엔 만석이라 아쉽게 못갔는데
오늘은 운좋게 들어왔어요 :)
구테 넛 슈페너 고소 달달해서 맛있었고, 초콜릿라떼도 달달해서 좋았어요!",Coffee/Drink,keyword
카페가 널찍해서 대화하기도 좋아요~,"Dessert/Bakery, Coffee/Drink",keyword
베이글 먹으러 가는 길에 커피가 맛있어 보여서 들렸어요!!,Coffee/Drink,keyword
종류가 많아서 고르는데 고민하다 여러 종류 주문해봤는데 다 맛있어요!,"Service, Dessert/Bakery, Coffee/Drink",keyword
조용하고 가격도 착해서 근처 살면 자주 올 거 같아요,"Dessert/Bakery, Coffee/Drink, Price",keyword
조용하고 맛있어서 좋아용,"Dessert/Bakery, Coffee/Drink",keyword
"파인콘, 에스프레소 마셨는데 항상 만족스러워요!!!","Vibe, Price",keyword
늘 찾아와도 항상 좋은 곳!,Vibe,keyword
음료 빨리 나오고 매장이 넓어서 대기 없이 바로 앉을 수 있었어요,"Service, Vibe, Coffee/Drink",keyword
분위기 좋아요~~,Vibe,keyword
음료 대존맛..,Coffee/Drink,keyword
너무 맛있어서 사진 찍는 것도 깜빡햇지 모예요-,"Dessert/Bakery, Coffee/Drink",keyword
🌟 오후에 와서 빵은 구경 못햇지만..,"Dessert/Bakery, Coffee/Drink",keyword
여기 음료는 다 맛있는 것 같더라구여 ㅎㅎ,"Dessert/Bakery, Coffee/Drink",keyword
시그니처 메뉴도 다른 카페랑 다른 거 많아 보이구 ㅎㅎ 카페 공간도 굉장히 넓어서 좋아여~,"Vibe, Coffee/Drink",keyword
빵 커피 모두 만족~,"Dessert/Bakery, Coffee/Drink, Price",keyword
음료 맛있고 분위기도 좋아요~~~,"Vibe, Coffee/Drink",keyword
빵 맛집이라고 왔는데 빵은 없었지만 커피도 맛있어요!!,"Dessert/Bakery, Coffee/Drink",keyword
사람이 좀 많아서 대화하긴 어려웠지만 구테로이테답게 메뉴 구성은 좋았습니다,"Dessert/Bakery, Coffee/Drink, Vibe",keyword
기본 오리지널 에스프레소가 개인적으론 가장 좋았습니다ㅎㅎ,Vibe,keyword
그라니따 강추!,Coffee/Drink,keyword
돌아다니다가 목말라서 아무데나 들어왔는데 커피가 맛있어서 만족하고 갑니다 ㅎㅎ,"Dessert/Bakery, Coffee/Drink, Price",keyword
우연히 들어갔는데 요즘 스타일 거친 분위기와 세련된 분위기 적절히 조화된 좋은 곳입니다.,"Dessert/Bakery, Coffee/Drink, Vibe",keyword
커피 맛있고 가격도 괜찮네요.,"Coffee/Drink, Price",keyword
제과기능장님이 만드신 빵을 맛볼 수 있어요.,"Dessert/Bakery, Coffee/Drink, Vibe",keyword
직원분들도 매우 친절합니다.,"Service, Dessert/Bakery, Coffee/Drink",keyword
사진이 왜 자꾸 안올라가지 음료도 맛있구 공간도 넓고 좋아용 담엔 작업하러 올듯ㅎ,"Service, Dessert/Bakery, Coffee/Drink, Vibe",keyword
아메리카노 먹으려고 방문했는데 베이커리가 너무 맛있어보여서 같이 먹었어욥!,"Service, Dessert/Bakery, Coffee/Drink",keyword
커피랑 빵 둘다 맛있고 인테리어도 깔끔하고 이뻐서 좋네요ㅎㅎ,"Dessert/Bakery, Coffee/Drink, Vibe",keyword
공간이 시원시원 넓고 음악도 좋았어요~,Vibe,keyword
커피와 빵도 맛있게 먹으며 지인들과 시간 잘보내고 갑니다!,"Dessert/Bakery, Coffee/Drink",keyword
커피가 맛있고 매장이 넘 청결해요ㅎㅎ,"Dessert/Bakery, Coffee/Drink, Vibe",keyword
붐비지 않아서 대화하기 좋습니다,"Dessert/Bakery, Coffee/Drink, Vibe",keyword
추천추천👍🏻,Vibe,keyword
좋은 분들과 함께 맛있는 커피 마시러 왔어요.^^,"Dessert/Bakery, Coffee/Drink",keyword
맛있는 커피와 베이커리 굿굿 입니다.,Coffee/Drink,keyword
최근에 마신 커피 중에 젤 맛있어요.,Coffee/Drink,keyword
아이가 시킨 크레이프 초코케이크도 순삭 했어요,"Dessert/Bakery, Coffee/Drink",keyword
커피 가성비있어용,"Vibe, Coffee/Drink, Price",keyword
🥰😍 그리고 직원분 짱 친절허쇼용,"Service, Vibe",keyword
빵 종류가 다양하고 디저트가 너무 맛있습니다 ㅎㅎ,"Dessert/Bakery, Coffee/Drink",keyword
대화 나누기 좋고 다음에 또 방문하고 싶어요,"Service, Dessert/Bakery, Coffee/Drink",keyword
매장 넓어서 단체모임하기에도 좋고 베이커리 커피 다 맛있어용,"Dessert/Bakery, Coffee/Drink, Vibe",keyword
분위기도 굿,Vibe,keyword
인테리오랑 분위기 너무쥬어융,Vibe,keyword
카페 분위기도 좋아요,"Vibe, Coffee/Drink",keyword
좋아서 또 왔어요,"Dessert/Bakery, Coffee/Drink",keyword
라떼 부드럽고 맛나요~~^^,Coffee/Drink,keyword
"다양한 커피로 체험하게 되니 재밌어요,제과기능장님 빵이라 그런지 오후에 다 판매가 되서 먹어볼 수 없었음이 아쉬움!","Dessert/Bakery, Coffee/Drink, Vibe",keyword
카페라떼 진하게 맛있고 콘파냐가 정말 맛있어요!,Dessert/Bakery,keyword
그리고 분위기가 너무 좋아요.,Vibe,keyword
인테리어가 감각적입니다!,Vibe,keyword
직원분들도 너무 친절하세요 ㅎㅎ,"Service, Dessert/Bakery, Coffee/Drink",keyword
커피가 너무 맛있고 공간이 넓어거 좋아오,"Dessert/Bakery, Coffee/Drink, Vibe",keyword
시그니처 콘파냐인 구테로이테 추천이에요,"Dessert/Bakery, Vibe",keyword
"스톤 슈페너(5800) - 컵테두리가 설탕이 뿌려져서 흑임자의 진함과 함께 어울림
카페크레마(3600) - 생각보다 달달한데 기분좋은 단맛, 부드럽고 싱그러움","Dessert/Bakery, Vibe",keyword
평소 먹어보지 못했던 커피이에요!,"Dessert/Bakery, Coffee/Drink",keyword
시그니처 메뉴 커피 다 맛있었어요!,Coffee/Drink,keyword
카페 음악이 조금 조용하면 더 좋을거같아요 ㅎㅎ,"Dessert/Bakery, Coffee/Drink, Vibe",keyword
추운날 친구랑 밥먹고 에스프레소 한 잔하러 왔어요~,"Dessert/Bakery, Coffee/Drink, Vibe",keyword
"케이크도 맛보고 싶은데 솔드아웃 ㅠㅠ
담에 또 올게요","Dessert/Bakery, Coffee/Drink",keyword
디저트먹으러~~ㅎㅎ,"Dessert/Bakery, Coffee/Drink",keyword
커피도 맛있고 분위기 좋아요,"Vibe, Coffee/Drink",keyword
구테로이테 강남구청에서 많이 이용했는데 성수점은 베이커리도 많고 커피 이외의 메뉴도 많아서 더 좋네요!,"Dessert/Bakery, Coffee/Drink",keyword
"사람도 북적거리지않고 성수에서 추천합니다 ;)
커피는 여전히 맛있네요!","Dessert/Bakery, Coffee/Drink, Vibe",keyword
신기한 메뉴가 많고 맛있어요,"Dessert/Bakery, Coffee/Drink",keyword
플랫화이트 역시나 맛있고 애플말고그린에이드도 맛있네요~~~,Coffee/Drink,keyword
커스터드크레이프 가격이 좀 비싸지만 맛은 굿~~,"Dessert/Bakery, Price",keyword
"주말인데 대기 없어서 좋았고, 커피 디저트 가격도 적당합니다.","Service, Dessert/Bakery, Coffee/Drink, Price",keyword
맛도 전반적으로 만족합니당,"Dessert/Bakery, Coffee/Drink, Price",keyword
커피랑 디저트가 맛있다고 해서 성수동 온길에 들렀어요~~,"Dessert/Bakery, Coffee/Drink",keyword
커피랑 티슈브레도 넘 맛있고 까페매장도 깔끔하고 이뻐서 좋았어요~~,"Dessert/Bakery, Coffee/Drink, Vibe",keyword
다양한 커피를 즐길수 있어서 좋은거같아요^^,"Dessert/Bakery, Coffee/Drink, Vibe",keyword
신기한 커피 메뉴가 많아서 볼거리 즐길거리 다 있는 카페~~ 다른커피도 다 먹어보고싶어요!!,"Dessert/Bakery, Coffee/Drink, Vibe",keyword
빵도 맛나용~,Dessert/Bakery,keyword
리본 페스츄리 크림을 두개나 고를수 있어서 좋았어요!,"Dessert/Bakery, Coffee/Drink, Vibe",keyword
"호지(녹차), 블루베리, 우유, 라즈베리 중에서 고를수 있어요!","Vibe, Coffee/Drink",keyword
여러 종류의 에스프레소를 맛 볼 수 있는 곳이라 좋아요.,"Vibe, Coffee/Drink",keyword
공간도 넓적하고 콘센트도 완비되어 있어 좋습니다,"Dessert/Bakery, Coffee/Drink, Vibe",keyword
"잠봉맛집💕
오늘은 커피한잔 마시러 왔습니다,
커피 너어어어무 맛있네요","Dessert/Bakery, Coffee/Drink",keyword
이제는 커피마시러 올께요!,"Dessert/Bakery, Coffee/Drink",keyword
"구테이로이테 성수는 처음 방문인데
핫풀이라 역시 사람이 많았어요~","Service, Dessert/Bakery, Vibe",keyword
커피가 고소하고 카페크레마 강추합니다~!,"Dessert/Bakery, Coffee/Drink",keyword
"오랜만에 들렀는데 
제과기능장님 카페인줄 몰랐네요^^","Service, Coffee/Drink",keyword
날씨가 추워서 뱅쇼랑 케이크 시켰는데 향부터 맛있어요~,"Dessert/Bakery, Vibe",keyword
오늘은 빵나오는 날이 아니라고해서 아쉬웠어요,"Dessert/Bakery, Coffee/Drink",keyword
담에 또 와야겠어요,"Dessert/Bakery, Coffee/Drink",keyword
"시그니처 클래식 코스 : 에스프레소, 플랫화이트, 파인콘, 구테로이테, 그라나따, 아메리카노 순",Vibe,keyword
"_ 맛
커피를 좋아하는 사람으로서 에스프레소를 시작으로 음료들이 다 같은 맛이라 전체적으로 아쉬워요 ㅠㅠ","Service, Dessert/Bakery, Coffee/Drink, Vibe",keyword
"특히 시그니처인 구테로이테는 로투스랑 휘핑, 카라멜 드리즐이 과연 조화롭나 싶기도 하구요","Dessert/Bakery, Coffee/Drink",keyword
"무엇보다 마지막이자 기대가 컸던 레몬그라나따는 죄송하지만 정말 맛이 없습니다,,
쓴맛과 레몬의 새콤함이 안 어울려요","Service, Dessert/Bakery, Coffee/Drink",keyword
그나마 파인콘을 가장 맛있게 먹었습니다,Coffee/Drink,keyword
"험,, 뭔가 어수선하고 전문성이 떨어지는 기분을 받았어요","Dessert/Bakery, Coffee/Drink, Vibe",keyword
참고로 직원분은 친절하셨습니다!,"Service, Dessert/Bakery, Coffee/Drink, Vibe",keyword
설명도 잘 해주셨고요!,"Service, Dessert/Bakery, Coffee/Drink",keyword
"질보다 양을 추구하는 커피집(토핑만 다른 음료) 같아서 각 음료의 개성은 떨어지는 느낌,,","Dessert/Bakery, Coffee/Drink",keyword
"매장이 넓고
직원이 친절해요","Service, Dessert/Bakery, Coffee/Drink, Vibe",keyword
커피맛은 맛있어요,Coffee/Drink,keyword
우연히 지나가다가 들린곳인데 커피가 맛있어요,"Vibe, Coffee/Drink",keyword
직원분들도 친절하고 커피도 맛있어서 다음에도 또 오고 싶은곳이에요,"Service, Dessert/Bakery, Coffee/Drink, Vibe",keyword
"회사 근처라 자주 오는데
커피 넘 맛있어요","Dessert/Bakery, Coffee/Drink",keyword
원두를 좋은걸 쓰시는 것 같아요,"Dessert/Bakery, Coffee/Drink",keyword
커피가 완죤 이태리 스타일이예요,Coffee/Drink,keyword
이태리 온줄알았어요,"Service, Dessert/Bakery, Coffee/Drink",keyword
그라나따 새콤달콤해요,"Dessert/Bakery, Coffee/Drink",keyword
베이커리 명장이라  나중에 베이커리도 먹어보고  싶어요,Coffee/Drink,keyword
덕분에 아늑하게 있다갑니다!,"Dessert/Bakery, Coffee/Drink, Vibe",keyword
또 방문해보고싶어요,"Service, Dessert/Bakery, Coffee/Drink",keyword
커피랑 디저트 둘다 넘 맛있어용,"Dessert/Bakery, Coffee/Drink",keyword
안에 자리도 많고 공간이 넓어서 좋아요.,Vibe,keyword
시그니처 커피 아주 고소하고 맛있어요!,Coffee/Drink,keyword
너무깔끔하고 맛있어요!,"Dessert/Bakery, Coffee/Drink",keyword
크루아상이 정말 맛있었습니다,Dessert/Bakery,keyword
💕 공간도 넓고 소리가 많이 울리지 않아서 대화를 하기에 좋습니다!,"Dessert/Bakery, Coffee/Drink, Vibe",keyword
일요일 오후에 교회 끝나고 친구들이랑 왔는데 자리도 넓고 쾌적해서 좋아요.,"Dessert/Bakery, Coffee/Drink, Vibe",keyword
일요일 아침마다 여기 커피 마시는데 맛도 좋고 직원분들이 친절해요.,"Service, Dessert/Bakery, Coffee/Drink",keyword
매장도 조용하고 청결해서 친구와 오기 너무 좋아요,"Dessert/Bakery, Coffee/Drink, Vibe",keyword
맛있고 분위기도 좋아요 :),Vibe,keyword
커피가 정말 맛있습니다.,Coffee/Drink,keyword
이정도 에스프레소를 이 가격에 주는 카페가 잘 없는데 이제 자주 방문할거 같네요.,"Vibe, Service, Coffee/Drink, Price, Dessert/Bakery",keyword
"우연히 들어오게 되었는데
시그니처 메뉴도 많고
음료도 빵도 많아서 먹는
재미도 많아요","Dessert/Bakery, Coffee/Drink",keyword
"주말에는 사람 많으니 자리 먼저 잡고 주문하셔야해요
리본 페스추리
구테 넛 슈페너
유자 버블 블루
유자 버블 블루는 음료 주문하고 픽업할 때 버블 올려주세요","Service, Dessert/Bakery, Coffee/Drink, Vibe",keyword
특별한 커피 메뉴가 있어요~,"Dessert/Bakery, Coffee/Drink, Vibe",keyword
"다양한 빵도 있고, 디저트가 넘 예뻐요~","Dessert/Bakery, Coffee/Drink, Vibe",keyword
"커피 맛도 좋고, 힙하고 성수스런 분위기 넘 좋아요♡","Dessert/Bakery, Coffee/Drink, Vibe",keyword
항상 와서 이렇게 두개 메뉴 시켜먹어요ㅎㅎ,"Dessert/Bakery, Coffee/Drink",keyword
최근에만 몇번을 왔는지 ...,"Dessert/Bakery, Coffee/Drink",keyword
"쿄쿄쿄
커피 맛집이에용!",Coffee/Drink,keyword
레몬샤벳에 커피라니 너무 맛있었어요,Coffee/Drink,keyword
케이크도 맛있어서 또 오고싶어요,"Dessert/Bakery, Coffee/Drink",keyword
여자친구랑 오고싶어서 성수온 김에 다시 찾아왔어요!,"Dessert/Bakery, Coffee/Drink, Vibe",keyword
제가 먹은 커피는 스톤슈페너인데 너무 맛있어서 다음에 또 찾아올 것 같아요~,"Dessert/Bakery, Coffee/Drink",keyword
매장이 깔끔매우큽니다,"Service, Vibe",keyword
"에스프레소, 파인콘 둘 다 맛있습니다.",Vibe,keyword
두 잔 가지고는 부족해요ㅎㅎ,"Dessert/Bakery, Coffee/Drink",keyword
독특한 메뉴가 많고 분위기도 잔잔하고 여유로운 느낌이라 대화 나누기도 좋고 가만히 시간 보내기도 좋아요.,"Dessert/Bakery, Coffee/Drink, Vibe",keyword
강남구청역점에서 맛나게 먹은 기억이 있어서 방문,"Service, Vibe, Coffee/Drink",keyword
에스프레소 메뉴가 생겨서 정말 좋아요.,Vibe,keyword
빵은 너무 비싸요ㅠㅠ,"Dessert/Bakery, Price",keyword
커피맛과향이좋아요,Coffee/Drink,keyword
"에스프레소와 리본페스츄리와 블루베리크림
굿",Vibe,keyword
자리도 넓고 빵도 맛있어요!!!,"Dessert/Bakery, Vibe",keyword
커피도 맛나고 크로와상과 쿠키의 조합이 너무 좋아요.,"Dessert/Bakery, Coffee/Drink",keyword
성수동 카페거리 한 번 가보자!,Coffee/Drink,keyword
하고 와서 고심끝에 골랐는데!!,"Dessert/Bakery, Coffee/Drink",keyword
바테이블 앉아서 한 잔 씩 받아마셨는데 향도 맛도 좋아요!!,"Dessert/Bakery, Coffee/Drink",keyword
"커피 좋아해서 기회 닿는대로 다녀보는데 파인콘, 구테로이테 두 가지는 처음보는 맛이었어요!",Coffee/Drink,keyword
그라니따로 정신 확 차리고 롱블랙으로 진정하니 코스 완성입니다,"Dessert/Bakery, Coffee/Drink",keyword
커피 너무 맛있고 디저트가 정말 맛있네요!!,"Dessert/Bakery, Coffee/Drink",keyword
추천드려요..,Vibe,keyword
빵도 커피도 맛있어요~~,"Dessert/Bakery, Coffee/Drink",keyword
"다들 성수동 카페는 작고 복잡한데
쾌적하고 성수동에 있는 카페중에서 공간도 넓고
좋아요~","Dessert/Bakery, Coffee/Drink, Vibe",keyword
오전에 방문해서 빵 종류가 많지 않아 아쉬웠지만 늘 ~~~ 맛있어요,"Service, Dessert/Bakery, Coffee/Drink",keyword
빵이 부드럽구 맛있어요,Dessert/Bakery,keyword
매장도 조용해서 대화하기 좋아요!,"Dessert/Bakery, Coffee/Drink, Vibe",keyword
맛있는 커피를 마셨습니다.,Coffee/Drink,keyword
공간도 넓고 힙해요!ㅎㅎ,"Dessert/Bakery, Coffee/Drink, Vibe",keyword
가게 분위기가 너무 예뻐요!!,Vibe,keyword
"생각보다 공간도 넓고 자리도 편하고
커피가 진짜 맛있어요","Vibe, Coffee/Drink",keyword
에스프레소 강추입니다!!,Vibe,keyword
메뉴도 특이하고 맛있어요!,"Dessert/Bakery, Coffee/Drink",keyword
이쁜카페라고 검색해서 회사 직원들과 왔어요,"Service, Dessert/Bakery, Coffee/Drink, Vibe",keyword
넓지 않지만 넓어보이는건 인테리어 덕분인것같아요,"Dessert/Bakery, Coffee/Drink, Vibe",keyword
롱블랙 맛있오,"Dessert/Bakery, Coffee/Drink",keyword
에스프레소를 다양하게 맛볼 수 있는 곳인데 빵도 정말 맛있어요.,"Dessert/Bakery, Coffee/Drink, Vibe",keyword
공간이 넓고 콘센트도 있어서 편하게 쉬었다 갈 수 있어요.,"Vibe, Coffee/Drink",keyword
다른 제과류와 커피들도 먹어보고 싶어요!,Coffee/Drink,keyword
재방문하고 싶습니다.,"Service, Dessert/Bakery, Coffee/Drink",keyword
"영수증 리뷰 작성하면 구테 로이테, 그라나따, 파인콘 중 하나 받을 수 있어요.","Dessert/Bakery, Coffee/Drink, Vibe",keyword
마시는 방법도 친절하게 설명해주셨습니다!,"Service, Dessert/Bakery, Coffee/Drink",keyword
빨대 길이가 잔 높이와 비슷하면 더욱 좋을 듯 합니다 :),"Dessert/Bakery, Coffee/Drink",keyword
커피 맛집입니다..,Coffee/Drink,keyword
"커피 뿐만 아니라 빵도 너무 맛나고 성수 올 때마다 방문할려고요💕
테이블 간격도 가깝지 않아 대화하기 좋고 편안한 분위기에요.","Service, Dessert/Bakery, Coffee/Drink, Vibe",keyword
커피 만드시는 것도 볼 수 있네요 ㅎㅎ,"Vibe, Coffee/Drink",keyword
이런 곳 발견해서 넘 좋아요 ㅎㅎ,"Dessert/Bakery, Coffee/Drink, Vibe",keyword
행복한 시간 보내다 갑니다,"Dessert/Bakery, Coffee/Drink, Vibe",keyword
롤케익이 너무 부드럽고 맛있구 크루키도 너무 맛있어요!!,Dessert/Bakery,keyword
🤤 매장 인테리어랑 분위기도 너무 좋았어용,Vibe,keyword
앞으로 성수 올 때 여기만 와야겠어요!!!,"Dessert/Bakery, Coffee/Drink",keyword
귀여운 커퓌😛 기다림 없이 들어올 수 있는 월요일,"Service, Vibe, Coffee/Drink",keyword
남편과 오랜만에 성수 데이트 맛난커피 감사합니다,"Dessert/Bakery, Coffee/Drink",keyword
완전 맛있고 다양한게 많아서 너무 좋아여!,"Dessert/Bakery, Coffee/Drink",keyword
빵도 맛있고 커피도 맛있어요!!,"Dessert/Bakery, Coffee/Drink",keyword
특색있는 메뉴가 많아요!ㅎㅎ,"Vibe, Coffee/Drink",keyword
디저트도 맛있고 분위기도 좋습니다,"Dessert/Bakery, Vibe",keyword
매장이 생각보다 엄청 넓고 인테리어가 멋져요 ㅎㅎ,Vibe,keyword
디저트도 많은데 주말에가서 그런지 없는 디저트가 더 많았지만 그래도 티슈브레드 하나 겟해서 만족합니다 ㅎㅎ,"Dessert/Bakery, Coffee/Drink, Price",keyword
테이블끼리 좀 가깝다 느껴지는데 딱히 불편하진않네오!!,"Dessert/Bakery, Coffee/Drink",keyword
커피 맛집입니다…!,Coffee/Drink,keyword
장소도 넓고 대화하기 좋습니다..!,"Dessert/Bakery, Coffee/Drink, Vibe",keyword
데이뚜 하러 오심 좋을 듯 합니당..!,"Dessert/Bakery, Coffee/Drink",keyword
매장이 넓고 좌석도 많아서 쾌적해요!,"Dessert/Bakery, Coffee/Drink, Vibe",keyword
커피도 맛있고 빵도 합격!!,"Dessert/Bakery, Coffee/Drink",keyword
성수에 시계사러 온 김에 커피한잔 하려고 들렀는데 분위기 좋네요.,"Dessert/Bakery, Coffee/Drink, Vibe",keyword
또 올거같아요,"Dessert/Bakery, Coffee/Drink",keyword
제과명장님 사진이 있길래 지나가다 들어왔는데 맛있어요!,"Vibe, Coffee/Drink",keyword
음료도 상큼하고 맛있습니다,"Dessert/Bakery, Coffee/Drink",keyword
매장도 쾌적해요,"Dessert/Bakery, Coffee/Drink, Vibe",keyword
으헤 너무 쾌적하고 친절하고 맛있어요,"Service, Dessert/Bakery, Coffee/Drink",keyword
카페 인테리어가 좋아서 사진찍기 좋습니다!,"Vibe, Coffee/Drink",keyword
분위기 좋고 맛도 좋아요!,Vibe,keyword
힙한 성수에서 편히 머물렀어요!,"Dessert/Bakery, Coffee/Drink, Vibe",keyword
최고^^ 재방문의사 100%,Service,keyword
4번째방문이에요,Service,keyword
가끔 성수들릴때오는데 항상 만족!,"Dessert/Bakery, Coffee/Drink, Price",keyword
분위기도 좋고 넘 맛있어용,Vibe,keyword
분위기가 너무 좋아요~~~,Vibe,keyword
성수점은 처음인데 노래소리가 적당해서 분위기가 차분한 편이고 커피 먼저 마시다가 빵 추가 주문해서 먹었는데 존맛탱구리!!,"Service, Dessert/Bakery, Coffee/Drink, Vibe",keyword
"날이 추워서 구테로이테, 따뜻한 쇼콜라 마셨는데 진짜 딱이었어요.","Dessert/Bakery, Coffee/Drink",keyword
재방문 의사 100%,Service,keyword
커피 종류가 많아서 커피 좋아하시는 분들이 오시면 좋을 것 같아요!,"Dessert/Bakery, Coffee/Drink",keyword
디저트도 구움,Dessert/Bakery,keyword
과자 베이커리 케이크 등등 다양해요 ㅠㅠ,"Dessert/Bakery, Coffee/Drink",keyword
분위기도 좋고 음료도 맛있어요!!,"Vibe, Coffee/Drink",keyword
"귀여움 가득한 리본 페스츄리가 궁금해서 사봤고
늘상 먹는 에스프레소 두잔까지 야","Dessert/Bakery, Coffee/Drink, Vibe",keyword
물딱지게 먹고 가요!,Coffee/Drink,keyword
성수에 오면 거의 들리는 거 같아요!,"Dessert/Bakery, Coffee/Drink",keyword
심지어 이번에 보니까 5천포인트 넘게 쌓여서 기분 좋게 데이트 했답니다!,"Dessert/Bakery, Coffee/Drink, Vibe",keyword
"🤍
빵은 방문할 당시 맛이 적어서 남은 블루베리맛 선택했고 약간 블루베리요거트 음료 맛이 나는 적당히 단 바삭 페스츄리였어요~~","Service, Dessert/Bakery, Coffee/Drink",keyword
에스프레소 맛집 기대하시면 여기 추천합니다!✨,"Dessert/Bakery, Coffee/Drink, Vibe",keyword
그동안 전통차를 바탕으로 한 코스를 다녀보았었는데 커피로의 코스 프로그램은 이번이 처음이었구 커피에는 다소 문외한이었지만 레오 선생님의 친절한 응대와 더불어 커피 하나하나에 대한 상세한 설명 그리고 커피 전반적인 이야기를 나누며 즐거운시간이 만들어 진 것 같아 좋았습니다!!,"Service, Dessert/Bakery, Coffee/Drink, Vibe",keyword
이곳에 오면 맛있는 에스프레소를 마실수 있어 항상 기분이 좋습니다.,"Dessert/Bakery, Coffee/Drink, Vibe",keyword
강남구청에서도 잘 먹었는데 여기에도 있네요. ㅎㅎ,"Vibe, Coffee/Drink",keyword
공간 넓어서 좋아요,Vibe,keyword
공간도 너무 좋고 너무 맛있어요!!!,Vibe,keyword
만족스러운 경험이었습니다,"Coffee/Drink, Price",keyword
친절하고 커피도 너무 맛있습니다,"Service, Dessert/Bakery, Coffee/Drink",keyword
또 오고 싶어요~,"Dessert/Bakery, Coffee/Drink",keyword
맨날집근처에서 시켜먹었던 구테로이떼… ㅠㅠ 그라니따 진짜 신의메뉴에요,"Vibe, Coffee/Drink",keyword
"성수 올때마다 들리는 곳인데 너무 맛있어요…💕
커피는 당연히 맛있는데 빵들을 직접 만들어서 그런지 가격대는 있지만 훨씬 맛있습니다!","Dessert/Bakery, Coffee/Drink, Vibe",keyword
커피맛집이에요~,Coffee/Drink,keyword
쿠키와 섞어 마시니 에스프레소가 부드럽고 달달하네요.,"Dessert/Bakery, Vibe",keyword
주말에 힐링하고 왔습니다.,"Dessert/Bakery, Coffee/Drink",keyword
커피맛있어요~,Coffee/Drink,keyword
넓고 이야기 나누기 좋네요.,Vibe,keyword
기본 에스프레소만 마시다가 이거 마시니까 진짜 신세계네요.,Vibe,keyword
또 오고 싶어요.,"Dessert/Bakery, Coffee/Drink",keyword
강남구청역에서 자주가던 구테로이테가 있어 방문!!,"Service, Vibe, Coffee/Drink",keyword
완전 라떼맛집.,Coffee/Drink,keyword
성수치고 조용해서 좋고 셀카도 잘나와서 굳,"Dessert/Bakery, Coffee/Drink",keyword
인테리어도예쁘고 좋아용 ㅎㅎ,Vibe,keyword
아침 오픈시간부터 방문했는데도 친절하게 대해주셨습니다.,"Service, Dessert/Bakery, Coffee/Drink",keyword
최애 커피맛집 구테로이테를 성수에서도 만날 수 있어서 좋아요,"Vibe, Coffee/Drink",keyword
분위기 좋고 맛있어요~,Vibe,keyword
직원분들이 너무 친절하시고 커피랑 디저트가 정말 맛있어요~!!!!!,"Service, Dessert/Bakery, Coffee/Drink",keyword
🫶 다음번에 또 방문할거에요!!,"Service, Dessert/Bakery, Coffee/Drink",keyword
빵도 맛있고 커피도 맛있어요,"Dessert/Bakery, Coffee/Drink",keyword
"카페가 넓어서 많이 시끄럽지않아서 대화하기도 
좋고 인테리어도 깔끔해용","Dessert/Bakery, Coffee/Drink, Vibe",keyword
직원분들이 친절하시고 음료와 디저트가 맛있어요!,"Service, Dessert/Bakery, Coffee/Drink",keyword
성수동에서 데이트하다가 쉬러오기 너무 좋은 곳이에요,"Dessert/Bakery, Coffee/Drink, Vibe",keyword
우연히 지나가다 들어온곳!!,Vibe,keyword
커피도 너무 맛잇어용~~^^,Coffee/Drink,keyword
인테리어도 멋스럽고 분위기도 좋네용^^,Vibe,keyword
친구랑 즐거운 시간 보내고옵니당!,"Dessert/Bakery, Coffee/Drink, Vibe",keyword
몇번째 방문인지...ㅎㅎ,Service,keyword
구의 사는데 커피 먹으러 항상 여기 와용,"Dessert/Bakery, Coffee/Drink",keyword
인테리어가 멋진 곳입니다.,Vibe,keyword
커피 종류도 다양하고 원두도 판매하고 있어요.,"Dessert/Bakery, Coffee/Drink, Vibe",keyword
마늘빵이랑 아메리카노 플랫화이트 주문했는데 모두 맛있습니다!,"Service, Dessert/Bakery, Coffee/Drink",keyword
다른 카페에 비해서 음료 가격이 합리적이라서 더 좋네요,"Coffee/Drink, Price",keyword
둘이서 3개는 마셔줘야하는 구테로이테입니다.,"Dessert/Bakery, Coffee/Drink",keyword
대부분 메뉴가 달달해서 아주 술술 넘어가니깐 먹고싶은대로 막 시켜도 될거같아요!,"Dessert/Bakery, Coffee/Drink",keyword
롱블랙은 입이 텁텁할까봐 시켰는데 앙증맞은 사이즈로 나옵니다..,"Dessert/Bakery, Coffee/Drink, Vibe",keyword
두입 컷이니 참고해서 시키셔요,"Dessert/Bakery, Coffee/Drink",keyword
크로오ㅓ상이 미쳤어요,"Dessert/Bakery, Coffee/Drink",keyword
🤍 커피 종류가 다양한데 심지어 가격도 좋아요!,"Dessert/Bakery, Coffee/Drink, Price",keyword
반려동물 동반도 가능해서 자주 이용할거같아여,"Dessert/Bakery, Coffee/Drink, Price",keyword
커피도 맛있고 분위기도 좋아요!,"Vibe, Coffee/Drink",keyword
전부터 오고 싶었는데 드디어 와봤어요.,"Dessert/Bakery, Coffee/Drink",keyword
공간도 넓고 쾌적하고 커피도 맛있어요.,"Dessert/Bakery, Coffee/Drink, Vibe",keyword
눈오는 날 방문해서 분위기 있게 잘 마시고 가요.,"Service, Dessert/Bakery, Coffee/Drink, Vibe",keyword
"탁트인 커피숍
분위기도 만점 맛도 최고입니다.",Vibe,keyword
성수동에 이런곳이 있다는것에 놀라워요,"Vibe, Coffee/Drink",keyword
꼭 한번 방문하세요,"Service, Dessert/Bakery, Coffee/Drink",keyword
제주에 맛있게 먹고 갑니다,Coffee/Drink,keyword
매장 크고 좋아요,"Service, Vibe",keyword
커피맛있어서 자주 오게돼요,"Dessert/Bakery, Coffee/Drink",keyword
인테리어도 만점 !!,Vibe,keyword
성수동와서 발견한 카페!,"Dessert/Bakery, Coffee/Drink",keyword
제과기능장이 만드신 빵과 커피~ 너무 맛있고 인테리어도 예쁘네요~,"Dessert/Bakery, Coffee/Drink, Vibe",keyword
친구랑 맛있게 먹고 즐거운 시간 보내고 사진도 많이 찍고 가요~,"Vibe, Coffee/Drink",keyword
성수오면 꼭 한번 와보세요~~,"Dessert/Bakery, Coffee/Drink",keyword
에스프레소와 빵이 잘 어울리네요,"Dessert/Bakery, Vibe",keyword
빵 따뜻하게 데워주셔서 좋고 명장님이 만들었다고 하는데 빵 맛있어요,"Dessert/Bakery, Coffee/Drink, Vibe",keyword
또 방문 할거 같아요,"Service, Dessert/Bakery, Coffee/Drink",keyword
조용하고 커피도 맛있어요 :),"Dessert/Bakery, Coffee/Drink",keyword
예잔에도 한번왔었는데 맛있어서 또 왔어요!,"Dessert/Bakery, Coffee/Drink",keyword
추천합니다~!!,"Dessert/Bakery, Coffee/Drink, Vibe",keyword
매장 분위기도 좋고 커피도 맛있어요,"Vibe, Coffee/Drink",keyword
직원분들께서도 궁금한거 물어보면 친절하게 답해주시고 커피 좋아하시면 데이트코스로 추천합니다.,"Service, Dessert/Bakery, Coffee/Drink, Vibe",keyword
커피맛집 구테로이테 어느 매장이든 다 맛있네욤 ^^*,"Vibe, Coffee/Drink",keyword
오미자차도 최애!,Coffee/Drink,keyword
에스프레소 콤파냐 달다아아알하구 맛있습니다.,"Vibe, Coffee/Drink",keyword
강남구청점만 이용하다 성수는 두번째예요!,"Dessert/Bakery, Coffee/Drink",keyword
시그니처 메뉴가 확실하고 계속 마시고싶은 특별함이예요!!,"Dessert/Bakery, Coffee/Drink",keyword
커피맛도 있는데 메뉴에 대한 고민을 진짜 많이 한 곳이라는게 느껴져요.,"Dessert/Bakery, Coffee/Drink, Vibe",keyword
슈페너 메뉴들 다 맛있고 그라나따도 시원한게 마무리 입가심으로 산미있는 아아로 완벽해요!,"Dessert/Bakery, Coffee/Drink, Vibe",keyword
추운날 지나가다 들렀는데 놀라운 커피맛에 잠시 행복했어요,"Dessert/Bakery, Coffee/Drink, Vibe",keyword
너무마싯다아아…..><,Coffee/Drink,keyword
"진ㅁ자,,,진ㅁ자,,최고의커피 여기서일하고싶다","Dessert/Bakery, Coffee/Drink",keyword
매일먹게…….,Coffee/Drink,keyword
시그니처로 두잔 ❤️,Vibe,keyword
메뉴가 너무 다양하고 다 맛있어보여서 자주 올 것 같아요!,"Dessert/Bakery, Coffee/Drink",keyword
첫방문인데 분위기가 신선하고 좋으네요,"Service, Dessert/Bakery, Coffee/Drink, Vibe",keyword
기능장의 집이예요,Vibe,keyword
"빵이 먹고싶었지만 식사를 많이해서
다음에 다시 꼭 방문하고 싶어요~~","Service, Dessert/Bakery, Coffee/Drink",keyword
쿠키가 넘 맛있어 보여사 하나 시켰구 에스프레소 메뉴가 많아서 좋아요:),"Dessert/Bakery, Coffee/Drink, Vibe",keyword
눈오는 날 분위기 좋네요,"Dessert/Bakery, Coffee/Drink, Vibe",keyword
커피가 맛있고 디저트종류가 많아요!,"Dessert/Bakery, Coffee/Drink",keyword
분위기좋은 카페,"Vibe, Coffee/Drink",keyword
눈 피하러 들어왔는데 분위기가 너무 좋습니다 :),Vibe,keyword
"롱블랙은 깔끔한 입가심 용
파인콘은 달짝 시큼
구테로이테 달콤 고소","Dessert/Bakery, Coffee/Drink",keyword
빵도 맛있고 커피도 맛있네요,"Dessert/Bakery, Coffee/Drink",keyword
멀리서 성수동 방문해서 처음 들른 커피집!,"Service, Dessert/Bakery, Coffee/Drink",keyword
크루아상은 순식간에 먹게 되네요 :),"Dessert/Bakery, Coffee/Drink",keyword
내부도 꽤 크고 공간도 모던해요!,"Service, Dessert/Bakery, Coffee/Drink, Vibe",keyword
3명 앉을수 있는 자리도 충분히 있어 좋았습니다.,"Vibe, Coffee/Drink",keyword
음료 전부 맛있는데 특히 구테 넛 슈페너 강추입니다!,"Vibe, Coffee/Drink",keyword
분위기도 좋구 커피 맛도 좋아요,"Vibe, Coffee/Drink",keyword
스톤슈페너와 플랫화이트 너무 좋은 선택!,Service,keyword
제과기능장님 베이커리도 함께 맛볼수있어서 빵수니에게는 최적의 장소에요,"Dessert/Bakery, Coffee/Drink, Vibe",keyword
매장도 테이블 간격이 좁지 않아 복작거리지 않아서 좋아요,"Vibe, Coffee/Drink",keyword
최애 에스프레소바🤍,"Dessert/Bakery, Vibe",keyword
역시 믿고 마시는 구테로이테 🙌 커피 맛집입니다,Coffee/Drink,keyword
"내부가 정말 넓고 인테리어가 유니크한 
분위기 좋은 카페 입니다!","Dessert/Bakery, Coffee/Drink, Vibe",keyword
"디저트가 다양하여 고르는 재미도 있고
조용하니 작업하기 좋은 것 같아요","Service, Dessert/Bakery, Coffee/Drink, Vibe",keyword
"🥰
재방문 의사 있습니다","Service, Vibe, Coffee/Drink",keyword
성수에서 쉬어가는 곳.,Vibe,keyword
성수에 이런곳이 있다니ㅜㅜ커피도 너무 맛있고 빵도 진짜 진짜 맛있어요!!,"Dessert/Bakery, Coffee/Drink, Vibe",keyword
깔끔하고 예뻐요,"Dessert/Bakery, Coffee/Drink, Vibe",keyword
매장이 넓으면서 아늑하고 좋아요!,"Dessert/Bakery, Coffee/Drink, Vibe",keyword
커피도 맛있어서 성수동 오면 또 올것 같아요~,"Dessert/Bakery, Coffee/Drink",keyword
"커피 맛있고, 자리도 좋고
분좋카🫶","Vibe, Coffee/Drink",keyword
에스프레소 진하고 풍미 좋습니다.,"Vibe, Coffee/Drink",keyword
앙버터의 버터가 진짜 맛있네요.,Dessert/Bakery,keyword
아이와 함께 방문해도 부담 없는 분위기 였습니다.,"Service, Dessert/Bakery, Coffee/Drink, Vibe",keyword
맛있는 빵 커피 최고예요!!,"Dessert/Bakery, Coffee/Drink",keyword
에스프레소 좋아하는데 맛있네요,Vibe,keyword
커피가 맛있아서 자주 들러요~,Coffee/Drink,keyword
그라니따가 제 최애!!,Coffee/Drink,keyword
커피 너무 맛있어요,Coffee/Drink,keyword
커피가 정말 맛있어요~~,Coffee/Drink,keyword
커피 감성과 가격 모두 만족합니다.,"Dessert/Bakery, Coffee/Drink, Price",keyword
공간도 넓고 지인들과 대화하기 최고네요.,"Dessert/Bakery, Coffee/Drink, Vibe",keyword
오랜만에 진짜 맛있는 커피를 마셨네요,Coffee/Drink,keyword
빵 기능장 이라고 되어있어서 빵도 너무 기대됩니다,"Dessert/Bakery, Coffee/Drink, Vibe",keyword
다음번에 일찍 빵 남아있을때 가야겠어요,"Dessert/Bakery, Coffee/Drink, Vibe",keyword
"즉흥으로 검색해서 왔는데 느낌이 너무 좋고 
매장이 쾌적해서 얘기하기도 좋아요","Dessert/Bakery, Coffee/Drink, Vibe",keyword
커피 전문이라 그런지 에스프레소도 다양하고 싱기해서 좋은 경험 하고 갑니당,"Dessert/Bakery, Coffee/Drink, Vibe",keyword
"시그니처 메뉴, 레몬 그라니따 맛있어요",Coffee/Drink,keyword
커피 가격 착하고 맛있어요!,"Coffee/Drink, Price",keyword
롱블랙 깔끔하게 고소한 맛이예요.,"Dessert/Bakery, Coffee/Drink",keyword
빵도 맛있어서...,Dessert/Bakery,keyword
커피랑 딱 좋네요!,Coffee/Drink,keyword
레몬셔벳 넘 시원하고 점심먹고 마시는데 딱이었어요,Coffee/Drink,keyword
분위기좋고 맛잇어요!,Vibe,keyword
성수점에 처음 방문했어요!,"Service, Dessert/Bakery, Coffee/Drink",keyword
여기는 강남구청역점보다 디저트류가 더 많았어요.,Dessert/Bakery,keyword
"저는 추후에 티라미슈롤케이크를 시켜봤는데 약간 달달하면서 은은한 커피향, 크림맛이 좋았고 
시키고 나서 보고만 새로운 메뉴 고구마라떼도 있으니 고소하고 달달한 커피메뉴나 음료 좋아하시는 분들께 추천드려요!","Dessert/Bakery, Coffee/Drink, Vibe",keyword
"그렇다고 그냥 커피가 맛이 없냐, 아니죠!!",Coffee/Drink,keyword
여긴 원두가 좋아서 그런지 커피도 맛있고 롱블랙도 추천드려요~,"Vibe, Coffee/Drink",keyword
에스프레소 오마카세가 있는 커피맛집으로 추천드립니다!!,"Vibe, Coffee/Drink",keyword
직원 너무 싸가지없어요,Service,keyword
일하기 싫으면 하지마세요,"Dessert/Bakery, Coffee/Drink",keyword
커피마시러 온 사람 기분 잡치게하지말고,"Dessert/Bakery, Coffee/Drink, Vibe",keyword
로열밀크티롤도  너무 부드러워요~,"Dessert/Bakery, Coffee/Drink",keyword
콘파나 시켜 먹었는데 맛있네요~,"Dessert/Bakery, Coffee/Drink",keyword
"맛은 약간 이탈리아 에스프레소 카페 같으면서도 분위기는 한국의 힙한 카페 같아서 얘기 나누거나 사진 찍기도 좋을 듯요~~
다만 혼자 일하거나 책 보기에 좋은 분위기는 아닌 것 같고, 커피가 워낙 한 입이라 좀 허무할 수도 있어요ㅎㅎ","Dessert/Bakery, Coffee/Drink, Vibe",keyword
"같이 시킨 애플망고그린에이드도 양 많고
시럽이 넉넉해서 아주 맛있습니다.","Dessert/Bakery, Coffee/Drink",keyword
라떼 아트가 너무 예뻐서 기분 좋은 카페 입니당 :),"Vibe, Coffee/Drink",keyword
"지난 주말에 만석이어서 꼭 오고싶었는데
평일 낮은 한산하네요","Dessert/Bakery, Coffee/Drink",keyword
산미감있는 커피 맛있어요,"Vibe, Coffee/Drink",keyword
5번째 방문이에요~,Service,keyword
"매장에서 먹은건 처음인데 커피맛 너무 좋고
분위기도 조용하고 너무 좋아요~","Dessert/Bakery, Coffee/Drink, Vibe",keyword
성수에 업무차 들렸다,Coffee/Drink,keyword
"알게 된 구테로이테
에스프레소가 너무 맛있습니다.",Vibe,keyword
빵도 너무 맛있네요,Dessert/Bakery,keyword
분위기 좋고 에스프레소 맛있네요~,Vibe,keyword
에스프레소 맛집이라고해서 찾아왔어요~,"Dessert/Bakery, Coffee/Drink, Vibe",keyword
일반 커피숍에서 맛보지 못한 깊은맛의 커피에요~,Coffee/Drink,keyword
성수 들리시면 꼭 한번 드셔보시라고 추천드리고 싶어요~,Vibe,keyword
늦게 와서 빵이 별로 없어서 아쉬웠지만 맛있았습니다 !!,"Dessert/Bakery, Coffee/Drink",keyword
빵 종류도 많고 커피도 맛있어요!!,"Dessert/Bakery, Coffee/Drink",keyword
"🙇🏻‍♀️
무엇보다 직원분들이 친절해서 감사했습니다","Service, Dessert/Bakery, Coffee/Drink",keyword
커피 향이 진하고 맛있어요>_<!,Coffee/Drink,keyword
매장도 쾌적해서 편하게 있다 갑니다~,"Dessert/Bakery, Coffee/Drink, Vibe",keyword
분위기가 좋아요~^^,Vibe,keyword
"음료도 빠르게 나오고 
장소도 넓어서 대화하기도 좋고, 베이커리류가 은근 맛있어요.","Dessert/Bakery, Coffee/Drink, Vibe",keyword
케이크에 종이를 먹을정도로 ㅋㅋㅋ맛있어서  정신없이 먹었네요!!!ㅋㅋㅋ,"Dessert/Bakery, Coffee/Drink, Vibe",keyword
다음에 또 오겠습니다,"Dessert/Bakery, Coffee/Drink",keyword
구테로이테 성수에는 디저트류 종류도 많고 직원분도 모르는 메뉴 친절히 설명해주셔서 너무 좋았습니다!,"Service, Dessert/Bakery, Coffee/Drink",keyword
다양한 커피메뉴가 궁금하다면 추천입니다,"Dessert/Bakery, Coffee/Drink, Vibe",keyword
메뉴선택할때 사장님께서 친절히 다 설명해주시고 매장도 깔끔하니 잘 되어있습니다,"Service, Dessert/Bakery, Coffee/Drink, Vibe",keyword
맛있고 예뻐요,Vibe,keyword
인테리어도 좋습니다,Vibe,keyword
성수에 오면 종종 찾아요 !,"Service, Dessert/Bakery, Coffee/Drink",keyword
"🙂
토요일 오후라 사람이 많았는데 운 좋게 자리 하나가 있어서 언넝 앉았네요.","Dessert/Bakery, Coffee/Drink, Vibe",keyword
역시 커피 고소하고 너무 맛있어요!,Coffee/Drink,keyword
커피가 산미없이 좋아요~^^,Coffee/Drink,keyword
가성비 좋은 커피맛집!!,"Coffee/Drink, Price",keyword
분위기도 쾌적하고 커피도 맛있어요,"Dessert/Bakery, Coffee/Drink, Vibe",keyword
케이크랑 커피가 맛있어요!,"Dessert/Bakery, Coffee/Drink",keyword
레몬 마들렌은 조금 실망이었어요..,Coffee/Drink,keyword
장소가 넓고 시그니처 음료들이 맛잇어요!,"Vibe, Coffee/Drink",keyword
커피 클래스를 해서 커피를 좋아하시는 분들이 찾기 좋은 장소인것 같습니다,"Service, Dessert/Bakery, Coffee/Drink",keyword
오~ 커피 너무 맛있는데요?^^,"Dessert/Bakery, Coffee/Drink, Vibe",keyword
커피도 맛잇고 빵도 맛있고 분위기도 너무 좋아요,"Dessert/Bakery, Coffee/Drink, Vibe",keyword
지나가다가 우연히 들럿는데 후회없는 선택이었네요,"Service, Coffee/Drink",keyword
구테로이테 카페 처음 와봤는데 커피 맛있어요~~,"Dessert/Bakery, Coffee/Drink",keyword
빵도 뺑오스위스 맛있네요!!,Dessert/Bakery,keyword
카페 넓고 자리 많아서 좋습니당,"Vibe, Coffee/Drink",keyword
콘파나랑 고구마케이크 시켰는게 콘파나가 진짜 맛있습니다!,"Dessert/Bakery, Coffee/Drink",keyword
자주 올 것 같네요,"Dessert/Bakery, Coffee/Drink",keyword
맛 분위기 다,Vibe,keyword
ㅎㅎ주말엔 너무 많아서 웨이팅 있을 수도 있습니다 :),"Service, Vibe, Coffee/Drink",keyword
분위기로 좋고 음료도 맛있어요!,"Vibe, Coffee/Drink",keyword
자리 많고 베이커리류도 많아서 선택의 폭이 넓어요,"Service, Vibe",keyword
길 가다가 인테리어가 멋져서 들어왔어요 :),Vibe,keyword
분위기도 좋고 공간도 넓어서 데이트 하기에도 좋아요!!,"Dessert/Bakery, Coffee/Drink, Vibe",keyword
"커피도, 디저트도 너무 맛있어요,,!!!!","Dessert/Bakery, Coffee/Drink",keyword
외관이 넘 멋있어서 들어왔는데 음악과 조명이 너무좋고 무엇보다 커피가 너무 맛있네요.,"Vibe, Coffee/Drink",keyword
원래 커피안마시는데 여긴 정말 꼭 먹어봐야할 커피에요,"Dessert/Bakery, Coffee/Drink",keyword
구테로이테 시그니쳐 완전추천!!!,Vibe,keyword
카페 분위기와 인테리어도 굿!,"Vibe, Coffee/Drink",keyword
동네에 이런 곳이 생겨 좋네요.,Vibe,keyword
다시 올 예정 ~~~ 그런데 옆자리 친구가 시킨 구테로이테가 가장 맛있긴했음,"Dessert/Bakery, Coffee/Drink, Vibe",keyword
특별한 메뉴도 많고 커피도 정말 맛있어서 자주 방문하는 곳입니당:),"Service, Dessert/Bakery, Coffee/Drink, Vibe",keyword
"커피맛도 좋고
조용하고
빵도 앗있어요~","Dessert/Bakery, Coffee/Drink, Vibe",keyword
맛있구 분위기도 좋아용!,Vibe,keyword
이야 이집 커피 죽이네요,"Vibe, Coffee/Drink",keyword
"달면서 쓰면서 고소하면서 시면서
커피의 본고장에 온 기분 입니다","Dessert/Bakery, Coffee/Drink, Vibe",keyword
분위기가 넘 좋고 커피도 맛있어요!,"Vibe, Coffee/Drink",keyword
우연히 들린 커페였는데 너무 분위기도 좋고 맛있었습니당,Vibe,keyword
인테리어 맘에 드네요.,Vibe,keyword
또 오겠습니다:),"Dessert/Bakery, Coffee/Drink",keyword
"스톤슈페너는 달콤고소하고
그라니따는 신선한 맛이에요","Dessert/Bakery, Coffee/Drink",keyword
너무 예쁘고 맛도 있어요.,"Vibe, Coffee/Drink",keyword
생각보다 가격도 저렴하고 무엇보다 평일엔 사람이 적어 작업하기도 좋아요,"Vibe, Service, Coffee/Drink, Price, Dessert/Bakery",keyword
"에스프레소 메뉴가 다양하고, 빵도 종류가 많이 있어요","Dessert/Bakery, Coffee/Drink, Vibe",keyword
여유롭게 개인작업하기도 좋네요,"Service, Dessert/Bakery, Coffee/Drink",keyword
인테리어 예쁘고 시그니처 커피도 맛어요!,"Vibe, Coffee/Drink",keyword
매장 인테니어가 너무 이뻐요,Vibe,keyword
커휘 한잔과 휘낭시에는 사랑이네여,Dessert/Bakery,keyword
"📍내 돈 내산📍
성수역 근처 약속이 있어 방문했어요.","Vibe, Service, Coffee/Drink, Price, Dessert/Bakery",keyword
입구에 있는 유리타일이 눈길을 끕니다.,"Vibe, Coffee/Drink",keyword
"실내는 바닥은 특이하게 타일이고, 벽의 마감도 노출 콘크리트로 되어 있네요.","Dessert/Bakery, Coffee/Drink, Vibe",keyword
테이블은 실버색 금속이며 철재 프레임의 투명한 의자가 준비되어 있습니다.,"Dessert/Bakery, Coffee/Drink, Vibe",keyword
2~4인석과 바형태의 좌석이 있어요.,"Service, Dessert/Bakery, Coffee/Drink, Vibe",keyword
이곳은 커피 오마카세로 유명한 곳이군요.,"Dessert/Bakery, Coffee/Drink, Vibe",keyword
"호주 살다 온 지인이 한국에서 플랫 화이트 주문했다가 많이 실망했었다며
크게 기대하지 않고 주문했는데요,
마셔보더니 정말 맛있다며 좋아했습니다.","Service, Dessert/Bakery, Coffee/Drink",keyword
호주에서 마시던 그 맛이 난다고 해요.,"Dessert/Bakery, Coffee/Drink",keyword
🔶로즈 뱅쇼.,Vibe,keyword
"레드와인에 다양한 과일을 끓여 만든 뱅쇼에
레몬이 들어가 상큼하고 장미 향이 은은합니다.","Dessert/Bakery, Coffee/Drink, Vibe",keyword
뱅쇼까지 판매할 만큼 메뉴의 스펙트럼이 넓어 좋군요.,"Dessert/Bakery, Coffee/Drink, Vibe",keyword
매장이 너무 이쁘고 고급져요,"Dessert/Bakery, Vibe",keyword
어제 오늘 이틀 연속 방문했어요!,"Service, Dessert/Bakery, Coffee/Drink",keyword
"제가 먹는 음료중에 제일 맛있어서
성수 오면 꼭 오는 카페에요ㅎㅅㅎ","Dessert/Bakery, Coffee/Drink",keyword
주변에서 식사 후 커피숍 찾다가 발견했어요.,"Service, Dessert/Bakery, Coffee/Drink",keyword
롱블랙이 있어 끌렸고 다양한 에스프레소 종류가 있어 마음에 들었어요~,"Dessert/Bakery, Coffee/Drink, Vibe",keyword
평일이라 사람도 많지 않고 편히 쉬었네요~,"Dessert/Bakery, Vibe",keyword
커피 맛도 좋아요.,Coffee/Drink,keyword
늘 친잘하구 깔끔해서 늘 만족합니다,"Dessert/Bakery, Coffee/Drink, Price",keyword
강남구청 본점보다 다양한 디저트류와 빵들이 많이 있네요.,"Dessert/Bakery, Coffee/Drink, Vibe",keyword
언제나 커피 맛있어요!,Coffee/Drink,keyword
성수에서 제일 좋아하는 카페에요,Coffee/Drink,keyword
"특히 롱블랙 ㅜㅜㅜㅜㅜ
아포가토는 오늘 처음 시켜봤는데
역시 존맛탱...",Coffee/Drink,keyword
커피도 저렴하고 롱블랙이 다른곳보다 맛있었어요.,"Vibe, Coffee/Drink",keyword
커피맛이 좋아서 자주 들립니다!,Coffee/Drink,keyword
성수올때마다 미팅이나 간단히 작업할때도 콘센트가 있어서 좋구요!,"Service, Dessert/Bakery, Coffee/Drink, Vibe",keyword
파인콘 너무 맛있어요,"Vibe, Coffee/Drink",keyword
강아지와 함께 오기 좋아요!,"Dessert/Bakery, Coffee/Drink",keyword
🥰 커피도 맛있고 케익도 맛있어요,Coffee/Drink,keyword
또 여러가지 메뉴가 있어서 골라 마시기 좋아요,"Vibe, Coffee/Drink",keyword
진정한 커피맛집!!!,"Dessert/Bakery, Coffee/Drink",keyword
☕️☕️ 성수올때마다 무조건 들러야하는 필수코스!!,"Dessert/Bakery, Coffee/Drink",keyword
분워기 좋고 커페도 맛있고 쿠키가 맛있네요~,Dessert/Bakery,keyword
"강남구청역 구테로이테를 자주 갔었는데
성수점도 있다니 !!","Vibe, Coffee/Drink",keyword
"특별한 에스프레소 메뉴가 다양하고 
모두 각각의 매력이 있어서
선택하기 어려울정도임!","Service, Dessert/Bakery, Coffee/Drink, Vibe",keyword
"커피뿐만 아니라 잘어울리는 디저트들도 다양~
너무 좁아서 앉을 자리가 별로 없는 성수카페들과 달리 넓고 쾌적한 공간이라 대추천!","Dessert/Bakery, Coffee/Drink, Vibe",keyword
가족들이랑 성수 나들이 왔다가 조용하고 넓은 카페 발견했네요,"Dessert/Bakery, Coffee/Drink, Vibe",keyword
다른 지점 구테로이테 갔다가 너무 맛있어서 성수 근처에 온김에 또 왔어요!,"Dessert/Bakery, Coffee/Drink",keyword
"인테리어도 너무 이쁘고, 직원분들도 친절하셔용!!","Service, Dessert/Bakery, Coffee/Drink, Vibe",keyword
아~~🩷,Coffee/Drink,keyword
에스프레소 너무 맛있어요,Vibe,keyword
"직원분들도 친절하시고 
성수에서 이렇게 착한 가격에 커피를 즐길 수 있는 곳인 것 같아용~","Vibe, Service, Coffee/Drink, Price, Dessert/Bakery",keyword
자리도 쾌적합니당,"Dessert/Bakery, Coffee/Drink",keyword
매장 분위기가 좋아요^^,Vibe,keyword
분위기가 좋아요.,Vibe,keyword
앉아있기 좋고 가성비 좋아요.,"Vibe, Coffee/Drink, Price",keyword
우연히 들렀는데 음료가 넘 맛있어요,Coffee/Drink,keyword
성수에서 이정도 퀄리티의 커피를 이 가격에 마시다니!!,"Coffee/Drink, Price",keyword
다음에도 방문해야겠어요~,"Service, Dessert/Bakery, Coffee/Drink",keyword
먹어본 롱블랙 중에 최고구요!,Coffee/Drink,keyword
커피 베이스 다른 베리에이션 에스프레소도 달달하고 맛있어요,"Vibe, Coffee/Drink",keyword
매장이 넓어서 주말인데 웨이팅 없이 들어와서 좋아요~!,"Service, Vibe",keyword
파인콘이랑 레몬머랭타르트 강추에요,Coffee/Drink,keyword
커피 너무 맛있고 두잔순삭입니다,Coffee/Drink,keyword
고급지고 자리도 편하고 노래도 좋아요,"Dessert/Bakery, Vibe",keyword
물티슈 만들어주세요:),Vibe,keyword
커피가 너무 맛있고 분위기도 좋아요.,"Vibe, Coffee/Drink",keyword
다른 카페보다 커피가 매우 맛있어요,Coffee/Drink,keyword
성수에 매장도 넓고 커피에 진심이신 카페가 있어서 친구들이랑 왔어요,"Dessert/Bakery, Coffee/Drink, Vibe",keyword
"매장도 예쁘고
타르트도 맛있고 케이크도 맛있습니다!","Dessert/Bakery, Vibe",keyword
2주동안 4번이나 방문한 곳 파인콘이 너무 맛있어서 자주왔는데 플랫화이트도 너무 맛있네요,"Service, Dessert/Bakery, Coffee/Drink, Vibe",keyword
혼자 여행와서 마신  이 곳  커피는 힐링이네요~^^,"Dessert/Bakery, Coffee/Drink, Vibe",keyword
커피가 맛있고 메뉴가 다양해서 좋습니다.,"Dessert/Bakery, Coffee/Drink",keyword
달콤씁쓸한 맛이 일품이에요!,"Dessert/Bakery, Coffee/Drink",keyword
분위기도 좋고 커피도 맛있고 추천드맂니다,"Vibe, Coffee/Drink",keyword
음료들이 다 곡물?,Coffee/Drink,keyword
같은 맛이 나서 할미입맛이 취향인 저는 매우 만족스러웠어요,"Dessert/Bakery, Coffee/Drink, Price",keyword
☺️ 우유케이크도 퐁실퐁실하고 달달구리해서 제취향입니다,"Dessert/Bakery, Coffee/Drink",keyword
👍 담에 또 올게여,"Dessert/Bakery, Coffee/Drink",keyword
분위기가 좋고 맛있아용,"Vibe, Coffee/Drink",keyword
특별한 메뉴들이 많다고해서 와봤어요!!,"Dessert/Bakery, Coffee/Drink",keyword
"음료도 맛있고, 빵도 제과기능장님이 만드셔서 그런지 너무 맛있더라구요!!","Dessert/Bakery, Coffee/Drink, Vibe",keyword
카페 분위기도 예뻐서 사진찍기도 좋을것같습니다,"Dessert/Bakery, Coffee/Drink, Vibe",keyword
😊 다시 성수에 오게된다면 또 오고싶은 곳이에요!!,"Dessert/Bakery, Coffee/Drink, Vibe",keyword
커피도 맛있고 직원분도 친절하세요!,"Service, Dessert/Bakery, Coffee/Drink",keyword
친구가 여기 맛있다고 들었으니까 여기서 먹어 봤어요.,"Vibe, Coffee/Drink",keyword
커피가 너무 맛있고 무엇보다 고급스러운 비주얼이랑 맛에 비해 가격이 가성비가 좋아서 마음에 들어요.,"Dessert/Bakery, Coffee/Drink, Price",keyword
자주 올 거 같아요.,"Dessert/Bakery, Coffee/Drink",keyword
"에스프레소 맛집, 구태로이테 성수점~
역시 명불호전이구나^^",Vibe,keyword
음료 맛있구 분위기도 좋아요~~~,"Vibe, Coffee/Drink",keyword
아늑하고 차분한 분위기라 뭔가 작업하거나 책읽기에도 좋고 대화하기도 좋아요~,"Service, Dessert/Bakery, Coffee/Drink, Vibe",keyword
"커피는 종류가 아주 다양하고, 빵도 맛있는게 많네요! ㅎㅎ","Dessert/Bakery, Coffee/Drink",keyword
또 오고 싶은 곳이에요!,"Dessert/Bakery, Coffee/Drink, Vibe",keyword
점심먹고 어김없이 들렸어요,Coffee/Drink,keyword
에스프레소 역시 맛있어요^^,Vibe,keyword
신랑은 플랫화이트로..,Vibe,keyword
오늘 음악분위기도 너무 좋아요,Vibe,keyword
식사후 직원들과 함께 들렀습니다.,Service,keyword
매장이 인테리어가 깔끔하고 커피 종류가 다양합니다.,"Dessert/Bakery, Coffee/Drink, Vibe",keyword
특히 에스프레소 메뉴가 다양하고 특색이 있어서 골라먹는 맛이 있습니다.,"Dessert/Bakery, Coffee/Drink, Vibe",keyword
빵 종류 많고 커피가 너무너무 맛있어요!!!,"Dessert/Bakery, Coffee/Drink",keyword
매장도 넒고 사람도 많은데 너무 시끄럽지 않아서 좋아요,"Dessert/Bakery, Vibe",keyword
음료도 맛있고 분위기도 좋아용!!,"Vibe, Coffee/Drink",keyword
에스프레소 매니아는 행복한 종류별로 산택가능한 다양한 에스프레소와 함께 휴식을 취할수 있는 넓은 공간!,"Price, Dessert/Bakery, Coffee/Drink, Vibe",keyword
자리도 많고 디저트도 많고 맛있어요!,Dessert/Bakery,keyword
사무실근처 에스프레소가 맛있는 커피 맛집입니다.,"Vibe, Coffee/Drink",keyword
매장도 깔끔하고 매번 에스프레소 콤파나를 마시는데 달짝하고 고소한 진한 커피 맛을 즐길수 있습니다.,"Dessert/Bakery, Coffee/Drink, Vibe",keyword
커피메뉴도 다양하고 최근에 빵도 판매합니다.,"Dessert/Bakery, Coffee/Drink",keyword
손님들과 연인들이 와서 즐기기 좋은 장소입니다.,"Dessert/Bakery, Coffee/Drink",keyword
파인콘도 너무 맛있고 디저트도 너무 맛있어요!,Dessert/Bakery,keyword
분위기도 좋고 카페도 너무 이쁘네요,"Vibe, Coffee/Drink",keyword
최고의 카페…..,Coffee/Drink,keyword
성수를 왔는데 여길 안 와…?,"Dessert/Bakery, Coffee/Drink",keyword
성수동 빵 맛집입니다:) 커피도 맛있고 빵 종류도 다양해서 너무 좋았어요!,"Dessert/Bakery, Coffee/Drink",keyword
저는 특히 휘낭시에 추천 드립니다~,Vibe,keyword
언니들이랑 밥먹고 성수 카페 어디가디,Coffee/Drink,keyword
"하면서 오게됐는데
바로 입장했는데 쿠키랑 커피랑 너므너무 맛있어요!!","Dessert/Bakery, Coffee/Drink",keyword
성수오면 또 올거같아요!,"Dessert/Bakery, Coffee/Drink",keyword
가격도 합리적이고 맛도 있고 분위기도 괜찮고 좋아요!,"Vibe, Coffee/Drink, Price",keyword
항상 오지만 맛나요,"Dessert/Bakery, Coffee/Drink",keyword
빵도 맛있고 특히 콜드브루를 여자친구가 너무 좋아하네요,"Dessert/Bakery, Coffee/Drink, Vibe",keyword
커피가 독특하고 디저트도 맛있어요,"Dessert/Bakery, Coffee/Drink",keyword
친구 추천으로 그라니따 마셨는데 좋습니다,"Vibe, Coffee/Drink",keyword
에스프에소 너무 맛있고 ㅠㅠ 빵 맛있고 ㅠㅠ 브라우니도 맛있고 ㅠㅠ,Dessert/Bakery,keyword
성수왔다,"Dessert/Bakery, Coffee/Drink",keyword
친구의 추천으로 처음 방문인데 커피 완존 맛있네요,"Service, Vibe, Coffee/Drink",keyword
"재 방문 의사
있습니다","Service, Vibe, Coffee/Drink",keyword
분위기 좋고 공간도 넓으며 친구랑 얘기나누기도 좋은 분위기인듯 합니다,"Dessert/Bakery, Coffee/Drink, Vibe",keyword
"분위기
좋고 
케익 맛있어요~",Vibe,keyword
산미가 있는 커피라서 디저트와 먹기엔 좀 어울리진 않았어요,"Dessert/Bakery, Coffee/Drink, Vibe",keyword
근데 맛 자체는 맛있어서 견과류와는 잘 어울리는 것 같아요.,"Dessert/Bakery, Coffee/Drink",keyword
친구들과 가볍고 편한 시간을 보낼수있어요,"Vibe, Coffee/Drink",keyword
음료에 대한 설명도.,"Service, Coffee/Drink",keyword
친절하게 해주시고 음료도 너무 깔끔하고 맛있어요♡,"Service, Dessert/Bakery, Coffee/Drink",keyword
동네 커피숍이라서 자주 오는데 매번 새로운 메뉴도 있고 분위기가 좋아요~,"Dessert/Bakery, Coffee/Drink, Vibe",keyword
커피향이 아주 좋습니다!,Coffee/Drink,keyword
새로운 카페가  눈에띄어 들어왔는데  너무 근사하고  이쁘네요.,"Dessert/Bakery, Coffee/Drink, Vibe",keyword
음료도  맛있습니다.,Coffee/Drink,keyword
성수동 오시면 꼭 한번 방문해보세요,"Service, Dessert/Bakery, Coffee/Drink",keyword
인테리어가 넓고 좋은데 가격까지 착한 곳!,"Vibe, Price",keyword
다음에 또 올께요,"Dessert/Bakery, Coffee/Drink",keyword
애플망고그린에이드 진짜 맛있어요,Coffee/Drink,keyword
"🥹
카페 음악 소리 크기도 적당하고 은은해서 대화하기도 좋았어요~~","Dessert/Bakery, Coffee/Drink, Vibe",keyword
어머니께서 피자빵 맘에 들어하셨습니당,"Dessert/Bakery, Coffee/Drink",keyword
"🥰
그라니타 처음 마셔보는데 맛이 독특해서 신기했어요","Dessert/Bakery, Coffee/Drink",keyword
은근 맛있어서 놀랐습니다,Dessert/Bakery,keyword
커피맛집 구테로이테!,Coffee/Drink,keyword
로즈뱅쇼는 레몬향과 레몬맛이 강하지 않고 잔잔하게 다가와 마시기에 부담스럽지 않아 좋아요,"Dessert/Bakery, Coffee/Drink, Vibe",keyword
콘판나케이크는 입안에서 사르르 녹으며 단맛이 혀를 휘감네요^^,"Dessert/Bakery, Coffee/Drink",keyword
분위기 좋아요~^^,Vibe,keyword
커피 진하고 너무 맛있어요!,Coffee/Drink,keyword
커피가 맛있습니다!,Coffee/Drink,keyword
커피랑 빵 너무맛있게 먹었어요,"Dessert/Bakery, Coffee/Drink",keyword
"분위기도 좋고 편하고
근처에 올 일 종종 생길꺼 같은데 커피생각나면 여기로 올꺼에요","Dessert/Bakery, Coffee/Drink, Vibe",keyword
에스프레소 맛집,Vibe,keyword
휴일에 자리가 있다니 럭키!!!,"Vibe, Coffee/Drink",keyword
⭐️ 분위기도 좋고 넓어서 조아요😍😍 커피도 디저트도 먹어보고싶은 메뉴가 너무너무 많아서 또 와야겠어요,"Dessert/Bakery, Coffee/Drink, Vibe",keyword
구테로이테 커피 맛집이라 좋아하는데 지점도 여러개라 좋네요,"Dessert/Bakery, Coffee/Drink",keyword
그라니따 맛있어요,Coffee/Drink,keyword
"넓어서 자리 많고 분위기 좋고
무엇보다 커피가 맛있습니다","Vibe, Coffee/Drink",keyword
"이 정도 맛에 스페셜 메뉴에
디카페인까지 되다니 완전 강추입니다.",Coffee/Drink,keyword
커피가 진짜!,Coffee/Drink,keyword
롱블랙이 이렇게 부드럽고 맛있을 수 있나요?,"Vibe, Coffee/Drink",keyword
아인슈페너도 너무 달지 않은 적절한 단맛😊😊😊 디저트도 커피랑 잘 어울려요!,"Dessert/Bakery, Coffee/Drink",keyword
매장도 쾌적하고 직원 응대도 친절해요.,"Service, Dessert/Bakery, Coffee/Drink, Vibe",keyword
분위기도 좋고 커피도 맛있습니다:),"Vibe, Coffee/Drink",keyword
분위기 좋아요~!,Vibe,keyword
유명해서 왔는데 커피 너무 맛있어요!!,"Dessert/Bakery, Coffee/Drink",keyword
스태프도 친절합니다❤,"Service, Dessert/Bakery, Coffee/Drink",keyword
"연말엔 콘파나 한잔☕️
에스프레소 바 찾아다닐정도로 맛있어요","Service, Dessert/Bakery, Coffee/Drink, Vibe",keyword
커피가 맛있네요,Coffee/Drink,keyword
매장도 깔끔해욧!,"Dessert/Bakery, Coffee/Drink, Vibe",keyword
너무너무 맛이가 있었어요~~~:),"Vibe, Coffee/Drink",keyword
성수나들이하다 우연히 들렸는데 쾌적하고 좋아요,"Dessert/Bakery, Coffee/Drink",keyword
커피도 고소하고 빵은 말모말모♡♡♡,"Dessert/Bakery, Coffee/Drink",keyword
성수 성수한 느낌있어요 ㅎㅎ,"Dessert/Bakery, Coffee/Drink, Vibe",keyword
안에 공간도 넓고 커피도 맛잇어요,"Vibe, Coffee/Drink",keyword
에스프레소 마시러 옵니다.,"Dessert/Bakery, Coffee/Drink, Vibe",keyword
가격도 합리적이고 아늑하고 넓고 좋아요!!,"Price, Dessert/Bakery, Coffee/Drink, Vibe",keyword
에스프레소 바 중 최고여서 종종 방문하는 곳입니다!,"Service, Dessert/Bakery, Coffee/Drink, Vibe",keyword
에스프레소가 아직 생소하신 분도 부담없이 드실 수 있는 메뉴가 많아서 좋아요!,"Dessert/Bakery, Coffee/Drink, Vibe",keyword
커피도 크루아상도 맛있었습니다~!,"Dessert/Bakery, Coffee/Drink",keyword
음료랑 디저트 종류가 많고 다양해요!,"Dessert/Bakery, Coffee/Drink",keyword
특히 디저트는 페스츄리 라인이 금방 빠지더라구요!,"Service, Dessert/Bakery",keyword
딱 하나남은 우유 리본 사서 먹었는데 너무 맛있어요ㅠㅜ,"Dessert/Bakery, Coffee/Drink",keyword
같이 시킨 자두에이드는 많이 달지 않아서 딱 좋았습니다,Coffee/Drink,keyword
빵 너무너무 맛있고 커피도 합리적인가격이라 좋습니다!,"Dessert/Bakery, Coffee/Drink, Price",keyword
매장도 넓어서 대화하기 편하고 좋아요,"Dessert/Bakery, Coffee/Drink, Vibe",keyword
음료랑 커피 너무 맛있어요!!!,Coffee/Drink,keyword
가족여행으로 성수동에 왔는데 인테리어도 좋고 깨끗하고 빵이 맛있었어요 :),"Dessert/Bakery, Coffee/Drink, Vibe",keyword
다양한 종류의 맛있는 커피를 맛볼 수 있어요.,"Dessert/Bakery, Coffee/Drink, Vibe",keyword
매장에서 제과 제빵도 하고 있으니 갓 나온 빵이 얼마나 맛있는지는 두말하면 잔소리.,"Dessert/Bakery, Coffee/Drink, Vibe",keyword
1인 3잔은 기본 가능한 곳.,"Price, Dessert/Bakery, Coffee/Drink, Vibe",keyword
공간 멋있고 커피도 맛있네요,"Vibe, Coffee/Drink",keyword
"빵도 맛있어 보이는데 배불러서 나중에 
또 방문해서 먹아봐야겠어요","Service, Dessert/Bakery, Coffee/Drink",keyword
커피가 맛있고 쾌적합니다,"Dessert/Bakery, Coffee/Drink",keyword
"⭐️
오마카세 커피가 궁금해용ㅋㅋㅋ","Dessert/Bakery, Coffee/Drink",keyword
커피 진하고 너무너무 맛있어요!!!,Coffee/Drink,keyword
지나다 추워서 들어왔는데 커피가 가격도 좋고 맛있어요!,"Coffee/Drink, Price",keyword
제과기능장 빵도 팔아서 좋습니다!,Dessert/Bakery,keyword
오픈했을때보다 훨씬 종류가 많아서 좋네요,"Dessert/Bakery, Coffee/Drink",keyword
일찍오면 핫메뉴 먹을수잇을거같아요,"Dessert/Bakery, Coffee/Drink",keyword
"근데 옆에서 겨울 오마카세 드시는거 구경하는데
넘 예뻣어요 ㅋㅋㅋ","Dessert/Bakery, Coffee/Drink, Vibe",keyword
"대리만족
근데 제가 예약하고싶진 않을거같아요","Dessert/Bakery, Coffee/Drink, Price",keyword
시끄럽고 바테이블도 불편하고 ㅠ,"Dessert/Bakery, Coffee/Drink",keyword
커피가 맛있고 디저트가 친절해요,"Service, Dessert/Bakery, Coffee/Drink",keyword
"🫶🫶🫶
매장도 넓고 자리도 많아요~~",Vibe,keyword
케이크랑 빵도 맛있어요!,Dessert/Bakery,keyword
매장이 넓고 특별한 커피가 많아서 좋아요!,"Dessert/Bakery, Coffee/Drink, Vibe",keyword
커피 가격도 저렴한 거 같아요:),"Dessert/Bakery, Coffee/Drink, Price",keyword
커피와  디저트가 맛있습니다!,"Dessert/Bakery, Coffee/Drink",keyword
또 방문하고 싶은 곳입니다!,"Service, Dessert/Bakery, Coffee/Drink, Vibe",keyword
겨울이라 뱅쇼 먹었는데 맛있네요 ㅎㅎ,Coffee/Drink,keyword
빵도 맛있고 분위기도 좋아서 좋은 시간 보냈어요~~,"Dessert/Bakery, Vibe",keyword
커피맛이 넘사네요,Coffee/Drink,keyword
제과기능장님 디저트는 더 넘사구요 ㅋ,Dessert/Bakery,keyword
가격도 좋아요,Price,keyword
강구점 자주갔는데 성수점은 처음와요 :),"Dessert/Bakery, Coffee/Drink",keyword
성수 올 때마다 들리는 카페 :) 역에서 가깝고 커피가 맛있어요 !,"Position, Dessert/Bakery, Coffee/Drink",keyword
오미자 아메리카노나 수정과 아메리카노처럼 다른 곳에서 먹을 수 없는 특별한 커피가 있어요 ㅎㅎ,"Dessert/Bakery, Coffee/Drink, Vibe",keyword
카페가 이쁘고 음료가 맛나요!!!,"Vibe, Coffee/Drink",keyword
분위기도 좋고 빵도 맛있어요,"Dessert/Bakery, Vibe",keyword
지나가다가 충동적으로 들어왔는데 너무 탁월한 선택이었어요.,"Service, Dessert/Bakery, Coffee/Drink",keyword
음료 크기는 작지만 맛은 너무만족스럽습니다!,"Dessert/Bakery, Coffee/Drink, Price",keyword
밖에서 가게가 예뻐서 들어왔어요!,Vibe,keyword
"원래도 애정하지만 디저트까지 완벽해져서
더 좋아요♡~~","Dessert/Bakery, Coffee/Drink",keyword
분위기가좋아요,Vibe,keyword
핫한동네에 오랜만에와서 이름이 맘에들어서 들어왓어요!,"Dessert/Bakery, Coffee/Drink",keyword
좋은 사람들 이라는 독일어가 눈에 와닿앗,"Dessert/Bakery, Coffee/Drink, Vibe",keyword
맛있는 커피 에스프레소 진하게 좋아용!,"Vibe, Coffee/Drink",keyword
빵도 너무맛잇어보이는데 빵순이 눈돌아갑니다,"Dessert/Bakery, Coffee/Drink",keyword
🤣🤣 시끄럽지않아서 미팅하기에도 좋았어요!!,"Dessert/Bakery, Coffee/Drink",keyword
까페도 넓고 디저트도 다양해요,"Dessert/Bakery, Coffee/Drink, Vibe",keyword
커피가 맛있어요:-),Coffee/Drink,keyword
메뉴 살펴보는데 오래걸리는데도 친절하게 기다려주셨습니다.,"Service, Dessert/Bakery, Coffee/Drink",keyword
본점도 가보았지만 여기가 더 널찍하네요!,"Dessert/Bakery, Coffee/Drink",keyword
분위기도 좋고 너무 맛있어요,Vibe,keyword
커피 너무 맛있어요~,Coffee/Drink,keyword
자리가 없어서 조금 대기 하다가 주문 했는데 아늑하고 좋았어요:),"Service, Dessert/Bakery, Coffee/Drink",keyword
에스프레소 종류가 다양하고 맛있어요!,"Dessert/Bakery, Coffee/Drink, Vibe",keyword
매장도 넓어서 친구들이랑 얘기하기 좋습니다!,"Dessert/Bakery, Coffee/Drink, Vibe",keyword
"리본페스츄리 녹차크림으로 먹었는데
너무 맛있구 커피도 완전 찐해서 좋아요",Coffee/Drink,keyword
빵이  너무 이쁘고 맛있어요,"Dessert/Bakery, Vibe",keyword
대구 사는 사람인데 서울 오면 커피는 무조건 여기서 마십니다,"Dessert/Bakery, Coffee/Drink, Vibe",keyword
커피가 맛있고 매장이 예뻐요~!,"Vibe, Coffee/Drink",keyword
친저롼 직원분들 덕분에 잘 마셨어요,Service,keyword
커피가 예쁘고 분위기가 맛있어요.,"Vibe, Coffee/Drink",keyword
맛있고 분위기가 좋아요~,Vibe,keyword
에스프레소바 찾다가 발견했는데 내부도 너무 넓고 쾌적하거 이쁩니다!!,"Service, Dessert/Bakery, Coffee/Drink, Vibe",keyword
에스프레소도 맛있어요!,Vibe,keyword
성수 근처 카페중에 넓고 대화하기도 좋아요!,"Dessert/Bakery, Coffee/Drink, Vibe",keyword
커피도 맛있어서 좋았습니당,Coffee/Drink,keyword
모노톤 카페 찾으신다면 와보시는걸 추천드려요,"Service, Dessert/Bakery, Coffee/Drink, Vibe",keyword
커피종류도 많아서 커피를 평소 즐기시는 분들은 오셔서 즐기기에 좋은 곳인것 같습니다 :),"Dessert/Bakery, Coffee/Drink, Vibe",keyword
직원분이 너무너무 친절하시고 음료도 너무 특별하고 맛있어요 :),"Service, Dessert/Bakery, Coffee/Drink",keyword
에스프레소들 다넘맛있어요.,Vibe,keyword
구테로이테 커피도 당연히 맛있구 여기 매장 직원분들이 특히 더 친절하세요,"Service, Dessert/Bakery, Coffee/Drink, Vibe",keyword
매장도 깨끗하고 분위기도 좋습니다,"Dessert/Bakery, Coffee/Drink, Vibe",keyword
매장이 넓고 특별한 메뉴가밌고 친절합니다,"Service, Dessert/Bakery, Coffee/Drink, Vibe",keyword
커피가 맛있고 매장 인테리어가 예뻐요,"Vibe, Coffee/Drink",keyword
좌석이 많아서 대기 없이 떠들기 좋아요,Service,keyword
여기 커피가 진짜 너무 맛있는데 음료도 정말 맛있어요!,Coffee/Drink,keyword
성수동 올 때마다 오는 곳인데 커피 맛이 진짜 제 기준 top3안에 드는 곳입니다,"Dessert/Bakery, Coffee/Drink, Vibe",keyword
오늘 처음 방문했는데 매장 분위기가 정말 좋습니다!,"Service, Dessert/Bakery, Coffee/Drink, Vibe",keyword
"👍👍
그리고 성수동에서 찾아 보기 어려운 가성비가 좋은 음식들로 가득 했습니다!","Vibe, Service, Coffee/Drink, Price, Dessert/Bakery",keyword
"😁
여러모로 다시 방문하고 싶은 장소입니다!","Service, Dessert/Bakery, Coffee/Drink",keyword
"✌️
감사합니다!","Dessert/Bakery, Coffee/Drink",keyword
당연히 커피 너무 맛있고 인테리어도 예쁘고  공간도 넓어요,"Vibe, Coffee/Drink",keyword
맛있어보여서 들어왔는데 커피 맛잇어요,Coffee/Drink,keyword
분위기가 너무 좋고 음료도 맛있었어요!,"Vibe, Coffee/Drink",keyword
커피 전문점이라 확실히 다르네요ㅎㅎ,Coffee/Drink,keyword
강추합니다!,"Dessert/Bakery, Coffee/Drink",keyword
추운 겨울 날 잠깐 몸을 녹일 곳을 찾다가 들어왔습니다.,"Service, Vibe, Coffee/Drink",keyword
밖에서 보기엔 반짝 반짝해서 이런 아늑한 곳인지 몰랐어요.,"Dessert/Bakery, Coffee/Drink, Vibe",keyword
분위기가 참 좋습니다.,Vibe,keyword
늦은 시간이라 커피대신 뱅쇼로 데우고 갑니다,"Vibe, Coffee/Drink",keyword
사실 속이 느끼해서 매운 맛이 땡겼는데 그때 마신 구테러이테는 ㅠㅠㅠ 찐하고 입을 개운하게 해주는 맛이었습니다.,"Dessert/Bakery, Coffee/Drink",keyword
스톤슈페너는 첫 맛은 이상하다(?),"Dessert/Bakery, Coffee/Drink",keyword
생각할 수있는데 참고 쭉 마시는 순간 진가를 발휘하는 맛입니다!,"Dessert/Bakery, Coffee/Drink, Vibe",keyword
"고객 응대가 친절하고 빠름
음료 가격이 저렴함","Service, Dessert/Bakery, Coffee/Drink, Price",keyword
디저트가 맛난게 넘많고 깔금해요!!,"Dessert/Bakery, Coffee/Drink",keyword
가게가 넓고 빵도맛있는게많은데 더 자주채워지면 좋을거 같아요!,"Dessert/Bakery, Vibe",keyword
내부 되게 깔끔하고 커피 종류가 다양해서 두 잔씩 먹어도 좋아욯ㅅㅎ,"Dessert/Bakery, Coffee/Drink",keyword
성수에서 에스프레소바 찾다가 방문했어요~,"Service, Dessert/Bakery, Coffee/Drink, Vibe",keyword
커피도 너무 맛있는데 제빵기능장이 계신다고 하네요!,"Dessert/Bakery, Coffee/Drink",keyword
빵 종류도 많고 귀여운 리본 모양 빵도 있어요 ㅎㅎ,"Dessert/Bakery, Coffee/Drink, Vibe",keyword
바로 먹느라 사진은 못찍었지만 위에 크럼블이 올라간 시그니처 구테로이테!!,"Dessert/Bakery, Coffee/Drink",keyword
"페퍼민트를 주문했는데,
정말 향이 진하고 좋았어요 ^^","Service, Dessert/Bakery, Coffee/Drink",keyword
디저트 종류도 많아서 다음에는 디저트 먹으러 올거에요 ^^,"Dessert/Bakery, Coffee/Drink",keyword
커피도 다 맛있고 명장의 빵은 최고입니다!,"Dessert/Bakery, Coffee/Drink",keyword
맛있게 잘먹고 갑니다ㅎㅎ,Coffee/Drink,keyword
"쇼핑하다가 쉴 수 있는
디저트 맛집입니다.","Dessert/Bakery, Coffee/Drink, Vibe",keyword
케잌도 커피도 맛납니다,Coffee/Drink,keyword
커피는 맛있고 이색적인 메뉴가 있어서 좋아요!ㅎㅎ,"Vibe, Coffee/Drink",keyword
아늑하고 좋네요,"Dessert/Bakery, Coffee/Drink",keyword
지인들이랑 같이왔는데 빵맛도 커피맛도 분위기도 아주 좋아요~,"Dessert/Bakery, Coffee/Drink, Vibe",keyword
"오늘 급히 친구들만나서 맛있는 브레드와 커피를 마시고 싶어서 
왔어요","Dessert/Bakery, Coffee/Drink, Vibe",keyword
~~제빵기능사 분이 계셔서 그런지 빵 맛이 너무 맛있어요~~,Dessert/Bakery,keyword
감사합니다.~~~ㅋ,"Dessert/Bakery, Coffee/Drink",keyword
"친구들하고 왔는더
분위기좋고 맛도 좋아요","Dessert/Bakery, Coffee/Drink, Vibe",keyword
또 올래요~~~♡,"Dessert/Bakery, Coffee/Drink",keyword
친절하고 매장도 넓고 종류가 많아서 좋아요!,"Service, Dessert/Bakery, Coffee/Drink, Vibe",keyword
우연히 들어왔는데 커피와 디저트가 너무 맛있네요!,"Dessert/Bakery, Coffee/Drink",keyword
다음에 친구들과 다시 오고 싶은곳이네요,"Dessert/Bakery, Coffee/Drink, Vibe",keyword
빵과 커피가 맛있고 멋있는 곳이네요,"Dessert/Bakery, Coffee/Drink, Vibe",keyword
빵이 너무 맛있고  분위기도 너무 좋아요,"Dessert/Bakery, Vibe",keyword
"친구들과 함께 왔는데 넓은 매장이라
편하게 분위기 좋게 차와 맛있는 브레드
먹고 갑니다.","Dessert/Bakery, Coffee/Drink, Vibe",keyword
"구테로이테 본점에서 좋은 기억이 있었는데,","Vibe, Coffee/Drink",keyword
우연히 성수에도 있는 걸 보고 방문했습니다.!!,"Service, Dessert/Bakery, Coffee/Drink, Vibe",keyword
전보다 메뉴가 더 다양해져서 좋고 역시 맛도 있어요.!!,"Dessert/Bakery, Coffee/Drink, Vibe",keyword
"디저트가 다양하게 있고
카페가 넓어 편합니다.","Dessert/Bakery, Coffee/Drink, Vibe",keyword
디자인이 심플하면서 모던해,"Dessert/Bakery, Coffee/Drink",keyword
이런느낌 좋아하시면 추천해요,"Dessert/Bakery, Coffee/Drink, Vibe",keyword
지나가다 인테리어가 이뻐서 들어왔는데 커피도 마싯고 빵도 마싯어요!,"Dessert/Bakery, Coffee/Drink, Vibe",keyword
맛도 있고 예쁩니다,"Vibe, Coffee/Drink",keyword
커피 맛도리….,Coffee/Drink,keyword
데이트 장소로 하기 딱 좋아요,"Dessert/Bakery, Coffee/Drink, Vibe",keyword
음료도 맛있구 리뷰이벤트 자주해주시용,"Dessert/Bakery, Coffee/Drink",keyword
에스프레소를 먹기 위해 왔는데 맛있고 향이 좋아요!,"Dessert/Bakery, Coffee/Drink, Vibe",keyword
맛있고 분위기 좋아용,Vibe,keyword
"넘무 마싯어요이이이이이이잉❤️
커피 맛집 ㅜㅜㅜㅜ !!!!",Coffee/Drink,keyword
성수오면 꼭 와요,"Dessert/Bakery, Coffee/Drink",keyword
넓어요,Vibe,keyword
시그니처커피가 좋아요!!,Coffee/Drink,keyword
성수동커피맛집❤️❤️,Coffee/Drink,keyword
"분위기도 좋고🤍🤍
커피맛도좋아요","Vibe, Coffee/Drink",keyword
"♥️♥️♥️
성수동데이트장소로 딱입니다!!",Vibe,keyword
구테로이테 먹었는데 맛있어요!!,Coffee/Drink,keyword
인테리어 분위기도 좋고 디저트도 많아서 커피랑 마시기 좋아요!,"Dessert/Bakery, Coffee/Drink, Vibe",keyword
"에스프레소를 즐길 수 있고
그 외의 다른 음료와 디저트들을 즐길 수 있어요","Dessert/Bakery, Coffee/Drink, Vibe",keyword
"커피도 맛있고 편하게 즐길 수 있는 카페입니다 :)
바스크 치즈케이크도 추천해요!","Dessert/Bakery, Coffee/Drink, Vibe",keyword
커피와 잘 어울려요!,Coffee/Drink,keyword
인테리어가 예쁘고 맛있는 빵들이 많아요,"Dessert/Bakery, Vibe",keyword
커피맛도 좋지만 빵이 정말 맛있어요!,"Dessert/Bakery, Coffee/Drink",keyword
다음에도 또 오고싶네요,"Dessert/Bakery, Coffee/Drink",keyword
매장 너무 예쁘고 음료 맛있어요,"Vibe, Coffee/Drink",keyword
커피와 음료도 맛있고 안에 조명 분위기가 포근하고 좋아요!,"Dessert/Bakery, Coffee/Drink, Vibe",keyword
커피 고소하고 맛있어요!!,Coffee/Drink,keyword
베이커리도 종류가 많아서 빵순이들도 좋을것같아요~~,Dessert/Bakery,keyword
너무 맛있어 보여서 지나가다가 아빠선물로 티라미수 포장했어요!,"Price, Dessert/Bakery, Coffee/Drink, Vibe",keyword
케이크도 딱 좋아요,Dessert/Bakery,keyword
😀  성수에 이런곳이 있었다니 ㅎㅎ,"Vibe, Coffee/Drink",keyword
멋진 인테리어와 맛있는 커피를 즐길 수 있는 곳.,"Vibe, Coffee/Drink",keyword
반려동물동반 가능카페를 찾던 중 우연히 들어왔어요!,"Service, Coffee/Drink, Price",keyword
빵도 맛있고 분위기도 좋구 좌석도 많고 넓어요!,"Dessert/Bakery, Vibe",keyword
좁은 곳은 반려동물 동반가눙이여도 불편해서 잘 안가게 되는데 분위기가 너무 무겁지도 않고 소파 좌석도 편해서 아이 올려놓고 음료와 빵 즐기다 가기 좋아용,"Dessert/Bakery, Coffee/Drink, Vibe",keyword
"〰️🥴
음료와 빵도 맛있네요","Dessert/Bakery, Coffee/Drink",keyword
🎀평일 저녁이라 그런진 몰라도 붐비지않고 복잡하지 않아서 마음에들어용,"Dessert/Bakery, Coffee/Drink, Vibe",keyword
음료가 다 맛있고 매장이 쾌적해요ㅎㅎㅎ,"Dessert/Bakery, Coffee/Drink, Vibe",keyword
친구들과 좋은 시간 보냈어요,Vibe,keyword
구테로이테 이름만 듣다가 와봤는데 너무 맛있고 좋아요!,"Dessert/Bakery, Coffee/Drink",keyword
이름이 정겨워서 들어왔어요 시그니쳐메뉴가 궁금해서 리뷰남깁니당,"Dessert/Bakery, Coffee/Drink",keyword
"명장의 맛 :)
꼭 한번은 경험해 보세요!","Dessert/Bakery, Coffee/Drink",keyword
커피가 맛있고 빵도 맛나요,"Dessert/Bakery, Coffee/Drink",keyword
이야기 나누기 좋은 맛있는 카페,Coffee/Drink,keyword
에스프레소 맛집 항상 파인콘 먹으러 와요 !!,"Dessert/Bakery, Coffee/Drink, Vibe",keyword
가격도 좋은데 맛도 있는 에스프레소를 집 주변에소 먹을 수 있어서 좋아요!,"Vibe, Coffee/Drink, Price",keyword
들어왔을때 딱 넓고 쾌적해서 좋았어요,"Dessert/Bakery, Coffee/Drink, Vibe",keyword
자리도 많고 분위기 좋아요!!,Vibe,keyword
거울도 있고 사진도 잘나와용,"Vibe, Coffee/Drink",keyword
베이커리와 커피를 같이 즐길수있어 좋아요,"Vibe, Coffee/Drink",keyword
가게도 넓으네요,Vibe,keyword
예쁜 라떼아트 ㅎ,"Vibe, Coffee/Drink",keyword
"카페가 멋지고 넓어요
모임 장소로 추천합니다","Dessert/Bakery, Coffee/Drink, Vibe",keyword
"들어오자마자 인테리어도 너무 깔끔하고 멋있어서 사진찍기도 좋은데 음료, 커피, 빵 전부 다 너무 맛있어요.","Dessert/Bakery, Coffee/Drink, Vibe",keyword
특히 카페크레마 너무 맛있어서 깜짝 놀랐어요.,Dessert/Bakery,keyword
맛있고 빨리 나와요~!~,Coffee/Drink,keyword
소금빵 너무 맛있고 콜드브루도 맛있었어요 ^^,"Dessert/Bakery, Coffee/Drink",keyword
인테리어가 감성 카페에요.,"Vibe, Coffee/Drink",keyword
다른 카페에서는 보지 못한 에스프레소 음료가 많아서 좋아요,"Vibe, Coffee/Drink",keyword
☺️ 타 지점보다 넓고 성수점 추천해여,"Dessert/Bakery, Coffee/Drink, Vibe",keyword
맛있는 커피로 입헹구고싶을때 딱이에요.,"Vibe, Coffee/Drink",keyword
스페셜티 원두로 꼭 업해서 드세요!,"Dessert/Bakery, Coffee/Drink, Vibe",keyword
빵 맛잇어요,Dessert/Bakery,keyword
감사해요,"Dessert/Bakery, Coffee/Drink",keyword
분위기가 너무 좋고 커피도 딱 고소하고 좋네용~!,"Dessert/Bakery, Coffee/Drink, Vibe",keyword
커플끼리 와도 친구끼리 와도 너무 좋을거같아용,"Dessert/Bakery, Coffee/Drink, Vibe",keyword
커피 가격이 저렴합니다!,"Coffee/Drink, Price",keyword
좀 느즈막히가서 베이커리는 없었지만 음료는 전반적으로 맛있내요:),Coffee/Drink,keyword
"친구 덕분에 방문하게 됐는데
카페 분위기도 너무 좋고
커피도 케이크도 맛있어요 :)","Service, Dessert/Bakery, Coffee/Drink, Vibe",keyword
예쁜 카페가 있어서 들렀는데 다양한 종류의 커피와 베이커리가 있어요,"Dessert/Bakery, Coffee/Drink, Vibe",keyword
"카페 크레마랑 콘파냐를 시켰는데, 커피가 진짜 맛있어요!","Dessert/Bakery, Coffee/Drink",keyword
"한 입 먹자마자 음~하면서 음미하기 좋고, 진짜 다음에는 코스 커피로 마시고 싶네요 ㅎㅎ","Dessert/Bakery, Coffee/Drink, Vibe",keyword
다 먹어보고 싶어서 여러 번 찾아올 것 같아요!,"Dessert/Bakery, Coffee/Drink",keyword
커피 진짜 맛있네요.,Coffee/Drink,keyword
카페크레마 엄청 부드럽고 콘파냐도 휘핑이 진짜 신기해요.,Dessert/Bakery,keyword
빵도 있어서 다음에는 점심 적당히 먹고 빵이랑 커피 같이 먹어야겠어요!,"Dessert/Bakery, Coffee/Drink, Vibe",keyword
훌륭합니다~,"Dessert/Bakery, Coffee/Drink, Vibe",keyword
"깔끔한 맛에 레몬그라니따와 
달콤한 파인콘이 
정말 매력적입니다^^","Dessert/Bakery, Coffee/Drink",keyword
"아인슈페너 크림이 땅콩맛도나고 고소달콤하고 
아래커피도 너무괜찮았어요","Dessert/Bakery, Coffee/Drink",keyword
성수에서 웨이팅 없는 조용한 카페였습니다.,"Service, Dessert/Bakery, Coffee/Drink",keyword
"잠시 머물렀지만, 나름 조용히 얘기하기 좋았어요.","Dessert/Bakery, Coffee/Drink",keyword
"바나나 코코넛케이크는 새로워서 주문해봤는데, 참 달달했습니다.","Service, Dessert/Bakery, Coffee/Drink",keyword
사장님(?),Service,keyword
직원분이 친절하셨어요.,"Service, Dessert/Bakery, Coffee/Drink",keyword
커피 맛이 너무 좋아요,Coffee/Drink,keyword
"리뷰이벤트 쓰면 시그니처 1잔 무료제공이라고 
계산대 앞, 테이블마다 적혀 있는데 
직원 두분 다 표정이 너무 안좋아요","Service, Vibe, Coffee/Drink",keyword
"말할때도 , 받을때도 되게 눈치를 준다해야하나 ..","Dessert/Bakery, Coffee/Drink",keyword
그럴거면 리뷰이벤트를 하지 않았음 좋겠네요,"Dessert/Bakery, Coffee/Drink",keyword
커피는 맛있게 잘 먹었지만 기분은 별로에요,"Vibe, Coffee/Drink",keyword
메뉴에는 없어도 라떼도 주문 가능합니다.,"Service, Dessert/Bakery, Coffee/Drink, Price",keyword
에스프레소 전문점?,Vibe,keyword
이어서 그런지 라떼도 다른 곳보다 진한 느낌이에요.,"Vibe, Coffee/Drink",keyword
커피도 맛있고 케이크도 맛있고 분위기도 좋아요!!,"Dessert/Bakery, Coffee/Drink, Vibe",keyword
분위기도 좋고 빵도 맛있어요!,"Dessert/Bakery, Vibe",keyword
커피도 너무 향긋하고 좋네용,"Dessert/Bakery, Coffee/Drink",keyword
롱블랙 넘나 맛나네요!!,Coffee/Drink,keyword
빵냄새가 행복해요,"Dessert/Bakery, Coffee/Drink, Vibe",keyword
우연히 들어온 카페인데 넓고 쾌적하고 좋아요!,"Dessert/Bakery, Coffee/Drink, Vibe",keyword
커피가 다양해서 너무 좋아요,"Dessert/Bakery, Coffee/Drink",keyword
커피도 맛나고 저렴해요!,Coffee/Drink,keyword
매장도 넓고 이뻐서 좋아요♡,Vibe,keyword
커피도 맛있고 디저트도 맛있어요.,"Dessert/Bakery, Coffee/Drink",keyword
연말분위기내기 좋아요,Vibe,keyword
본점에서 맛있게 먹었던 기억이 있는데 성수동에도 생겨서 너무 좋아요!!!,"Vibe, Coffee/Drink",keyword
퀄리티 대비 가성비 좋은 것 같아요~,"Dessert/Bakery, Price",keyword
커피를 좋아하는 사람에게는 파인콘이 더 맛고 초딩입맛에는 구테로이테가 딱입니다.,"Dessert/Bakery, Coffee/Drink, Vibe",keyword
아몬드 그린티쿠키는 중독성이 있네요ㅎ,"Dessert/Bakery, Coffee/Drink, Vibe",keyword
분위기도 좋고 맛있는 메뉴가 많아요.,Vibe,keyword
에스프레소 입문자에게 추천!,Vibe,keyword
엄마 모시고 저녁 먹기전  커피마시러 왔어요,"Dessert/Bakery, Coffee/Drink",keyword
에스프레소 맛집이라고 자랑하먀 왔어요,"Dessert/Bakery, Coffee/Drink, Vibe",keyword
분워기 좋고 특히 공간이 넓어 좋아요,Vibe,keyword
분위가 좋아서 자주 오고싶은 곳입니다~,"Dessert/Bakery, Coffee/Drink, Vibe",keyword
매장에성 롱블랙,Vibe,keyword
인테리어 멋지고 커피 맛있어요!,"Vibe, Coffee/Drink",keyword
애플망고그린에이드 완전 맛있어요!!,Coffee/Drink,keyword
커피맛이 굉장히 스무스해요,"Dessert/Bakery, Coffee/Drink",keyword
매장이 넓어서 좋고 혼자 오기에도 괜찮아요,"Dessert/Bakery, Coffee/Drink, Vibe",keyword
분위기 좋고 포토존도 있어서 마음에 들어요 ㅎㅎ,"Vibe, Coffee/Drink",keyword
커피도 좋고 음료나 디저트도 특색있는 것 같아요 :),"Dessert/Bakery, Coffee/Drink, Vibe",keyword
강남점은 가봤는데 사무실 근처인데 생긴지 모르고 있다가 와봤네요.,"Dessert/Bakery, Coffee/Drink, Vibe",keyword
빵도 맛있고 좋았네요.,Dessert/Bakery,keyword
나오자마자 사진 찍지도 못하고 먹다가 생각나서 찍었네요ㅠ,Coffee/Drink,keyword
암튼 맛있게 잘먹었습니다,Coffee/Drink,keyword
성수 지나다 들렀는데 디저트랑 커피 모두 맛있네요!,"Dessert/Bakery, Coffee/Drink",keyword
공간도 넓고 깔끔하고 좋아요 ><,"Dessert/Bakery, Coffee/Drink, Vibe",keyword
"쿠키도 맛있고
케이크는 안먹었지만 맛있어보여요 ㅋ","Dessert/Bakery, Coffee/Drink",keyword
에스프레소인데 상콤하니 너무 맛있어요~~,"Dessert/Bakery, Coffee/Drink, Vibe",keyword
먹을수록 맛있는맛!,Coffee/Drink,keyword
베이커리 종류가 많고 커피가 진 ~ 짜 맛있어요,Coffee/Drink,keyword
공간도 쾌적하고 가성비도 좋네요,"Price, Dessert/Bakery, Coffee/Drink, Vibe",keyword
성수 올 일 있으면 앞으로도 들릴 것 같아요,"Dessert/Bakery, Coffee/Drink, Vibe",keyword
커피 잘 마셨습니당,Coffee/Drink,keyword
넓고  직원이  친절해서  좋아요,"Service, Dessert/Bakery, Coffee/Drink, Vibe",keyword
쿠키 맛있고 음료도 달콤해요~,"Dessert/Bakery, Coffee/Drink",keyword
가격도 좋아요~~~,Price,keyword
여긴 에스프레소가 찐.,Vibe,keyword
평소 에스프레소는 너무 쓰고 강렬한 맛 때문에 불호에 가까웠는데 여기는 진하지만 부담스럽지 않은 부드러움이 있다.,"Dessert/Bakery, Coffee/Drink, Vibe",keyword
맛있게 잘 먹었어요!,Coffee/Drink,keyword
성수동에서 가장 힙한 카페 같아요~,"Dessert/Bakery, Coffee/Drink, Vibe",keyword
제과기능장이 만든 베이커리도 먹을수 있어요,"Vibe, Coffee/Drink",keyword
여자친구랑 인테리어가 이뻐서 방문했는데 커피랑 음식이 너무 맛있어요,"Service, Dessert/Bakery, Coffee/Drink, Vibe",keyword
특히 몽블랑 추천합니다!,"Dessert/Bakery, Coffee/Drink, Vibe",keyword
성수동에 인테리어가 깔끔하고 메뉴가 저렴해요.,"Dessert/Bakery, Coffee/Drink, Vibe",keyword
그런데 맛은 고급져요,Dessert/Bakery,keyword
공간이 탁 트여서 편하고 구테로이테 대표 메뉴도 맛있어용,Vibe,keyword
그리고 수플레는 사알짝 일반적인 치즈슈플레보다 텁텁한 맛이있는데 그래도 괜찮습니당,"Dessert/Bakery, Coffee/Drink, Vibe",keyword
커피가 굉장히 맛있고 디저트가 다양하고 맛있어요,"Dessert/Bakery, Coffee/Drink",keyword
조용한 분위기에서 쉬기 좋습니다,"Dessert/Bakery, Coffee/Drink, Vibe",keyword
분위기 넘 조쿠 커피가 맛나요,"Vibe, Coffee/Drink",keyword
몽블랑빵이랑 모카라떼 디카페인 아메리카노 먹었어요,"Dessert/Bakery, Coffee/Drink",keyword
빵 맛있고 분위기 힙해서 데이트 카페로 좋을듯👍👍,"Dessert/Bakery, Coffee/Drink, Vibe",keyword
맛있는 스톤 슈페너 잘 먹었습니다!,Coffee/Drink,keyword
커피 맛있고 분위기도 좋아요!,"Vibe, Coffee/Drink",keyword
에스프레소 최고에요,Vibe,keyword
음료가 정말 맛있어요~~~,Coffee/Drink,keyword
"주변에 카페들 정말 많이 붐비는데 
그래도 웨이팅 없이 바로 착석해서 구웃 ㅜ","Service, Dessert/Bakery, Coffee/Drink, Vibe",keyword
이 카페에만 있는 플랫화이트 마셔봤는데 맛있었어요,"Vibe, Coffee/Drink",keyword
특이한 메뉴가 많아서 고르는 재미가 있습니다,"Dessert/Bakery, Coffee/Drink, Vibe",keyword
"서울 놀라와서 우연히 들른 카페인데 직원분들도
친절하시고 커피랑 디저트도 너무 맛있네요^^","Service, Dessert/Bakery, Coffee/Drink",keyword
담번에 성수오면 다시재방문각 입니다,"Service, Dessert/Bakery, Coffee/Drink",keyword
에스프레소가 맛있어요~~~,Vibe,keyword
일단 공간도 넓고 빵 커피도 있어서 앉아서 편하게 수다떨기 너무 좋아요.,"Dessert/Bakery, Coffee/Drink, Vibe",keyword
특히 커피 가격도 너무 착해요.,"Coffee/Drink, Price",keyword
커피랑 빵 모두 먹기 부담없는 가격인게 가장 큰 장점이에요.,"Service, Dessert/Bakery, Coffee/Drink, Price",keyword
재방문 의사 100%에요!,Service,keyword
맛있구 분위기가 좋아요,Vibe,keyword
안에 공간이 생각했던거 보다 더 넓네요!,"Dessert/Bakery, Coffee/Drink, Vibe",keyword
"분위기도 좋고 넓고 커피도 맛있고 
넘 좋았어요","Vibe, Coffee/Drink",keyword
인테리어가 멋져요!!,Vibe,keyword
넓고 늦게까지해서 좋아욤,"Dessert/Bakery, Coffee/Drink, Vibe",keyword
분위기도 좋고 메뉴가 특이해서 또 오고싶어요!,"Dessert/Bakery, Coffee/Drink, Vibe",keyword
언주점만 가보다가 성수왔는데 인테리어도 다르고 디저트도 다양하네요,"Dessert/Bakery, Coffee/Drink, Vibe",keyword
둘다 너무 좋고 커피는 역시나 오늘도 맛있어요!,Coffee/Drink,keyword
우선 크기도 커서 넉넉히 앉을수 있고 맛있는 빵도 많아요,"Service, Dessert/Bakery, Coffee/Drink, Vibe",keyword
콜드브루는 뒷맛이 묵직하나 가벼운 느낌으로 끝나 깔끔한 편이고 클래식 딥 쇼콜라 진짜 맛있어요,"Dessert/Bakery, Coffee/Drink",keyword
와보고싶었던 매장이에요,"Dessert/Bakery, Coffee/Drink, Vibe",keyword
삥이 맛있고 매장이 예뻐요~,Vibe,keyword
매장도 넓고 빵도 맛있고 좋아요,"Dessert/Bakery, Vibe",keyword
성수에 공간도 넓고 커피종류도 많고 가격이 합리적이에요,"Vibe, Coffee/Drink, Price",keyword
공간도 넓고 ㅁ커피도 맛있어요!,"Vibe, Coffee/Drink",keyword
케익도 너무 맛있고 분위기도 넘 좋네요!!,Vibe,keyword
에스프레소도 맛나요!!,Vibe,keyword
빵도 맛있고 커피 메뉴도 다양해서 신기해요!,"Dessert/Bakery, Coffee/Drink",keyword
오전에 오니까 자리 널널하고 좋네요ㅎㅎ,"Dessert/Bakery, Coffee/Drink",keyword
밖에 너무 추워서 그냥 시간 보내려고 들어왔는데 아주 탁월한 선택이었어요 >.<,"Service, Dessert/Bakery, Coffee/Drink, Vibe",keyword
제과기능장 붙어있으면 일단 맛은 보장된 부분~~~!,"Vibe, Coffee/Drink",keyword
덕분에 따뜻한 음료 마시고 성수 팝업 잘 돌겠어용 ㅎㅎ,"Dessert/Bakery, Coffee/Drink",keyword
카페도 넓고 깔끔하고 음료가 맛있어용!,"Dessert/Bakery, Coffee/Drink, Vibe",keyword
빵 커피 모두 정말 맛있어요!!,"Dessert/Bakery, Coffee/Drink",keyword
에스프레소 좋아해서왔는데  여러메뉴 있고  카페도 엄청 깔끔하고 저는 빵을 오래했는데 빵도 괜찮아 보여요.,"Dessert/Bakery, Coffee/Drink, Vibe",keyword
늦게까지해서 그것도 좋고 ㅎㅎ자주와도 될거같아요,"Dessert/Bakery, Coffee/Drink",keyword
아인슈페너랑 애플망고에이드 맛있어요,Coffee/Drink,keyword
분위기도좋아서 추천합니다!,"Dessert/Bakery, Coffee/Drink, Vibe",keyword
이천쌀음료먹었는데 너무 고소하고 맛있었고 카라멜케이크도 맛있었습니다,"Dessert/Bakery, Coffee/Drink",keyword
에스프레소가 맛있어서 자주 들르는 곳이예요.,Vibe,keyword
"지난번 주말 낮에 왔을 땐 사람이 너무 많았는데, 저녁 때오니까 또 다른 느낌입니다.","Dessert/Bakery, Coffee/Drink, Vibe",keyword
매장이 깔끔하고 쾌적해요!,"Dessert/Bakery, Coffee/Drink, Vibe",keyword
들어가자마자 커피향이 너무 좋아요 ㅠㅠ,Coffee/Drink,keyword
케이크류도 다 너무 예쁩니다~!,"Dessert/Bakery, Vibe",keyword
"커피도 너무 맛있고 
공간도 맘에 듭니다","Vibe, Coffee/Drink",keyword
여러명에서 같이 이용할수 있어서 좋아요!,"Dessert/Bakery, Coffee/Drink, Vibe",keyword
"롱블랙 본연의 커피맛을 느낄수 있어서 좋았고, 진한 커피 좋아하시는 분께 추천드려요 !","Vibe, Coffee/Drink",keyword
스페셜 원두도 맛있어요 !,Coffee/Drink,keyword
넓고 쾌적한 실내라 지인들과 찾기 좋아요,"Service, Dessert/Bakery, Coffee/Drink, Vibe",keyword
커피 맛도 훌륭합니다,"Dessert/Bakery, Coffee/Drink, Vibe",keyword
카페가 예쁘길래 친구랑 수다떨러 들어왔는데 인테리어도 예쁘고 음료가 정말 맛있어요!,"Vibe, Coffee/Drink",keyword
넓어서  좋아요~~,Vibe,keyword
분위기가 너무 좋아요 ^^,Vibe,keyword
잘 먹고 가요!!,Coffee/Drink,keyword
너무 맛있어서 항상 클라이밍 오면 꼭 먹어요!,"Dessert/Bakery, Coffee/Drink",keyword
복잡한 성수에서 넓고 여유가 약간 있게 커피를 마실 수 있는 공간입니다.,"Dessert/Bakery, Coffee/Drink, Vibe",keyword
커피도 괜찮고 직원분들이 친절하십니다.,"Service, Dessert/Bakery, Coffee/Drink",keyword
집앞에 나올 때 항상 오는 편입니다.,"Dessert/Bakery, Coffee/Drink, Vibe",keyword
디저트가 늘어서 더 좋아졌어요.,Dessert/Bakery,keyword
여기 커피가 맛있어서 종종 오는데 매장도 이쁘고 넓어서 좋습니다,"Dessert/Bakery, Coffee/Drink, Vibe",keyword
커피도 맛나고 디저트도 맛나여 ㅎ,"Dessert/Bakery, Coffee/Drink",keyword
너무 맛있고 항상 자주 오는 곳이에영,"Dessert/Bakery, Coffee/Drink, Vibe",keyword
성수 여행중에 방문한 구테로이테❣️ 딥 쇼콜라 완전 제 스타일이었어요,"Service, Dessert/Bakery, Coffee/Drink",keyword
😁😁 매장도 넓고 청결해서 편히 쉬다가 갈 수 있어서 좋았습니다!,"Dessert/Bakery, Coffee/Drink, Vibe",keyword
에스프레소 맛있고 매장 분위기도 편해서 좋아요,Vibe,keyword
분위기도 좋고 일단 빵이랑 쿠키가 진찌 맛있어요 ㅎㅎ,"Dessert/Bakery, Vibe",keyword
소금빵 러스크랑 피자빵 티슈브레드 !!,Dessert/Bakery,keyword
우연히 들어왔는데 커피도 맛있고 분위기도 좋았습니다,"Vibe, Coffee/Drink",keyword
커피 너무 이쁘고 맛있어요!,"Vibe, Coffee/Drink",keyword
종류도 다양해서 좋아요!,"Dessert/Bakery, Coffee/Drink",keyword
시그니처 음료인 구테로이테 주문해봤어요!,"Service, Dessert/Bakery, Coffee/Drink",keyword
에스프레소 도전에는 살짝쿵 두려움이 있었는데 시켜보길 잘한 거 같아요!,"Dessert/Bakery, Coffee/Drink, Vibe",keyword
직원분께서 먹는 방법도 친절히 설명해주셔서 처음 한 수저 떠먹어봤는데 너~~~~무 맛있습니다ㅎㅎ,"Service, Dessert/Bakery, Coffee/Drink",keyword
구테로이테 첫 음료 성공했으니 다른 종류도 다양하게 먹어보려 합니다,"Dessert/Bakery, Coffee/Drink",keyword
"맛있는 빵과 음료, 만족스러운 방문","Service, Dessert/Bakery, Coffee/Drink, Price",keyword
"이번에 방문한 카페에서 소금빵, 티슈브레드 빵, 배리뱅 콘판나, 클래식 딥 쇼콜라를 주문했습니다.","Service, Dessert/Bakery, Coffee/Drink, Vibe",keyword
초콜릿 좋아하는 분들께 강력 추천!,"Vibe, Coffee/Drink",keyword
분위기도 좋아서 또 방문하고 싶습니다.,"Service, Dessert/Bakery, Coffee/Drink, Vibe",keyword
"우연히 들어오게 됫는데
제과명장님이 만드신 빵과 퀄리티있는 커피는 환상적이다.","Dessert/Bakery, Coffee/Drink, Vibe",keyword
성수동 오신다면 추천해요,"Dessert/Bakery, Coffee/Drink, Vibe",keyword
커피맛이 일품이에요,Coffee/Drink,keyword
빵도 너무 맛나요 ㅎㅎ,Dessert/Bakery,keyword
라떼가 너무 맛있어서 놀랬어요!,Coffee/Drink,keyword
"넓고, 삥과 특히 커피종류가 많고 맛있네요.","Vibe, Coffee/Drink",keyword
에스프레소 종류도 많고 에스프레소바가 따로 있어소 여러잔 즐길수 있을 것 같아요. ^^,"Dessert/Bakery, Coffee/Drink, Vibe",keyword
카페도 많은 만큼 사람들도 많아서 정신없던 와중에 찾은 빵맛집입니당!!!,"Service, Dessert/Bakery, Coffee/Drink, Vibe",keyword
제과제빵명인이 하는 빵집이라니!!!!,"Dessert/Bakery, Coffee/Drink",keyword
피자빵 진짜 너무 맛있으니까 꼭와서 드셔보세요,"Dessert/Bakery, Coffee/Drink",keyword
빵 케이크 쿠키 다양하게 있고 색다른 음료가 많아서 좋아요!,"Dessert/Bakery, Coffee/Drink, Vibe",keyword
좌석도 넓고 커피도 맛있어요,"Vibe, Coffee/Drink",keyword
실내 디자인도 깔끔하고 모던해요!!,"Dessert/Bakery, Coffee/Drink, Vibe",keyword
커피 맛이 진하고 여러개 맛볼 수 있어서 좋아요!,"Dessert/Bakery, Coffee/Drink, Vibe",keyword
에스프레소가 맛있어요:D 시그니처부터 파인콘같은 기본메뉴까지 싹 다 마셔보고 싶네요!!,"Dessert/Bakery, Vibe",keyword
😆 아아메 없는 카페여도 메뉴 많답니다,"Dessert/Bakery, Coffee/Drink",keyword
"😏
매장도 넓고 인테리어 세련되고 깔끔하니 좋아요~","Dessert/Bakery, Coffee/Drink, Vibe",keyword
커피가 너무 맛좋고 빵도 맛좋아요!,"Dessert/Bakery, Coffee/Drink",keyword
성수에 온김에 구테로이테에 들렀어요,"Dessert/Bakery, Coffee/Drink",keyword
"일전에도 다른 곳에서 에쏘를 맛나게 먹었던곳이라
성수에서 발견해서 좋았네요","Dessert/Bakery, Coffee/Drink, Vibe",keyword
역시 에쏘 맛나네요,Coffee/Drink,keyword
혼자서 커피 마시기 좋아요.,Coffee/Drink,keyword
분위기랑 베이커리는 조금 안맞아서 커피만 마셨어요.,"Vibe, Coffee/Drink",keyword
커피가 정말 맛있고 가볍게 한잔 마시기 좋아요!,Coffee/Drink,keyword
커피가 마싯어요!!,Coffee/Drink,keyword
롱블랙과 티슈브레드 단팥빵 먹었는데 커피가 참 부드럽고 진합니다.,Coffee/Drink,keyword
빵도 맛있어요!,Dessert/Bakery,keyword
커피 진하고 맛있어용,Coffee/Drink,keyword
대문인테리어가  인상적이어서 우연히 들어왔는데 사람들 마시는 커피가 넘 맛있어보여서 착석했네요.,"Dessert/Bakery, Coffee/Drink, Vibe",keyword
커피도 디저트도 완전 맛있어요.,"Dessert/Bakery, Coffee/Drink",keyword
스톤슈페너는 생각보다 잔은 작았지만 많이 달지않고 진한데 쓰지않고 ㅎ 넘 맛있네요.,Dessert/Bakery,keyword
3잔도 마실 수 있을것같음.,"Dessert/Bakery, Coffee/Drink, Vibe",keyword
첫 방문이에요!,Service,keyword
에스프레소 바 답게 메뉴가 처음 보는 것들이 많아요.,"Dessert/Bakery, Vibe",keyword
제빵 종류도 다양해서 좋은 방문이었습니다~!,"Service, Dessert/Bakery, Coffee/Drink",keyword
소금빵 너무맛있어요!!!!,Dessert/Bakery,keyword
커피 맛도 좋아요,Coffee/Drink,keyword
다리 아파서 왔믄데 가격도 그리 비싸지 않네요.,"Vibe, Price",keyword
분위기도 좋고 특히 매장이 넓어서 좋아요.,Vibe,keyword
커피 종류도 많고 직원분들도 친절해요!!,"Service, Dessert/Bakery, Coffee/Drink",keyword
분위기 있어요,"Vibe, Coffee/Drink",keyword
음료 메뉴도 다양하고 맛있고 분위기도 좋습니다,"Dessert/Bakery, Coffee/Drink, Vibe",keyword
대형카페의 시끌벅적한 느낌이 아니라 더 좋습니다,"Dessert/Bakery, Coffee/Drink",keyword
분위기도 좋고 너무 맛있어요~~~,Vibe,keyword
깨끗하고 넓고 쾌적해요.,"Dessert/Bakery, Coffee/Drink, Vibe",keyword
직원분들이 친절하고 빵이 맛있어요,"Service, Dessert/Bakery, Coffee/Drink",keyword
커피가 다 개성있고 온도도 다르고 맛있습니다!!,"Vibe, Coffee/Drink",keyword
바질을 좋아해서 바질파니니도 먹어봤는데 바질향이 향긋해서 잘먹었어요!!,Coffee/Drink,keyword
친구와 성수에 놀러왔다 지친 몸에 잠시 휴식을 주러 들른 곳!,"Dessert/Bakery, Coffee/Drink, Vibe",keyword
빵 종류가 많고 커피도 가격이 괜찮아요~,"Dessert/Bakery, Coffee/Drink, Price",keyword
커피가 다양하고 맛나요^^,"Dessert/Bakery, Coffee/Drink",keyword
디저트도 여러가지고 인테리어도 굳이에용,"Dessert/Bakery, Vibe",keyword
에스프레소  넘  맛있고 분위기  짱 조아요,Vibe,keyword
"분위기가 너무 좋고 롱블랙, 에그타르트 진짜진짜 맛있어요 !",Vibe,keyword
재방문의사 1000%입니다 :),Service,keyword
커피도 맛있고 매장 넓고 깔끔해서 점심먹고 자주 방문하는 곳이에요!,"Service, Dessert/Bakery, Coffee/Drink, Vibe",keyword
에스프레소가 너무 밋있아서 근처오면 무조건 들립니다,"Dessert/Bakery, Coffee/Drink, Vibe",keyword
파인콘이 맛있다고해서 들렀는데 정말 맛있어요!,"Dessert/Bakery, Coffee/Drink",keyword
원데이클라스 관심있어요!!,"Vibe, Coffee/Drink",keyword
커피가 맛있고 디저트 종류도 많아요!,"Dessert/Bakery, Coffee/Drink",keyword
다음에 먹어보고 싶어요!!,Coffee/Drink,keyword
알콜없는 뱅쇼 찾아왔어요~,"Service, Dessert/Bakery, Coffee/Drink, Vibe",keyword
"바스크 치즈케이크, 에그타르트 맛있고
역시 에스프레소가 맛잇습니다!","Dessert/Bakery, Vibe",keyword
커피가 맛있고 공간이 아늑해요!!,"Dessert/Bakery, Coffee/Drink, Vibe",keyword
다음에 다른메뉴도 또 먹어보고 싶어오!,"Dessert/Bakery, Coffee/Drink",keyword
분위기도 좋고 친절합니다~,"Service, Dessert/Bakery, Coffee/Drink, Vibe",keyword
분위기가 좋고 빵과 음료가 맛있어요 ♥,"Dessert/Bakery, Coffee/Drink, Vibe",keyword
분위기 차분하면서 대화하기도 좋네요,"Dessert/Bakery, Coffee/Drink, Vibe",keyword
다양한 메뉴들이 잇어서 좋아요 ~><,"Dessert/Bakery, Coffee/Drink",keyword
다양한 빵이랑 디저트 있고 맛도 머무 맛있어여!!,"Dessert/Bakery, Coffee/Drink, Vibe",keyword
커피만 맛있는줄 알았는데 다른 음료들도 맛있고 바스크치즈케이크도 다른곳보다 부드럽고 맛있어요!!,"Service, Dessert/Bakery, Coffee/Drink, Vibe",keyword
에스프레소 맛집이네요!,Vibe,keyword
가성비도 좋고 분위기도 좋아요,"Vibe, Price",keyword
에스프레소 처음인데 아주 맛있어요,Vibe,keyword
가격도 싸고 괜찮네요,Price,keyword
자주 올게요!,"Dessert/Bakery, Coffee/Drink",keyword
문을 여는 순간부터 좋은 커피 향이 가득합니다.,"Dessert/Bakery, Coffee/Drink",keyword
커피와 디저트 모두 최고입니다.,"Dessert/Bakery, Coffee/Drink",keyword
직원분들도 친절하시고 아주 만족스럽습니다.,"Service, Dessert/Bakery, Coffee/Drink, Price",keyword
디카페인 맛집이에요,Coffee/Drink,keyword
커피가 너무 맛있는 카페...,Coffee/Drink,keyword
커피가 맛있다고 해서 방문했는데 역시나!!,"Service, Dessert/Bakery, Coffee/Drink",keyword
수정과 콜드브루 너무 제 스타일이에요!!,Coffee/Drink,keyword
디저트도 종류도 많고 맛도 너무 맛있어요ㅎㅎ,Dessert/Bakery,keyword
커피전문점으로 와보고 싶었던 카페!!,"Dessert/Bakery, Coffee/Drink",keyword
"방문
생각보다 빵도 많고 공간도 예뻐요!!","Service, Dessert/Bakery, Vibe",keyword
"구테로이테 강남을 자주 이용하다가 
성수에 오픈하고는 처음 방문해 보았습니다.","Service, Dessert/Bakery, Coffee/Drink",keyword
"기대했던 것 이상으로 분위기도 정말 좋고 
에소는 말할것도 없이 맛있습니다!","Dessert/Bakery, Coffee/Drink, Vibe",keyword
"키친이라는 네이밍 답게 디저트도 다양하고 
훌륭하네요!!","Dessert/Bakery, Coffee/Drink",keyword
자주 와야겠습니다^^*,"Dessert/Bakery, Coffee/Drink",keyword
궁금했는데 드디어 와보게 되어 기뻐요,"Dessert/Bakery, Coffee/Drink",keyword
기대한것 이상으로 커피가 너무 맛있어요,"Dessert/Bakery, Coffee/Drink",keyword
여자친구랑 왔는데 너무 맛있어요,"Dessert/Bakery, Coffee/Drink, Vibe",keyword
빵이랑 음료 다,"Dessert/Bakery, Coffee/Drink",keyword
매잘 분위기도 좋아서 자주 이용할 것 같아요 ㅎㅎ,"Dessert/Bakery, Coffee/Drink, Vibe",keyword
"빵 종류가 다양해서 배고플때 와도 좋구, 음료 종류도 다양해서 골라마실수있어 좋아요!","Dessert/Bakery, Coffee/Drink, Vibe",keyword
빵 맛있어서 추가로 시켰어요!,"Dessert/Bakery, Vibe",keyword
음료도 맛잇어요!,Coffee/Drink,keyword
체인점이많아서 다른곳에서 많ㅣ맛있게먹은기억이나서 방문했어요.,"Service, Dessert/Bakery, Coffee/Drink, Vibe",keyword
여기도역시나 독특한 시그니쳐메뉴들이 많고 빵도 다양해서 좋네요.,"Dessert/Bakery, Coffee/Drink",keyword
"빵, 디저트 가격은 좀 있고 커피는 저렴한 편이예요.","Price, Dessert/Bakery, Coffee/Drink, Vibe",keyword
성수동 나들이에 빵과 디저트로 티타임하면 좋을 거 같아요.,"Dessert/Bakery, Coffee/Drink, Vibe",keyword
"다른 리뷰에 커피 산미가 많다고했는데,  그라니따는 레몬이 들어가서 산미 많은 잠이 확 깨는 맛이구요.","Dessert/Bakery, Coffee/Drink",keyword
"구테로이테, 에스프레소는 산미가 잘 느껴지지않아요.",Vibe,keyword
"빵이 맛있고, 독특한 음료가 많았어요","Dessert/Bakery, Coffee/Drink",keyword
좌석도 넓고 쾌적합니다,"Dessert/Bakery, Coffee/Drink, Vibe",keyword
인테리어가 예뻐서 들어왔는데 명장님께서 빵을 직접 만둘어주시는 카페라니 ㅎㅎ 너무 좋네요,"Dessert/Bakery, Coffee/Drink, Vibe",keyword
성수 웨이팅 해야하는데 여기는 매장이 넓어서 앉을 수 있었어요!,"Service, Dessert/Bakery, Coffee/Drink, Vibe",keyword
커피도 맛있고 빵도 맛있어요!,"Dessert/Bakery, Coffee/Drink",keyword
다음에 또 올게요~~!!,"Dessert/Bakery, Coffee/Drink",keyword
빵 진짜 맛있습니다!!,Dessert/Bakery,keyword
커피도 너무 잘어울리네요~ㅎ,Coffee/Drink,keyword
커피맛있고 분위기가 좋아요,"Vibe, Coffee/Drink",keyword
"강남구청점에서 커피가 맛있어서 성수점에도 왔는데
넘 좋아요","Dessert/Bakery, Coffee/Drink",keyword
커피도 맛있고 베이커가 진짜 맛있어요,Coffee/Drink,keyword
장인빵집이라는 마크도 있고 또 와야겠어요^^,"Dessert/Bakery, Coffee/Drink, Vibe",keyword
너무분위기가좋습니당!!,Vibe,keyword
에스프레소 짱 맛나용,Vibe,keyword
케이크랑 빵등 커피류가 맛있어요!,"Dessert/Bakery, Coffee/Drink",keyword
분위기도 좋고 레몬그라니따 넘 상큼해용,"Vibe, Coffee/Drink",keyword
커피가 너무 맛있어서 재방문했어용!,"Service, Dessert/Bakery, Coffee/Drink",keyword
가격도 저렴해서 또또 방문예정입니당,"Service, Price",keyword
실내 분위기는 힙해요.,"Dessert/Bakery, Coffee/Drink, Vibe",keyword
그러나 디저트맛은 깊어요.,Dessert/Bakery,keyword
대만족입니다,Price,keyword
다음에 또 오고싶어요~!!!,"Dessert/Bakery, Coffee/Drink",keyword
소금빵도 맛나요,Dessert/Bakery,keyword
생각보다 안쪽 매장 엄청 넓고 좌석도 넓어요,Vibe,keyword
빵이랑 케이크 음료 다,"Dessert/Bakery, Coffee/Drink",keyword
맛있어보여요!,Coffee/Drink,keyword
커피 맛 좋고 에그타르트 넘 맛나용,Coffee/Drink,keyword
성수왔다가 맛있는 커피 마시고 싶어서 들어왔는데 빵도 맛있는게 엄청 많네요,"Dessert/Bakery, Coffee/Drink",keyword
나중에 또 오고싶어요,"Dessert/Bakery, Coffee/Drink",keyword
디자트도 커피도 굿,Coffee/Drink,keyword
치즈케이크가 정말 맛있어요!,Dessert/Bakery,keyword
테이블이 서로 좀 가깝긴한데 그래도 매장이 넓어서 괜찮았습니다,"Dessert/Bakery, Coffee/Drink, Vibe",keyword
바스크 치즈케이크 촉촉하고 넘 맛있네용,"Dessert/Bakery, Coffee/Drink",keyword
매장 쾌적하게 넓고 맛도 훌륭하네요!!,"Dessert/Bakery, Coffee/Drink, Vibe",keyword
빵 종류도 많아서 디저트 먹기 좋습니다~~,"Dessert/Bakery, Coffee/Drink",keyword
맛있고 특색있는 메뉴,"Vibe, Coffee/Drink",keyword
"친구와 대화하기 좋은 분위기에
색다른 커피를 맛 볼 수 있어서 입이 즐겁네요^^","Dessert/Bakery, Coffee/Drink, Vibe",keyword
다양한 커피 맛이 궁금하시다면 추천해요~!!,"Dessert/Bakery, Coffee/Drink, Vibe",keyword
이것 분위기 너무 좋아요,Vibe,keyword
커피맛 너무 좋아요!!,Coffee/Drink,keyword
따듯한 커피와 맛난 빵을 먹을 수 있어요,"Dessert/Bakery, Coffee/Drink, Vibe",keyword
커피 양이 조금 더 넉넉하면 좋겠어요,"Dessert/Bakery, Coffee/Drink",keyword
이 근처오면 요기 꼭 들려요,"Dessert/Bakery, Coffee/Drink",keyword
커피 즐겨먹는편이 아닌데 맛있네요!,Coffee/Drink,keyword
커피가 독특하고 맛있어요!,"Dessert/Bakery, Coffee/Drink",keyword
👍🏻 👍🏻  재방문의사 200%,Service,keyword
바나나코코넛 케이크 부드럽구 너무 맛있어요,"Dessert/Bakery, Coffee/Drink",keyword
빵두 많구 직원분들도 친절하시구 다른 카페에 비해 복작거리지 않아서 사람많은 곳 안좋아하는 저는 여기 너무 좋았어요,"Service, Dessert/Bakery, Coffee/Drink, Vibe",keyword
제과 명장이 만들어서 그런지 빵이 존맛,"Dessert/Bakery, Vibe",keyword
그라니따 추천으로 먹었는데 맛있어용,"Vibe, Coffee/Drink",keyword
예전에 롯데본점에 있을때 맛있게 먹었던 기억이 나서 찾아왔는데 역시 맛있어요!!,"Vibe, Coffee/Drink",keyword
분위기 좋구 커피 디저트 다 맛나요~^*,"Dessert/Bakery, Coffee/Drink, Vibe",keyword
다른 것들도 그렇지만 리뷰 이벤트로 주신 파인콘도 맛있었어요!,Vibe,keyword
"🥰
다음에 되면 또 오고 싶습니다","Dessert/Bakery, Coffee/Drink",keyword
한번 꼭 와보고 싶었는데 너무 이쁘고 넓고 좋아요!,"Dessert/Bakery, Coffee/Drink, Vibe",keyword
기대한대로 에스프레소도 맛있고 에그타르트도 맛있어요!,"Dessert/Bakery, Coffee/Drink, Vibe",keyword
아니 커피 왜이렇게 싸고 맛있나요?!,Coffee/Drink,keyword
분위기 보고 5-6천원 생각했는데 아아가 3천원대라니..,"Dessert/Bakery, Coffee/Drink, Vibe",keyword
느무 놀람.,Dessert/Bakery,keyword
디저트류도 맛있고 직원분들도 친절하세요♡♡,"Service, Dessert/Bakery, Coffee/Drink",keyword
원래 자주오는 커피숍인데 오늘 또 방문했습니다~,"Service, Dessert/Bakery, Coffee/Drink",keyword
"커피,디저트 다 맛있어요","Dessert/Bakery, Coffee/Drink",keyword
에스프레소 도피오가 에스프레소 전문바 같이 맛있어요~,"Dessert/Bakery, Vibe",keyword
"빵도 맛있고, 최애 카페 중 하나임!","Dessert/Bakery, Coffee/Drink",keyword
항상 오는 곳이에요!,"Dessert/Bakery, Coffee/Drink, Vibe",keyword
재밌는 음료들이 많고 다 맛있어요!,Coffee/Drink,keyword
콘센트도 자리마다 잇어서 작업하기 좋아요 ㅎㅎ,"Service, Dessert/Bakery, Coffee/Drink, Vibe",keyword
성수에 아침일찍 여는 카페가 많이 없어서 자주 이용합니다,"Dessert/Bakery, Coffee/Drink",keyword
오랜만에 방문했더니 다시 빵과자가 생겻네요~~,"Service, Dessert/Bakery, Coffee/Drink",keyword
"한동안 빵이 없었는데, 오랜만에 왔더니 빵이 다시 등장했네요.","Dessert/Bakery, Coffee/Drink",keyword
여기 커피도 정말  맛있습니다.,Coffee/Drink,keyword
모던하고 이색적인 구테로이테,"Dessert/Bakery, Coffee/Drink",keyword
전부터 먹어보고 싶어서 멀리서 왔어요!!!,"Dessert/Bakery, Coffee/Drink",keyword
다음에는 꼭 예약하고 커피카세 마시러 올거예요!!!,"Dessert/Bakery, Coffee/Drink",keyword
인기 메뉴로 골라서 먹어봤습니다,"Vibe, Coffee/Drink",keyword
성수동 올때 또 방문해야겠습니다,"Service, Dessert/Bakery, Coffee/Drink",keyword
탁 트여서 넓고 분위기도 좋아요!,Vibe,keyword
에스프레소도 진하고 너무 맛있어요. ㅎㅎ,Vibe,keyword
"클라이밍 파크 성수점 가기전,
짭짤하니 맛있는 소금빵과 진하고 고소한  에스프레소 한잔으로 빠르게 에너지 및 카페인 충전하고 갑니다!","Dessert/Bakery, Coffee/Drink, Vibe",keyword
"일찍 오픈하는 클팍 성수점 방문전,
더 일찍 여는 운동전  필수코스!","Service, Dessert/Bakery, Coffee/Drink",keyword
제과명장님 빵 🍞 너무 맛있어요.,Dessert/Bakery,keyword
추천해주신 몽블랑 먹으러 또 왔어요!! ㅎㅎ,"Dessert/Bakery, Coffee/Drink, Vibe",keyword
"성수 말고 다른 곳에도 지점이 있는 에스프레소 바
가장 기본 구테로이테 에스프레소를 시켜보았는데 위에 올라간 크럼블이 달달해서 에스프레소를 잘 먹지 못해도 맛있게 먹을 수 있습니다","Dessert/Bakery, Coffee/Drink, Vibe",keyword
진짜진짜 드림카카오브레드 꼭 한 번 먹어보세요!!,Coffee/Drink,keyword
진짜 행복해지는 맛 ㅠㅠ,"Dessert/Bakery, Coffee/Drink, Vibe",keyword
명장님이 운영하시는 빵집.,"Dessert/Bakery, Coffee/Drink",keyword
가게도 넓고 맛있는 디저트도 많았습니다.,"Dessert/Bakery, Vibe",keyword
너무 맛있게 먹고갑니다.,Coffee/Drink,keyword
와 오랜만에 커피 자체가 맛있다고 느낀 카페네요,Coffee/Drink,keyword
"커피 넘 맛있네요 ,, 성수동에 이가격…?","Coffee/Drink, Price",keyword
"빵도 당연히 넘 맛있어서 추천합니다,,,","Dessert/Bakery, Coffee/Drink, Vibe",keyword
커피 향이 너무 좋고 맛있어요!!,Coffee/Drink,keyword
인테리어도 깔끔해서 팝업스토어 돌아다니다가 쉬기 좋아요,"Dessert/Bakery, Coffee/Drink, Vibe",keyword
배불러서 베이커리는 못먹어서 아쉬워요ㅠㅠ,Coffee/Drink,keyword
빵이 진짜 맛있어보여서 다음엔 꼭 먹어보려구요!!,"Dessert/Bakery, Coffee/Drink",keyword
본점에서 커피 오마카세를 정말 기분좋게 경험했던 기억이 있어 지인에게 소개해주려 방문하게 되었습니다.,"Service, Dessert/Bakery, Coffee/Drink, Vibe",keyword
다만 주말이라 사람이 너무 많았고 내부가 매우 혼잡해서인지 설명해주시는 바리스타분 마저도 여유없이 바빠보이셨습니다.,"Service, Dessert/Bakery, Coffee/Drink, Vibe",keyword
계속 등장하는 커피 앞에서 내용 설명이 잘 안들리기도 했고요..,"Service, Dessert/Bakery, Coffee/Drink",keyword
본점은 커피오마카세 코스 리스트도 주던데,Coffee/Drink,keyword
서비스되는 커피의 양 차이도 기존에 맛보았던 것에 차이가 있어서 내심 아쉬웠습니다..,"Service, Vibe, Coffee/Drink",keyword
같은 프로그램임에도 커피 설명과 양질에 있어 일정한 퀄리티로 운영되면 좋겠단 생각이 들었습니다 :) 그래도 커피는 정말 맛있습니다!,"Service, Dessert/Bakery, Coffee/Drink, Vibe",keyword
"다른 디저트들도 맛있지만, 육쪽마늘빵이 정말 맛있어요",Dessert/Bakery,keyword
🤤 매장도 넓고 커피도 가격이 아주 착해서 좋은 시간 보내다 갑니다,"Vibe, Coffee/Drink, Price",keyword
커피가 맛있다고 듣고 찾아왔는데 정말 맛있어요!,Coffee/Drink,keyword
흑임자 올라간 커피 추천합니다,"Dessert/Bakery, Coffee/Drink, Vibe",keyword
에스프레소 좋아하는데 너무 조아유ㅠ,"Vibe, Coffee/Drink",keyword
커피 너무 맛있어요!,Coffee/Drink,keyword
독특하고 시그니처 커피 추천해요,"Dessert/Bakery, Coffee/Drink, Vibe",keyword
매장도 깨끗하고 디저트 커피 맛있어요 !,"Dessert/Bakery, Coffee/Drink, Vibe",keyword
에스프레소  마시러 한번씩 가는곳~ 성수에 이렇게 좌석 편한곳 드물어서 좋아요~,Vibe,keyword
인테리어가 예쁘네요,Vibe,keyword
빵도 맛있어요,Dessert/Bakery,keyword
커피랑 빵이다 맛있어요,"Dessert/Bakery, Coffee/Drink",keyword
"이벤트로 우연히
들어왔는데 너무 맛있어요",Vibe,keyword
또 올게여,"Dessert/Bakery, Coffee/Drink",keyword
아이랑 같이 오기 좋아요^^,"Dessert/Bakery, Coffee/Drink",keyword
커피가 진짜맛있어요,Coffee/Drink,keyword
명장님이 빵 만드는곳이라고 해서 들어왔는데 에그타르트가 미쳤습니다,"Dessert/Bakery, Coffee/Drink, Vibe",keyword
두번째 왔는데 너무 좋아요!!!,"Dessert/Bakery, Coffee/Drink",keyword
매일 먹고 싶어요!,Coffee/Drink,keyword
빵 할인 행사해서 구테로이테 주문했고 마스카포네 케이크 신상이라 시켜봤는데 마냥 크림만 있는 게 아니고 안에 커피 얼린 크림이 있어서 특이하고 많이 안 달아서 좋네요,"Service, Dessert/Bakery, Coffee/Drink, Vibe",keyword
"바게트는 약간 질기지만 고로케먹는 느낌
쿠키에 쌉싸름한 에쏘 조화가 좋네요","Dessert/Bakery, Coffee/Drink",keyword
엄청 친절하고 빵 종류도 많아서 좋아요~~!,"Service, Dessert/Bakery, Coffee/Drink",keyword
제과명장님도 만나뵙고 좋은 시설에서 맛있게 먹었습니다^^,Coffee/Drink,keyword
"디저트, 음료 어느 하나도 그냥 지나치기 어려울 정도로 맛있네요.","Dessert/Bakery, Coffee/Drink, Vibe",keyword
"성수역 인근에 지나갈 일이 있으면 
자주 방문할려고 합니다.","Service, Dessert/Bakery, Coffee/Drink, Vibe",keyword
에스프레소 있는 카페에요,"Vibe, Coffee/Drink",keyword
디저트도 맛있고 무엇보다 좌석 많고 깔끔하고 시끄럽지 않아서 좋아요,"Dessert/Bakery, Coffee/Drink",keyword
지인들 여럿이 동시에 앉을 수 있는 곳 찾다가 들어왔는데 엄청 만족하고 돌아가요,"Vibe, Service, Coffee/Drink, Price, Dessert/Bakery",keyword
커피랑 디저트 다 맛있어요,"Dessert/Bakery, Coffee/Drink",keyword
베이커리류 커피 음료 모두 너무 맛있어요^^,Coffee/Drink,keyword
분위기도 좋아요!!,Vibe,keyword
커피맛이 좋아서 두번째 방문했어요,"Service, Dessert/Bakery, Coffee/Drink",keyword
이근방에서 음료가격 베이커리 가격 다 합리적이에요,"Coffee/Drink, Price",keyword
분위기도 좋구 직원들도 넘 친절하시네용,"Service, Dessert/Bakery, Coffee/Drink, Vibe",keyword
파인콘 너무 맛있어요~~,"Vibe, Coffee/Drink",keyword
공간도 넓어서 이야기하기 너무 좋아요!! :),"Dessert/Bakery, Coffee/Drink, Vibe",keyword
몽블랑도 너무 잘먹었습니다,Coffee/Drink,keyword
파 바게뜨 너무 맛있어요,Dessert/Bakery,keyword
다음에 다른 빵 먹으러 올게요!!,"Dessert/Bakery, Coffee/Drink",keyword
빵이 맛있을 줄 알고 들어왔는데 커피가 맛있어요,"Service, Dessert/Bakery, Coffee/Drink",keyword
콜드브루 플랫화이트 전부 맛있너요 생크림카스테라는 안에 생크림 없어서 당황 생각하는거랑은 달라요!,"Dessert/Bakery, Coffee/Drink",keyword
에스프레소 입문자입니다.,Vibe,keyword
처음 에스프레소로 즐겨보는더요.,Vibe,keyword
친절하게 설명해주셔서 고른 구테로이테 맛있어요.,"Service, Dessert/Bakery, Coffee/Drink",keyword
달달하고 에스프레소가 진한데 잘 어울려요.,Vibe,keyword
인테리어도 멋지고 빵도 맛있어요.,"Dessert/Bakery, Vibe",keyword
오늘 성수 왔다,"Dessert/Bakery, Coffee/Drink",keyword
좋은 곳 알고가내요.,Vibe,keyword
에스프레소 입덕각입니다.,Vibe,keyword
이벤트하길래 들어와봤는데 빵이 정말 맛있고 음료도 맛있었어요,"Dessert/Bakery, Coffee/Drink",keyword
분위기도 좋고 너무 맛있었어요,Vibe,keyword
명장께서 직접 설명해주셔서 더 좋았습니다,"Service, Dessert/Bakery, Coffee/Drink",keyword
커피랑 빵 너무맛있어요!!!,"Dessert/Bakery, Coffee/Drink",keyword
몽블랑 진쭈 추천합니다!!!,"Dessert/Bakery, Coffee/Drink, Vibe",keyword
베이커리명장님이 만드신 빵이라 그런지 맛도 섬세한거 같아요,"Service, Dessert/Bakery, Coffee/Drink, Vibe",keyword
특별히 오늘 할인 이벤트도 해서 안 올수가 없었어요,"Dessert/Bakery, Coffee/Drink",keyword
😍 빵순이 입맛 저격해서 벌써 또 오고 싶어요,"Dessert/Bakery, Coffee/Drink",keyword
명장님 빵 넘넘 맛있어요,Dessert/Bakery,keyword
행사중 너무저렴하게 먹어 죄송할정도ㅋㅋ,"Dessert/Bakery, Coffee/Drink",keyword
사장님 넘 친절하시고 빵도 엄청 맛있어요,"Service, Dessert/Bakery, Coffee/Drink",keyword
감동 ㅠㅠ 제과기능장 1 호이신데 설명도 넘 잘 햐주시고!!,Service,keyword
맛잇게먹고가용,Coffee/Drink,keyword
"명장님이 직접 내어주신 초코에 반하다에 반하고,
자극적이지 않은 파바게트와 발효팥은 사용한 달지않은 단팥빵의 맛이 참 좋습니다.","Dessert/Bakery, Coffee/Drink",keyword
빵과 음료 다,"Dessert/Bakery, Coffee/Drink",keyword
다음에도 올게요!!,"Dessert/Bakery, Coffee/Drink",keyword
빵도 엄청 맛있고 일단 커피 맛집이에요.,"Dessert/Bakery, Coffee/Drink",keyword
명장님도 직원분들도 너무 친절하고 커피도 맛있어요~~,"Service, Dessert/Bakery, Coffee/Drink",keyword
먹어보고싶었던 빵이에요!,"Dessert/Bakery, Coffee/Drink",keyword
커피는 고소하고 빵 캍이 먹으면 맛이 완전 좋네요~~,"Dessert/Bakery, Coffee/Drink",keyword
커피가 너무 맛있어요.,Coffee/Drink,keyword
저렴한것 같아요.,Dessert/Bakery,keyword
빵은 좀 비싼데 맛있네요,"Dessert/Bakery, Price",keyword
빵도 맛있고 커피도 맛있습니다 !,"Dessert/Bakery, Coffee/Drink",keyword
파니니랑 마늘빵 그리고 소금빵도 추천 !,"Dessert/Bakery, Vibe",keyword
디저트도 맛있고 커피도 고소하니 진짜 최고에요ㅜㅜ,"Dessert/Bakery, Coffee/Drink",keyword
♥️ 분위기도 넓찍하고 유명 셰프님들이랑 콜라보도 하셔서 행사도 자주 진행하시는 것 같아요,"Dessert/Bakery, Coffee/Drink, Vibe",keyword
성수 카페로 최고!,"Vibe, Coffee/Drink",keyword
특별한 이벤트가 있다고 해서 방문했는데 커피 빵 너무 맛있고 직원분들 다 친절하시고 넓고 깨끗한 공간에 자주 와야겠어요,"Service, Dessert/Bakery, Coffee/Drink, Vibe",keyword
커피와 빵 모두 맛있어서 다음에 또 들릴듯~,"Dessert/Bakery, Coffee/Drink",keyword
빵 행사 굳굳.,Dessert/Bakery,keyword
잘 먹겠습니다,Coffee/Drink,keyword
빵이 엄청 맛있고 커피 향이 너무 좋아요!,"Dessert/Bakery, Coffee/Drink",keyword
빵 정말 너무 맛있고 파인콘도 너무 맛있어요!!!,Dessert/Bakery,keyword
명장님께서 만들어주신 빵이라서 그런지 최고예요.,"Dessert/Bakery, Vibe",keyword
에스프레소도 안 쓰고 맛있어요!,Vibe,keyword
제과기능장 1호 임영래 명장님과 함께하는 구테로이테,"Dessert/Bakery, Coffee/Drink",keyword
"롱블랙이랑 카페크레마 마셨는데
커피가 정말 맛있어요",Coffee/Drink,keyword
향도 좋고 입속 향긋함이 확 퍼지는게 최고에요,"Dessert/Bakery, Coffee/Drink",keyword
이 금액으로 이런 맛있는 커피를 마실 수 있다니!!!,"Vibe, Coffee/Drink",keyword
매장도 넓고 인테리어도 멋져요 !ㅎㅎ,Vibe,keyword
처음방문해봤는데 넓고 밝고 좋아요ㅎ,"Service, Dessert/Bakery, Coffee/Drink, Vibe",keyword
"빵,케잌종류도많아여ㅎ",Dessert/Bakery,keyword
빵이 맛나요,Dessert/Bakery,keyword
매장도 깔끔하고 직윈들이 친절해요,"Service, Dessert/Bakery, Coffee/Drink, Vibe",keyword
클래식 코스에 있는 메뉴들 다 맛있었는데 특히 파인콘이랑 그라니따가 맛있었습니다.,"Vibe, Coffee/Drink",keyword
직원분들도 친절히 응대해주시고 코스마다 설명해주시는것도 좋았습니다.,"Service, Dessert/Bakery, Coffee/Drink",keyword
인스타 보고 멀리서 왔는데 정말 만족했고 기회 된다면 재방문 의사도 있습니다.,"Vibe, Service, Coffee/Drink, Price, Dessert/Bakery",keyword
커피가 가격도 좋고 맛도 훌륭합니다.,"Price, Dessert/Bakery, Coffee/Drink, Vibe",keyword
직원도 친절해요.,"Service, Dessert/Bakery, Coffee/Drink",keyword
장인님이 베이커리 오픈 행사로 빵 모양 뭉게지지 않게 신경써서 챙겨주시고 커피도 저렴해요,"Dessert/Bakery, Coffee/Drink, Vibe",keyword
구테로이테 지나가면서 보기만 했는데 드디어 맛보네요.,"Dessert/Bakery, Coffee/Drink",keyword
명장님의 소개로 빵을 구매하다니 영광이네요.,"Dessert/Bakery, Coffee/Drink, Vibe",keyword
라떼가 진짜 고소해요,Coffee/Drink,keyword
아이랑 나들이 나왔는데 넘 맛있다고 좋아하네요~,Coffee/Drink,keyword
"커피향도 넘 좋고,  베이커리도 넘 부드렁뎌요~~^^",Coffee/Drink,keyword
빵종류도 다양하고 맛도 좋아 아이가 좋아했어요,"Dessert/Bakery, Coffee/Drink",keyword
자주올거같아요,"Dessert/Bakery, Coffee/Drink",keyword
커피 롱블랙 진해서 맛있구요,Coffee/Drink,keyword
빵도 맛있음,Dessert/Bakery,keyword
가격대는 있는편 ㅎ ㅎ,"Vibe, Coffee/Drink",keyword
매장이 크고 깔끔하고 커피가 맛있어요!,"Service, Dessert/Bakery, Coffee/Drink, Vibe",keyword
커피가 맛있어서 다음에도 제과제빵과 함께 하는 이벤트 또 했으면 좋겠어요!,"Dessert/Bakery, Coffee/Drink",keyword
제빵사님께서 마늘빵 추천해 주셨어요!!,"Dessert/Bakery, Coffee/Drink, Vibe",keyword
에스프레소가 맛있어요!,Vibe,keyword
조용하고 공간이 예쁘네요,"Dessert/Bakery, Coffee/Drink, Vibe",keyword
명장님 빵이 궁금해서 왔어요,"Dessert/Bakery, Coffee/Drink",keyword
분위기좋고빵이너무맛있어용,"Dessert/Bakery, Vibe",keyword
항상이용하는 커피빵맛집입니다,"Dessert/Bakery, Coffee/Drink",keyword
점심때 자주 방문하는곳인데 커피도 맛있고 디저트류도 맛있어요!,"Service, Dessert/Bakery, Coffee/Drink, Vibe",keyword
회사와 가까워서 자주 방문했네요,"Service, Dessert/Bakery, Coffee/Drink",keyword
진짜 커피 너무 맛있고 베이커리도 새로 오픈했는데 소금빵이 미쳤어요,"Dessert/Bakery, Coffee/Drink",keyword
빵 너무 맛있고 제과기능장님 너무 젠틀하시고 멋있어요!,"Dessert/Bakery, Coffee/Drink",keyword
이벤트 하는 거 보고 첫 방문이었는데 다들 친절하시고 빵도 커피도 맛있었어요,"Service, Dessert/Bakery, Coffee/Drink",keyword
커피 맛있는 카페에서 빵 주시는 이벤트 해서 좋았어요,"Dessert/Bakery, Coffee/Drink",keyword
잘 먹었습니다!,Coffee/Drink,keyword
맛있는 빵과 커피 잘 먹었습니다!,"Dessert/Bakery, Coffee/Drink",keyword
특별한 메뉴가 있고 깔끔해서좋아요,"Dessert/Bakery, Coffee/Drink, Vibe",keyword
와 커피 첨 먹어보는데 너무 조았다,Coffee/Drink,keyword
이천 쌀 스무디 먹었습니다~,Coffee/Drink,keyword
일 하려 카페 찾다 공간이 넓어 보여 들어왔어요!,"Service, Dessert/Bakery, Coffee/Drink, Vibe",keyword
"자리마다 콘센트도 있고, 1-2인용 책상도 많이 구비되어있어 일하고 공부하기 좋을거같아요!","Dessert/Bakery, Coffee/Drink, Vibe",keyword
에스프레소 메뉴들이 다양하게 많아요~,"Dessert/Bakery, Coffee/Drink, Vibe",keyword
그라니따 먹었는데 레몬 샤베트에 에스프레소 조합이 넘나 맛있었어용!,"Vibe, Coffee/Drink",keyword
아인슈페너 또는 그라니따 생각 나면 오는 곳,"Dessert/Bakery, Coffee/Drink, Vibe",keyword
알려주신 순서대로 먹었는데 넘 맛있어요.,Coffee/Drink,keyword
그라니따 취저에요^^,Coffee/Drink,keyword
커피 바답게 원두밸런스가 좋음.,"Dessert/Bakery, Coffee/Drink",keyword
"적당한 산미와 고소함, 롱블랙 추천.","Dessert/Bakery, Coffee/Drink, Vibe",keyword
베이커리 한 입과 여유를 느낄 수 있다.,"Vibe, Coffee/Drink",keyword
평일이어서 공간의 매력을 즐길 수 있으며 주말에 무조건 풀일듯!,"Vibe, Coffee/Drink",keyword
"커피 맛도리
직원분들도 엄청 친절합니당","Service, Dessert/Bakery, Coffee/Drink",keyword
항상 맛있는 커피 좋아욤,Coffee/Drink,keyword
추천하고 싶어요,"Dessert/Bakery, Coffee/Drink, Vibe",keyword
매장이 넓고 쾌적해요~,"Dessert/Bakery, Coffee/Drink, Vibe",keyword
넓고 깨끗하고 조용해요,"Dessert/Bakery, Coffee/Drink, Vibe",keyword
직원분도 친절하고 일단 커피 맛 장난없어요,"Service, Dessert/Bakery, Coffee/Drink",keyword
추천 드립니다,Vibe,keyword
음료가 맛있고 장소가 편안해요,"Dessert/Bakery, Coffee/Drink",keyword
👍 가게 전체에서 틀어주신 음악도 잔잔해서 카페에 있는 동안 완전 충전했어요!!,"Dessert/Bakery, Coffee/Drink, Vibe",keyword
지나가다 발견해 들어왔는데 새로운 메뉴가 잔뜩 보여서 주문해버렸습니다:) 내부도 개방감 있고 좋아요~,"Service, Dessert/Bakery, Coffee/Drink, Vibe",keyword
요 베리 메뉴는 크리스마스 느낌도 나구 대추천입니당,Coffee/Drink,keyword
인스타용 사진 강추용 넓어서 쾌적해요,"Dessert/Bakery, Coffee/Drink, Vibe",keyword
"지나다 궁금해서 들어왔는데 
신기한 이천 쌀 스무디 ㅋㅋ
아침 햇살 맛 나여","Dessert/Bakery, Coffee/Drink",keyword
클래식 딥 쇼콜라는 클래식한 맛이고 안달아서 좋네용 :),"Dessert/Bakery, Coffee/Drink",keyword
여러 인원이 가도 좋고 너무 북적이지 않고 테이블간 공간도 어느정도 거리가 있어서 더 좋았어요!,"Vibe, Coffee/Drink",keyword
커피도 진짜 맛있습니다,Coffee/Drink,keyword
그라니따 계속 생각나서 또 왔어요,"Dessert/Bakery, Coffee/Drink",keyword
커피 디저트 다 맛있어요,"Dessert/Bakery, Coffee/Drink",keyword
자리도 쾌적하고 음료도 맛이 좋습니다!,"Dessert/Bakery, Coffee/Drink",keyword
"커피가 맛있어서 또 욌어요 
맛있는 에스프레소도 좋고
롱블랟 맛있습니다","Vibe, Coffee/Drink",keyword
보통 에스프레소바는 좁은데 여기는 넓어서 좋아요~!,"Dessert/Bakery, Vibe",keyword
커피도 너무 맛있습니다!,Coffee/Drink,keyword
다음에 또와서 다른종류도 먹어보고 싶어요,"Dessert/Bakery, Coffee/Drink",keyword
인테리어가 특이하고 모던하고 힙해요,"Dessert/Bakery, Coffee/Drink, Vibe",keyword
그리고 커피가 매우 맛있습니다~,Coffee/Drink,keyword
음료가 맛있고 인테리어가 좋아요.,"Vibe, Coffee/Drink",keyword
성수에 있는 카페치고 아주 넓고 청결합니다!,"Dessert/Bakery, Coffee/Drink, Vibe",keyword
무엇보다도 커피가 맛있어요!,Coffee/Drink,keyword
역에서 가깝기때문에 접근성도 좋아요!!,Position,keyword
다음엔 디저트도 먹어보고싶네요~~!,"Dessert/Bakery, Coffee/Drink",keyword
성수카페로 추천합니다!,"Dessert/Bakery, Coffee/Drink, Vibe",keyword
주문 받아주신 직원분이 너무 친절하시구 에스프레소 정말 맛있어요!!,"Service, Dessert/Bakery, Coffee/Drink, Vibe",keyword
맛에 비해 가격도 합리적이에요...,Price,keyword
이 맛에 이 가격...??,Price,keyword
했습니다,"Dessert/Bakery, Coffee/Drink",keyword
에스프레소가 깔끔하고 커피향이 좋아요!,"Dessert/Bakery, Coffee/Drink, Vibe",keyword
나른한 오후 당충전에 제격인 디저트도 다양하네요~~,"Dessert/Bakery, Coffee/Drink",keyword
공간이 넓어서 소음도 적고 대화하기 좋네요,"Dessert/Bakery, Coffee/Drink, Vibe",keyword
커피&케이크 & 시그니처 맛집,"Dessert/Bakery, Coffee/Drink",keyword
"그전부터 오고 싶었는데  오늘은 시간이 있어서
공주님하고 데이트","Dessert/Bakery, Coffee/Drink, Vibe",keyword
롱블랙에 2천원 추가해서 산미있는 ☕️💓,"Dessert/Bakery, Coffee/Drink, Vibe",keyword
공주님은 오레오 우유케이크 -부드러운 맛,Dessert/Bakery,keyword
우선 카페가 크고 넓어서 좋았어요!,"Service, Vibe, Coffee/Drink",keyword
의자도 편하고 커피도 진짜 찐하고 맛있어요!!,Coffee/Drink,keyword
"깔끔하고 감각적인 인테리어와 제대로 만든 에스프레소~
다음에는 베이커리도 먹어볼래요.","Dessert/Bakery, Coffee/Drink, Vibe",keyword
커피 너무 맛있어요~!,Coffee/Drink,keyword
넓고 조명 밝아서 사진찍기 좋아요~!,Vibe,keyword
사람이 많아서 들어와봤는데 커피도 맛있구 조명이 노래서 예뻐요,"Dessert/Bakery, Coffee/Drink, Vibe",keyword
친구들이랑 방문했는데 너무 좋았었어요.,"Service, Dessert/Bakery, Coffee/Drink, Vibe",keyword
직원분도 친절하고 커피 향 좋고 맛있네용,"Service, Dessert/Bakery, Coffee/Drink",keyword
"☺️
커피도 가성비 너무 맛있는데요!??","Vibe, Coffee/Drink, Price",keyword
케이크도 맛잇엇어요,Dessert/Bakery,keyword
말차어쩌고 케이크!,"Dessert/Bakery, Coffee/Drink",keyword
새로운 커피였어용,Coffee/Drink,keyword
맛있게 잘 먹었습니당,Coffee/Drink,keyword
카페가 크고 조용해서 작업하기도 좋을 거 같고 분위기도 좋아요!!,"Service, Dessert/Bakery, Coffee/Drink, Vibe",keyword
커피가격도 가성비 있어서 성수에서 카페 찾으시는 분들 여기로 오세요..!!!,"Vibe, Service, Coffee/Drink, Price, Dessert/Bakery",keyword
케이크 종류도 많아서 빵순이 친구들이 좋아합니당,"Dessert/Bakery, Vibe",keyword
에쏘는 역시 구테로이테!!,Coffee/Drink,keyword
오늘도 만족하고 갑니다 :),"Dessert/Bakery, Coffee/Drink, Price",keyword
커피 맛있구 사람도 얼마 없어서 좋았어요 ㅎㅎ!!,"Dessert/Bakery, Coffee/Drink, Vibe",keyword
공간도 넓고 콘센트도 많습니다!!,Vibe,keyword
구테로이테 커피는 항상 맛있어요!!!,Coffee/Drink,keyword
케이크와 플랫화이트 모두 이쁘게 담겨 나왔어요 !,"Dessert/Bakery, Coffee/Drink, Vibe",keyword
감사히잘먹겠습니다 !,Coffee/Drink,keyword
집 근처에 있어서 자주 오는데 커피도 맛있고 저렴한 가격으로 질좋은 커피를 마실 수 있어서 너무 좋아요!!,"Price, Dessert/Bakery, Coffee/Drink, Vibe",keyword
저 베리어쩌고 진짜 맛도리… 꼭 드시길 베리 살살 녹는 동결베리같고 안이 살얼음있는 진한 커피임 .,"Dessert/Bakery, Coffee/Drink, Vibe",keyword
커피도 맛있고 시식으로 갓구운 빵이랑 쿠키도 주시고 넘 맛있어요,"Dessert/Bakery, Coffee/Drink",keyword
여기 진짜 맛있어서 항상 오는곳이에요~,"Dessert/Bakery, Coffee/Drink, Vibe",keyword
에스프레소 먹을거면 꼭 여기오세요,"Dessert/Bakery, Coffee/Drink, Vibe",keyword
감자탕 먹고 와서 시그니처인 구테로이테 완샷하면 입가심으로 정말 딱이예요,"Dessert/Bakery, Coffee/Drink",keyword
진짜 애정하는 곳이예요♡,"Dessert/Bakery, Coffee/Drink, Vibe",keyword
가성비 퀄리티 최고요♡,Price,keyword
커피 너무 맛있구 커서 죠앙용,"Service, Coffee/Drink",keyword
우연히 들어 왔는데 너무맛있는 커피와 디저트 분위기가  좋아요.,"Dessert/Bakery, Coffee/Drink, Vibe",keyword
가격 좋고 커피도 좋습니다 ~~~,"Coffee/Drink, Price",keyword
처음으로 방문했는데 커피 맛있고 분위기도 좋아요!!,"Service, Dessert/Bakery, Coffee/Drink, Vibe",keyword
"분위기가 쾌적하고 좋아요:)
요즘 느낌의 힙한 매장입니다~~~","Dessert/Bakery, Coffee/Drink, Vibe",keyword
밤케이크가 맛있어요,Dessert/Bakery,keyword
커피가 맛있고 인테리어가 멋있어요,"Vibe, Coffee/Drink",keyword
레몬소르베와 진한 에스프레소의 만남!,Vibe,keyword
기분전환하고 싶을때 추천해요,"Dessert/Bakery, Coffee/Drink, Vibe",keyword
사무실 근처라 자주가는데 커피 맛있어요^^,Coffee/Drink,keyword
종종 작업하러 옵니다.,"Service, Dessert/Bakery, Coffee/Drink",keyword
콘센트가 있어서 좋어요.,"Vibe, Coffee/Drink",keyword
노래가 너무 크지않아,"Service, Vibe",keyword
이아기하기 좋습니다!,"Dessert/Bakery, Coffee/Drink",keyword
유자 버블브루와 스톤 슈페너 주문했습니다,"Service, Dessert/Bakery, Coffee/Drink",keyword
양도 적당하고 굉장히 맛있었어요!,"Dessert/Bakery, Coffee/Drink",keyword
구테로이테 에스프레소 먹으러 찾아다녔는데 성수점은 처음이예요,"Vibe, Coffee/Drink",keyword
인테리어가 너무 멋지네요,Vibe,keyword
신랑도 너무 맛있다고 감탄 하네요,"Dessert/Bakery, Coffee/Drink",keyword
자주 와야겠어요^^,"Dessert/Bakery, Coffee/Drink",keyword
그냥 지나가다 들렀는데 너무 만족했어요!!,"Dessert/Bakery, Coffee/Drink, Price",keyword
오미자 아메리카노 궁금해서 도전해봤는데 상콤한 아메리카노라 제 입맛에 너무 맞았어요,"Dessert/Bakery, Coffee/Drink",keyword
"분위기좋구
좌석 여유롭구
무엇보다 커피가 맛있습니다.","Vibe, Coffee/Drink",keyword
구테로이테 깔끔한 내부와 맛있는커피가 조화롭네요,"Dessert/Bakery, Coffee/Drink",keyword
카페 저렴하고 부드럽고 좋아요,Coffee/Drink,keyword
넓고 깨끗해서 애용해야겠어요,"Dessert/Bakery, Coffee/Drink, Vibe",keyword
"구테로이테 커피 맛있는건 이미 유명하고 ㅎㅎ
항상 모든지점이 인테리어힙하고 분위기좋아서 자주들러요~제 최애 카페입니다 ㅎㅎ","Dessert/Bakery, Coffee/Drink, Vibe",keyword
커피가 너무 예쁘고 맛있어요ㅎㅎ,"Vibe, Coffee/Drink",keyword
매장이 쾌적해서 대화하기 좋았어요,"Dessert/Bakery, Coffee/Drink, Vibe",keyword
커피가 너무 맛있는 구테로이테~!,Coffee/Drink,keyword
커피 향이 카페에 가득해서 좋아요!,"Dessert/Bakery, Coffee/Drink",keyword
말이 필요없는 커피 맛집!,Coffee/Drink,keyword
통창뷰라 자연자연함을 느낄 수 있어 좋아요,"Dessert/Bakery, Coffee/Drink, Vibe",keyword
맛도 분위기도 좋아요:) 메뉴설명도 친절하게 해주셨어요,"Service, Dessert/Bakery, Coffee/Drink, Vibe",keyword
커피랑 케익도 맛있고 넓직하니 너무좋아요,"Dessert/Bakery, Coffee/Drink",keyword
여기가 여러분이 찾으시는 분좋카입니다,Service,keyword
디파인 서울때문에 찾은 까페인데 공간도 좋고 커피값도 혜자고 맛도 있네요!,"Service, Vibe, Coffee/Drink, Price",keyword
"친구 추천으로 온 건데, 분위기도 너무 좋고 특별한 시그니처 메뉴들이 많아서 좋아요!","Dessert/Bakery, Coffee/Drink, Vibe",keyword
무신사 대림창고 갔다가 여기 와서 커피 먹으면 좋을 것 같아요ㅎㅎ,"Dessert/Bakery, Coffee/Drink",keyword
애플망고 그린 에이드 완전 맛있으니까 꼭 드셔보세요ㅠㅠㅠ,Coffee/Drink,keyword
"커피가 맛있고
에스프레소 메뉴 강추예요","Vibe, Coffee/Drink",keyword
커피빈 답게 커피가 맛있네요~,Coffee/Drink,keyword
케이크 종류도 많아서 좋아요♡,Dessert/Bakery,keyword
음료도 커피도 맛있었어요~!,Coffee/Drink,keyword
커피는 레몬에이드에 에스프레소 섞은 맛이었는데 엄~청 새콤하고 오묘했어여ㅋㅋㅋ,"Dessert/Bakery, Coffee/Drink, Vibe",keyword
사진은 없는데 지인이 라떼 추가로 시켜서 먹은거 엄청 부드럽고 👍👍👍,"Vibe, Coffee/Drink",keyword
"성수에서 가성비 좋고 맛있는 음료, 다양한 메뉴를 드시고 싶다면 추천입니다!","Price, Dessert/Bakery, Coffee/Drink, Vibe",keyword
시그니처음료인 구테로이테 맛있고 상큼한 그라니따도 좋아요!,"Dessert/Bakery, Coffee/Drink",keyword
지나가다가 들어왔는데 커피도 맛있고 분위기도 좋고 넓어요!,"Vibe, Coffee/Drink",keyword
성수다니면서 처음왔는데 케잌 너무 맛있어서 강추드립니다,"Dessert/Bakery, Coffee/Drink",keyword
메뉴설명도 친절하게.,"Service, Dessert/Bakery, Coffee/Drink",keyword
해주시고 메뉴도 다양하고 맛있어요,"Dessert/Bakery, Coffee/Drink",keyword
분위기 좋고 커피랑 음료 넘 맛있어요!,"Vibe, Coffee/Drink",keyword
그냥 걷다가 발견해서 들어왔는데 만족스럽네요:),"Dessert/Bakery, Coffee/Drink, Price",keyword
담에 성수오면 또 올게요!,"Dessert/Bakery, Coffee/Drink",keyword
매장이 생각보다 넓고 깔끔해요!,"Dessert/Bakery, Coffee/Drink, Vibe",keyword
에스프레소도 맛있고 매장 분위기도 좋아요!,Vibe,keyword
커피맛 좋아요~,Coffee/Drink,keyword
"분위기도 좋고, 음악 볼륨도 적당하니
대화에 방해되지않고.","Dessert/Bakery, Coffee/Drink, Vibe",keyword
그렇다고 음악이 너무 안들리지도 않아서 좋아요~,Vibe,keyword
디파인서울 땜에 왔다가 방문 했는데 특별한 메뉴로 시켜봤는데 맛도 좋소 분위기도 좋아요,"Service, Dessert/Bakery, Coffee/Drink, Vibe",keyword
항상 믿고 오는 구테로이테잊니다!,"Dessert/Bakery, Coffee/Drink",keyword
커피 맛도 다양하고 분위기도 좋아서 즐기다가 가요 ㅎㅎ,"Dessert/Bakery, Coffee/Drink, Vibe",keyword
커피랑 케잌 모두 다 맛있습니다 !,Coffee/Drink,keyword
분위기도 완전 좋아요,Vibe,keyword
구테로이케가 성수에도 있다니..!,"Vibe, Coffee/Drink",keyword
에스프레소 먹고 싶어서 찾아온 곳 처음 방문했는데 가격도 착하고 맛도 좋네요,"Vibe, Service, Coffee/Drink, Price, Dessert/Bakery",keyword
작업하기도 좋고 대화하러 오기도 좋은 거 같아요,"Service, Dessert/Bakery, Coffee/Drink",keyword
"성수 놀러와서 우연히 들어온 카페인데, 에소프레소를 따로 메뉴로 파는 곳이라 다른 커피도 맛있었어요! ㅎㅎ","Dessert/Bakery, Coffee/Drink, Vibe",keyword
할로윈이라 생긴 음료도 처음 먹어보는 신기한 맛이였습니다!,"Dessert/Bakery, Coffee/Drink",keyword
먹고 깜짝놀랬어요!,Coffee/Drink,keyword
할로윈 그라니따 너무 이쁘고 맛있어요,Vibe,keyword
캐모마일 리치 펀치 너무 추천합니다,"Dessert/Bakery, Coffee/Drink, Vibe",keyword
다른 것들도 독특하고 색다른데 맛잇아요!!,"Dessert/Bakery, Coffee/Drink",keyword
강남에서 먹었을 때 맛잇어서 이번엔 성수로 방문합니다!,"Service, Dessert/Bakery, Coffee/Drink, Vibe",keyword
분위기 좋고 음악도 좋아요.,Vibe,keyword
인테리어가 예쁘고 커피도 맛밌어요.,"Vibe, Coffee/Drink",keyword
꼭 와보시길 추천합니다,"Dessert/Bakery, Coffee/Drink, Vibe",keyword
몇 번째 재방문인지 모르겠는 성수 커피맛집,"Service, Coffee/Drink",keyword
커피 고소하고 진하고 깔끔한데 향도 너무 좋아요,"Dessert/Bakery, Coffee/Drink",keyword
직원분들도 항상 친절하시고 분위기도 좋고 진짜 깨끗해서 빛이 나는 카페랄까요,"Service, Dessert/Bakery, Coffee/Drink, Vibe",keyword
성수 오시면 꼭 여기 오세요,"Dessert/Bakery, Coffee/Drink",keyword
성수동에서 가성비 좋은 맛있는 커피를 마실수 있는곳 구테로이테입니다.,"Vibe, Coffee/Drink, Price",keyword
"커피맛도 좋고, 인테리어도 멋지고, 매장도 넓어서 편하게 대화하기 좋았어요.","Dessert/Bakery, Coffee/Drink, Vibe",keyword
성수동 오면 또 들리고 싶은 카페입니다.,"Dessert/Bakery, Coffee/Drink",keyword
매장 넓고 인테리어가 깔끔해서 좋아요.,"Dessert/Bakery, Coffee/Drink, Vibe",keyword
고소하면서 초콜릿 맛이 살짝나는 커피 맛이 좋아요~~,Coffee/Drink,keyword
매장 밖에서 보는 모습이 너무 분위기 좋아서 스르륵 들어오게되었어요 !,Vibe,keyword
인테리어가 진짜 너무 좋더라구요 ~,Vibe,keyword
"커피도 저렴하고, 분위기때문에 가격이 비쌀까 걱정했는데 저렴하네요 !!","Price, Dessert/Bakery, Coffee/Drink, Vibe",keyword
"분위기 좋고, 가격도 착하고 ♡","Vibe, Price",keyword
케이크 종류가 진짜많아요!,Dessert/Bakery,keyword
말차 갸또 케이크 진하고 달달하니 맛있었고 자리도 많고 매장도 예쁘고 엄청 세련됬어요.,"Dessert/Bakery, Vibe",keyword
커피맛이 깔끔하고 고급진 진한맛이라 다음에도 맛있는 커피 먹고싶을 때 또 방문할 것 같아요.,"Service, Dessert/Bakery, Coffee/Drink",keyword
커피가 너무 맛있고 분위기가 좋아요,"Vibe, Coffee/Drink",keyword
성수팝업 기다리면서 들어왔는데 분위기있고.,"Service, Vibe, Coffee/Drink",keyword
무엇보다도 커피가 맛있고 저렴해요!,Coffee/Drink,keyword
성수에 이 가격이라니 최고👍,Price,keyword
그라니따 마시러 종종 갑니다 ㅎ,Coffee/Drink,keyword
분위기도 좋고 친절하고 맛있어요:),"Service, Dessert/Bakery, Coffee/Drink, Vibe",keyword
성수 들렸다가 이뻐보여서 들어왔는데 에스프레소를 처음 먹어봤는데 쓰지도 않고 너무 맛있었어요!!,"Vibe, Coffee/Drink",keyword
성수 놀러왔다가 인테리어가 특이해서 왔는데 음료도 색다르게 맛있고 포토존이 있어서 좋아요!,"Dessert/Bakery, Coffee/Drink, Vibe",keyword
"수정과 콜드브루, 오미자 아메리카노 등 모두 생소한 커피지만 한번 마시면 빠져나올수 없는 그 맛!!","Dessert/Bakery, Coffee/Drink",keyword
성수동 커피맛집 인정입니다,Coffee/Drink,keyword
에스프레소가 특히 너무 맛있어요!,Vibe,keyword
분위기도 좋고 또 올거같아요,"Dessert/Bakery, Coffee/Drink, Vibe",keyword
맛도 좋고 종류도 다양해서 종종 들르는 구테로이테.,"Dessert/Bakery, Coffee/Drink",keyword
넛슈페너는 고소한 견과류와 커피의 조화가 좋습니다.,"Dessert/Bakery, Coffee/Drink",keyword
공간도 적당히 힙스럽고 차분해서 좋습니다.,"Dessert/Bakery, Coffee/Drink, Vibe",keyword
커피가 아주 진합니다..,Coffee/Drink,keyword
사약 먹는 맛이네요ㅠㅠ,Coffee/Drink,keyword
넘나 써요,Coffee/Drink,keyword
성수점 처음 와봤는데 매장 깔끔하고 커피 맛있어요!,"Dessert/Bakery, Coffee/Drink, Vibe",keyword
매장이 독특하고 느낌이 있어요.,"Dessert/Bakery, Coffee/Drink, Vibe",keyword
다양한 종류의 에스프레소가 있어서 고르는 재미가 있어요~,"Dessert/Bakery, Coffee/Drink, Vibe",keyword
색다른 맛의 에스프레소와 다른 카페에 없는 메뉴들도 있어 만족스러워요!,"Vibe, Coffee/Drink, Price",keyword
오레오우유 케이크도 많이 달지 않고 맛있었답니다,Dessert/Bakery,keyword
에스프레소 맛집~케익 맛집이에용!,Vibe,keyword
커피종류도 정말 다양하고 분위기도 좋아요,"Dessert/Bakery, Coffee/Drink, Vibe",keyword
추천추천🤗🧡,Vibe,keyword
우연히 들어간 카페인데 너무 맘에 들어요,Coffee/Drink,keyword
"💗
분위기도 좋고 조용해서 차분히 대화 나누거나 작업학 딱인 것같아요!","Service, Dessert/Bakery, Coffee/Drink, Vibe",keyword
커피도 너무 맛있고 고소하고요~!~,Coffee/Drink,keyword
가격도 괜찮고 맛있어요,Price,keyword
분위기도 짱,Vibe,keyword
부드럽게 목넘김이 좋은 에스프레소였어요,Vibe,keyword
우연하게 맛난 에스프레소 만나게 되어 넘 좋았어요,"Dessert/Bakery, Coffee/Drink, Vibe",keyword
파인콘 레몬슈가 상큼해요,Coffee/Drink,keyword
또 오고 싶어요!,"Dessert/Bakery, Coffee/Drink",keyword
성수에 처음 놀러왔는데 생겨서 들렸어요!,"Dessert/Bakery, Coffee/Drink",keyword
너무 맛있게 먹었어요.,Coffee/Drink,keyword
성수 최애 카페입니다,Coffee/Drink,keyword
또오겠습니다,"Dessert/Bakery, Coffee/Drink",keyword
ㅎㅎ분위기짱,Vibe,keyword
커피에 진심인것 같아서 들어왓는데 분위기가 좋아요,"Dessert/Bakery, Coffee/Drink, Vibe",keyword
구테 넛 슈페너는 페로로 로쉐 쏘쏘,Vibe,keyword
에스프레소가 진하면서 부드러워요,Vibe,keyword
케이크랑 커피가 맛있고 인테리어가 예뻐욤,"Dessert/Bakery, Coffee/Drink, Vibe",keyword
매장 인테리어가 예뻐서 사진이 잘나와용,"Vibe, Coffee/Drink",keyword
다른 지점은 많이 가봤고 성수는 처음인데 조용한 분위기에서 커피한잔 힐링이라 자주 와야겠어요,"Dessert/Bakery, Coffee/Drink, Vibe",keyword
플랫화이트와 콘파냐 언제나처럼 맛있게 즐겼네요,Dessert/Bakery,keyword
음료가 정말 맛있었어여!,Coffee/Drink,keyword
분위기도 괜찮고 넘 만족했습니다!,"Price, Dessert/Bakery, Coffee/Drink, Vibe",keyword
사람이 많지 않은 커피맛집,"Dessert/Bakery, Coffee/Drink, Vibe",keyword
맛있고 분위기 좋아요,Vibe,keyword
"케이크 종류도 많고, 커피 특히 맛있습니다!!!!","Dessert/Bakery, Coffee/Drink",keyword
깔끔하고 밝은 분위기에 친절한 직원분들까지!!!,"Service, Dessert/Bakery, Coffee/Drink, Vibe",keyword
아아 가격도 넘 착하고 향도 좋고 맛있어요!,Price,keyword
인테리어가 깔끔하고 음료도 맛있어요!,"Dessert/Bakery, Coffee/Drink, Vibe",keyword
카공도 좋구 이야기하러 와도 좋을 것 같아요!!,"Dessert/Bakery, Coffee/Drink",keyword
완전 추천✨💫,Vibe,keyword
커피 베리뱅 콘판나 먹었는데 정말 맛있었습니다.,Coffee/Drink,keyword
분위기도 좋고 인테리어도 덤 예뻐요!,Vibe,keyword
일하시는 분들도 너무 친절하시고 좋습니다,"Service, Dessert/Bakery, Coffee/Drink",keyword
커피로 유명해서 들러봤는데 분위기도 좋고 직원분들도 친절해요!,"Service, Dessert/Bakery, Coffee/Drink, Vibe",keyword
독특한 오미자 아메리카노 ~~추운날씨에 먹기좋아요~~,"Dessert/Bakery, Coffee/Drink",keyword
분위기깔끔하고 편합니다,"Dessert/Bakery, Coffee/Drink, Vibe",keyword
인테리어가 멋있고 직원들 너무 친절하시고 좋아요,"Service, Dessert/Bakery, Coffee/Drink, Vibe",keyword
성수 커피맛집 추천!,"Vibe, Coffee/Drink",keyword
"작원분이 정말 친절하고, 특별한 커피를 즐기기에 제격입니다 .","Service, Dessert/Bakery, Coffee/Drink",keyword
"분위기도
깔끔하고 좋아요","Dessert/Bakery, Coffee/Drink, Vibe",keyword
회사근처 카페,Coffee/Drink,keyword
너무 마싯쩌영 케이크 달다구리 음료수 굳굳,Dessert/Bakery,keyword
구테로이테 평소에도 좋아하는데 성수점은 처음와봤어요.,"Dessert/Bakery, Coffee/Drink",keyword
에스프레소 진하고 부드럽고 맛있습니다.,Vibe,keyword
종류별로 많이 시켜서 마시면 더 좋아요,Vibe,keyword
사진 첨부가 안 돼 아쉽지만 커피도 예쁘게 나와요,"Vibe, Coffee/Drink",keyword
😀 플랫화이트와 구테로이테 먹었는데 너무 부드럽고 좋아요,Coffee/Drink,keyword
딸이랑 왔는데 너무 좋네요~,"Dessert/Bakery, Coffee/Drink",keyword
커피 맛집 인정입니다!,Coffee/Drink,keyword
좋아하는 커피집인데 성수에 생겨서 와봣어요,"Dessert/Bakery, Coffee/Drink, Vibe",keyword
역시나 맛있네요~,Coffee/Drink,keyword
커피가 진하고 좋아요,Coffee/Drink,keyword
커피가 짱 맛있어요!,Coffee/Drink,keyword
일단 너무 넓어서 좋고 노래 잔잔하니 얘기하기 좋아여~,"Dessert/Bakery, Coffee/Drink, Vibe",keyword
비 피하려고 들어왔는데 매장도 넓고 분위기도 좋아요!,"Vibe, Coffee/Drink",keyword
생각모다 매장이 넓네요,Vibe,keyword
사람도 많아요,"Dessert/Bakery, Vibe",keyword
지나가다가 따끈한 라떼가 먹구싶어서 아무생각없이 들어왔는데 커피맛집이네요,Coffee/Drink,keyword
💕 자리도 넓고 이뻐요,Vibe,keyword
"수정과 콜드블루랑 이천쌀스무디는
처음 먹어봤는데 부모님이 재밌어하시네요ㅎㅎ","Dessert/Bakery, Coffee/Drink",keyword
신기한 메뉴들이 많아요.,"Dessert/Bakery, Coffee/Drink",keyword
커피맛도 굿이에요,Coffee/Drink,keyword
"🥰
수정과 커피 마셔봤는데 진짜 수정과 맛이에요",Coffee/Drink,keyword
"커피를 다 마셨지만, 부드럽고 맛있는거 같아요","Dessert/Bakery, Coffee/Drink",keyword
"매장이 넓어서 쾌적하고
커피도 맛있어요!","Dessert/Bakery, Coffee/Drink, Vibe",keyword
에스프레소를 처음 먹는데 신기했어요.,"Vibe, Coffee/Drink",keyword
아이스여서 더 신기했던거같아요~~~,"Dessert/Bakery, Coffee/Drink",keyword
에스프레소 잔 귀여움+당근케이크 귀여움+,"Dessert/Bakery, Vibe",keyword
에쏘+휩+로투스 조합!,Coffee/Drink,keyword
제가 좋아하는 에스프레소바에요!,"Dessert/Bakery, Vibe",keyword
직원분도 친절하시고 매장도 넓어요~!,"Service, Dessert/Bakery, Coffee/Drink, Vibe",keyword
성수동 데이트왔다가 우연히 들른곳인데 커피가 정말 맛있어요~!!,"Dessert/Bakery, Coffee/Drink, Vibe",keyword
"은은하게 비치는 햇빛과 목욕탕같은 분위기에
낭낭하게 들어간 넛츠 슈페너가 좋았다","Dessert/Bakery, Coffee/Drink, Vibe",keyword
매장이 독특하고 음료가 맛있어요,"Dessert/Bakery, Coffee/Drink, Vibe",keyword
커피 케익 다 맛있어요!!,Coffee/Drink,keyword
친절하시고 커피가 진하고  맛있어요,"Service, Dessert/Bakery, Coffee/Drink",keyword
커피가 맛있어요..,Coffee/Drink,keyword
🥹 달달한 디저트랑 넘 잘어울려요,Dessert/Bakery,keyword
카페도 붐비지않고 여유로워서 좋아요!,"Vibe, Coffee/Drink",keyword
매장이 매우 넓고 쾌적해요,"Dessert/Bakery, Coffee/Drink, Vibe",keyword
커피맛도 좋아요,Coffee/Drink,keyword
매장이 넓어서 쾌적합니다!!,"Dessert/Bakery, Coffee/Drink, Vibe",keyword
얘기하기 좋은 것 같아요,"Dessert/Bakery, Coffee/Drink",keyword
매장이 넓고 분위기도 좋은데 커피도 맛있어요.,"Vibe, Coffee/Drink",keyword
그라니따 제 인생 최고의 커피입니다.,Coffee/Drink,keyword
ㄹㅇ로 존맛탱,Vibe,keyword
시끌벅적한 성수에서 잔잔한 느낌의 카페를 찾아서 좋습니다.,"Service, Dessert/Bakery, Coffee/Drink",keyword
친구와 좋은 시간 보냈습니다.,Vibe,keyword
분위기 좋고 음료 가격 합리적이네요,"Vibe, Coffee/Drink, Price",keyword
분위기좋고 공간도 넓어서 대화하기도 편해요,"Dessert/Bakery, Coffee/Drink, Vibe",keyword
커피종류가 엄청 많네요,Coffee/Drink,keyword
커피매니아들에게 추천장소👍,"Vibe, Coffee/Drink",keyword
에스프레소 탑쌓아야 하는 곳😆,"Dessert/Bakery, Coffee/Drink, Vibe",keyword
성수 돌아다니다 보여서 들렀는데 본점 갔을때보다 메뉴가 다양해서 좋았어요!!,"Dessert/Bakery, Coffee/Drink",keyword
오늘도 상콤한 그라니따 한잔 했습니당ㅎㅎㅎ,"Dessert/Bakery, Coffee/Drink",keyword
에스프레소가 너무 맛있어요!,Vibe,keyword
내부가 밝고 쾌적해요!,"Dessert/Bakery, Coffee/Drink",keyword
콘센트가 많아서 작업하기 좋아요.,"Service, Dessert/Bakery, Coffee/Drink, Vibe",keyword
"성수 놀러왔다가 들렸는데, 들어오자마자 커피향도 너무 좋고 대화하기 좋았어요~^^","Dessert/Bakery, Coffee/Drink",keyword
"강남구청에 있을 때만 몇 번 방문 했었는데, 어느새 성수동에도 생겼네요.ㅎㅎ","Service, Dessert/Bakery, Coffee/Drink, Vibe",keyword
에쏘 베리에이션이 괜찮은 편이에요.,Coffee/Drink,keyword
수정과콜드부르는 제 취향이 아닌걸로..,Vibe,keyword
근처에있어서 들어왔는데 분위기도 좋고 무엇보다 신기함 음료가있어서 좋았어요!,"Dessert/Bakery, Coffee/Drink, Vibe",keyword
케이크도 맛있고 음료도 맛있어서 자주오고싶네욤ㅎㅎ,"Dessert/Bakery, Coffee/Drink",keyword
규모 적당하고 조용한 스페셜티 에쏘 바 입니당.,"Dessert/Bakery, Coffee/Drink",keyword
커피랑 쌀스무디 너무 맛있고 특히 디저트가 너무 맛있습니다.,"Dessert/Bakery, Coffee/Drink",keyword
구테 넛 슈페너는 여태 먹어보지 못했던 커피에요!,"Dessert/Bakery, Coffee/Drink",keyword
엄청 진하고 향기로운 견과류 맛이 커피랑 잘 어우러집니다:),Coffee/Drink,keyword
실패 없이 맛있는 커피가 땡길때 딱 좋은!!!!,Coffee/Drink,keyword
분위기 너무좋고 커서 좋아요!!,"Service, Vibe",keyword
커피도 맛있어요 !!,Coffee/Drink,keyword
커피가 맛이 있고~카페 분의기도 좋아요!!,"Vibe, Coffee/Drink",keyword
성수에서 보기힘든 갓성비 카페에요,Coffee/Drink,keyword
"🫶🫶
여기 왜 처음왔지,,,????","Dessert/Bakery, Coffee/Drink",keyword
분위기좋고 성수하면 생각나는 카페인거같아용,"Dessert/Bakery, Coffee/Drink, Vibe",keyword
케이크도 그렇고 너무 맛있어요 !!,Dessert/Bakery,keyword
구테로이테 먹고 싶어요,Coffee/Drink,keyword
맛나보여요,Coffee/Drink,keyword
넒고 커피도 맛있어서 좋아요!,Coffee/Drink,keyword
매장도 넓어서 시원하고 좋아요,"Dessert/Bakery, Coffee/Drink, Vibe",keyword
"넓은 매장 맛나는 커피, 아인슈페너, 당근케잌 굿굿굿
가성비 굿
이야기하기 굿 
너무 괜찮은 곳입니다^^","Price, Dessert/Bakery, Coffee/Drink, Vibe",keyword
골목으로 쪼금만~~~~ 들어오셔요^^,Position,keyword
오늘 하루 수다 힐링하고 갑니다^^,"Dessert/Bakery, Coffee/Drink",keyword
메뉴들 각각 특색이 있고 공간도 좋아요:),"Vibe, Coffee/Drink",keyword
분위기도 좋고 좋아용,Vibe,keyword
성수에서 안기다리고 바로 들어갈수있는 카페에요!!,"Service, Vibe, Coffee/Drink",keyword
커피도 맛있고 직원분도 친절하세요~!,"Service, Dessert/Bakery, Coffee/Drink",keyword
딱 성수동같은 카페에요,"Dessert/Bakery, Coffee/Drink",keyword
분위기있고 음료도 맛집이네용,"Vibe, Coffee/Drink",keyword
에스프레소 전문 카페는 처음 방문해봤는데 기대 이상으로 맛있네요!!,"Service, Dessert/Bakery, Coffee/Drink, Vibe",keyword
전메뉴 다 먹어보고 싶어요,Coffee/Drink,keyword
🫠🫠 밀 크레이프도 부드럽고 맛있어요,Dessert/Bakery,keyword
분위기도 너무 좋고 깔끔해요!,"Dessert/Bakery, Coffee/Drink, Vibe",keyword
라떼도 맛있고 좋습니다 :),Coffee/Drink,keyword
특별한 메뉴도 많고 매장도 넓고 깔끔해요!,"Dessert/Bakery, Coffee/Drink, Vibe",keyword
다음에 또 방문하고 싶습니다:)💗,"Service, Dessert/Bakery, Coffee/Drink",keyword
"플랫화이트 오랜만에 맛나게 먹었네요, 엄마가 진한 아메리카노 좋아하셔서 롱블랙 시켜드렸는데 만족쓰!!!!","Coffee/Drink, Price",keyword
건물은 낡았어도 카페는 인테리어덕네 넓고 깨끗!!!!,"Vibe, Coffee/Drink",keyword
커피 엄청 고소하고 저렴한 편이에요,Coffee/Drink,keyword
😊 늘 지나만 갔는데 오늘 처음으로 방문했습니다!,"Service, Dessert/Bakery, Coffee/Drink",keyword
재방문 의사 있습니다.,"Service, Vibe, Coffee/Drink",keyword
"라떼류는 넘 달지만 공간이 좋아서 종종 가게 
됨","Vibe, Coffee/Drink",keyword
깔끔한 매장 맛난커피 추천받아서 방문해보았습니다.,"Service, Dessert/Bakery, Coffee/Drink, Vibe",keyword
롱블랙 향이 너무 좋고 직원분께서 추천해주신 리치 펀치도 너무 맛있었습니다 !,"Service, Dessert/Bakery, Coffee/Drink, Vibe",keyword
카페도 너무 예뻐요 !,"Vibe, Coffee/Drink",keyword
분위기 넘 좋고 친절해요,"Service, Dessert/Bakery, Coffee/Drink, Vibe",keyword
커피사진을 못찍었는데 가성비 좋고 특히 카페라떼 진짜 맛있어요..,"Coffee/Drink, Price",keyword
요즘 각얼음만 넣고 커피양은 적은 곳 많은데 여기는 안그래서 좋아요!,"Vibe, Coffee/Drink",keyword
레몬 마들렌도 너무 맛있고 분위기도 좋습니다 ㅎㅎ,"Vibe, Coffee/Drink",keyword
독특하고 예뻐요,"Dessert/Bakery, Coffee/Drink, Vibe",keyword
분위기 좋고 깔끔해요!,"Dessert/Bakery, Coffee/Drink, Vibe",keyword
분위기 좋고 매장이 넓어서 쾌적해요~,"Dessert/Bakery, Coffee/Drink, Vibe",keyword
음료도 맛있네요,Coffee/Drink,keyword
메뉴 다양하고 맛잇어용,"Dessert/Bakery, Coffee/Drink",keyword
"👍
인테리어도 예쁘고 친절하심!!","Service, Dessert/Bakery, Coffee/Drink, Vibe",keyword
성수 올때마다 친구와 들리는데 분위기 좋고 커피도 맛있어용,"Dessert/Bakery, Coffee/Drink, Vibe",keyword
깨끗하고 넓고 대화 나누기 좋아요!,"Dessert/Bakery, Coffee/Drink, Vibe",keyword
커피 종류가 많아서 좋아요,Coffee/Drink,keyword
☕️👏 그라니따가 상큼하고 넘 맛있어요~!!,Coffee/Drink,keyword
나름 공간도 시원시원하고 커피도 종류가 많고 맛있습니다!,"Dessert/Bakery, Coffee/Drink, Vibe",keyword
다른 종류도 먹어보고 싶어요!,Coffee/Drink,keyword
운 좋게 웨이팅 없이 앉앗는데 일단 커피 자체가 너무 맛있어요,"Service, Coffee/Drink",keyword
자리도 꽤있고 친절합니다,"Service, Dessert/Bakery, Coffee/Drink, Vibe",keyword
자주 옵니다,"Dessert/Bakery, Coffee/Drink",keyword
와 커피 진하고 너무 맛있어요!!,Coffee/Drink,keyword
저처럼 얼음을 씹어먹는사람한테 간얼음이여서 좋아요!!,"Dessert/Bakery, Coffee/Drink, Vibe",keyword
에스프레소를 기본으로 이런저런 다양한 음료가 많아 고르는 재미가 있습니다,"Dessert/Bakery, Coffee/Drink, Vibe",keyword
케이크도 음료도 맛있습니다,"Dessert/Bakery, Coffee/Drink",keyword
분위기 좋아여,Vibe,keyword
메뉴도 흔하지 않고 특색있으면서 맛있어요!,"Vibe, Coffee/Drink",keyword
가성비 맛 다 잡은 곳!,"Vibe, Price",keyword
담에 다른 메뉴 먹어봐야겠어요ㅎㅎ,Coffee/Drink,keyword
커피가 넘넘 맛있어서 또 오려고요,"Dessert/Bakery, Coffee/Drink",keyword
에스프레소 전문으로 하시는 거 같아요!,"Dessert/Bakery, Coffee/Drink, Vibe",keyword
"아침이라 당 안먹을라 했지만,, 메뉴가 매력적이라 지나칠 수 없었습니다.","Dessert/Bakery, Coffee/Drink",keyword
"일단 가격 좋구요,",Price,keyword
장소 넓직해서 앉아있기 너무 좋네요.,"Dessert/Bakery, Coffee/Drink, Vibe",keyword
성수에 이런 공간 생겨서 좋아요 :)),Vibe,keyword
분위기 좋고 넓어서 대화하기도 좋아요,"Dessert/Bakery, Coffee/Drink, Vibe",keyword
커피가 진짜 맛있습니다♡,Coffee/Drink,keyword
직원분들이 너무 친절해요,"Service, Dessert/Bakery, Coffee/Drink",keyword
실수로 음료 쏟았는데 다시 새로 만들어주시고 감사해요♡,"Dessert/Bakery, Coffee/Drink, Vibe",keyword
cafe라기보다는 빌딩에 있는 일반 프랜차이즈 샵같음.,"Dessert/Bakery, Coffee/Drink, Vibe",keyword
".인테리어가 멋진 입구를 지나 오늘 딸과의 데이트에
식사후에 즐기는 티 타임.","Vibe, Coffee/Drink",keyword
"콜드브루한잔에 긴 성수동골목을 
다시누비자","Position, Coffee/Drink",keyword
데이트 하기 좋아요 ㅎㅎ,"Dessert/Bakery, Coffee/Drink",keyword
재방문 꼭,Service,keyword
넓고 쾌적해요!!!,"Dessert/Bakery, Coffee/Drink, Vibe",keyword
힙한 분위기,"Dessert/Bakery, Coffee/Drink, Vibe",keyword
감각있는 카페좋아요,"Vibe, Coffee/Drink",keyword
에스프레소 다양하고 진하게 맛있어요!!,"Dessert/Bakery, Coffee/Drink, Vibe",keyword
매장분위기도 넓고 쾌적해서 좋아요!!,"Dessert/Bakery, Coffee/Drink, Vibe",keyword
지나가다 매장이 멋져서 들렀는데 인테리어도 예쁘고 커피도 맛있어요!,"Vibe, Coffee/Drink",keyword
인터리어도 깔끔하고 너무 맛있어요,"Dessert/Bakery, Coffee/Drink",keyword
커피랑 케이크가 맛있어요 !!,"Dessert/Bakery, Coffee/Drink",keyword
자리가 많아서 웨이팅 없이 들어올 수 있었어요,"Service, Vibe, Coffee/Drink",keyword
다름에 또 이용할거같아요 ㅎㅎ,"Dessert/Bakery, Coffee/Drink",keyword
내부 분위기도 너무 좋아요,"Dessert/Bakery, Vibe",keyword
지인추천으로 왔는데 커피 맛있네요,"Dessert/Bakery, Coffee/Drink, Vibe",keyword
"매장이 넓고 자리도 많은데 
주말 피크타임에는 자리잡기 어려울듯하네요","Dessert/Bakery, Coffee/Drink, Vibe",keyword
"커피
향이 좋아요 ㅎㅎ",Coffee/Drink,keyword
분위기가 좋고 커피가 맛있어요 //^^// ~ 직원분들도 친절해서 좋아요 ~,"Service, Dessert/Bakery, Coffee/Drink, Vibe",keyword
에스프레소를 다양하게 맛볼 수 있고 디저트가 너무 맛있어요~!,"Dessert/Bakery, Coffee/Drink, Vibe",keyword
다른 에스프레소도 다 맛 보고 싶어요 ^^,Vibe,keyword
너무 고소하면서 에프레소랑 너무 잘 어울러져 맛있었아요.,Coffee/Drink,keyword
"커피를 제대로 만드는 곳 같아서 와봤는데,
당충전 제대로 하고 가는것 같아요.","Dessert/Bakery, Coffee/Drink, Vibe",keyword
다음에 다른 커피 메뉴 마셔보러 또 올 것 같아요,"Dessert/Bakery, Coffee/Drink",keyword
"오랜만에 성수 왔는데, 일찍 연 카페가 있어서 들렀어요","Dessert/Bakery, Coffee/Drink, Vibe",keyword
구테로이테 에스프레소 맛있어요,Vibe,keyword
👍🏻 추천합니다!,"Dessert/Bakery, Coffee/Drink, Vibe",keyword
커피 맛있고 공간이 넓어서 좋아요~  :),"Vibe, Coffee/Drink",keyword
"가성비 정말 좋은 에소바
가성비 좋은정도가 아니라
완전 혜자예요!","Dessert/Bakery, Price",keyword
"에스프레소 종류도 다양하고
입안 상큼하게 씻어주는
레몬 그라니따도 굿굿","Dessert/Bakery, Coffee/Drink, Vibe",keyword
"매장도 넓고 직원분들도 엄청 친절하세요
영업시간도 빨라서 좋음","Service, Dessert/Bakery, Coffee/Drink, Vibe",keyword
"살짝 아쉬운게 있으면
음악소리가 너무 커서
얘기하다 목소리도 점점 같이 커진다","Service, Dessert/Bakery, Coffee/Drink, Vibe",keyword
넓고 쾌적해서 일단 좋아요,"Dessert/Bakery, Coffee/Drink, Vibe",keyword
인테리어도 이쁘고 음료도 맛있어요!!,"Vibe, Coffee/Drink",keyword
분위기가 좋아서 지나가다가 이끌려들어왔어요,Vibe,keyword
매장쾌적하고 깔끔해요,"Dessert/Bakery, Coffee/Drink, Vibe",keyword
커피 디저트 다 맛있어요!,"Dessert/Bakery, Coffee/Drink",keyword
에스프레소가 진짜 맛있어요,Vibe,keyword
분위기도 조용하고 좋아요,"Dessert/Bakery, Coffee/Drink, Vibe",keyword
지나가는 길에 보여서 들어갔는데 적당히 소란하고 분위기 좋아요.,"Dessert/Bakery, Coffee/Drink, Vibe",keyword
커피 너무 맛있습니다.,Coffee/Drink,keyword
진짜 에스프레소바에 걸맞는 곳이에요!,"Dessert/Bakery, Vibe",keyword
에스프레소 처음 한 입 먹는 순간 쓴맛보다는 다른 맛이 풍부하게 나고 너무 좋네요.,"Vibe, Coffee/Drink",keyword
스톤 슈페너도 흑임자 크림과 커피가 너무 잘 어울려요~,Coffee/Drink,keyword
커피 가격도 합리적이고 커피도 맛있습니당,"Coffee/Drink, Price",keyword
진짜 이게 커피인의 바카스다 싶습니다,Coffee/Drink,keyword
우연히 들린곳인데 인테리어 깔끔하고 에스프레소 맛집입니다!,"Dessert/Bakery, Coffee/Drink, Vibe",keyword
커피맛있고 쉬었다가기 좋아요,Coffee/Drink,keyword
카페 널찍하니 크고 힙한 느낌이예요.,"Service, Dessert/Bakery, Coffee/Drink, Vibe",keyword
그라니따는 정말정말 새콤해서 독특해요.,"Dessert/Bakery, Coffee/Drink",keyword
구테로이테는 부드럽고 달콤한 맛이 있어서 좋아요.,"Dessert/Bakery, Coffee/Drink, Vibe",keyword
그라니따가 상콤하고 스톤 슈페너는 짭조롬하니 달콤해요,"Dessert/Bakery, Coffee/Drink",keyword
크레이프 케이크도 먹었는데 담백하고 맛있습니다.,"Dessert/Bakery, Coffee/Drink",keyword
자리도 넓어서 친구들이랑 오기 딱 좋아요!,"Dessert/Bakery, Coffee/Drink, Vibe",keyword
강남구청 매장 자주갔었고 성수쪽 생기고 두번째 방문!!,"Service, Vibe",keyword
커피 맛이 보장되어있는 곳!!,"Vibe, Coffee/Drink",keyword
커피랑 디저트 다 맛있구 분위기도 좋아요~,"Dessert/Bakery, Coffee/Drink, Vibe",keyword
커피 너무 맛잇게먹었습니당~~_,Coffee/Drink,keyword
에스프레소바가 근사하길래 들어왔어요.,"Dessert/Bakery, Coffee/Drink, Vibe",keyword
맛도 있고 가격도 합리적이라 자주 올 것 같답니다.,"Price, Dessert/Bakery, Coffee/Drink, Vibe",keyword
오픈런했어요.,"Dessert/Bakery, Coffee/Drink",keyword
밤10시까지해요,"Dessert/Bakery, Coffee/Drink",keyword
어서오세요,"Dessert/Bakery, Coffee/Drink",keyword
커피 너무 맛있고 디저트도 맛있어요!!,"Dessert/Bakery, Coffee/Drink",keyword
성수동에 와서 우연히 방문했는데 인테리어도 이쁘고 커피가 너무너무 맛있어서 기분이 좋네요!,"Service, Dessert/Bakery, Coffee/Drink, Vibe",keyword
기억하고 싶은 곳입니다.,"Dessert/Bakery, Coffee/Drink, Vibe",keyword
역시 에스프레소 맛있습니다,Vibe,keyword
"분위기가 좋고 대기 없이 바로 왔는데 커피가
맛있네요","Service, Dessert/Bakery, Coffee/Drink, Vibe",keyword
"지나가다 우연히 들어왔는데, 커피가 정말 맛있어요!!",Coffee/Drink,keyword
성수에서 쇼핑하고 힘들 때 들려서 휴식하기 좋아요~,"Dessert/Bakery, Coffee/Drink",keyword
매장 넓고 깔끔합니다!,"Dessert/Bakery, Coffee/Drink, Vibe",keyword
메뉴가 다양해요,"Dessert/Bakery, Coffee/Drink",keyword
달달한 거 좋아하시면 카페크레마 왕추천!!,"Service, Vibe, Coffee/Drink",keyword
신기한맛…!,"Dessert/Bakery, Coffee/Drink",keyword
수정과 좋아하면 추천..!,Vibe,keyword
구테로이테 다른 지점 방문했었는게 성수도 역시나 맛있에요 ㅎㅎ,"Service, Dessert/Bakery, Coffee/Drink",keyword
커피 맛이 너무 고소하고 맛있어요!!,Coffee/Drink,keyword
넓고 인테리어 예뻐요,Vibe,keyword
오미자차 상큼하고 맛있어요,Coffee/Drink,keyword
돌체라떼 먹어봤는데 맛있어용 •_<,Coffee/Drink,keyword
그라니따를 주문했어요.,"Service, Dessert/Bakery, Coffee/Drink",keyword
레몬 샤벳에 에스프레소를 첨가한 음료라는데 처음 마셨지만 적당한 상큼함과 에스프레소의 향긋한이 어우러져 맛있었습니다.,"Dessert/Bakery, Coffee/Drink, Vibe",keyword
헤비한 식사 후에 상큼한 음료를 찾는다면 이 음료를 추천할 수 있을 것 같아요.,"Service, Dessert/Bakery, Coffee/Drink, Vibe",keyword
친구랑 같이 왔어용,"Dessert/Bakery, Coffee/Drink, Vibe",keyword
"👻
에스프레소메뉴라서 쓸줄알았지만 다 너무 맛있었어요!!","Service, Vibe",keyword
목말라서 콜드브루도 함께 주문했는데 센스있게 물도 같이 챙겨주셨어요,"Service, Dessert/Bakery, Coffee/Drink, Vibe",keyword
"🥹✨
매장도 넓고 깔끔해서 좋아요!","Dessert/Bakery, Coffee/Drink, Vibe",keyword
재방문의사도 있습니당,"Service, Vibe, Coffee/Drink",keyword
에스프레소 맛집 찾아왔어요!!!,"Service, Dessert/Bakery, Coffee/Drink, Vibe",keyword
매장도 넓고 깨끗하고 너무 좋아요,"Dessert/Bakery, Coffee/Drink, Vibe",keyword
커피가 다 맛있어요,Coffee/Drink,keyword
카페 분위기가 너무 이뻐요!,"Vibe, Coffee/Drink",keyword
케익도 맛있고 음료도 맛있었습니다~,Coffee/Drink,keyword
케이크도 맛있고 음료도 빨리 나와서 만족스러워요.,"Dessert/Bakery, Coffee/Drink, Price",keyword
성수 오면 꼭 들려야하는곳입니다!,"Dessert/Bakery, Coffee/Drink, Vibe",keyword
우연히 들어온 카페인데 분위기도 좋고 메뉴가 많아 고민하다 롱블랙 시켰는데 맛있어요!,"Dessert/Bakery, Coffee/Drink, Vibe",keyword
가성비좋고 친절하십니다^^,"Service, Dessert/Bakery, Coffee/Drink, Price",keyword
파인콘 구테로이테 먹어봤어요,Coffee/Drink,keyword
또 오고 싶어요,"Dessert/Bakery, Coffee/Drink",keyword
공간도 넓고 커피 맛있어요~!,"Vibe, Coffee/Drink",keyword
디저트맛집이에요!,Dessert/Bakery,keyword
와보고싶었던곳 와서 넘좋아요,"Dessert/Bakery, Coffee/Drink, Vibe",keyword
매장도넓어요,Vibe,keyword
이 가격에 이런 구성이!!,Price,keyword
정말정말정말 너무너무 맛있었고 아빠랑 같이 갔는데 만족하셨을 정도로 좋았습니다.,"Price, Dessert/Bakery, Coffee/Drink, Vibe",keyword
가기 전 마지막까지 신경써주셔서 감사했습니다~!,"Dessert/Bakery, Coffee/Drink",keyword
분위기도 너무 좋고 내부도 넓어서 좋아요,"Dessert/Bakery, Vibe",keyword
카페크레마 롱블랙 마셨는데 맛있고 잠봉뵈르도 바로 만들어 주시는것 같고 맛있네요.,"Dessert/Bakery, Vibe",keyword
너무 만족스럽네요.,Price,keyword
매장도 깔끔하고 좋아요.,"Dessert/Bakery, Coffee/Drink, Vibe",keyword
이천 쌀 스무디도 자극적이지 않은 맛이고 보통적인 스무디처럼 곱게 갈린게 아니라 빨리 녹지 않아서 좋아요,Dessert/Bakery,keyword
직원분들이 메뉴 여쭤보면 친절하고 상세하게 설명도 해주셔서 감사했습니다.,"Service, Dessert/Bakery, Coffee/Drink",keyword
음료가 맛있고 분위기가 너무 조아요 !,"Vibe, Coffee/Drink",keyword
오기 정말 잘했어요,"Dessert/Bakery, Coffee/Drink",keyword
수정과 콜드브루가 아주 각별해요.,"Dessert/Bakery, Coffee/Drink",keyword
분위기도 예쁘고 조용하게 담소 나누기 좋은 것 같아요!,"Dessert/Bakery, Coffee/Drink, Vibe",keyword
자리도 넓어서 편안하게 카페 분위기 즐겼습니당,"Dessert/Bakery, Coffee/Drink, Vibe",keyword
에스프레소 음료가 정말 맛있어요!,"Vibe, Coffee/Drink",keyword
성수점은 처음 와봤는데 여전히 좋아요,"Dessert/Bakery, Coffee/Drink",keyword
직원분들도 친절하고 수다 떨러 오기 너무 좋은 장소 같아요,"Service, Dessert/Bakery, Coffee/Drink",keyword
분위기도 좋고 맛있어요!,Vibe,keyword
동네라 자주 올게요,"Dessert/Bakery, Coffee/Drink",keyword
커피가 너무 맛잇고 인테리어가 예뻐요!,"Vibe, Coffee/Drink",keyword
카페가 넓고 시원해요,"Vibe, Coffee/Drink",keyword
직원분들도 친절하셨고 테이블이 많아서 좋았어요,"Service, Dessert/Bakery, Coffee/Drink",keyword
이야기하기도 좋은 장소였습니다,"Dessert/Bakery, Coffee/Drink",keyword
음료도 맛있었고 디저트도 맛았었어용 ◡̈,"Dessert/Bakery, Coffee/Drink",keyword
성수 카페치고 엄청 붐비거나 시끄럽지 않아서 좋네요!!,"Vibe, Coffee/Drink",keyword
플랫화이트와 롱블랙 당근케잌 주문했어요.,"Service, Dessert/Bakery, Coffee/Drink",keyword
플랫화이트는 우유맛 진하게 나는 라떼 원하시면 너무 좋습니다.,Coffee/Drink,keyword
롱블랙도 아이스지만 맛있는 커피향을 충분히 즐길 수 있었어요.,"Vibe, Coffee/Drink",keyword
당근케잌도 충분히 맛났습니다.,Dessert/Bakery,keyword
가성비도 좋고 음료도 맛나게 먹었어요~,"Coffee/Drink, Price",keyword
장소가 넓고 커피가 맛있어요,"Vibe, Coffee/Drink",keyword
시원하고 인테리어도 마음에 들고 커피도 맛있네요!!!,"Dessert/Bakery, Coffee/Drink, Vibe",keyword
에스프레소라 쓸까봐 걱정했는데 부드럽고 맛있어요.,"Dessert/Bakery, Coffee/Drink, Vibe",keyword
크림하고 조화가 좋네요^^,Dessert/Bakery,keyword
"본점, 연남점에서 주문실패하고 드디어 여기서 마셔보네요~~","Service, Dessert/Bakery, Coffee/Drink",keyword
"달콤한 과자 같은 에쏘, 맛있어요~","Dessert/Bakery, Coffee/Drink",keyword
웨이팅 없이 들어왔는데 신기한 메뉴가 많아요,"Service, Dessert/Bakery, Coffee/Drink",keyword
"성수에 있는 카페인데도 커피 가격이 합리적이고
맛도 좋습니다","Vibe, Coffee/Drink, Price",keyword
성수와서 방탈출하고 친구들이랑 커피마시러왔어요!,"Dessert/Bakery, Coffee/Drink, Vibe",keyword
매장도넖고 친구들과 대화하기 좋아요.,"Dessert/Bakery, Coffee/Drink, Vibe",keyword
에스프레소가 맛있고 아메리카노도 고소하니 베리굿입니다!,Vibe,keyword
분위기가 좋고 롱블랙은 3000원대라서 가성비도 좋아요,"Vibe, Price",keyword
만족입니다:),Price,keyword
시그니처 음료 맛보세요~,Coffee/Drink,keyword
카페가 예쁜데 자리도 많아서 좋아요!,"Vibe, Coffee/Drink",keyword
커피 맛있슴다,Coffee/Drink,keyword
본점에서 맛있게 먹은 기억이 있어 성수 놀러와서 방문했어요!,"Service, Dessert/Bakery, Coffee/Drink, Vibe",keyword
훨씬 쾌적하고 디저트까지 있어서 맘에 들어요,"Dessert/Bakery, Coffee/Drink, Vibe",keyword
커피는 역시 맛있습니다 ..,Coffee/Drink,keyword
커피가 맛있고 매장이 크고 넓어요,"Service, Vibe, Coffee/Drink",keyword
음료도 맛있고 디저트도 맛있구 매장 분위기도 너무 이뻐요,"Dessert/Bakery, Coffee/Drink, Vibe",keyword
😆😆 다음에도 근처 오면 들려야겠네요,"Dessert/Bakery, Coffee/Drink",keyword
케이크가 맛있고 매장이 깨끗하고 넓어서 좋아요,"Dessert/Bakery, Coffee/Drink, Vibe",keyword
우유케잌이 있어서 망설임없이 시켜서 먹었는데  정말 맛있어요,"Vibe, Coffee/Drink",keyword
커피도 가격 괜찮고 맛있고 사진도 잘나와용,"Coffee/Drink, Price",keyword
지나가다가 우연히 방문했는데 분위기도 좋고 메뉴도 다양해서 추천합니다 ㅎ,"Service, Dessert/Bakery, Coffee/Drink, Vibe",keyword
커피도 맛있는데 매장 넓고 깨끗해서 좋아요~!,"Dessert/Bakery, Coffee/Drink, Vibe",keyword
커피 종류가 다양하고 맛있어요~~,"Dessert/Bakery, Coffee/Drink",keyword
재방문의사 100%~,Service,keyword
라떼가 진하고 맛있고 케익도 부드럽고 맛있어요.,Coffee/Drink,keyword
분위기도 넓고 좋아요,Vibe,keyword
지나가다가 메뉴가 좋아 보여서 들어왔습니다.,Coffee/Drink,keyword
커피에 독특하고 유니크한 메뉴가 많아서 고르는 재미가 있네요.,"Dessert/Bakery, Coffee/Drink, Vibe",keyword
분위기가 좋아요~,Vibe,keyword
친구랑 연인이랑 같이 오기 좋아요!,"Dessert/Bakery, Coffee/Drink, Vibe",keyword
카페가 엄청 넓어서 노트북 하기 좋아용~!!,"Dessert/Bakery, Coffee/Drink, Vibe",keyword
커피 매우맛있어요~~,Coffee/Drink,keyword
강추합니당,"Dessert/Bakery, Coffee/Drink",keyword
강남구청점만 가봤다가 성수동 와봤는데 매장도 넓고 테이블도 많고 좋아요.,"Dessert/Bakery, Coffee/Drink, Vibe",keyword
케익도 맛있고 케익도 다양해서 좋습니다^^,"Dessert/Bakery, Coffee/Drink",keyword
라떼 시컀는데 추천해요! ✨,"Dessert/Bakery, Coffee/Drink, Vibe",keyword
"이곳에서 시그니처인
그라니따 마셨는데
시그니처인 이유가 있어요","Vibe, Coffee/Drink",keyword
특별하고 중독되는 맛입니다!,"Dessert/Bakery, Coffee/Drink",keyword
수정과커피는 ..,Coffee/Drink,keyword
"구테로이테, 레몬 그라니따 맛있고 매장이 넓어서 추천합니다.","Dessert/Bakery, Coffee/Drink, Vibe",keyword
애스프래소 특이해요,"Dessert/Bakery, Coffee/Drink",keyword
커피도 맛있고 케익도 너무 맛있어요,Coffee/Drink,keyword
"💗
다음에 또 올게요!","Dessert/Bakery, Coffee/Drink",keyword
"지나가다가 끌려서 들어왔는데
생각보다 커피도 너무 맛있고 공간도 너무 멋지네요!!","Vibe, Coffee/Drink",keyword
메뉴가 다양하고 많습니다.,"Dessert/Bakery, Coffee/Drink",keyword
메뉴도 엄청 특이하고 가게가 너무 예뻐요!,"Dessert/Bakery, Coffee/Drink, Vibe",keyword
앞으로 자주 올것 같아요 ㅎㅎ,"Dessert/Bakery, Coffee/Drink",keyword
커피도 마싯고 인테리어도 이쁩니당,"Vibe, Coffee/Drink",keyword
분위기도좋고~ 좋아요!,Vibe,keyword
역시 에스프레소 맛집이에요!!,Vibe,keyword
에스프레소가 너무 맛있어요 !,Vibe,keyword
일단 매장이 넓어서 좋아요~,Vibe,keyword
"커피가 맛있고 디저트도 맛있어보였지만
컵도 이뻐요","Dessert/Bakery, Coffee/Drink, Vibe",keyword
매장도 넓고 다시올것같아요,"Dessert/Bakery, Coffee/Drink, Vibe",keyword
신상카페라그런지 손님도 아직 막붐비지않아 여유있어서 좋았어요.,"Vibe, Coffee/Drink",keyword
분위기도 커피가 맛있어요!!!,"Vibe, Coffee/Drink",keyword
그라나따 맛있어보여용,Coffee/Drink,keyword
성수에 대화하기 좋은 카페에요,"Dessert/Bakery, Coffee/Drink",keyword
강남구청점만 가보고 성수점은 처음인데 공간이 훨씬 넓고 좋은것 같아요,"Dessert/Bakery, Vibe",keyword
커피도 부드럽고 맛있었습니다!,Coffee/Drink,keyword
커피도 너무 맛있고 안에 공간도 쾌적하고 넓어요!,"Dessert/Bakery, Coffee/Drink, Vibe",keyword
간판이 예뻐서 들어왔는데 맛있고 내부도 좋아서 자주 올것같아요,"Dessert/Bakery, Coffee/Drink, Vibe",keyword
분위기좋고 금액이 저렴해요!,Vibe,keyword
점심먹고 커피 마시려고 들렀어요.,Coffee/Drink,keyword
에스프레소 바라서 가격도 저렴하고 메뉴도 특별해요!,"Price, Dessert/Bakery, Coffee/Drink, Vibe",keyword
와보고 싶었던곳인데 드뎌와보게되었어요♡,"Dessert/Bakery, Coffee/Drink, Vibe",keyword
플랫화이트랑 레몬그라니따먹었어요♡,Coffee/Drink,keyword
그라니따는 넘상큼하고 특이했어요^-^,"Dessert/Bakery, Coffee/Drink",keyword
재방문의사 있습니다!!!!!!,"Service, Vibe, Coffee/Drink",keyword
번창하세요^^,"Dessert/Bakery, Coffee/Drink",keyword
"넓고 쾌적한 매장, 친절한 직원분까지 너무 좋아요~","Service, Dessert/Bakery, Coffee/Drink, Vibe",keyword
커피오마카세 경험했어요.,"Dessert/Bakery, Coffee/Drink",keyword
오트밀크 치즈나 팔각 등 향신료 사용이 새로웠어요.,"Dessert/Bakery, Coffee/Drink",keyword
훈연한 시나몬 등으로 가을 코스를 즐기는 동안 가을 분위기를 흠뻑 느끼는 시간이었어요.,Vibe,keyword
카페만의 특이한 메뉴가 있어서 좋아요,"Dessert/Bakery, Coffee/Drink, Vibe",keyword
성수점은 처음방뮨했어요!,"Dessert/Bakery, Coffee/Drink",keyword
추석연휴 마지막날인지 사람들이 붐비지 않아서 한적하고 좋어요!,"Dessert/Bakery, Coffee/Drink, Vibe",keyword
강남구청점 보다 개인적으로는 더 좋은것 같아요!,Dessert/Bakery,keyword
매장도 넓어요^^,Vibe,keyword
커피 맛있고 키페 분위기 깰끔하고 좋아요.,"Dessert/Bakery, Coffee/Drink, Vibe",keyword
에스프레소 맛있어요.,Vibe,keyword
장소도 넓고 좋아요~,Vibe,keyword
분위기 넘 좋구 커피 맛잇어용!!,"Vibe, Coffee/Drink",keyword
또 와야겠습니당,"Dessert/Bakery, Coffee/Drink",keyword
훌륭한 에스프레소바 입니다,"Dessert/Bakery, Coffee/Drink, Vibe",keyword
콘파냐,Dessert/Bakery,keyword
넓고 쾌적하구 커피 맛있어여!!!!!,"Dessert/Bakery, Coffee/Drink, Vibe",keyword
본점을 사랑해서 이사하고 성수점에도 와봤어요.,"Dessert/Bakery, Coffee/Drink",keyword
에스프레소 여전히 훌륭합니다,"Dessert/Bakery, Coffee/Drink, Vibe",keyword
👍🏻 아인슈페너도 맛있어요 :) 본점보다 베이커리류가 풍성하네요!,"Dessert/Bakery, Coffee/Drink",keyword
분위기도 인테리어도 맛도 훌륭하네요,"Dessert/Bakery, Coffee/Drink, Vibe",keyword
오픈시간에 아이들과 왔는데 모두 만족합니다,"Dessert/Bakery, Coffee/Drink, Price",keyword
네이버는 10시까지인데 매장 이용시간은 9시까지입니다ㅠㅠ,Vibe,keyword
가격도 적당하고 매장은 넓고 좋아요!,"Price, Dessert/Bakery, Coffee/Drink, Vibe",keyword
"이천쌀 스무디랑 같이 시켰는데 구수하고 맛있습니다:)
라떼는 그냥 베이직한 산미 없는 원두 라떼네요 ㅎㅎ","Dessert/Bakery, Coffee/Drink",keyword
분위기 좋습니다.,Vibe,keyword
분위기 좋고 깔끔해요!!!,"Dessert/Bakery, Coffee/Drink, Vibe",keyword
성수 클팍에서 클밍하다 당 떨어져서 충전!!,"Dessert/Bakery, Coffee/Drink",keyword
커피랑 디저트가 맛있어요,"Dessert/Bakery, Coffee/Drink",keyword
에스프레소 종류가 많고 진짜 맛있어요!!,Vibe,keyword
에스프레소 맛집이에요!,Vibe,keyword
롱블랙이 너무 맛잇고 빵도 부드러우니 좋네요. :),Dessert/Bakery,keyword
성수동 메인길에서 한블럭 벗어나있어 너무 붐비지 않고 좋아요.,"Vibe, Coffee/Drink",keyword
커피 맛도 맛있었습니다!,Coffee/Drink,keyword
"추석명절에 여유롭게 그라니따  한잔 캬~
돈 더내고 프리미엄 원두추가 비용내고 드세요.","Coffee/Drink, Price",keyword
새콤달콤 레몬샤벳 마시는 느낌이 기분 좋습니다.,Vibe,keyword
맛도 굿 분위기도 굿굿,Vibe,keyword
맛있는 에스프레소가 먹고 싶어서 찾아온 구테로이테!,"Vibe, Coffee/Drink",keyword
에서 구테로이테 한잔😋 부드럽고 달달하고 에스프레소 입문자도 맛있게 먹을 수 있는 한잔입니당,"Vibe, Coffee/Drink",keyword
"💕
한잔만으로는 안끝날… 카페☕️",Coffee/Drink,keyword
"핫플이 아닌 고급스러운 커피, 맛있는 커피를 기대하고 들어갔는데 생각보다 가격이 저렴해서 놀랐고 커피맛에 또 놀랐습니당 성수오면 또 방문해야겠에요~","Service, Dessert/Bakery, Coffee/Drink, Price",keyword
쿠테로이테 안에 과자랑 크림이 찰떡이네요!,Dessert/Bakery,keyword
자리가 있어 들어온 공간인데 커피도 맛있고 너무 좋아요,"Vibe, Coffee/Drink",keyword
구테로이테 성수점 처음 방문했어요,"Service, Dessert/Bakery, Coffee/Drink",keyword
커피 메누가 다양하고 케이크 고르는 재미가 즐거워요,"Dessert/Bakery, Coffee/Drink",keyword
확실히 커피가 고소하고 정말정말 맛있어요!!,Coffee/Drink,keyword
쓴 맛없이 고소한 향이 매력있는 커피예요!,"Dessert/Bakery, Coffee/Drink, Vibe",keyword
에스프레소 맛집으로 유명한 구테로이테!,"Dessert/Bakery, Coffee/Drink, Vibe",keyword
"성수에도 있는 줄 몰랐는데, 너무 즇네요","Service, Vibe, Coffee/Drink",keyword
"노래도 분위기도 좋고 에스프레소는 말로 모태~~ 존맛~~~ 레오파드 처음 마셔봤는데, 너무 맛있습니다 !!!",Vibe,keyword
커피가 맛있고 공간이 조용해서 좋아요!,"Dessert/Bakery, Coffee/Drink, Vibe",keyword
분위기가 좋고 커피가 맛있어요.,"Vibe, Coffee/Drink",keyword
우연히 걷다가 들어왔는데 종종 올 것 같습니다. :),"Dessert/Bakery, Coffee/Drink",keyword
에스프레소 마시고 싶을 때 항상 찾는 곳인데 성수에도 있다고 해서 와 봤어요,"Service, Dessert/Bakery, Coffee/Drink, Vibe",keyword
커피가 넘 맛있었어요!!!,Coffee/Drink,keyword
"콜드브루, 롱블랙, 그리니따 마셨는데 콜드브루도 맛있고 롱블랙은 엄청 진해요!!","Vibe, Coffee/Drink",keyword
원래 진한 커피를 추구하신다고 하더라구요,"Dessert/Bakery, Coffee/Drink",keyword
연한 거 원하면 물양 조절해주신대요ㅎㅎ,"Dessert/Bakery, Coffee/Drink",keyword
직원분이신건지 사장님이신지 엄청 친절하셔요ㅎㅎ,"Service, Dessert/Bakery, Coffee/Drink",keyword
글고 시그니쳐 메뉴 중 하나로 그라니따 마셨는데 레몬소르베가 올려진 에스프레소?,"Vibe, Coffee/Drink",keyword
소르베 먼저 좀 떠먹다가 에스프레소랑 섞어마시게 되는데 섞어먹는 게 맛있는 것 같아용!!,"Dessert/Bakery, Coffee/Drink, Vibe",keyword
고급스러운 레몬아샷추 느낌..?,"Dessert/Bakery, Coffee/Drink",keyword
그라니따 맛있어서 다른 시그니처 메뉴도 먹어보고 싶어요!!,Coffee/Drink,keyword
글고 무엇보다 가성비 짱짱입니다,Price,keyword
커피 가격이 무지 착해요옿ㅎㅎㅎ,"Dessert/Bakery, Coffee/Drink, Price",keyword
특이한 메뉴가 많고 매장이 멋있어요!,"Dessert/Bakery, Coffee/Drink, Vibe",keyword
그라니따 상킅하고 너무 좋고 유자버블 신기하구 이뻐요,"Dessert/Bakery, Coffee/Drink, Vibe",keyword
매장 인테리어도 너무너무 이쁘고 음료들도 이쁘네요:),"Vibe, Coffee/Drink",keyword
정통 이테리식 커피가 일품인것 같읍니ㄷ ㅏ..,"Dessert/Bakery, Coffee/Drink",keyword
최애 에스프레소 바입니다,"Dessert/Bakery, Vibe",keyword
매장이 쾌적하고 세련되어서 좋아요,"Dessert/Bakery, Coffee/Drink, Vibe",keyword
시그니처 구테로이테 꼬소하고 맛나요,"Dessert/Bakery, Coffee/Drink",keyword
매장이 깨끗하고 노래가 좋아요,"Dessert/Bakery, Coffee/Drink, Vibe",keyword
카페가 쾌적하고 예뻐요,"Dessert/Bakery, Coffee/Drink, Vibe",keyword
저녁에 커피마시면 잠 못자는데 못 참고 마셨습니다.,Coffee/Drink,keyword
근처 카페찾다가 이뻐서 들어갔는데 상상이상으로 갬성있는 에스프레소바였어요,"Service, Dessert/Bakery, Coffee/Drink, Vibe",keyword
에스프레소 종류도 다양한데 가격이 카페인 잘 드시는 분이라면 호기심에 여러가지 마셔볼 수 있을만큼 합리적이에요.,"Price, Dessert/Bakery, Coffee/Drink, Vibe",keyword
웁서울 전시때문에 왔다가 지인 기다리느라 잠시 들렸어요.,"Service, Dessert/Bakery, Coffee/Drink",keyword
세번째 커피여서 원샷짜리 음료로 주문하려다가 마침 시그니쳐 메뉴거 에스프레소 한잔 베이스 음료네용,"Service, Dessert/Bakery, Coffee/Drink, Vibe",keyword
🤎 인테리어 멋지고 독어느낌 간판때문에 양장점인가 했다가 ㅋㅋㅋ창문너머 내부를 까치발로 확인하고 들어왔어요.,"Dessert/Bakery, Coffee/Drink, Vibe",keyword
"시멘트와 크롬, 투명 플라스틱, 유리 등으로 굉장히 모던하고 미래적인😆인테리어가 인상적이고 커피도 맛있어용~","Dessert/Bakery, Coffee/Drink, Vibe",keyword
차가운 느낌의 까페 인테리어도 괜찮네용.,Vibe,keyword
원두도 하나 사갈까 고민하며 리뷰남깁니다!,"Dessert/Bakery, Coffee/Drink",keyword
이른아침 열어서 출근길에 들리기좋아요.,Coffee/Drink,keyword
커피 너무 만족했습니다!!,"Dessert/Bakery, Coffee/Drink, Price",keyword
다음에 다른 메뉴 먹으러 오고싶을 것 같아요 :),"Dessert/Bakery, Coffee/Drink",keyword
깨끗하고 음료종류가 많아서 대화하러오기 좋아요~!,"Dessert/Bakery, Coffee/Drink",keyword
"인테리어도 이쁘고, 넓고 커피도 맛있어요!","Vibe, Coffee/Drink",keyword
구테로이테 언주점 방문 후 좋아서 성수점까지 일부로 찾아 왔어요:) 역시 여기 커피도 넘 맛있어요!,"Service, Dessert/Bakery, Coffee/Drink, Vibe",keyword
콘센트가 많아 노트북 작업하기도 좋습니다.,"Service, Dessert/Bakery, Coffee/Drink, Vibe",keyword
자주 올 것 같아요:),"Dessert/Bakery, Coffee/Drink",keyword
또 오고 싶은 곳!,"Dessert/Bakery, Coffee/Drink, Vibe",keyword
"직장동료들과 종종 자주 가는 곳입니다:)
커피가 맛있고 특히 구테로이테 콘판나가 너무 맛있어요~~","Vibe, Coffee/Drink",keyword
아쉬운건 예전에 딸기밀크티를 팔았는데 이제 안 팔더라고요ㅠㅠㅜ,Coffee/Drink,keyword
다른 곳에는 안파는 맛있구 특별한 음료였는데 다시 메뉴에 넣어주시면 안되나여...?,"Dessert/Bakery, Coffee/Drink, Vibe",keyword
🥹 카페 공간도 조용하고 깔끔해서 미팅하거나 업무보기 좋아요~~,"Dessert/Bakery, Coffee/Drink, Vibe",keyword
커피 매우 맛있습니다!!!,Coffee/Drink,keyword
항상 커피 생각 나면 여기오는 곳이고 원래 본점 가버ㅏ서 알았는데 여기도 넘 맛잇어요,"Dessert/Bakery, Coffee/Drink, Vibe",keyword
특별한 메뉴가 있어요,"Dessert/Bakery, Coffee/Drink, Vibe",keyword
친절하고 맛나요,"Service, Dessert/Bakery, Coffee/Drink",keyword
커피맛 좋은 카페 ㅎ ㅎ 커피메뉴 다양해서 좋아요~,"Dessert/Bakery, Coffee/Drink",keyword
넓어서 좋아요 !!,Vibe,keyword
커피 맛있고 분위기 좋아요:),"Vibe, Coffee/Drink",keyword
제가 성수에 정말 많은 카페를 가봤지만 정말 제일 좋아하는 카페입니다,Coffee/Drink,keyword
에스프레소뿐만 아니라 다양한 음료와 커피도 있고 다른 에스프레소바와 카페들에 비해 가격도 저렴합니다,"Price, Dessert/Bakery, Coffee/Drink, Vibe",keyword
"베리뱅 콘판나, 레몬 그라니따, 유자 버블브루
다른 에쏘바에는 없는 독특한 메뉴가 많아서 좋은데 맛까지 좋아서 벌써 여러 번 방문한 구테로이테
주문 실수로 오렌지 그라니따가 아니라 레몬 그라니따를 먹게 되었지만 새콤하고 맛있었고 베리뱅 콘판나와 유자 버블브루도 커피와 다른 재료의 조화가 좋았다","Service, Dessert/Bakery, Coffee/Drink, Vibe",keyword
유명한 구테로이테가 성수에도 생겨서 방문했어요!,"Service, Dessert/Bakery, Coffee/Drink",keyword
역시나 맛있네요ㅎㅎㅎ,Coffee/Drink,keyword
인테리어도 깔끔하고 자주 올 것 같아요~,"Dessert/Bakery, Coffee/Drink, Vibe",keyword
커피 좋아하시는 분들은 에마카세 추천!,"Vibe, Coffee/Drink",keyword
구테넛슈페너 누크바맛나요 리치에이드도 맛있어요!!,Coffee/Drink,keyword
매장 넓어서 쾌적하고 테이블 간격도 넓어서 좋아요,"Dessert/Bakery, Coffee/Drink, Vibe",keyword
추천~!,Vibe,keyword
재방문했어요,"Service, Dessert/Bakery, Coffee/Drink",keyword
또 생각나서요,Coffee/Drink,keyword
커피 너무맛있어요ㅠㅠㅠ,Coffee/Drink,keyword
성수 올때마다 들리게 되는거 같아요!!!,"Dessert/Bakery, Coffee/Drink",keyword
"pxg 팝업 기다리면서 근처라 우연히들렀는데
메뉴 좋고 매장 깨끗하고 시원하고 좋네요","Service, Dessert/Bakery, Coffee/Drink, Vibe",keyword
디저트가 맛있고 음료가 맛있어요,"Dessert/Bakery, Coffee/Drink",keyword
분위기도 고급지고 커피 맛있어요~~,"Dessert/Bakery, Coffee/Drink, Vibe",keyword
직원분들도 친절하시고 좋습니다,"Service, Dessert/Bakery, Coffee/Drink",keyword
"분위기도 좋고 
너무 맛있어요!",Vibe,keyword
커피도 맛있고 공간도 넓어 여유있게 마시기 좋네요,"Vibe, Coffee/Drink",keyword
성수 카페가 다 좁은데 여기는 매장이 시원하고 자리가 넓어서 좋아요,"Dessert/Bakery, Coffee/Drink, Vibe",keyword
"구테로이테는 성수카페 치고는 
사람이 미어터지지 않아서 좋아요","Dessert/Bakery, Coffee/Drink, Vibe",keyword
돌아다니다가 힘든데 카페가고 싶을때 마다 옵니다,"Dessert/Bakery, Coffee/Drink",keyword
"수다떨기에도 엄청 시끄럽지 않고 
커피도 맛있어요 :)",Coffee/Drink,keyword
커피 원두가 좋은지 맛 좋아요,Coffee/Drink,keyword
강구에 있는 구테로이테는 자주 갔는데 성수는 처음왔어요.,"Dessert/Bakery, Coffee/Drink, Vibe",keyword
특이한 메뉴가 많네요!,"Dessert/Bakery, Coffee/Drink",keyword
커피야 늘 맛있습니다,Coffee/Drink,keyword
신기한 메뉴가 많고 맛있었어요~,"Dessert/Bakery, Coffee/Drink",keyword
에스프레소바처럼 앉을자리 따로 없는줄 알았는데 매장도 넓고 자리도 많아서 좋았어요~,"Service, Dessert/Bakery, Vibe",keyword
커피는 물론이고 다름 음료도 맛있네요,Coffee/Drink,keyword
매장 넓고 커피 맛있어요 :-) 구테넛슈페너👍🏼,"Vibe, Coffee/Drink",keyword
"그라나따, 구테로이테 맛있고 공간도 아주 좋아요",Vibe,keyword
성수 카페로 추천합니다!,"Dessert/Bakery, Coffee/Drink, Vibe",keyword
아침일찍왔는데 여기 너무 이쁘고 좋네요!,"Dessert/Bakery, Coffee/Drink, Vibe",keyword
자주 오겠습니다 ㅎㅎ,"Dessert/Bakery, Coffee/Drink",keyword
커피 맛있구 매장도 예뻐요~~,"Vibe, Coffee/Drink",keyword
사장님이 커피에 진심인 것 같아요,"Service, Dessert/Bakery, Coffee/Drink",keyword
성수동 카페 찾으신다면 추천합니다!!,"Service, Dessert/Bakery, Coffee/Drink, Vibe",keyword
"• 💻좌석간 간격이 넓어 노트북 하기도 집중하기도 좋고 대화하기에도 좋아요
•","Dessert/Bakery, Coffee/Drink, Vibe",keyword
"🧑‍🧑‍🧒‍🧒점심시간대 외에는 비교적 붐비지 않아 편하게 이용가능할 것 같아요!
•","Price, Dessert/Bakery, Coffee/Drink, Vibe",keyword
☕️콜드브루나 에스프레소류도 괜찮아요,Vibe,keyword
매장이 넓고 시원하고 커피가 진짜 맛있어요!!!,"Dessert/Bakery, Coffee/Drink, Vibe",keyword
성수 오면 또 올 거 같아요!,"Dessert/Bakery, Coffee/Drink",keyword
커피 맛있는데 양이 적긴해영!!,"Dessert/Bakery, Coffee/Drink, Vibe",keyword
성수동에서 나름 조용하고 큰 카페라 좋아요!,"Service, Dessert/Bakery, Coffee/Drink",keyword
다른 곳들은 다 너무 작고 사람 많고 비싸고 심지어 혼자 가면 주말이라고 안 받는 곳도 있었는데 여기는 좌석도 많고 시원하고 쾌적하고 좋았습니다!,"Price, Dessert/Bakery, Coffee/Drink, Vibe",keyword
사장님이 시그니처 메뉴도 자세히 설명해주셔서 더 좋았습니다!,"Service, Dessert/Bakery, Coffee/Drink",keyword
오미자 아메리카노 먹었는데 오미자 맛도 나고 아메리카노 맛도 나서 신기했어요!,Coffee/Drink,keyword
더운 날이었는데 시원하게 잘 먹었습니다!,"Dessert/Bakery, Coffee/Drink",keyword
가볍게 먹을 수 있고 접근하기 쉬운 디저트 종류가 더 많아지면 좋을 것 같아요!,"Position, Dessert/Bakery, Coffee/Drink, Vibe",keyword
내부가 넓고 예뻐요~,"Dessert/Bakery, Vibe",keyword
커피는 맛있지만 양이 넘 적어서 아쉬웠어요.,Coffee/Drink,keyword
점심먹고 한잔,Coffee/Drink,keyword
커피가 맛있구 넓고 대화하기 좋아요!ㅎㅎ,"Dessert/Bakery, Coffee/Drink, Vibe",keyword
직원분들도 친절합니다^^!,"Service, Dessert/Bakery, Coffee/Drink",keyword
"커피 너무 맛있고 독특한 메뉴도 많아서 재밌었어요:)
음료 토핑 버블이 생길때까지 친절하게 만들어주셔서 감사합니다♡","Service, Dessert/Bakery, Coffee/Drink, Vibe",keyword
더위 피해서 방문했는데 내부가 넓고 시원~해서 좋았음.,"Service, Dessert/Bakery, Coffee/Drink, Vibe",keyword
치즈케익은 그냥 그랬고 커피가 톡특하고 맛있었으며 다른 커피도 궁금해서 또 사먹음.,"Dessert/Bakery, Coffee/Drink",keyword
직원분이 친절했고 유자커피에 버블을 예쁘게 만들어주셔서 사진 잘찍음.,"Service, Dessert/Bakery, Coffee/Drink, Vibe",keyword
"가성비 좋은 에소바
커피 종류 다양하고
시그니쳐 메뉴 확실하고
같이 곁들일 디져트나 베이커리류도 다양해요","Dessert/Bakery, Coffee/Drink, Price",keyword
"가격도 저렴하고 맛있어서
먹다보면 잔이 쌓이는 일이 생기게되니
카페인 조심!!","Dessert/Bakery, Coffee/Drink, Price",keyword
매장도 넓고 영업시간 빨라서 좋아요,Vibe,keyword
"커피코스도 있다는데
직원분들 너무 친절하셔서
바자리에서 코스도 이용해보고 싶어요","Service, Dessert/Bakery, Coffee/Drink, Vibe",keyword
가성비 좋고 맛있어요~!,Price,keyword
커피 진하고 맛있어요,Coffee/Drink,keyword
구테로이테를 처음 방문하게 된 건 작년 여름이었다.,"Service, Dessert/Bakery, Coffee/Drink",keyword
그 때 처음 커마카세라는 걸 알게 되었는데 퍼모먼스도 재밌고 커피도 맛있어서 시즌마다 예약하고 가는 정도가 되었다.,"Dessert/Bakery, Coffee/Drink",keyword
이번 시즌엔 성수점에도 생겨서 바로 예약해서 방문 했다.,"Service, Dessert/Bakery, Coffee/Drink",keyword
다음 시즌을 기약하며..,"Dessert/Bakery, Coffee/Drink",keyword
😊 그래도 역시나 구테로이테 커마카세는 👍🏻,Coffee/Drink,keyword
"오늘은 아포가토, 아이스 라떼, 클래식 딥 쇼콜라.",Coffee/Drink,keyword
일단 아포가토는 양이 좀 적은 느낌.,Coffee/Drink,keyword
"한명이 먹기에 딱~ 이거나
조금 부족한....","Dessert/Bakery, Coffee/Drink",keyword
라떼는 맛도 맛이지만 비주얼이 참 이쁘네요.,"Vibe, Coffee/Drink",keyword
"쇼콜라는 맛이 너무 강하다고 할 정도로 
맛이 많이 진하다고 합니다.","Dessert/Bakery, Coffee/Drink, Vibe",keyword
요즘 여기 블랜딩 티종류와 참외주스...,Coffee/Drink,keyword
오....,"Dessert/Bakery, Coffee/Drink",keyword
비주얼도 너무 이쁘고 맛도 good!,Vibe,keyword
아이스라떼는,Coffee/Drink,keyword
에스프레소 굿~~,Vibe,keyword
"🩶레몬 그라니따
제가 먹었던 그라니따 중에 최고!!!!",Coffee/Drink,keyword
"행사때문에 자주 방문했던 구테로이테
여기 인테리어도 멋지고 커피도 맛있는데 가격ㅇ
도 아주 훌륭합니다","Vibe, Service, Coffee/Drink, Price, Dessert/Bakery",keyword
매우 만족했던 곳이예요,"Price, Dessert/Bakery, Coffee/Drink, Vibe",keyword
엄마와 함께 방문했어요.,"Service, Dessert/Bakery, Coffee/Drink",keyword
아주 만족스러운 커피 타임이었어요 :),"Coffee/Drink, Price",keyword
공간도 예쁘고 커피가 맛있어요.,"Vibe, Coffee/Drink",keyword
테이크아웃 가성비도 좋더라구요,"Service, Price",keyword
에스프레소 맛집이래서 재방문하려구요,"Service, Dessert/Bakery, Coffee/Drink, Vibe",keyword
"분위기는 갬성카페 느낌인데 가격은 매우 착함
테이블.","Price, Dessert/Bakery, Coffee/Drink, Vibe",keyword
"의자도 넓고 편안함
성수 갈 일 있다면 앞으로도 여길 가겠음","Dessert/Bakery, Coffee/Drink, Vibe",keyword
"울려서 말소리를 크게내야해요
쾌적한편이에요","Service, Dessert/Bakery, Coffee/Drink",keyword
라떼맛이 조금 특이해요,"Dessert/Bakery, Coffee/Drink",keyword
"디카페인 원두 있어서 좋고
맛있어요!","Vibe, Coffee/Drink",keyword
커피 오마카세는  처음 접해본다.,Coffee/Drink,keyword
새로운 맛 도전이 신선했고  맛도  좋았다.,"Dessert/Bakery, Coffee/Drink",keyword
"꽃과  과일등의 재료로 커피의  다른맛을  느껴보기  좋았고  또  눈으로 보기도  이쁘고
새로웠다.","Vibe, Coffee/Drink",keyword
"커피의  쌉싸레함을
즐기는 나는  달콤함이  조금  낯설게  느껴졌다.","Dessert/Bakery, Coffee/Drink",keyword
중간쯤  달지 않은  커피가 있었으면 하는 아쉬움이  있다.,"Dessert/Bakery, Coffee/Drink, Vibe",keyword
아니면 마지막 냉차를  내가 선택하는  커피로  마시게 해주었으면  하는 작은 의견을  내본다.,"Service, Dessert/Bakery, Coffee/Drink, Vibe",keyword
그래도  새롭게  맛있게  즐겨본 커피오마카세 였다.,Coffee/Drink,keyword
"오미자아메리카노, 캐모마일리치펀치, 치즈케이크 시켰어요.",Dessert/Bakery,keyword
성수에서 지나다니다 너무 감각있는 카페가 눈에 보이길래 들어갔어요.,"Vibe, Coffee/Drink",keyword
메뉴도 특이한거 많고 디저트도 궁금한게 많아서 고민 많이 했네요.,"Dessert/Bakery, Coffee/Drink",keyword
기대했던거 보다 맛은 생각보다 전체적으로 무난했어요.,"Dessert/Bakery, Coffee/Drink",keyword
성수에 있는 카페 답지않게 공간이 넓어서 답답한 느낌 없이 있기 좋았어요.,"Dessert/Bakery, Coffee/Drink, Vibe",keyword
화장실은..,Vibe,keyword
카페비주얼과 다르게 오래된 느낌이 강했어요.,Coffee/Drink,keyword
커피가 너무 맛있아요 층고도 높고 시원하니 좋네여,"Dessert/Bakery, Coffee/Drink, Vibe",keyword
더위를피해 방문한 카페가 구테로이테라니,"Service, Dessert/Bakery, Coffee/Drink",keyword
"🤣
커피맛집으로 유명한 카페 드디어 방문해 보았다","Service, Dessert/Bakery, Coffee/Drink",keyword
"구테넛 슈페너 고소 진함이 내취향
오미자 아메리카노 오미자청이들어감","Dessert/Bakery, Coffee/Drink",keyword
파묘 팝업 대기하면서 더워 죽을꺼 같아서 마신 커피 맛나다.,"Service, Dessert/Bakery, Coffee/Drink",keyword
수정과 콜드브루 독특하고 조아요,"Dessert/Bakery, Coffee/Drink",keyword
"고급스러워 보이는 외관에 홀라당 들어갔는데,
가성비가 미친 커피에 마음까지 훔쳐버린 장소였습니다~♥︎","Dessert/Bakery, Coffee/Drink, Price",keyword
더운날씨에 죽어가고 있었는데 살려주셔서 감사합니닼ㅋㅋㅋ,"Dessert/Bakery, Coffee/Drink, Vibe",keyword
사람들도 많이 방문하는 것 같고 분위기도 꽤 좋았어서 기억에 남는 카페인 것 같습니당,"Service, Dessert/Bakery, Coffee/Drink, Vibe",keyword
테이크 아웃이랑 가격차이 합리적이네요.,Price,keyword
포스터에 청량한 그린 음료보고 들어갔는데 에이드도 맛있고 커피도 최고에요 ㅎㅎ,"Dessert/Bakery, Coffee/Drink",keyword
커피 전문점이라고 쓰여 있네요,"Vibe, Coffee/Drink",keyword
참외쥬스가 있어서 시켜봤는데 맛있었어요,"Vibe, Coffee/Drink",keyword
"콜드브루도 맛있고
다음에 또 방문하려고요!","Service, Dessert/Bakery, Coffee/Drink",keyword
특별한 메뉴가 많아요!,"Dessert/Bakery, Coffee/Drink",keyword
매장 깔끔하고 좋아요!,"Dessert/Bakery, Coffee/Drink, Vibe",keyword
수정과콜드브루 달달한 쿠테로이테 구테넛 슈페어 추천해요!!,"Dessert/Bakery, Coffee/Drink, Vibe",keyword
예약하고 커피 오마카세 즐기러 방문 했습니다,"Service, Dessert/Bakery, Coffee/Drink",keyword
오마카세 모두다 정말 마음에 들었고 정말 친절하셨습니다,"Service, Dessert/Bakery, Coffee/Drink",keyword
특히 여름 날의 매력은 너무 맛있어서 또 오고 싶었어요..,"Dessert/Bakery, Coffee/Drink",keyword
색다른 경험 해서 너무 좋았습니다,"Dessert/Bakery, Coffee/Drink",keyword
커피도 맛있고 카페 분위기도 좋아요!,"Vibe, Coffee/Drink",keyword
너모 맛있다....!ㅠ,"Vibe, Coffee/Drink",keyword
"잔도 너무 귀엽고 소중해요,,","Dessert/Bakery, Coffee/Drink",keyword
"너무 맛있고, 친절해요^.^","Service, Dessert/Bakery, Coffee/Drink",keyword
공간 예뻐요,Vibe,keyword
애플망고 그린 에이드 기대 안했는데 진짜 맛있었어요!!!!!,"Dessert/Bakery, Coffee/Drink",keyword
다음에도 늘 같은거 먹을거 같아요,"Dessert/Bakery, Coffee/Drink",keyword
인테리어도 최공,Vibe,keyword
분위기 좋고 나름 넓어서 친구와 수다떨기도 넘 좋았어요,Vibe,keyword
커피를 못마시는 바람에 시그니처들을 못마셔봐서 아쉬웠어요,Coffee/Drink,keyword
"회사가 근처라 직원분들이랑 종종 오는데 
시즌마다 시그니처 먹는 재미도 있고
커피도 너무 맛있습니다 ㅎㅎㅎ","Service, Dessert/Bakery, Coffee/Drink, Vibe",keyword
레몬 그라니따는 좀 시큼하니까 참고하세용!,"Dessert/Bakery, Coffee/Drink",keyword
매장 인테리어 멋있고 쾌적해요ㅎㅎ,"Dessert/Bakery, Coffee/Drink, Vibe",keyword
직원분들도 친절하시고 캐모마일리치펀치 맛있어요!,"Service, Dessert/Bakery, Coffee/Drink",keyword
회사근처에있어서 오게되었는데 자주올것같아요!,"Dessert/Bakery, Coffee/Drink, Vibe",keyword
넓고 커피가 2500원!!,"Vibe, Coffee/Drink",keyword
매일마시는커피값장난아닌데 최곱니당 ㅎㅎ,Coffee/Drink,keyword
인테리어도 너무예뻐용,Vibe,keyword
🫶🏼 또또또꼭꼭올께요,"Dessert/Bakery, Coffee/Drink",keyword
커피값 부담스럽지 않고 메뉴들 다 맛있습니다~,Coffee/Drink,keyword
사진엔 없지만 그라니따 추천합니더..,"Vibe, Coffee/Drink",keyword
에스프레소가 맛있고 케이크도 정말 좋아요!,"Dessert/Bakery, Vibe",keyword
대화하기에도 너무 최적이네요,"Dessert/Bakery, Coffee/Drink",keyword
처음 한입마시고 이게뭐지했는데 오묘하고 새콤하고 쌉쌀한 맛이 매력적이었어요!,"Dessert/Bakery, Coffee/Drink",keyword
카페 분위기도 너무 좋아요:),"Vibe, Coffee/Drink",keyword
롱블랙하고 라즈베리에이드 마셨는데 다 너무 맛있어요.,"Dessert/Bakery, Coffee/Drink",keyword
그리고 여기 케이크 맛집임.,Dessert/Bakery,keyword
케이크 꼭 먹어야됩니다!!,"Dessert/Bakery, Coffee/Drink",keyword
콜드브루 고소하고 맛있어요.,Coffee/Drink,keyword
테이블이 높아서 편했어요.,"Vibe, Coffee/Drink",keyword
작업하시거나 회의하시는 분들도 조금 보였어요.,"Service, Dessert/Bakery, Coffee/Drink",keyword
직원분께서 친절하셨어요.,"Service, Dessert/Bakery, Coffee/Drink",keyword
회사 동료와 잠시 사무실을 벗어나 커피 마시면서 가볍게 업무도 할 겸 들렀습니다.,"Dessert/Bakery, Coffee/Drink",keyword
"평일 오후 3시라 붐비지 않았고
에스프레소를 다루는 곳이라 그런지 플랫화이트가 다른곳보다 훨씬 진하게 느껴졌어요.",Vibe,keyword
"커피도 너무 맛있고, 분위기도 좋아서 또 올꺼 같아요~~^^","Dessert/Bakery, Coffee/Drink, Vibe",keyword
직원분들이 착하고 커피가 맛있습니다,"Service, Coffee/Drink",keyword
공간이 넓고 커피랑 디저트 맛도 좋아요.,"Dessert/Bakery, Coffee/Drink, Vibe",keyword
회사랑 가까워서 자주 오는 카페에여,"Dessert/Bakery, Coffee/Drink",keyword
또 올게용,"Dessert/Bakery, Coffee/Drink",keyword
아메리카노 보다 진한 롱블랙 커피를 즐기고 싶다면 여기가 정답이네요 ㅋㅋ,Coffee/Drink,keyword
롱블랙을 찾기 힘든데 너무 좋아요,Service,keyword
생각지도 못하게 선물같은 곳이네요,"Price, Dessert/Bakery, Coffee/Drink, Vibe",keyword
커피맛도 좋고 카페 분위기도 너무 좋아요,"Vibe, Coffee/Drink",keyword
테이크아웃 했는데 아메리카노가 고소하면서 쓰지 않고 맛있었어요!,"Dessert/Bakery, Coffee/Drink",keyword
다음에는 매장에서 에스프레소 먹어보려고요,"Vibe, Coffee/Drink",keyword
커피 맛있습니다.,Coffee/Drink,keyword
커피도 맛있고 직원분이 친절했습니다!,"Service, Dessert/Bakery, Coffee/Drink",keyword
같이 간 친구도 만족했어요,"Price, Dessert/Bakery, Coffee/Drink, Vibe",keyword
아메리카노 가격이착하고 산미를 좋아한다면 그라나따 추천합니다!!!!!,"Price, Dessert/Bakery, Coffee/Drink, Vibe",keyword
세련된 감성이 있는 카페에요~~,"Vibe, Coffee/Drink",keyword
주말네시경 갔는데 빵 디저트가 하나도 없었어요ㅜ,Dessert/Bakery,keyword
빵이 너무 맛있어요,Dessert/Bakery,keyword
자리도 넓고 음료도 맛있어요,"Vibe, Coffee/Drink",keyword
8시에 여는 유일한 동네 카페입니다!!! ㅎㅎ,"Dessert/Bakery, Coffee/Drink",keyword
오미자차 맛있고 분위기가 좋고 매장이 넓어서 좋아요.,Vibe,keyword
구테 넛 슈페너 마셨는데 위에 올라간 넛 크림이 달달+고소해서 맛있었어요!,"Dessert/Bakery, Coffee/Drink",keyword
커피도 향이 그윽하니 좋았네요!,"Dessert/Bakery, Coffee/Drink",keyword
오랜만에 맛난 커피 마셔서 기분이 좋네요,"Vibe, Coffee/Drink",keyword
커피 맛있고 공간도 넓어서 좋아요!!,"Vibe, Coffee/Drink",keyword
일단 번화가임에도 불구하고 저렴한 가격대비 훌륭한 커피맛이네요!,"Price, Dessert/Bakery, Coffee/Drink, Vibe",keyword
매장 내부 넓고 쾌적해요!,"Dessert/Bakery, Coffee/Drink, Vibe",keyword
그리고 다양한 이벤트들도 있어서 참고하시면 좋을듯 싶습니다..!,"Dessert/Bakery, Coffee/Drink, Vibe",keyword
"분위기 좋고
콘파나 맛돌이집입니다!!","Dessert/Bakery, Coffee/Drink, Vibe",keyword
벌써 3번째 방문인데 쇼콜라랑 특히 오미자아메리카노 음료 둘다 맛있었습니다~~,"Service, Coffee/Drink",keyword
매장도 넓어서 좋아요,Vibe,keyword
👍 강추합니다,"Dessert/Bakery, Coffee/Drink",keyword
"먹고 싶었던 시그니처 메뉴가 없어서 아쉬웠지만
너티크림이 많이 달지도 않고 맛있었어요!",Coffee/Drink,keyword
요즘 날이 더워서 조금 더 시원했으면 더 맛있었을 것 같아요!!,"Dessert/Bakery, Coffee/Drink",keyword
커피 맛있고 디저트도 곁들이기 좋아요,"Dessert/Bakery, Coffee/Drink",keyword
자리널찍한 성수카페로 추천합니다!!,"Dessert/Bakery, Coffee/Drink, Vibe",keyword
커피 가격이 착하고 맛있어요,"Coffee/Drink, Price",keyword
커피 맛 너무 좋아요!,Coffee/Drink,keyword
시그니처 음료들 전부 너무 맛있어요~~,Coffee/Drink,keyword
성수 오시면 꼭 드세요!,"Dessert/Bakery, Coffee/Drink",keyword
산미 있는 커피 좋아하는 분들께 롱블랙 스페셜 추천해요,"Dessert/Bakery, Coffee/Drink, Vibe",keyword
아침마다 라테 포장해가는데 항상 친절하고 커피가 맛있어요!,"Service, Dessert/Bakery, Coffee/Drink, Price",keyword
커피 향긋 ㅎㅎㅎㅎ,Coffee/Drink,keyword
공간도 멋지고 커피와 디저트도 맛있어요!,"Dessert/Bakery, Coffee/Drink, Vibe",keyword
두번째 방문.,Service,keyword
신걸 좋아해서 첫 잔은 그라니따.,Coffee/Drink,keyword
테이블 넓어서 좋다.,"Vibe, Coffee/Drink",keyword
회사랑 가까워서 자주 옵니다!,"Dessert/Bakery, Coffee/Drink",keyword
매번 올때마다 커피맛이 좋습니다,"Dessert/Bakery, Coffee/Drink",keyword
오늘도 동료 분들과 회식하고 카페에서 한잔 마시고 집에 갑니다!,"Dessert/Bakery, Coffee/Drink, Vibe",keyword
비가 와 쌀쌀해서 시켰는데 오미자차 핵꿀맛입니다,"Dessert/Bakery, Coffee/Drink",keyword
에스프레소 맛있고 일반 아아도 맛남,"Vibe, Coffee/Drink",keyword
"강남구청 본점 가다가 성수에 생겨서 왔는데 
역시나 훌륭하네요","Dessert/Bakery, Coffee/Drink",keyword
"👍 
직원분이 친절 하십니다","Service, Dessert/Bakery, Coffee/Drink",keyword
커피가 진하고 향이 좋아요!,Coffee/Drink,keyword
합리적인 가격에 마실수있어요~! :),"Vibe, Coffee/Drink, Price",keyword
생일이여서 친구랑 맛있는 커피랑 케이크 먹으러 왔는데 진짜친구가 만족도 대박이였어요!,"Dessert/Bakery, Coffee/Drink, Vibe",keyword
진짜 케익도 너무 맛있고 커피도 맛있어요!,Coffee/Drink,keyword
지나가다 우연히 들려서 커피 마셨는데 soso,Coffee/Drink,keyword
커피와 바질 스콘 구매했습니다.,"Dessert/Bakery, Coffee/Drink",keyword
제가 방문했을때 매장이 한산했는데 기대보다 커피가 맛있었습니다.,"Service, Dessert/Bakery, Coffee/Drink, Vibe",keyword
산미가 있는데 뒷끝이 깔끔하네요.,"Dessert/Bakery, Coffee/Drink, Vibe",keyword
디저트는 스콘종류만 있어서 조금 아쉬웠습니다.,"Dessert/Bakery, Coffee/Drink, Vibe",keyword
테이크아웃하러 잠깐 들렀는데 넘 친절하시구 커피도 맛있어요,"Service, Dessert/Bakery, Coffee/Drink",keyword
가게가 너무 이쁘고 오미자 아메리카노같은 특색있는 메뉴들이 눈길을 끕니다,"Dessert/Bakery, Coffee/Drink, Vibe",keyword
그라니따 엄청 맛있어요!!,Coffee/Drink,keyword
직원분들이 친절하셔서 좋았네요,"Service, Dessert/Bakery, Coffee/Drink",keyword
매장이 예뻐서 사진찍기도 좋은거 같아용,"Dessert/Bakery, Vibe",keyword
오미자 아메리카노와 크림슨 펀치 주문했는데 독특하고 맛도 있어서 대만족입니다.,"Vibe, Service, Coffee/Drink, Price, Dessert/Bakery",keyword
사장님도 너무 친절하고 공간이 넓고 깨끗해서 또 방문할 것 같아요.,"Service, Dessert/Bakery, Coffee/Drink, Vibe",keyword
친구랑 성수에 왔다가 구테로이테가 보여 들어가봤는데 넓고 쾌적한 공간에 인테리어도 잘되어있는 매장이였다.,"Dessert/Bakery, Coffee/Drink, Vibe",keyword
음료는 워낙 유명하니 당연히 맛있었다,"Dessert/Bakery, Coffee/Drink",keyword
👍🏻👍🏻 그리고 사장님으로 보이시는 분께서 너무나도 밝은 미소로 친절하게 응대해주셔서 즐겁게 시간 보내다 갑니다!!,"Service, Dessert/Bakery, Coffee/Drink, Vibe",keyword
강남구청으로 자주 가던 구테로이테인데 성수에서 눈에 보여 찾아갔습니다.,Coffee/Drink,keyword
매장분위기는 비슷한데 좀 더 넓어서 쾌적하네요.,"Dessert/Bakery, Coffee/Drink, Vibe",keyword
강남구청점 커피 맛있어서 자주 갔었는데 성수점은 처음인데 분위기도 좋고 커피도 맛있네요!!,"Vibe, Coffee/Drink",keyword
커피 자주먹어용 회사근처러 아주 시웡하고 맛읶습니다!!!!,"Dessert/Bakery, Coffee/Drink",keyword
담에 또 올게용 구테짱짱,"Dessert/Bakery, Coffee/Drink",keyword
"사무실 바로 밑이라 위치도 좋고 매장도 넓고, 깔끔해서 자주 애용하는곳이에요~!","Position, Dessert/Bakery, Coffee/Drink, Vibe",keyword
얼음이 작은조각으로 되어있어 오랫동안 음미하며 먹는저는 끝까지 시원하게 먹을수 있어서 좋아여 : ),"Dessert/Bakery, Coffee/Drink, Vibe",keyword
리뷰 보고 왔어요.,"Dessert/Bakery, Coffee/Drink",keyword
"점심시간 우연히 들리게 된 카페인데, 예쁜 인테리어에 따뜻한 분위기까지 좋았어요!","Vibe, Coffee/Drink",keyword
가격도 저렴하고 커피도 맛있습니다!,"Coffee/Drink, Price",keyword
다양한 에스프레소를 맛볼 수 있어서 다음에 다시 와보려구요~,"Dessert/Bakery, Coffee/Drink, Vibe",keyword
자주가는 식당인 진수성찬의 1층에 있는 ...,"Vibe, Coffee/Drink",keyword
성수동에 3년 근무하지만 이런 소소한곳 찾는 재미로 삽니다.,"Service, Dessert/Bakery, Coffee/Drink, Vibe",keyword
음료도 맛있고 분위기도 좋아서 자주 들르고 있어요,"Vibe, Coffee/Drink",keyword
구테로이테라는 뜻이 좋은사람들이래요~,"Dessert/Bakery, Vibe",keyword
그래서 그런지 커피도 맛이 좋은거 같아요,"Dessert/Bakery, Coffee/Drink",keyword
"메뉴가 조금 생소할수도 있는데
친절히 알려줘서 주문할때 전혀 문제없어요 ㅎ","Service, Dessert/Bakery, Coffee/Drink, Vibe",keyword
분위기 좋고 커피도 너무 좋아요~,"Vibe, Coffee/Drink",keyword
애기랑 같이 갔는데 친절하게 응대해주셨어요!,"Service, Dessert/Bakery, Coffee/Drink",keyword
자주 오는 곳이예요 :) 커피에 진심인 이곳!,"Dessert/Bakery, Coffee/Drink, Vibe",keyword
맛있고 커피 메뉴가 다양하고.,"Dessert/Bakery, Coffee/Drink",keyword
이곳 인테리어도 좋아해요.,"Dessert/Bakery, Coffee/Drink, Vibe",keyword
오늘은 가족들과 왔습니당,"Dessert/Bakery, Coffee/Drink",keyword
맛있게 먹고 갑니당~~~,Coffee/Drink,keyword
대한민국 촤고의 커피맛...,Coffee/Drink,keyword
성수 클라이밍 파크 앞에 이런 에스프레소 바가 있다니.,"Dessert/Bakery, Coffee/Drink, Vibe",keyword
자주 올 것 같네요!,"Dessert/Bakery, Coffee/Drink",keyword
세번째 방문해요 성수에 사람많은데 여기는 아직 잘안알려졌는지 넓게넓게 자리이용가능해요.,"Vibe, Service, Coffee/Drink, Price, Dessert/Bakery",keyword
커피잘알들은 여기 아실텐데..,Coffee/Drink,keyword
유명해지지 않았으면!!,"Dessert/Bakery, Coffee/Drink",keyword
구테로이테가 성수에도 있다니...!,"Vibe, Coffee/Drink",keyword
나만 알고싶은 곳이에요,"Vibe, Coffee/Drink",keyword
"매력적인 인테리어와 널찍한 공간
엉덩이가 조금 아픈 좌석
그리고 양에 비해 비싼 커피","Price, Dessert/Bakery, Coffee/Drink, Vibe",keyword
원두도 고를수 있고 좋아요!!,"Vibe, Coffee/Drink",keyword
넓고 쾌적하규 커피 가성비 굳!!,"Price, Dessert/Bakery, Coffee/Drink, Vibe",keyword
"기안도를 구경하러 간김에 가 본 카페인데
너무나도 마음에들어 힐링하고 왔습니다.","Dessert/Bakery, Coffee/Drink",keyword
사람이 많지만 넓어서 금방 자리가 났어요.,"Dessert/Bakery, Coffee/Drink, Vibe",keyword
커피 먹을만한데 스페셜블렌드는 좀 비싸긴 해요.,"Dessert/Bakery, Coffee/Drink, Price",keyword
그렇다고 일반블렌드로 마시기엔 좀 아쉬워요.,Vibe,keyword
"시그니처 메뉴인 스톤 그라니따
신기한 맛이에요","Dessert/Bakery, Coffee/Drink",keyword
"콜드브루 소르베라니 ㅎㅎ
성수엔 좋은곳이 많군용","Vibe, Coffee/Drink",keyword
직원분들 너무 친절하심,"Service, Dessert/Bakery, Coffee/Drink",keyword
"성수동 나들이 중 이렇게 친절하신 분들 처음^^;; 
(그렇다고 다른곳이 불친절 하다는건 아니고요ㅎ)
인테리어 정말 멋있고 자리도 널~찍해 좋았어요.","Service, Dessert/Bakery, Coffee/Drink, Vibe",keyword
당황 모먼트가 몇개 있긴한대,"Dessert/Bakery, Coffee/Drink, Vibe",keyword
카페는 세련그자체인데..,"Vibe, Coffee/Drink",keyword
"화장실 정말 구렸다는;;
아이스라떼를 주문했는데 직원분께서
플랫 화이트로 나온다","Service, Dessert/Bakery, Coffee/Drink, Vibe",keyword
"그래서
뭔진 모르지만 알겠다 했는데
엄청 작은 잔에 얼음없이 미지근한 라떼에 당황
이곳만의 스타일 이겠지만..;;","Dessert/Bakery, Coffee/Drink",keyword
"휘낭시에 빵은 말랐다는
새로운 경험이였어요","Dessert/Bakery, Coffee/Drink",keyword
예전 롯데백화점에서 알고 나서 성수동에 있길래 반가워 들어왔더니 완전 깔끔하고 멋진 인테리어에 직원분이 어찌나 친절한지 기분 좋더라구요,"Service, Dessert/Bakery, Coffee/Drink, Vibe",keyword
라떼 생각하다가 특이한 메뉴 사진이 보이길래 물으니 스톤 그라니따 알려주더라구요,"Dessert/Bakery, Coffee/Drink",keyword
새로운 메뉴도 좋구 아무리 커피가 맛있어도 직원이 이상하면 안가게 되는데...,"Service, Dessert/Bakery, Coffee/Drink",keyword
암튼 구테로이테 도차카 (도시 세상 차가운 카페) 같지만 갈때마다 서비스 좋은거 같아요,"Service, Dessert/Bakery, Coffee/Drink",keyword
여느 콘파냐와는 조금 다른....,Dessert/Bakery,keyword
"매장끝 벽면 전체가 거울로 되어있어
엄청 넓어보임","Vibe, Coffee/Drink",keyword
모던한 분위기에 자리는 아주 편하진 않지만 분위기가 좋음,"Dessert/Bakery, Coffee/Drink, Vibe",keyword
"커피맛도 좋고, 얼마전까지 빵 맛집이었는데
싹~ 사라져 아쉽","Dessert/Bakery, Coffee/Drink",keyword
확실히 일반적인 프랜차이즈 커피숍과는 차별화된 곳이에요,Vibe,keyword
투썸만 마시다가 성수에서 구테로이테라는 커피숍에서 커피를 마시니 색다른 느낌입니다,Coffee/Drink,keyword
이탈리아 로마에서 에스프레소를 먹었던 기억을 끄집어내었고 특별한 맛의 커피맛에 감동했네요,"Dessert/Bakery, Coffee/Drink, Vibe",keyword
성수동 여행중 만난곳,Vibe,keyword
친절하세요!,"Service, Dessert/Bakery, Coffee/Drink",keyword
"분위기 맛집 
커피 맛집  😘
에스프레소 꼭 드셔보세요","Vibe, Coffee/Drink",keyword
테이크아웃 할인해줘서 좋아요,"Service, Dessert/Bakery, Coffee/Drink",keyword
"스톤그리니따 시그니처라 맛있을거같아서 시켰는데
진짜 너무너무 달음",Dessert/Bakery,keyword
그래서 물두잔도 같이주나..ㅎ,Coffee/Drink,keyword
너무 달아서 먹다가 남기고 아메리카노 추가로 시켜머금..ㅎ,"Vibe, Coffee/Drink",keyword
베이커리보고 왔는데 베이커리도 없음..,"Dessert/Bakery, Coffee/Drink",keyword
"엄청 단 커피 원하시면 이거 드세요
상상그이상으로 달아요...","Dessert/Bakery, Coffee/Drink",keyword
너무이뻐요~!,Vibe,keyword
분위기도 좋고 ㅎㅎㅎ 메뉴도 맜있어요!,"Vibe, Coffee/Drink",keyword
담에는 디저트도 먹으러 갈게요,"Dessert/Bakery, Coffee/Drink",keyword
성수 놀러오는 친구에게 무조건 데려가고 싶은 곳이에요.,"Dessert/Bakery, Coffee/Drink, Vibe",keyword
그라니따는 다른 곳에서 먹기 쉽지 않아서 꼭 드셔보세요!,"Vibe, Coffee/Drink",keyword
테이크아웃 할인되서 좋아요,Service,keyword
시즈널 체리 그라니따 향긋하고 맛있음,"Dessert/Bakery, Coffee/Drink",keyword
다음에는 꼭 에스프레소를 마셔봐야지,Vibe,keyword
마시꾸 친절하구 적당한가격,"Service, Dessert/Bakery, Coffee/Drink, Price",keyword
"체리그라니따 맛은 있는데
양이 좀 작네용","Dessert/Bakery, Coffee/Drink, Vibe",keyword
직원분들이 전반적으로 친절해요~:),"Service, Dessert/Bakery, Coffee/Drink",keyword
디저트가 맛있어요,Dessert/Bakery,keyword
👍🏻라떼 시켰는데 카라멜 서비스로 주셨어요!,"Service, Vibe, Coffee/Drink",keyword
분위기 좋고 친절하시고 좋아요,"Service, Dessert/Bakery, Coffee/Drink, Vibe",keyword
친절.,Service,keyword
맛있는커피.,Coffee/Drink,keyword
안정적인가격,Price,keyword
에스프레소 진짜 맛있어요,Vibe,keyword
맛있고 직원분 친절하게 메뉴 설명 해주셔서 좋았어요!!!,"Service, Dessert/Bakery, Coffee/Drink",keyword
"진짜 맛없는 아메리카노
비싼 임대료 때문이겠죠 ㅠ",Price,keyword
시그니처 메뉴도 있고 디저트류도 많을거 같은데 늦게 가서 디저트류는 못봐서 아쉬웠어요.,"Dessert/Bakery, Coffee/Drink, Vibe",keyword
매장이 넓고 깨끗해서 좋아요,"Dessert/Bakery, Coffee/Drink, Vibe",keyword
공간도 널찍하고 따뜻해서 시간 보내기 좋습니다!,"Dessert/Bakery, Coffee/Drink, Vibe",keyword
스톤 그라니따 추천합니다.,"Dessert/Bakery, Coffee/Drink, Vibe",keyword
월요일엔 움료 구매시 베이커리 20%할인이래요,"Dessert/Bakery, Coffee/Drink",keyword
베이커리 리뉴얼중이라고 빵이 하나도 없ㅠㅠ 그래도 커피는👍,"Dessert/Bakery, Coffee/Drink",keyword
저녁 먹으러 가기 전 우연히 들어간 카페였는데 부모님도 만족스러워하신 카페였어요!!,"Dessert/Bakery, Coffee/Drink, Price",keyword
솔티드크레마라는 새로운 메뉴도 입맛에 맞아하셨어요~,"Dessert/Bakery, Coffee/Drink",keyword
맛있고 친절하시고 새로운 분위기의 카페를 부모님과 함께할 수 있어서 정말 좋았습니다,"Service, Dessert/Bakery, Coffee/Drink, Vibe",keyword
커피맛도 좋고 음료도 맛있었어요,Coffee/Drink,keyword
직원분들도 설명 잘해주셔서 음료주문도 잘 했습니다.,"Service, Dessert/Bakery, Coffee/Drink",keyword
성수동에서 조용히 대화하기 좋은 곳이에요,"Dessert/Bakery, Coffee/Drink, Vibe",keyword
솔티드 크레마: 버터크림라떼 같아요!,"Dessert/Bakery, Coffee/Drink",keyword
부드럽고 맛있어요.(포장 안됨),Price,keyword
분위기 넓고 좋아요,Vibe,keyword
"시그니처 마시고싶었는데    없어서 아쉬웠지만
에소프레소 귀엽고  라떼  아트도 이쁘고
공간의 따수함과 테이블의 차가움과  잘 어울리네요","Dessert/Bakery, Coffee/Drink, Vibe",keyword
"크리스마스 바로 다음날이라 그런가 빵이 별로 안나온다고 그러더군요,,,","Dessert/Bakery, Coffee/Drink",keyword
빵먹으러 간건데 아쉬웠지만!!,"Dessert/Bakery, Coffee/Drink",keyword
커피가 맛있어서 괜찮았어요 ㅎㅎ,Coffee/Drink,keyword
베이커리가 성수동 빵집들에 비해 크기나 금액이나 제일 적당해보여서 더 좋았던거같아요!,"Dessert/Bakery, Coffee/Drink",keyword
자리는 조금 불편하지만 커피가 맛있어요!,"Dessert/Bakery, Coffee/Drink",keyword
혼자오시는 분들도 많아서 부담 없었습니다,"Dessert/Bakery, Coffee/Drink",keyword
삼실근처라 자주 오는 곳!,"Dessert/Bakery, Coffee/Drink, Vibe",keyword
에스프레소가 맛있어요!!,Vibe,keyword
빵도 맛있습니다,Dessert/Bakery,keyword
솔티드 강츄,Coffee/Drink,keyword
"친절하고, 커피도 맛있었습니다","Service, Dessert/Bakery, Coffee/Drink",keyword
커피도맛있는데 베이글도 맛있어요,"Vibe, Coffee/Drink",keyword
갸또케이크가 진하고 맛있었어용,Dessert/Bakery,keyword
"항상 찾는 곳이지만, 커피 맛있고, 친절하고, 빵 맛있고...","Service, Dessert/Bakery, Coffee/Drink, Vibe",keyword
좌석도 많고 커피도 맛있어요!,Coffee/Drink,keyword
월요일에 방문하시면 디저트 할인 이벤트도 합니다,"Service, Dessert/Bakery, Coffee/Drink",keyword
딸기케이크 먹고 싶어서 들어간 곳인데 빵시트 촉촉하고 생크림이 느끼하지 않아서 너무 맛있게 먹었어요!,"Dessert/Bakery, Coffee/Drink, Vibe",keyword
직원분들이 매우매우 친절해요,"Service, Dessert/Bakery, Coffee/Drink",keyword
"커피는 산미가 있었고
스콘은 그냥 그랬어요..","Dessert/Bakery, Coffee/Drink, Vibe",keyword
에스프레소가 맛있어요,Vibe,keyword
처음보는 메뉴라 별 기대없이 마셔봤는데 슬러시에 커피 탄 느낌인데 진짜 맛있어요,"Dessert/Bakery, Coffee/Drink",keyword
구테로이테 커피가 맛있다고 해서 성수동 간 김에 들렀어요.,"Dessert/Bakery, Coffee/Drink",keyword
매장이 혼잡했지만 생각보다 많이 시끄럽진 않았고 커피도 맛있고 좋았어요.,"Dessert/Bakery, Coffee/Drink, Vibe",keyword
체리그라니따 먹었는데 기대했던 것보다 너무 맛있더라구요,"Dessert/Bakery, Coffee/Drink",keyword
에스프레소도 빵도 굿~~,"Dessert/Bakery, Vibe",keyword
근처 팝업스토어 대기를 기다리며 맛있는 에스프레소가 먹고싶어 방문했습니다.,"Service, Dessert/Bakery, Coffee/Drink, Vibe",keyword
에스프레소는 처음이라 걱정반 기대반으로 방문했는데 직원분의 친절한 응대와 설명으로 메뉴도 쉽게 고를 수 있었습니다.,"Service, Dessert/Bakery, Coffee/Drink, Vibe",keyword
첫 에스프레소였는데 원두맛도 너무 좋고 올라간 토핑때문인지 달달하고 맛있었습니다.,"Vibe, Coffee/Drink",keyword
다음번엔 성수에 또 오게된다면 다른 메뉴도 먹어보려고 합니다.,"Dessert/Bakery, Coffee/Drink",keyword
매장도 넓고 넘 따뜻해서 더 편하게 쉴 수 있었습니다.,"Dessert/Bakery, Coffee/Drink, Vibe",keyword
성수 에스프레소는 무조건 여기루!,Vibe,keyword
성수점이 생기기 전에 가고싶었던 카페!,Coffee/Drink,keyword
성수에 와서 간단히 먹고 쉬려고 들리게 되었다.,"Dessert/Bakery, Coffee/Drink",keyword
커피를 마시려다가 체리그라니따와 에그소금빵 샌드위치를 먹었다.,"Dessert/Bakery, Coffee/Drink",keyword
"체리그라니따는 체리슬러쉬에 콜드블루응 곁들여 마시는 음료로, 커피와 체리향 조화는 좋았지만 개인적으로 너무 달았다아…","Dessert/Bakery, Coffee/Drink, Vibe",keyword
에그소금빵샌드위치는 생각보다 너무 맛있었다..,Dessert/Bakery,keyword
잘라먹기는 힘들었지만ㅋㅋㅋ소금빵과 에그 조합 맛나당,Dessert/Bakery,keyword
👍🏻 다음에 오게되면 커피를 맛보려고 한다,"Dessert/Bakery, Coffee/Drink",keyword
가격은 있는편인데 맛은 있어요,"Vibe, Coffee/Drink, Price",keyword
커피가격도 좋고 맛은 더좋고 점심 먹고 종종 이용하는데 편하게 가기좋아요,"Dessert/Bakery, Coffee/Drink, Price",keyword
자주 가는 곳이에요!,Vibe,keyword
커피가 일단 맛있고 디저트 종류도 많아요,"Dessert/Bakery, Coffee/Drink",keyword
커피맛집💜💜💜,Coffee/Drink,keyword
빵도 음료도 맛있어요!!,"Dessert/Bakery, Coffee/Drink",keyword
케이크가 생각보다 커서 디저트로는 2~3인이 먹기 충분해요.,"Service, Dessert/Bakery, Coffee/Drink, Vibe",keyword
빵먹다가 못먹어서 포장해갔어요!,"Dessert/Bakery, Coffee/Drink, Price",keyword
얼그레이 크림이 더 있었으면하는 아쉬움이 있었지만 자몽이 층층마다 들어가서 굿굿,"Dessert/Bakery, Coffee/Drink, Vibe",keyword
친구들 사줬는데 맛있다네요~!,"Dessert/Bakery, Coffee/Drink, Vibe",keyword
유명한 이유가 있는 에스프레소바 항상 좋네요,"Dessert/Bakery, Coffee/Drink, Vibe",keyword
근처에 팝업이 많이해서 기다릴겸 12시쯤 처음방문해보았어요!,"Service, Dessert/Bakery, Coffee/Drink",keyword
실내도 널찍하고 인테리어 짱이뻐용,"Dessert/Bakery, Coffee/Drink, Vibe",keyword
실내에 베이킹룸이 따로있더라구요!,"Vibe, Coffee/Drink",keyword
업체에서 떼온 빵이아니라 만든빵이여서 맛있었나봐요.,"Dessert/Bakery, Coffee/Drink, Vibe",keyword
소시지빵주문했는데 데워주셔서 따뜻하게 먹었어요!,"Service, Dessert/Bakery, Coffee/Drink",keyword
겉에는 완전 빠싹하고 안에 쫀득합니당.,"Dessert/Bakery, Coffee/Drink",keyword
초코코코넛휘낭시에도 적당히 달콤하니 맛있었어요 ㅎㅎ,Coffee/Drink,keyword
",뉴욕롤 초코는 크림이 대박이에요.",Dessert/Bakery,keyword
제일추천👍✨글고 캐모마일 리치펀치는 그냥 엄청맛있엇어요.,Vibe,keyword
깔끔하고!,"Dessert/Bakery, Coffee/Drink",keyword
"빵,음료 다 만족스러워서 재방의사 100%!","Dessert/Bakery, Coffee/Drink, Price",keyword
선물세트도 이쁘더라구요,"Price, Dessert/Bakery, Vibe",keyword
ㅎㅎ제가 선물받고싶은패키지들 넘이뻤습니당.,"Vibe, Price",keyword
화장실은 카페안이 아니라 카페건물에 있다고 써져있었고 주차도 바로앞에 2석 카페이름으로 주차금지 판넬이 있어서 2석정도 주차가능해보였어요!,"Vibe, Position, Coffee/Drink, Price, Dessert/Bakery",keyword
주말 오전에 방문했는데 한적하고 빵 종류도 많고 케이크류도 있어요.,"Service, Dessert/Bakery, Coffee/Drink, Vibe",keyword
커피도 산미 정도에 따라 원두 선택할 수 있어요.,"Service, Dessert/Bakery, Coffee/Drink, Vibe",keyword
인테리어가 멋져용,Vibe,keyword
에스프레소 짱 맛있었어요~~,Vibe,keyword
매장 깔끔하고 커피 맛 좋아요,"Dessert/Bakery, Coffee/Drink, Vibe",keyword
분위기 좋은 카페 ㅎ,"Vibe, Coffee/Drink",keyword
"하지만 망고 케이크는 냉동 망고를 쓰셔서
맛이 너무 이상했어요..","Dessert/Bakery, Coffee/Drink",keyword
커피도 맛잇구 차메뉴도 좋고 디저트가 맛닜어요!!,"Dessert/Bakery, Coffee/Drink",keyword
인테리어도 깔끔하고 음료도 빵도 다 맛있어요,"Dessert/Bakery, Coffee/Drink, Vibe",keyword
콘센트도 다 있어서 작업하기에도 좋아요,"Service, Dessert/Bakery, Coffee/Drink, Vibe",keyword
분위기좋어요,Vibe,keyword
생각보다 엄청 커서 놀랐어요.,"Service, Dessert/Bakery",keyword
메뉴가 특별해서 좋네요^^,"Dessert/Bakery, Coffee/Drink",keyword
빵이랑 디저트 종류가 다양하고 맛있어요.,"Dessert/Bakery, Coffee/Drink",keyword
월요일은 베이커리 할인 이벤트도 있어서 좋아요.,"Vibe, Coffee/Drink",keyword
깔끔하고 디저트 많아요~,"Dessert/Bakery, Coffee/Drink",keyword
디저트 맛있어요.,Dessert/Bakery,keyword
커피도 양이 작지만 괜찮아요,"Dessert/Bakery, Coffee/Drink",keyword
빵생각 없다가 카라멜넛츠페스츄리가 맛있어보여서 홀린듯 구입했네요ㅋㅋㅋㅋ,"Dessert/Bakery, Coffee/Drink",keyword
역시나 달달하니 맛있었어요.,Coffee/Drink,keyword
여기에 아메리카노를 시켰어야하는데 스톤 그라니따와는 매칭은 잘안되네요ㅠ,"Dessert/Bakery, Coffee/Drink",keyword
가격이 합리적이라 좋습니다,Price,keyword
파인콘 먹었는데 진짜 커피 맛있어요.,Coffee/Drink,keyword
커피먹는법도 친절하게 설명해주시고 손에 꼽히게 맛있는 커피였어요.,"Service, Dessert/Bakery, Coffee/Drink",keyword
재방문의사 완전있습니다.,"Service, Vibe, Coffee/Drink",keyword
"요세 커피랑 빵값 너무 비싼데가 많아서 그런짘ㅋㅋ
금액이 참 합리적이라는 생각이 듬👍
인테리어 깔끔하고 이쁘고 작업하기도 좋은 자리 배치와 콘센트‼️
소세지 바게트도 데워주시고(먹고 갈지 물어보고 데워준다 함) 따로 나눠서 담아주는 센스💖
라벤더 향 가득한 아인슈페너 느낌의 커피도 좋았고 뉴욕롤도 정말 맛있네요~","Vibe, Service, Coffee/Drink, Price, Dessert/Bakery",keyword
"성수 와서 다른 카페들 실망 한곳 많은데 여긴 너무 만족👍👍👍👍
단데 갈 필요 없어요","Price, Dessert/Bakery, Coffee/Drink, Vibe",keyword
여기로 오세요,"Dessert/Bakery, Coffee/Drink, Vibe",keyword
회사 앞이라 자주가요 :) 커피가 진해요!,Coffee/Drink,keyword
"커피향이 좋고 
갸토 쇼콜라도 맛있어용","Vibe, Coffee/Drink",keyword
"디카페인 1,000원 추가",Coffee/Drink,keyword
카페라떼가 약간 바디감?,Coffee/Drink,keyword
이 있더라고요!,"Vibe, Coffee/Drink",keyword
"특이하고 맛 좋았어요:)
점심시간인데도 사람이 많더라고요~~!","Dessert/Bakery, Coffee/Drink, Vibe",keyword
"그래서 그런지 직원분들은 친절하지는 않았어요:)
테이크아웃 요청했는데 한숨 쉬시고 귀찮아하시는 느낌!","Service, Dessert/Bakery, Coffee/Drink",keyword
커피랑 디저트는 맛있었습니다,"Dessert/Bakery, Coffee/Drink",keyword
"👍
뉴욕 초코롤 초코 대박!",Dessert/Bakery,keyword
달달한 맛의 에스프레소임,Vibe,keyword
"소세지 바게트는 정통 바게트처럼 단단, 질긴...",Dessert/Bakery,keyword
"분위기며, 빵이며, 커피까지 모두 일품인 카페임","Dessert/Bakery, Coffee/Drink, Vibe",keyword
특별함도 좋지만..,"Dessert/Bakery, Coffee/Drink",keyword
합리적인 가격과 센스있는 분위기~ 굿초이스✨,"Vibe, Coffee/Drink, Price",keyword
커피도맛있고 디저트류도 많아서 좋아요.,"Dessert/Bakery, Coffee/Drink",keyword
인테리어도 현대적으로 멋져서 사진찍기에도좋아요.,Vibe,keyword
2023제로원데이 전시보고 인스타 인증하고 무료 아메리카노 쿠폰 받아서 마셨어요.,"Dessert/Bakery, Coffee/Drink",keyword
쓴 맛이 나는 원두라서 맛있게 마셨습니다!,Coffee/Drink,keyword
"커피는 맛있는거 알았지만 빵도 이렇게 맛있을 줄은 
더구마 성수에서 이런 빵 가격 찾기 어렵다는 너무 착한 가격!!!","Service, Dessert/Bakery, Coffee/Drink, Price",keyword
자주 들르는 카페!,Coffee/Drink,keyword
빵 나오는시간이 좀 일렀으면 좋겠어용 ㅠ,"Dessert/Bakery, Coffee/Drink",keyword
성수동인데 음료가격이 합리적이었어요!,"Coffee/Drink, Price",keyword
케이크 종류가 많고 휘낭시에랑 롤 종류도 있네용!,"Dessert/Bakery, Coffee/Drink, Vibe",keyword
롤이 두종류 품절되서 담에 다른 메뉴도 먹어보고 싶어요~,"Dessert/Bakery, Coffee/Drink",keyword
시그니처 메뉴가 몇가지 있어요.,"Vibe, Coffee/Drink",keyword
그 중 스톤 그라니따 마셔봤는데 굉장히 달아요.,Coffee/Drink,keyword
단 거 좋아하는 분들은 좋아할 것 같아요.,Dessert/Bakery,keyword
반대로 커피는 진하고 쓴 맛이 강하네요,"Vibe, Coffee/Drink",keyword
"에그마요가 촉촉해서 소금빵이 눅눅해져 질긴데, 갓 만들어먹었으면 맛있었을 것 같아요^^","Dessert/Bakery, Coffee/Drink, Vibe",keyword
성수동 다른 카페에 비해 저렴한 편이면서 맛있어요!,"Dessert/Bakery, Coffee/Drink, Price",keyword
흑임자와 커피쉐이크의 조화가 너무 좋아요,"Dessert/Bakery, Coffee/Drink",keyword
"에스프레소에 블루베리가 첨가된 커피정도로 알았는데
전혀 상상하지 못했던....","Dessert/Bakery, Coffee/Drink, Vibe",keyword
"블루베리를 반쯤 마사고, 에스프레소를 넣어 마시란다...","Dessert/Bakery, Coffee/Drink, Vibe",keyword
"블루베리는 달지만 시원하였고, 커피를 섞으니...","Dessert/Bakery, Coffee/Drink",keyword
"오묘하면서도
특이하고 맛있는....","Dessert/Bakery, Coffee/Drink",keyword
"토핑(?)의 블루베리는 여지껏 보지못하였을 만큼 
크다.....ㅋㅋ","Service, Dessert/Bakery, Coffee/Drink",keyword
생소한 도전....,"Dessert/Bakery, Coffee/Drink",keyword
"죄그맣고 맛있는 커피 ,,
에쏘도 달달하니 좋았어용!",Coffee/Drink,keyword
매장이 넓고 커피가 맛있어요.,"Vibe, Coffee/Drink",keyword
베이커리류도 먹었는데 오..,"Dessert/Bakery, Coffee/Drink",keyword
특히 피스타치오 뉴욕롤은 겉바속촉!!,Dessert/Bakery,keyword
라벤더플로트 - 라벤더시럽이 들어간 아인슈페너같은 느낌이에요.,Dessert/Bakery,keyword
올리브토마토 치아바타도 하나 집었는데 요것도 아주 맛있어요~,"Vibe, Coffee/Drink",keyword
아아는 원두 스페셜원두로 바꿔서 드셔보세요.,"Vibe, Coffee/Drink",keyword
깔끔하고 균형잡힌 느낌의 커피!,"Dessert/Bakery, Coffee/Drink",keyword
출근시간에 먹을 수 있게 일찍 오픈해서도 좋고 넓고 밝고 깨끗한 이미지라 하루 시작이 좋아지네요!,"Service, Dessert/Bakery, Coffee/Drink, Vibe",keyword
친절하시고 아침부터 부리나케 반죽하시는 파티쉐님들도 보이시고 다음에는 대표메뉴 에소먹으러 방문해야겠어요,"Service, Dessert/Bakery, Coffee/Drink",keyword
반 먹었어요,"Dessert/Bakery, Coffee/Drink",keyword
단호박이  들어 있어서 맛이 담백해요,"Dessert/Bakery, Coffee/Drink, Vibe",keyword
가격은 5300원  싸진 안습니다^^,Price,keyword
참깨 베이글 맛있습니다!,Dessert/Bakery,keyword
메이플 버터 & 쨈이랑 꼭 같이 드세요 :),Dessert/Bakery,keyword
음료 맛있고 빵도 맛있어 보이는 게 너무 많아요,"Dessert/Bakery, Coffee/Drink",keyword
아메리카노 기본으로 마셨는데 산미가 적당해서 좋아요,"Dessert/Bakery, Coffee/Drink",keyword
불루베리 그라나따랑 솔티드 크레마.,Coffee/Drink,keyword
아침 일찍 오픈해서 좋고 빵도 바로 나온거 먹을수 있어서 좋네요.,"Dessert/Bakery, Coffee/Drink, Vibe",keyword
"구테로이테 커피 맛집인데 왜 케잌도 맛있고 
빵도 맛있는거에요?!!","Dessert/Bakery, Coffee/Drink",keyword
"친절함이 돋보이고, 빵종류 뭐하나 맛없는게 없고, 
커피 맛있고, 내부 인테리어 멋있고.....","Service, Dessert/Bakery, Coffee/Drink, Vibe",keyword
더할나위 없는 꽤 괜찮은 카페임.,"Dessert/Bakery, Coffee/Drink",keyword
특히 안쪽이 거울로 되어 있어 엄~청 넓어보임.,"Vibe, Coffee/Drink",keyword
시그니처라서 궁금해서 시켜봤는데 달달한에스프레소에 크레마라서 맛있어요.,"Dessert/Bakery, Coffee/Drink, Vibe",keyword
맛이 강해서 물과 함께 나오는 이유가 있더라고요.,"Vibe, Coffee/Drink",keyword
매장도 넓고 빵 종류가 다양해서 먹고 가기 좋은 것 같아요.,"Dessert/Bakery, Coffee/Drink, Vibe",keyword
"빵, 커피 둘다 맛있어요","Dessert/Bakery, Coffee/Drink",keyword
구테로이테 하세요,"Dessert/Bakery, Coffee/Drink",keyword
매장이 엄청 깔끔하고 군더더기없었어요,"Dessert/Bakery, Coffee/Drink, Vibe",keyword
"음료도 맛있고
근데 19시 이후에 베이크류 할인한다고 써있었는데 영수증보니 할인이 안되어있네요","Dessert/Bakery, Coffee/Drink, Vibe",keyword
관리를 잘 해주셨음 합니다,"Service, Dessert/Bakery, Coffee/Drink",keyword
오늘까지 오틀리위크 메뉴 : 블루베리 오트라떼 된대서 마셔봤어요.,"Dessert/Bakery, Coffee/Drink",keyword
블루베리의 상콤함이랑 나름 잘 어울리네요.,"Dessert/Bakery, Coffee/Drink",keyword
다신 안 갈 것 같아요.,Dessert/Bakery,keyword
결제할 때 원두를 고소한 거 / 산미있는 것 중 택하래서 산미있는 거 골랐는데 나중에 영수증 보니 2천원이 추가되어 있네요?,"Dessert/Bakery, Coffee/Drink, Vibe",keyword
제대로된 설명도 안내문도 없는데 어떤 원두가 스페셜 블렌드인지 손님이 어떻게 알 수 있을까요?,"Service, Vibe, Coffee/Drink",keyword
"원두 선택하는 카페는 많지만, 원두 간 가격이 같거나 500원 정도 차이나죠.","Service, Dessert/Bakery, Coffee/Drink, Price",keyword
"시트러스와 커피의 조화를 좋아하는 데도, 여기 그라니따는 그저 달고 새큼해서 밸런스가 별롭니다.","Dessert/Bakery, Coffee/Drink",keyword
커피 맛 제대로 느껴지지도 않는 음료에 2천원 버리고 나니 아주 기분 좋네요^^,"Vibe, Coffee/Drink",keyword
아 빵은 그냥저냥이에요.,"Dessert/Bakery, Coffee/Drink",keyword
종류 다양한 건 좋지만 대단한 맛은 아닙니다.,"Dessert/Bakery, Coffee/Drink",keyword
멀리서 성수 나들이 오시는 분들 참고하시면 좋겠네요.,"Dessert/Bakery, Coffee/Drink",keyword
성수 오랜만에 오는데 에스프레소 메뉴도 맛있고 빵과 디저트가 다양하고 맛있아요!,"Dessert/Bakery, Coffee/Drink, Vibe",keyword
직원분들도 친절하고 인테리어도 예쁘고ෆ˃̶͈̑.˂̶͈̑ෆ,"Service, Dessert/Bakery, Coffee/Drink, Vibe",keyword
"[베이커리, 커피, 분위기 다 만족!]","Vibe, Coffee/Drink, Price",keyword
새로오픈한 카페 같았어요.,"Dessert/Bakery, Coffee/Drink",keyword
깔끔하고 분위기 좋습니다~,"Dessert/Bakery, Coffee/Drink, Vibe",keyword
오틀리 업그레이드 이벤트 하네요!,"Dessert/Bakery, Coffee/Drink",keyword
구테로이테 커피와 맛이 잘 어우러져서 좋아요!,Coffee/Drink,keyword
커피 진짜 맛있어요!!,Coffee/Drink,keyword
파인콘 먹었는데 달달하니 식후에 딱이에요!!,Coffee/Drink,keyword
🤎초코 코코넛 휘낭시에: 코코넛맛이 거의 안 나서 아쉽지만 먹을만합니다,"Dessert/Bakery, Coffee/Drink",keyword
💛유자 뉴욕롤: 뉴욕롤이란 걸 처음 먹어봤는데 상큼한 유자 필링이 정말 맛있었습니다,"Dessert/Bakery, Coffee/Drink",keyword
"👍
🤍얼그레이 뉴욕롤: 필링이 좀 적어서 얼그레이 맛을 충분히 느낄 순 없었지만 먹을만했습니다","Dessert/Bakery, Coffee/Drink",keyword
☕️아메리카노: 지인이 시킨 건데 그냥저냥 먹을만 하다고 합니다,"Dessert/Bakery, Coffee/Drink",keyword
☕️파인콘: 적당한 쓴맛에 상큼한 향과 입구에 뭍은 설탕이 달달해서 마시기 좋았습니다!,"Dessert/Bakery, Coffee/Drink, Vibe",keyword
카페가 쾌적하고 깔끔해서 편하게 머물 수 있었습니다,"Dessert/Bakery, Coffee/Drink, Vibe",keyword
인테리어도 세련된 게 마음에 드네요,Vibe,keyword
😆 만족스럽습니다~,Price,keyword
분위기좋고 빵도 맛있어여~♡,"Dessert/Bakery, Vibe",keyword
새우 바질 샌드위치랑 아이스아메리카노 먹었습니다!,"Dessert/Bakery, Coffee/Drink",keyword
베이글 샌드위치라서 더 맛있었고 바질 크림도 넘 취향저격이었어요!!,Dessert/Bakery,keyword
자리도 많고 매장도 넓어서 편안하게 있다가 갑니다,"Dessert/Bakery, Coffee/Drink, Vibe",keyword
노트북도 잠깐했는데 눈치 안보이고 좋았어요 ㅎㅎ,"Dessert/Bakery, Coffee/Drink",keyword
"넓고 깔끔한 매장
베이커리도 다양하고 커피도 다양해요.","Dessert/Bakery, Coffee/Drink, Vibe",keyword
오픈한지 얼마 안되어서 매장이 깔끔하고 좋아요!,"Dessert/Bakery, Coffee/Drink, Vibe",keyword
베이커리 종류도 많고 커피도 맛있더라고요 :),Coffee/Drink,keyword
두번째 방문때 시킨 크랜베리 모찌 ….,Service,keyword
🥲 뚜레주르같이 부드럽고 쫀득할 줄 알았는데 ..,Service,keyword
화장실은 건물 화장실이지만 친절하고 쾌적하고 좋아요.,"Service, Dessert/Bakery, Coffee/Drink, Vibe",keyword
빵 굽는데도 안에 있어서 냄새도 안나고 맛있어요!,"Dessert/Bakery, Coffee/Drink, Vibe",keyword
분위기 너무 좋아요.,Vibe,keyword
커피가 맛있대서 갔는데..,"Dessert/Bakery, Coffee/Drink",keyword
"깔끔, 시원한 성수동 신상카페.","Dessert/Bakery, Coffee/Drink",keyword
빵종류도 많고 커피종류도 다양해서 골라먹기 좋았습니다.,"Dessert/Bakery, Coffee/Drink",keyword
초코스콘 먹었는데 ㅈㅁㅌ,"Dessert/Bakery, Coffee/Drink",keyword
매장이 넓고 좋아요!,Vibe,keyword
베이커리가 다양하고 맛있네요.,"Dessert/Bakery, Coffee/Drink",keyword
성수 시그니처메뉴도 좋고 제가 좋아하는 그라니따도 넘 상큼하게 잘 마셨습니다 ㅎㅎ,Coffee/Drink,keyword
생각보가 빵이 많아서 좋아요,Dessert/Bakery,keyword
우연히 들어갔는데 커피가 되게 맛있고 빵과 디저트종류도 많아서 좋았어요,"Dessert/Bakery, Coffee/Drink",keyword
딱 성수 분위기 카페였어요!,"Vibe, Coffee/Drink",keyword
일찍 문 여는 곳이라 방문했는데 아쉽게도 베이커리류는 천천히 나오는 것 같더라구요.,"Service, Dessert/Bakery, Coffee/Drink, Vibe",keyword
커피 맛있고 매장도 이쁩니다!,"Vibe, Coffee/Drink",keyword
빵도 커피도 맛있어서 자주올거같네요!,"Dessert/Bakery, Coffee/Drink",keyword
커피 진하고 맛있어요.,Coffee/Drink,keyword
구테이로테 너무 좋아해서 성수점 방문.,Service,keyword
평일 저녁이라 한가해서 너무 좋았어요~,"Dessert/Bakery, Coffee/Drink",keyword
시그니처 스톤그라니따 매력있네요.,"Vibe, Coffee/Drink",keyword
에스프레소는 당연히 한잔.,Vibe,keyword
치즈 베이글의 치즈 풍미가 굉장하네요!,"Dessert/Bakery, Coffee/Drink",keyword
추천 :),Vibe,keyword
직원분들이 너무 친절하셔서 자주 가고 싶어요!,"Service, Dessert/Bakery, Coffee/Drink",keyword
인스타 갬성을 물씬 풍기는 카페에요.,"Dessert/Bakery, Coffee/Drink",keyword
"매장도 넓고 테이블도 높고, 의자도 등받이가 있어서 대화하기 편해요.","Dessert/Bakery, Coffee/Drink, Vibe",keyword
💭 매장 분위기가 실버톤이 많이 들어있어서 깔끔 모던해요.,"Dessert/Bakery, Coffee/Drink, Vibe",keyword
"음료 받아 올 때, 진동벨이나 번호 대신 별명으로 불러주셔서 기억에 남았어요.","Dessert/Bakery, Coffee/Drink",keyword
딸기 밀크티🍓주문했는데 맛있어서 빨대로 쭈왑쭈왑 흡입 했네요,"Service, Dessert/Bakery, Coffee/Drink, Vibe",keyword
"😅 동네 살았으면 자주 방문해서 사 먹었을텐데, 아쉽네요","Service, Dessert/Bakery, Coffee/Drink",keyword
"힙한 커피와 굶주린 배와 식감, 입맛을 만족시킨 구테로이테(성수) :)
왜 키친이라고 부재를 달아놨는지 이해가 찰떡~","Price, Dessert/Bakery, Coffee/Drink, Vibe",keyword
한쪽 벽면 전체가 거울로 돼있어서 매장이 훨씬 넓여보여요!,"Vibe, Coffee/Drink",keyword
"실제로도 쾌적하고 널찍하고요
조용한 편은 아니고 살짝 힙한 노래랑 북적북적한 느낌이에요","Dessert/Bakery, Coffee/Drink, Vibe",keyword
시그니처 메뉴도 있었고 주문 받으시는 직원 분이 메뉴 사진 보여주셔요~ 친절하셨어용,"Service, Dessert/Bakery, Coffee/Drink, Vibe",keyword
별다방처럼 주문한 음식 받을 때 별명을 사용하게되는데 ㅋㅋㅋ 엄마가 제 이상한 별명 말하셔서 극구사양할 때 직원 분도 웃으셔서 웃겼어요ㅠ.....,"Service, Dessert/Bakery, Coffee/Drink",keyword
"쪽팔리다
인테리어도 깔끔하고 빈티지하면서 고급스러워요","Dessert/Bakery, Coffee/Drink, Vibe",keyword
"베이커리도 있구요
라벤더 플로트 추천합니다!","Dessert/Bakery, Coffee/Drink, Vibe",keyword
개인적으로 섞어서 먹는것 보다 계속 따로 먹는게 더 좋은 것 같아요,"Dessert/Bakery, Coffee/Drink",keyword
리치 펀치는 배가 씹히는데 좀 많이 달아서 놀랐어용,Dessert/Bakery,keyword
수다떨기 좋은 곳인 것 같아요~~,"Dessert/Bakery, Vibe",keyword
좌석 편하구 대화하기 조아용 빵도 마싯네여,"Dessert/Bakery, Coffee/Drink",keyword
커피맛 그저그럼,Coffee/Drink,keyword
빵.,Dessert/Bakery,keyword
바로 옆에서 굽나 봅니다.,Coffee/Drink,keyword
깨가 진짜 많아서 엄청 꼬소하고 맛있네요.,"Dessert/Bakery, Coffee/Drink",keyword
버터도 맛있어요ㅋㅋㅋ,Dessert/Bakery,keyword
휴 내일 또 올 이유가 늘었다 >.<,"Dessert/Bakery, Coffee/Drink",keyword
"‘스톤 그라니따’ 먹었는데, 진짜 맛있어요!",Coffee/Drink,keyword
시그니처 커피랑 베이커리 맛있어요,Coffee/Drink,keyword
원두가 진짜 제 입맛에 딱이네요!,Coffee/Drink,keyword
"컵에 써진 작은 메세지도 너무 좋았고, 카라멜도 맛있어요!",Dessert/Bakery,keyword
(직원들 친절함은 사랑입니다 +.+),"Service, Dessert/Bakery, Coffee/Drink",keyword
인테리어 깔끔하고 커피도 음료도 맛있었어요,"Dessert/Bakery, Coffee/Drink, Vibe",keyword
저는 카페인에 약해서 시그니처 메뉴로 한 잔만 주문해마셨는데 흑임자 크림(?)이 고소하니 맛있었어요 ~~~,"Service, Dessert/Bakery, Coffee/Drink, Vibe",keyword
혼자 방문했는데도 큰 불편함 없이 좋았고 직원분들도 친절하셨어요 !,"Service, Dessert/Bakery, Coffee/Drink",keyword
다른 메뉴들은 어떤지 궁금해지는 성수동 카페였네요,"Dessert/Bakery, Coffee/Drink",keyword
"성수센트럴키친으로 새로 오픈한 구테로이테🤍
매장도 깔끔하고 전체적으로 실버톤으로 분위기 굿!!","Dessert/Bakery, Coffee/Drink, Vibe",keyword
여럿이와도 부담없이 테이블도 많고 역시 에쏘맛집!,"Dessert/Bakery, Coffee/Drink",keyword
다같은 에쏘가아니다!!!,"Dessert/Bakery, Coffee/Drink",keyword
구테로이테만의 특이한 시그니처 에쏘를 맛볼 수 있늠곳🫢,"Dessert/Bakery, Coffee/Drink, Vibe",keyword
주말 성수는 자리 있는 카페 찾기가 넘 힘드네요...,"Service, Vibe, Coffee/Drink",keyword
돌아다니다가 힘들게 발견한 구테로이테...,"Dessert/Bakery, Coffee/Drink",keyword
스톤 그라나따가 왼쪽인데 첨엔 크기가 넘 작아서 놀랬지만 흑임자 맛이 적절히 커피랑 섞여서 넘 맛있었습니다!,"Service, Dessert/Bakery, Coffee/Drink",keyword
공간도 좌석도 넓어서 쾌적하게 카페 이용 가능하고 종업원분들도 다들 너무 친절하세요!,"Vibe, Service, Coffee/Drink, Price, Dessert/Bakery",keyword
"물도 기본적으로 한잔 주셨던것같은데 컵이 작아서 요즘 같은 날엔 한입마시면 끝이라 리필해서 마실 수 있게 공용공간에 물통을 놔두면 더 좋을 것 같아요!
(바쁘실텐데 물 리필해달라고 하기가 쫌 그래서용ㅠㅠ)","Dessert/Bakery, Coffee/Drink, Vibe",keyword
카페도 시원하고 잘 이용하고 갑니다!,"Dessert/Bakery, Coffee/Drink",keyword
시그니처 메뉴가 에스프레소인줄 모르고 시켜서 크기보고 당황했는데 인생 첫 에스프레소!,"Service, Dessert/Bakery, Coffee/Drink, Vibe",keyword
"구테로이테 성수센트럴키친의 시그니처
솔티드크레마 주문해봤어요
풍미있는 크림에 콜드브루로 쓴맛이 없고 부드러웠어요","Service, Dessert/Bakery, Coffee/Drink, Vibe",keyword
💕 추천합니다!!,"Dessert/Bakery, Coffee/Drink, Vibe",keyword
오노오오오오오오 우아아아앙,"Dessert/Bakery, Coffee/Drink",keyword
넓고 좋네요,Vibe,keyword
"방문 당시 행사중이어서 사람이 정말 많았지만, 커피는 너무 맛있게 먹었습니다 :) 시그니처 메뉴 먹으러 또 방문해보고 싶어요!","Service, Dessert/Bakery, Coffee/Drink, Vibe",keyword
다음에 또 가고 싶은 곳!,Vibe,keyword
커피가 너무너무너무 맛있어요,Coffee/Drink,keyword
"근처면 매일 갔을 법한 카페
커피 러버들은 꼭 가보세요","Dessert/Bakery, Coffee/Drink",keyword
3일간만 게바를 한다해서 다녀왔는데 너무 다 맛있고 좋았어요!,"Dessert/Bakery, Coffee/Drink",keyword
음료 맛이 어떤지 물어봐주시고 다들 친절하세요~,"Service, Dessert/Bakery, Coffee/Drink",keyword
"김사홍바리스타님이 오신다고 해서 찾아왔는데요, 세트 음료가 다 특색 있고 맛있지만 그 중에 에스프레소가 정말 인상적이었습니다!!!","Service, Dessert/Bakery, Coffee/Drink, Vibe",keyword
오후 시간에 많은 인파로 붐비는 와중에도 웃으며 응대해주셔서 더욱 편안하게 게스트 바리스타 행사를 즐길 수 있었습니다 !,"Service, Dessert/Bakery, Coffee/Drink, Vibe",keyword
손님 한 분 한 분 모두 세심하게 정성껏 응대해주셔서 감사합니다,"Dessert/Bakery, Coffee/Drink",keyword
게바한다고 해서 갔는데 다 가향이라 취향은 아니었어요,"Dessert/Bakery, Coffee/Drink",keyword
새로운 곳 생겨서 방문!,"Service, Vibe",keyword
매장이 넓고 다양한 메뉴가 있습니다.,"Dessert/Bakery, Coffee/Drink, Vibe",keyword
스텝분들이 친절해요.,"Service, Dessert/Bakery, Coffee/Drink",keyword
"생긴지 얼마 안됐는데, 직원분들 친절하고 좋았어요.","Service, Dessert/Bakery, Coffee/Drink",keyword
"여름이랑 잘 어울리는 심플, 시원한 느낌의 인테리어🤍
라떼아트도 예쁘고, 시그니처 솔티드크레마 맛있었어요.","Dessert/Bakery, Coffee/Drink, Vibe",keyword
커피가 넘 맛있고 직원분들이 친절해서 기분이 좋아지는 카페입니다,"Service, Dessert/Bakery, Coffee/Drink, Vibe",keyword
"진짜 커피 맛집
에스프레소바에 빠질듯","Dessert/Bakery, Coffee/Drink, Vibe",keyword
시그니처 에스프레소가 맛있는 카페 구테로이테.,"Vibe, Coffee/Drink",keyword
인더스트리얼 감성 인테리어에 공간도 널찍하고 쾌적한 분위기라 여유롭게 머물기 좋았던 곳!,"Dessert/Bakery, Coffee/Drink, Vibe",keyword
구테로이테는 서울에 여러 지점이 있지만 성수점은 성수에서만 맛볼 수 있는 시그니처가 있어서 좋았어요,"Vibe, Coffee/Drink",keyword
시그니처 중 특히 흑임자 들어간 건 정말 고소해서 강력 추천하고픈 메뉴!,"Dessert/Bakery, Coffee/Drink, Vibe",keyword
에스프레소에 취약한 사람들도 마시기 쉬운 스타일이라서 시그니처는 다 드셔보시길 권유하고 싶어요,"Dessert/Bakery, Coffee/Drink, Vibe",keyword
에스프레소 맛있어요,Vibe,keyword
초록 앞치마 직원분 너무 착하네요~!~,Service,keyword
오픈 초창기라 일손이 너무 부족한 것 같아보여서 안쓰러웠네요.,"Dessert/Bakery, Coffee/Drink",keyword
커피 넘 맛있거 친절하셔요~^^,"Service, Dessert/Bakery, Coffee/Drink",keyword
친절하시고 청결하고 맛있습니다.,"Service, Dessert/Bakery, Coffee/Drink",keyword
눈으로 보기에도 예쁘고 물 한잔까지 챙겨주는게 너무 인상깊었어요.,"Vibe, Coffee/Drink",keyword
"오픈날 방문 했는데, 시그니쳐 메뉴가 특색있고 맛있네요.","Service, Dessert/Bakery, Coffee/Drink, Vibe",keyword
에스프레소 음료는 모두 디카페인이 가능해요!,"Price, Dessert/Bakery, Coffee/Drink, Vibe",keyword
커피맛집♡,Coffee/Drink,keyword
직원분이 모두 친절하시고 커피도 넘 맛있어서 좋았습니다ㅎㅎ,"Service, Dessert/Bakery, Coffee/Drink",keyword
여기 커피 증말 맛나니까 꼭 드셔보세요,Coffee/Drink,keyword
강추합니다ㅎㅎ,"Dessert/Bakery, Coffee/Drink",keyword
가오픈첫날이라 아메리카노가 서비스~~~,Service,keyword
"에스프레소 잘 안 먹는데 이건, 매일 먹을 수 있겠어요!!!","Vibe, Coffee/Drink",keyword
완전 추천해요!,"Dessert/Bakery, Coffee/Drink, Vibe",keyword
"인테리어도 너무 멋지고, 성수동 모임은 여기서 해야겠어요!","Dessert/Bakery, Coffee/Drink, Vibe",keyword
+친절,Service,keyword
오리지널 슬러쉬 넘 맛있!!!!!,Dessert/Bakery,sbert_semantic
컨셉도 메뉴도 재밌네요!!,Dessert/Bakery,sbert_semantic
"굿즈 라인업도 아쉽고 
메뉴도 아쉽지만 교동이가 귀여움","Vibe, Coffee/Drink, Dessert/Bakery",sbert_semantic
히든 메뉴가 유레차(?),"Coffee/Drink, Dessert/Bakery",sbert_semantic
후프선셋도 맛있다.,Dessert/Bakery,sbert_semantic
망고케익 너무 맛있어요~,Dessert/Bakery,sbert_semantic
요) 넘 맛있었습니당,"Coffee/Drink, Dessert/Bakery",sbert_semantic
맛있습니당,"Coffee/Drink, Dessert/Bakery",sbert_semantic
"#주말 #성수 #성수동 #주말데이트 
#소금빵 #자연도소금빵 
#바로만든빵이최고 #어우맛있어 
.",Dessert/Bakery,sbert_semantic
🫶🏻이번엔 🥖 🤳🏼#소금빵 도찰칵 #겉바속촉,Dessert/Bakery,sbert_semantic
맛있어요!!!♥♥♥,Dessert/Bakery,sbert_semantic
음식이 맛있어요,Dessert/Bakery,sbert_semantic
슈페너 맛있어요,"Coffee/Drink, Dessert/Bakery",sbert_semantic
Delicious desserts and drinks. Affordable price. Cozy place to hangout. Very recommended 🫶🫶😊😊,Coffee/Drink,sbert_semantic
파운드케익 완전 맛있어요!!,Dessert/Bakery,sbert_semantic
파운드케익 퍽퍽하지 않고 맛있어요.,Dessert/Bakery,sbert_semantic
파운드케익 맛있어요,Dessert/Bakery,sbert_semantic
얼그레이 케익 진짜 맛있어요!~,Dessert/Bakery,sbert_semantic
베이커리류 너무 맛있습니다 :),Dessert/Bakery,sbert_semantic
구움찰떡도맛있공.,Dessert/Bakery,sbert_semantic
특히 펌킨파이가 진쩌 넘넘 맛있었어요:)),Dessert/Bakery,sbert_semantic
공차 베이커리 맛있어요..,Dessert/Bakery,sbert_semantic
Skt 할인 돼서 좋아요,Price,sbert_semantic
샤케라또 맛있어요!,Dessert/Bakery,sbert_semantic
카페라떼두 고소하고 맛있구용,Coffee/Drink,sbert_semantic
맛있는 메뉴가 많아요!,Dessert/Bakery,sbert_semantic
느좋카페.,Coffee/Drink,sbert_semantic
🖤 느좋카페,Coffee/Drink,sbert_semantic
크림 올라간 시그니처 메뉴 맛있어요,"Coffee/Drink, Dessert/Bakery",sbert_semantic
시그니처 메뉴도 많아서 좋아요*_*,"Coffee/Drink, Dessert/Bakery",sbert_semantic
시그니처 메뉴 맛있어요-,"Coffee/Drink, Dessert/Bakery",sbert_semantic
카페크레마는 달달하니 맛있어요,Coffee/Drink,sbert_semantic
더블샷 맛있어요,Dessert/Bakery,sbert_semantic
베이커리 맛있어요,Dessert/Bakery,sbert_semantic
맛있고 재밌는 메뉴가 많아요!!,Dessert/Bakery,sbert_semantic
콘파냐랑 카페크레마 맛있어요,Coffee/Drink,sbert_semantic
카페크레마 부드럽고 맛있어요,Coffee/Drink,sbert_semantic
메뉴가 다 맛있어요,Dessert/Bakery,sbert_semantic
스톤슈페너 너무 맛있어용,"Coffee/Drink, Dessert/Bakery",sbert_semantic
베이커리류도 맛있어요,Dessert/Bakery,sbert_semantic
"창의적인 메뉴가 돋보이고, 수플레가 맛있네요 ^^","Coffee/Drink, Dessert/Bakery",sbert_semantic
구테넛슈페너 완전 맛있어요!,Dessert/Bakery,sbert_semantic
귀테 넛 수페너 너무 맛있었어요.,Dessert/Bakery,sbert_semantic
다른 메뉴도 다 맛보고싶네요.,Dessert/Bakery,sbert_semantic
순우유케익 많이 안달고 적당히 단맛이어서 좋아요!,Dessert/Bakery,sbert_semantic
달달하고 베이커리류도 맛있음,Dessert/Bakery,sbert_semantic
베이글 맛있당,Dessert/Bakery,sbert_semantic
