text,text_en
레몬 샤벳에 에스프레소를 첨가한 음료라는데 처음 마셨지만 적당한 상큼함과 에스프레소의 향긋한이 어우러져 맛있었습니다.,"It is said to be a drink made by adding espresso to lemon sherbet. It was my first time drinking it, but it was delicious with the right amount of freshness and the fragrant scent of espresso."
크고 두꺼운 소금빵은 아니고 얇고 버터 동굴도 크진 않은 듯 한데 소금맛이 너무 좋은 빵입니다,"It's not a big, thick salt bread, but it's thin and the butter cave isn't that big, but the salt taste is really good."
텐동식당 맛집 다녀와서 튀김류에 살짝 느끼함까지 잡아주는 음료라 선택이 좋았어요 :),I went to Tendong Restaurant and it was a good choice because it was a drink that counteracted the slightly greasy taste of fried food :)
웨이팅하고 받은 따끈한 겉바속촉~~👍 명성에 걸맞는 소금빵입니다~,The warm texture on the outside and the inside that I received after waiting~~👍 This is a salt bread that lives up to its reputation~
가오픈 기간에 방문했었는데 정식오픈하면 무조건 다시 가볼거에요~,"I visited during the temporary opening period, but I will definitely go again once it officially opens."
"전체적으로 산미가 강하지 않고, 초콜릿티한 뉘앙스와 고소한 견과류의 풍미가 기분 좋게 어우러졌습니다.","Overall, the acidity was not strong, and the chocolatey nuance and nutty nutty flavor were pleasantly combined."
눈으로 보기에도 예쁘고 물 한잔까지 챙겨주는게 너무 인상깊었어요.,It was pretty to look at and I was very impressed that they even provided me with a glass of water.
달달 디저트 안좋아하는데 신기해서 먹어 봤어요:) 배리뱅 콘판나 신기해서 먹어봤는데 딸기칩도 상콤하고 크림은 비건이라 더더욱 좋음!,"I don't like sweet desserts, but I tried it because it was interesting :) I tried Barry Bang Conpanna because it was interesting, and the strawberry chips were refreshing and the cream was even better because it was vegan!"
매장도 깨끗하고 쾌적해용,The store is clean and comfortable too.
계산 따로 웨이팅 따로 시스템이라 아주 빠르게 돌아가서 긴 기다림없이도 바로 픽업이 가능합니다!,"Since there is a separate checkout and waiting system, it goes back very quickly and you can pick it up right away without having to wait a long time!"
매장이 넓고 깨끗하고 분위기도 좋았어요,"The store was spacious, clean, and had a nice atmosphere."
"클래식 딥 쇼콜라와 파이콘 먹었는데, 비주얼부터 아주 멋지지 않나요?","I had the classic deep chocolate and pycon, and didn’t it look really nice?"
별거 아닌 거 같았는데도 힐링됐고요 앞으로 꾸준히 한교동 생일파티 열어줬으면 좋겠어요,"Even though it didn't seem like a big deal, I was healed. I hope they continue to hold Hangyo-dong birthday parties in the future."
채광도 좋고 분위기도 좋습니당~,The lighting is good and the atmosphere is nice.
"성수동 왔다가 잠시 드른 소금빵 맛집~ 더위를 날릴 시원한 아이스 커피와 오미자, 리치팝 피치에이드도 맛있네요~","I stopped by a famous salt bread restaurant after coming to Seongsu-dong. The cool iced coffee, Schisandra chinensis, and lychee pop peachade to beat the heat are also delicious~"
하지만 고소한 빵 냄새에 홀려서 바로 웨이팅 했답니다 줄 금방 빠지니까 번호표 받구 바로 옆에 줄서서 기다리세용,"However, I was so captivated by the fragrant smell of bread that I immediately waited in line. The line moved quickly, so get a number and wait in line right next to it."
근데 저녁에 먹어도 맛있더라구요,But it was delicious even if I ate it for dinner.
하나에 3천원씩 4개씩 세트로 팔더라고요,"They sold it as a set of 4 for 3,000 won each."
"음료의 맛뿐만 아니라 플레이팅도 깔끔하고 예쁘게 나와서 눈으로 먼저 즐길 수 있었고, 친구들과 편하게 대화 나누며 여유를","Not only did the drink taste good, but the plating was neat and pretty, so I was able to enjoy it with my eyes first, and I could relax and chat comfortably with my friends."
"피치파운드(4500), 햄앤치즈샌드위치(5700), 치킨바게뜨(7000), 솔티드바게트(4200), 아이스라떼(7000), 핑크블렌디(12000), 아이스아메리카노(5000)","Peach Pound (4500), Ham & Cheese Sandwich (5700), Chicken Baguette (7000), Salted Baguette (4200), Iced Latte (7000), Pink Blendy (12000), Iced Americano (5000)"
커피도 맛있고 야외 좌석도 좋았어요!,The coffee was delicious and the outdoor seating was great!
구테로이테 커피 맛있는건 이미 유명하고 항상 모든지점이 인테리어힙하고 분위기좋아서 자주들러요~제 최애 카페입니다,"Guteroite's coffee is already famous for its delicious coffee, and all branches have hip interior design and great atmosphere, so I visit often. It's my favorite cafe."
"[ 대기 ] 항상 대기줄이 길어서 미루다가 한번 대기해봤는데, 줄은 길어도 결제부터 픽업까지 10분도 안 걸렸어요.","[Waiting] The waiting line was always long, so I put it off and waited once, and even though the line was long, it took less than 10 minutes from payment to pickup."
엄마가 여기서 에스프레소에 입문해서 이후로도 많이 마셔봤는데 여기 원두향이 제일 좋고 맛있대요,"My mom started drinking espresso here and has been drinking it a lot ever since, and she says the coffee beans here have the best flavor and taste."
"키오스크 주문, 빵 선택, 카드 결제를 손님이 하는 게 아니라 직원이 빨리 물어보고 후다닥 하고 빵 받는 줄로 빨리 가게 하려는 것 같았어요.","Rather than having customers order at the kiosk, select bread, and pay by credit card, it seemed like the staff was trying to get them to quickly ask questions and quickly get to the bread receiving line."
넓고 깨끗하고 조용해요,"Spacious, clean and quiet"
"직원분들 친절하시고 분위기도 좋음, 무엇보다 커피맛이 좋습니다.","The staff is friendly, the atmosphere is nice, and most of all, the coffee tastes good."
기다림에 누구든 한번씩은 시도하겠지만 - 재구매는 안할 것이다.,Anyone who wants to wait will try it at least once - but I won't buy it again.
너무 좋은 장소네요,It's such a nice place
흑임자 오란다 + 녹차믹스커피 맛있어요!!,Black Sesame Oranda + Green Tea Mix Coffee is delicious!!
또 방문하고싶습니다 ..ෆ,I want to visit again..ෆ
카페가 크진 않지만 카운터와 좌석 공간이 분리돼있어 부담스럽지 않아 좋아요,"The cafe is not large, but the counter and seating area are separated, so it doesn't feel overwhelming."
소금빵 맛있게 잘 먹었습니다.,I enjoyed the salt bread.
갓 나오는 시간이 정해져있다하니 시간 확인하시고 시간 맞춰서 방문하시는걸 더더더더더더더 추천드립니다 !,"Since there is a set time for the food to come out, I highly recommend checking the time and visiting on time!"
공간도 넓고 혼자 작업하기도 좋은 공간🥰 성수에서 유니크한 공간이에요:),It's spacious and great for working alone🥰 It's a unique space in Seongsu :)
따뜻할때 먹어야 되용,You have to eat it while it's warm.
차를 거의 매일 우려 마실 정도로 좋아해서 신사점을 가려고 했는데 성수점을 새로 오픈했다고 하여 빠르게 방문했어요!,"I love tea so much that I drink it almost every day, so I was planning to go to the Sinsa branch, but I heard that the Seongsu branch had just opened, so I quickly went there!"
이벤트가 잇어서 카페에 찾아서 왔는데 하얀 인테리어에 깔끔하고 좋앗습니당,"I came to the cafe because there was an event, and it was nice and clean with a white interior."
성수에 이렇게 분위기 좋고 이쁜 카페가 있는지 몰랐어요!,I didn’t know there was such a beautiful and atmospheric cafe in Seongsu!
귀여운 커퓌😛 기다림 없이 들어올 수 있는 월요일,Cute coffee😛 Mondays you can come in without waiting
좁은 곳은 반려동물 동반가눙이여도 불편해서 잘 안가게 되는데 분위기가 너무 무겁지도 않고 소파 좌석도 편해서 아이 올려놓고 음료와 빵 즐기다 가기 좋아용,"Even if you are traveling with a pet, I don't go because it's a small place because it's uncomfortable, but the atmosphere isn't too heavy and the sofa seats are comfortable, so it's good to put your child on it and enjoy drinks and bread."
다른 에쏘바에서 맛보지 못한 독특한 맛의 조합 그라니따와 고소한 넛슈페너 메뉴가 맘에 들었고 매장도 넓고 북적여도 귀가 아프지않아 대화하기 적당해서 잘 머물다 갑니다!,"I liked the granita and savory nut penner menu, which is a unique combination of flavors that I haven't tried at other Esso bars. The store is spacious and even though it's crowded, my ears don't hurt, so it's good for conversation, so I had a great stay!"
퇴근하고 먹었더니 감동이줄어듬,I ate it after work and felt less impressed.
"소금빵 파는곳, 4개에 12000원.","A place that sells salt bread, 12,000 won for 4 pieces."
디올 청담에서의 좋은 기억을 안고 설레는 마음으로 디올 성수에도 방문했으나 카페 여성 직원분 때문에 정말 불쾌한 경험을 했습니다,"I visited Dior Seongsu with great memories and excitement at Dior Cheongdam, but I had a really unpleasant experience because of the female cafe staff."
산리오 최애 캐릭터인 교동이의 생일카페 방문 할 수 있어 너무 영광이었습니다,"It was such an honor to be able to visit the birthday cafe of Gyo-dong, Sanrio's favorite character."
"잠시 머물렀지만, 나름 조용히 얘기하기 좋았어요.","Although I stayed for a while, it was nice to talk quietly."
음료 맛도 맛있고 공간도 넓고 아기자기 정말 이뻤어요!,"The drinks tasted delicious, the space was spacious, and it was really cute!"
우연히 방문했는데 야외공간도 예쁘고 내부도 넓고 깨끗해서 좋았습니다,I visited by chance and the outdoor space was beautiful and the interior was spacious and clean.
주말 4시쯤 방문하니 웨이팅 15팀 정도 있었는데 같은 건물 1~4층까지 옷구경 하다보니 순서가 금방 왔습니다,"When I visited around 4pm on a weekend, there were about 15 teams waiting, but as I was looking at clothes from the 1st to 4th floors of the same building, my order came quickly."
이 나서 맛있고 밤 파이도 위에 올라간 크림도 맛있고 안에가 꽉차서 넘 맛있게 먹었습니다!,"It was delicious, and the cream on top of the chestnut pie was delicious and filling, so I enjoyed it very much!"
성수동 소금빵을 알게된건 팝업스토어 찾아서 가다가 사람들이 줄서있는거보고 친구가 줄서서 먹자고해서 방문하게된곳이에요,"I found out about Seongsu-dong Salt Bread when I was looking for a pop-up store and saw people lining up, so my friend asked me to eat there, so I ended up visiting this place."
😍 커피랑 디저트도 넘 맛있고 디저트 종류가 다양해서 좋아요~!!,😍 The coffee and desserts are delicious and I like the variety of desserts~!!
"가게가 생각보다 넓고, 음악도 적당해서 대화하기도 좋아요","The store is bigger than I thought, and the music is just right, so it's good for conversation."
장점 : 넛슈페너 - 너무 달지고 않고 그렇다 쓰지더 않고 딱 맛남,"Pros: Nutspenner - Not too sweet, not too bitter, just delicious"
"외국인들에게도 인기 많아지는 것은 좋지만 티룸 분위기가 이렇게나 변질 된 것은 아쉽고, 오프라인 매장은 당분간 안 가게 될 것 같아요..","It's good that it's becoming more popular among foreigners, but it's a shame that the tea room atmosphere has deteriorated so much, and I don't think I'll be able to go to the offline store for a while."
빵 나오는 시간이 12시 반이던데 나오는 걸 바로 주는 건 아닌가봐요!,"The bread comes out at 12:30, but I guess they give it right away!"
겉은 바삭해야하는데 눅눅했고 속은 번처럼 살짝 비어있는게 소금빵이었는데 여긴 겉은눅눅하고 속은꽉차있어서 같이먹은 아빠와 동생은소금빵을 먹어봤지만 버터향가득한 소라빵 먹는 것 같다하더라구요,"The outside was supposed to be crispy, but it was soggy and the inside was slightly hollow like a bun, which was salt bread, but here it was soggy on the outside and full on the inside, so my dad and younger brother who ate with me said that although they had tried salt bread, it was like eating conch bread full of butter flavor."
저녁에 날도 춥고 커피는 좀 부담스러워 티룸으로 오게되었어요.,"It was cold in the evening and coffee felt a bit burdensome, so I came to the tea room."
유명한 소금빵 줄서서 샀어요.,I bought the famous salt bread in line.
"도넛오란다는 맛별로 다양해서 고르는재미가있는데, 플래이버는 큰차이는 없네요","Donut Oranda has a variety of flavors so it's fun to choose, but there isn't much difference in flavor."
커피 고소하고 맛있어요!!,The coffee is fragrant and delicious!!
"제가 먹어 본 소금빵 중 가장 맛있는 소금빵이라 매번 근처에 있어도 먼 길 돌아서 구매하러가는데요,, 매번 갈때마다 불친절한 여성직원분 때문에 기분이 항상 좋지 않아요","It's the most delicious salt bread I've ever eaten, so I always take a long way to buy it even if it's nearby. Every time I go, I'm always in a bad mood because of the unfriendly female staff."
커피를 못마시는 바람에 시그니처들을 못마셔봐서 아쉬웠어요,It was a shame that I couldn't try the signature products because I don't drink coffee.
커피가 맛있어요!!,The coffee is delicious!!
인생 처음으로 소금빵 먹어봤는데 먹기전에는 쓸데없이 비싸다고 들었던 생각이 먹고나서 그럴만하다고 바뀌었습니다..!!,"I tried salt bread for the first time in my life. Before eating it, I thought it was unnecessarily expensive, but after eating it, I changed my mind to think it was worth it..!!"
서울 놀라와서 우연히 들른 카페인데 직원분들도 친절하시고 커피랑 디저트도 너무 맛있네요,This is a cafe I happened to stop by on my way to Seoul. The staff is friendly and the coffee and desserts are delicious.
의자도 넓고 편안함 성수 갈 일 있다면 앞으로도 여길 가겠음,"The chairs are spacious and comfortable. If I ever go to Seongsu, I will continue to go here."
4개세트로만 판매하는게 별로입니다.,I don't like that they only sell it in sets of 4.
가게가 넓고 빵도맛있는게많은데 더 자주채워지면 좋을거 같아요!,"The store is large and has a lot of delicious bread, so it would be nice if it was restocked more often!"
실제로도 쾌적하고 널찍하고요 조용한 편은 아니고 살짝 힙한 노래랑 북적북적한 느낌이에요,"It's actually comfortable and spacious. It's not quiet, but it's a bit crowded with hip songs."
먼저 계산을 하고 빵을 받기 위해 줄을 서야하는 방식이다,You have to pay first and then stand in line to receive the bread.
매장이 넓고 쾌적하고 디저트도 맛있고 디스플레이 박스 안에 있어서 위생적인 것 같아요!,"The store is spacious and comfortable, the desserts are delicious, and it seems hygienic because it's in a display box!"
카카오톡 플러스친구 맺고 티백 받는 이벤트도 하고 있으니 꼭 참여해 보세요,"We are also holding an event where you can become a KakaoTalk Plus friend and receive a tea bag, so be sure to participate."
😆 매력적인 강아지 쿠션이 항상 반겨주는 곳이에요!,😆 This is a place where attractive dog cushions always welcome you!
성수에서 넓고 깔끔한곳 찾기 힘든데 넓고 자리도 많아서 좋았어요!!,"It's hard to find a spacious and clean place in Seongsu, but it was nice because it was spacious and had lots of seating!!"
"소금 빵 하나씩만 사고 싶은데 여러개 묶어서 팔아서 10,000원 좀 넘게 쓴 게 조금 아쉽긴 하지만 기름지고 촉촉하고 부드럽고 달콤한 게 다음에 꼭 사먹고 싶습니다","I only want to buy one salt bread, but they sold it in bundles, so I'm a little disappointed that I spent a little over 10,000 won, but I definitely want to buy something greasy, moist, soft, and sweet next time."
따뜻하게 데워주셔서 잘 먹었습니다.,It was warm and I enjoyed it.
갓나온 소금빵이 제일 맛있으니 바로 드셔보세요.,"Fresh salt bread is the best, so eat it right away."
사람들 떠들어도 별로 시끄럽다고 느껴지지 않고 앞마당은 주차하기 좋고요 발렛비 별도 부과 이제 추워져서 마당 테이블엔 못앉겠어요,"Even though people are talking, it doesn't feel too noisy and the front yard is good for parking. Valet fee is charged separately. It's getting cold now so I can't sit at the table in the yard."
"제일 가까운 공차라 자주 이용하는데 화장실에 기본적으로 핸드워시, 휴지, 핸드페이퍼나 핸드드라이는 좀 구비해주세요","I use it often because it is the closest Gongcha, so please provide some basic hand wash, tissues, hand paper, and hand dryers in the bathroom."
매해 생일마다 플디에서 케이크 구매하고 있는데 항상 너무 맛있습니다!,"I buy a cake from PD every year for my birthday, and it's always so delicious!"
프렌치토스트도 맛있구 커피도 오렌셔벗에이드도 다 최고에요,"The French toast is delicious, and the coffee and Oren sherbet ade are all great."
"커피로 이렇게 다양하게 즐길 수 있다는 점에서, 그리고 여러 퍼포먼스와 맛을 즐길 수 있다는 점에서 다른 성수 카페, 성수 오마카게 저리가라지 않나 싶네요!","In that you can enjoy so many different things with coffee, and in that you can enjoy various performances and flavors, I think other Seongsu cafes and Seongsu Omakage should go away!"
안그래도 좁은 매장에 손님들 줄서는거 관리 하나 못하는 알바생 환장콤보 멀뚱히 서있는거 보는 제가 다 속터져요,"Even so, I get upset when I see the part-time jobber who can't even manage the line of customers in a small store, just standing there blankly."
사람들도 많이 방문하는 것 같고 분위기도 꽤 좋았어서 기억에 남는 카페인 것 같습니당,"It seems like a lot of people visit and the atmosphere is pretty nice, so it seems like a memorable cafe."
"강아지와 산책하는길에 들렸는데 강아지도 입장할수 있어 편하게 주문했고, 인테리어도 좋고 특히 커피가 맛있어서 기분이 좋았습니다","I stopped by while walking my dog, and dogs were allowed inside, so I ordered comfortably. The interior was nice, and the coffee was especially delicious, so I felt good."
이전에 한번 방문해서 먹었을 때 너무 맛있었어서 20분 정도 줄 서서 받았는데 이번엔 빵이 따뜻하지 않아서 조금 아쉬웠어요,"When I visited once before, it was so delicious that I waited in line for about 20 minutes to get it, but this time I was a little disappointed that the bread wasn't warm."
배불러서 1개만 먹어보고팠는데 ~;; 맛은 겉에가 바삭할줄 알았는데 겉에도 부드러운느낌 ~ 3개는 돌아다니느라 못먹고 가방에 짱박아 놓았네요,"I was so full that I only ate one. I thought it would be crunchy on the outside, but it felt soft on the outside. I couldn't eat 3 of them because I was running around, so I stuffed them in my bag."
"매장은 키오스크 결제하고 픽업하는 입구 공간이 다일 정도로 컴팩트 한데, 단일메뉴 그리고 낱개 판매가 아닌 4개 1박스 세트메뉴 구성, 하루 딱 6번 굽고 판매하는 점 등 극한의 매출 효율성을 높인 점이 인상적.","The store is compact enough to have multiple entrance spaces for kiosk payment and pickup, but it is impressive that it has increased sales efficiency to the extreme by offering a single menu and a set menu of 4 items in a box rather than selling them individually, and by baking and selling only 6 times a day."
매장은 전체적으로 깔끔하고 소금빵이라 그런지 소금이 가마솥에 엄청많이 있는게 신기해서 좋았고 줄도 빨리빨리 줄어들어서 금방구매할수있는점이 좋았어요,"The overall store was clean and it was nice to see that there was a lot of salt in the cauldron, probably because it was salt bread, and the line moved quickly so I was able to purchase it quickly."
"우블라떼, 오렌지가 들어간 카푸치노 느낌의 커피라떼인데 달지도않고 오렌지향이 강하거나해서거부감도 없이 은은하고 너무 예쁘게 담겨나와요~","Oublatte, a cappuccino-like coffee latte with orange, is not too sweet and has a strong orange scent, so you won't be put off, and it's served beautifully and delicately."
👍👍bgm도 잔잔해서 편안하게 멍때리기도 좋고 자주 오고 싶은 곳!,"👍👍The bgm is calm, so it’s great to just zone out, and it’s a place I want to come often!"
"재방문하면서 보였던 것들 👀 낙선재의 월문처럼 '육각형'의 한옥미 테이블 바, 창문, 그리고, 서랍장 손잡이로 시선이 고즈넉하면서도 차분한 분위기가 안에서 바깥으로 이번에는 바에서 쑥차를 마셨는데, 향긋함이 한가득 몸이 따뜻해지는 차 한모금에 걱정거리가 녹아내리는 다음에는 오픈한 루프탑에서 시원한 바람과 차온 예정 :)","Things I saw during my return visit 👀 Like Nakseonjae's Wolmoon, the 'hexagonal' Hanok-style table, bar, windows, and drawer handles create a serene and calm atmosphere from inside to outside. This time, I drank mugwort tea at the bar. My worries melted away with a sip of fragrant tea that warmed my body. Afterwards, I plan to enjoy the cool breeze and chill on the open rooftop :)"
"방문 전 봤던 다른 리뷰들에서는 직원분이 불친절하다는 말도 많았으나, 제가 방문했을 때는 직원분도 친절하셔서 재방문 의사 완전 있습니다.","Many of the other reviews I read before visiting said that the staff was unfriendly, but when I visited, the staff was so friendly that I would definitely visit again."
근데 개인적으로 낱개로 1개씩 파는 편이 더 소비자지향적이라 생각하는데 마진이 어떻게 된건지 4개씩 세트만 판매하는 건 살짝 트렌드에 뒤쳐진 것 같다는 생각이 들었어요.,"However, I personally think that selling each item individually is more consumer-oriented, but I thought that selling only sets of 4 seems to be slightly behind the trend due to the margins."
평일 낮기준 웨이팅없이 바로입장했습니다,I got in right away without waiting on a weekday afternoon.
역이랑 조금 먼데 걸어올만 하고 성수에서 꼭 가봐야 될 카페에요!!,"It's a bit far from the station, but it's worth a walk, and it's a must-visit cafe in Seongsu!!"
줄 서서 4개씩 이나 사야할 만큼 대단한 맛은 아녜요.,The taste isn't so great that you have to stand in line and buy 4 of them.
"😍😍 주변에 트리도 있고, 이벤트 공간도 있어서 음식 받으러 왔다갔다 할 때 복작복작 했지만 일행들과 즐기기에는 부족함이 없었네요!","😍😍 There was a tree nearby and an event space, so it was a bit complicated to go back and forth to get food, but it was enough to enjoy with my friends!"
성수동에서 서울숲 넘어가는 길 항상 지나치는 골목길에 있어 궁금했는데~~ 커피 너무 맛있어요!,I was curious about this because it was in an alley that I always passed on the way from Seongsu-dong to Seoul Forest. The coffee was so delicious!
들어가보니 인테리어도 너무 예쁘고 사진도 잘나오는 분위기라 더 좋았습니다.,"When I went in, I liked the interior because it was very pretty and the atmosphere took good pictures."
아아가 생각보다 저렴했고 디저트도 맛있어요,"Ah, it was cheaper than I thought and the dessert was delicious."
😂 빵나오는 시간 맞춰서가서 그래도 한 10분정도만 기다렸던 것 같아요.,"😂 I went just in time for the bread to come out, but I think I only waited about 10 minutes."
좌석도 편하고 음악도 집중하기좋아요,The seats are comfortable and the music is good for concentrating.
"줄 없으면 1,2개 사먹을수도 있지만 줄도 서, 갑자기 끊음(?) 무조건 최소 12,000원 사야되고.","If there is no line, you can buy 1 or 2 pieces, but there is a line, and it suddenly cuts off(?). You have to buy at least 12,000 won."
썸머라떼 너무 맛있구 프토도 진짜 맛있어욤!,The summer latte is so delicious and the pto is really delicious too!
금요일 점심 방문했고 대기 그렇게 많지 않앗어요!,Visited for lunch on a Friday and there wasn't that much of a wait!
베통 줄 서는 김에 자연도도 샀음,"While I was waiting in line for Betong, I also bought Jayeondo."
입규를 찾기가 힘들었러요.,It was difficult to find Ip-gyu.
다음엔 사서 바로 먹어야지,Next time I will buy it and eat it right away.
퇴사후 맘이 싱숭생숭했는데 같이 위로 많이 받았어요!!,"I felt depressed after leaving the company, but we received a lot of comfort together!!"
걍 다른곳과 비슷한 가격인데 세트로 4개같이 구매해야하며 인테리어가 멋있어용,"The price is similar to other places, but you have to buy 4 as a set, and the interior is nice."
"웨이팅 없이 들어갔고, 여러가지 종류 요청했는데 보는 사람이 많아서 그런지 후보있으면 알려달라고 하시더라구요,,","I went in without waiting, and requested a variety of dishes, but perhaps because there were a lot of people watching, they asked me to let them know if there were any candidates."
"코리안 믹스커피를 이렇게 재현해내다니, 감탄입니당!",I'm amazed that you can recreate Korean mixed coffee like this!
여기 소금빵 맛본 이후로 이거밖에 못먹겠음 ..,"Ever since I tasted the salt bread here, this is the only thing I can eat.."
"세련된 분위기가 참 좋았고, 커피도 생각보다 훨씬 맛있었어요.","I really liked the sophisticated atmosphere, and the coffee was much better than I expected."
워낙 유명한 곳인데 지나다가 사람들이 몇명 없어서 사봤어요.,"It's a very famous place, but I passed by and saw few people so I bought it."
오늘은 성수매장으로~~ 항상 웨이팅은 기본 소금빵은 역쉬 자연도가 최고예요,"Today we go to the Seongsu store~~ There is always a wait, and the salt bread is naturally the best."
"냄새에 홀려 줄을 서게 됐는데 특이하게도 키오스크에 시간별로 결제를 하게 되어있고, 한세트에 무조건 4개씩 팔더라구요!","I was captivated by the smell and had to wait in line, but strangely, the kiosk allowed you to pay by the hour, and they always sold 4 pieces per set!"
성수동 팝업갔다 우연히 발견한 믹스커피맛집 달달구리 더위사냥 아이스크림맛 ♡ 더울때 한잔 마시니 에너지 업 오란다두 맛있구~~ 밖에 테이블 있어용~,I went to a pop-up in Seongsu-dong and stumbled across a mixed coffee restaurant called Daldalguri. It tastes like heat-killing ice cream ♡ Drinking a cup when it's hot gives you energy. Oranda is delicious~~ There's a table outside~
지난번 줄이 넘 길어 못 먹어서 오늘은 후다닥 포장해서 사감..,"Last time the line was so long I couldn't eat, so I packed it up today and bought it."
2만원 커피가격보다 더 많은 만족감과 힐링하고 왔습니다,"I received more satisfaction and healing than the price of 20,000 won coffee."
평일에 가니 한적하고 좋네요,It's nice and quiet if you go on a weekday.
"먹기 좋은 방법 알려주신대로 빵 속을 살짝 파낸 후, 별도로 챙겨주신 크럼블을 안에 부어 함께 먹으면 달콤하고 고소한 견과류의 깊은 풍미까지 더해준 덕에 계속 퍼먹게 되던 디저트로 단연 이 날의 원픽!","The best way to eat it is by scooping out the inside of the bread as you suggested, then pouring the crumble that was provided separately inside and eating it together. It adds a deep flavor of sweet and savory nuts, making it a dessert that I keep eating, and it is definitely my favorite of the day!"
자연도소금빵이 맛있다고 들었는데 정말 우연찮게 보게되서 살수있었답니다,"I heard that Jayeondo Salt Bread was delicious, and I was able to buy it because I saw it by chance."
"식었는데도 맛있고, 전자레인지에 뎁혀먹으니 갓 구운듯 촉촉 고소 짭쪼름 쫄깃 따뜻하니 맛있었어요!","It was delicious even when it was cold, and when I heated it in the microwave, it was moist, salty, chewy, warm, and delicious as if it had been freshly baked!"
다른 것들도 그렇지만 리뷰 이벤트로 주신 파인콘도 맛있었어요!,"As with everything else, the pine cone given as a review event was delicious!"
추천받아 갔는데 친절하게 설명도 잘 해주시고 차도 맛있었어요,"I went there after it was recommended, and the explanation was kind and the tea was delicious."
소금빵 사진을 못 찍었네요,I didn't take a picture of the salt bread.
"더운 날 강아지 동반 가능한 카페 찾기 힘들었는데~ 넘 반갑게 들어와서 쉬다가요~ 우연히 들렀는데, 공간이 넓어서 좋았어요.","It was hard to find a cafe that allowed dogs on a hot day, but I was so happy to come in and have a rest. I stopped by by chance, and it was nice because the space was spacious."
"오랜만에 방문하는 자연도🥐 갈 때마다 사람이 많이 그냥 지나쳤는데, 이 날은 소금빵 냄새가 너무 좋아서 기다려서 소금빵을 사왔습니당","It's been a while since I visited Nature🥐 Every time I go, a lot of people just pass by, but on this day, the smell of salt bread was so good that I waited and bought some salt bread."
버터리하고 너무 맛나요!!,Buttery and so delicious!!
조용히 책읽거나 얘기 나누기 좋아요!,Great for quietly reading a book or talking!
올라가는 크림이 부드럽고 달달하고 진했습니다,"The cream that went up was soft, sweet, and rich."
에스프레소에 취약한 사람들도 마시기 쉬운 스타일이라서 시그니처는 다 드셔보시길 권유하고 싶어요,I would like to recommend that people who are weak to espresso try all of the signature styles because they are easy to drink.
❤️ 포토존 이렇게 많은 곳 너무너무 오랜만인데 웬만한 스튜디오보다 더 아름다운곳🥺 디저트랑 음료도 비주얼 장난아닌데 맛 더 미쳐버림..,"❤️ It's been a long time since I've seen so many photo zones, but this place is more beautiful than most studios🥺 The desserts and drinks are no joke, but the taste is even crazier..."
여긴 찐이에여… 여길가려고 간 건 아니구요… 걷다가 길거리에 퍼진 버터냄새로 유혹 당해서 홀려서 샀어요… 이 냄새 뭐지…,"This is Jjin... I didn't go here to go... While I was walking, I was tempted by the smell of butter on the street, so I bought it... What is this smell..."
저번에 찻잎을 구매하고 받은 쿠폰을 쓰러왔는데 살짝 문제가 있었지만 친절하게 대응해주셔서 맛있게 잘 먹고 좋은 기억 남기고 왔네요.,"I used the coupon I received after purchasing tea leaves last time, and there was a slight problem, but they responded kindly, so I enjoyed the meal and left with good memories."
소금빵 갓 나와서 엄청 따끈하고 버터도 가득 들었는지 부드럽고 맛있어요,"The salt bread is freshly made, very warm, and full of butter, so soft and delicious."
예전부터 성수동에 자연도소금빵 있는 거 알고 있었는데 좀 늦게 이제야 들렸어요,"I've known for a long time that there is a Jayeondo Salt Bread in Seongsu-dong, but I only heard about it a little late."
테이블끼리 좀 가깝다 느껴지는데 딱히 불편하진않네오!!,"It feels like the tables are a bit close together, but it’s not particularly uncomfortable!!"
"명장님이 직접 내어주신 초코에 반하다에 반하고, 자극적이지 않은 파바게트와 발효팥은 사용한 달지않은 단팥빵의 맛이 참 좋습니다.","I fell in love with the chocolate served by the chef himself, and the taste of the mild sweet red bean bread made with mild fabaguette and fermented red beans is really good."
웨이팅이 길어보여도 빵 받아가는건 순식간이라 내차례가 금방 옵니다,"Even though the wait seems long, it's quick to get the bread so my turn comes quickly."
"느끼하다는 평도 많은데 독보적인 맛이라 딴거 먹으면 만족이 안돼서 문제입니다,,,, 차라리 여기 소금빵 맛이 제스타일이 아니었으면 좋겠어요","There are many reviews saying that it is greasy, but the problem is that it is unrivaled in taste and I am not satisfied when I eat other things. I wish the taste of the salt bread here was not my style."
인테리어가 멋지고 조용해서 좋아요,I like that the interior is nice and quiet.
테이크아웃 할인되서 좋아요,I like the takeout discount.
시그니처 메뉴라고 해서 기대했는데 신기하게 상큼달콤하고 쌉싸름한게 아주 특별했습니다.,"I had high expectations because it was a signature dish, but it was surprisingly sweet and bitter, making it very special."
"아직 끝나지 않은 여름, 거리를 걷다가 우연찮게 들렀는데 분위기도 좋고, 음악도 좋고, 음료도 맛있어요.","Summer isn't over yet, and I happened to stop by while walking down the street. The atmosphere was good, the music was good, and the drinks were delicious."
진짜 존맛탱…네 개 사서 혼자 세개 순삭 너무 맛있음.,Really delicious... I bought four and ate three by myself. They were so delicious.
그런데 거기도 소금빵을 잘만드는 파티시에가 그만 두었을때 소금빵은 그야말로 축축 하면서 맛이 없었고 그렇게 맛있는 소금빵을 찾아 나섰지만 다 거기서 거기 였다,"However, when the pastry chef who was good at making salt bread quit, the salt bread was soggy and tasteless. I went looking for delicious salt bread, but it was all there."
시그니처라서 궁금해서 시켜봤는데 달달한에스프레소에 크레마라서 맛있어요.,"I ordered it because I was curious because it was a signature dish, and it was delicious because it had sweet espresso and crema."
커피너무맛있어요!!,The coffee is so delicious!!
빵나오는 시간 오전 9시 오후 12시30 오후 2시 오후 3시30 오후 5시 오후 6시30,"Bread serving time: 9:00 AM, 12:30 PM, 2:00 PM, 3:30 PM, 5:00 PM, 6:30 PM"
고소한 버터내음이 지나치기 힘들고 갓 구워나온 따뜻한 소금빵 한입 베어물면 그 자리에서 순삭이에요,"It's hard to miss the fragrant smell of butter, and when you take a bite of the freshly baked warm salt bread, you'll eat it right away."
4개나 들어있지만 맛있어서 한 봉지 뚝딱입니다.,"There are 4 of them, but they are so delicious that you can easily get a whole bag."
커피도 달달하고 맛있어서 완벽한 카페에요~,"The coffee is sweet and delicious, so it’s the perfect cafe."
평소 소금빵을 돈 주고 사먹어 본 적이 별로 없는데 자연도 소금빵은 평이 좋아 꼭 먹어보고 싶어 다녀왔습니다,"I've never paid for salt bread before, but Jayeondo's salt bread has good reviews so I really wanted to try it."
귀여운 교동이 생일 축하파티💙🩵 너무 좋았어요~,Cute Gyodong’s birthday celebration party💙🩵 I loved it~
"웨이팅을 할 정도의 존맛집이라고 생각은 안되는데, 가게 될 일이 생기고 줄이 짧다면 선물하거나 한 세트 사기엔 좋음","I don't think it's a good restaurant where you have to wait, but if you happen to go there and the line is short, it's a good place to give as a gift or buy a set."
음료도 상큼하고 맛있습니다,The drinks are refreshing and delicious too.
가야지 하다가 이제왔는데 제가 좋아하는 식감이라 저는 맛있게먹었어요!,"I was thinking about going, but now it's here and I enjoyed it because it's the texture I like!"
🥹 앉은 자리에서 혼자 4개 클리어 쌉가능입니다,🥹 It is possible to clear 4 items by yourself in one sitting.
야외공간도 넓고 해서 이벤트 같은 거 하기 좋아보였어요,"The outdoor space was large, so it seemed like a good place to hold an event."
"생긴지 얼마 안된거 같은데, 위치가 성수동과 서울숲 중간쯤에 위치해서 걷다가 긴급 카페인 땡겨서 들어가게 됐음.","I don't think it's been around for a while, but it's located about halfway between Seongsu-dong and Seoul Forest, so while I was walking, I was in the mood for an emergency cafe, so I went in there."
디저트는 거의 다 나가있어서 나오는 시간대 기다리다가 먹을 예정입니다 _,"Almost all of the desserts are sold out, so I'm planning to wait and eat them when they come out."
"제게 성수는 마음 먹고 오는 곳이기에 (거리적으로) 한 번 방문할 때 후회 없이 성수를 즐기고 오고 싶어 갈 곳을 알아보던 중, 우연히 구테로이테의 커피 오마카세를 알게 되었어요!","For me, Seongsu is a place I make up my mind to come to (distance-wise), so I wanted to enjoy Seongsu without regrets once I visit, so while I was looking for a place to go, I happened to come across Guteroite's Coffee Omakase!"
뚝섬역 최근에 자주오게 되는데 요즘 뚝섬역에서 간 카페중 가장 제 스타일이고 제 감성에 맞는 거 같아요!,"I've been coming to Ttukseom Station a lot lately, and out of all the cafes I've been to at Ttukseom Station these days, I think this one has my style and suits my sensibilities the most!"
음악좋고 분위기 핫해요!!,The music is good and the atmosphere is hot!!
"라떼는 우유와 에스프레소의 밸런스가 정말 잘 맞아서 고소하면서도 깔끔한 뒷맛이 인상적이었고, 레몬에이드는 상큼함 속에 은은한 허브향이 더해져 산뜻하게 즐기기 좋았어요.","The latte had a really good balance between milk and espresso, so it had an impressive savory yet clean aftertaste, and the lemonade was refreshing and had a subtle herbal scent, so it was nice to enjoy it refreshingly."
갈때마다 웨이팅이 있어서 그냥 갈까 하지만 그냥 갈 수 없는 맛🫶🏻✨,"Every time I go, there's a wait, so I think I'll just go, but it's so delicious that I can't just go there🫶🏻✨"
들어가서 마실려면 웨이팅 좀 있었어요!,There was a bit of a wait to get in and drink!
그대로네용 성수에서 산 친구는 점심쯔음가서 웨이팅 좀 했다던데 전 퇴근후 바로 가니까 웨이팅없이 바로 받았어요,"It's the same. My friend who lived in Seongsu said there was a wait because he went around lunchtime, but I went right after work, so I got it right away without a wait."
맨날 갈때마다 줄이 너무 길어서 포기했었는데 이 날은 줄이 별로 없어서 (저희 줄 서고 겁나 길어짐;;) 드디어 사먹어봤는데 역시 줄 서는 집은 맛집이어따👍,"Every time I go there, the line is so long that I gave up, but on this day, there wasn't much of a line (our line got really long;;), so I finally tried to buy it, and as expected, the restaurant where there is a line is a good restaurant👍"
⭐️ 케이크 종류도 많고 맛있어요,⭐️There are many types of cakes and they are delicious.
"친구 추천으로 온 건데, 분위기도 너무 좋고 특별한 시그니처 메뉴들이 많아서 좋아요!","I came here on a recommendation from a friend, and I like the atmosphere and the many special signature menu items!"
재방문의사 완전 높음!,The intention to revisit is very high!
날좋을때 한번가고 날 안좋을때 가면 안으로 들어가야 해서 답답해요,It's frustrating because I have to go once when the weather is good and then go inside when the weather is bad.
겉바속쫄🫨 커피는 오리지널말고 볶은쌀맛 먹었는데 부드럽고 고소해서 술술 잘 넘어갔어요… 볶은쌀맛 강추입니다,"Jjol on the outside🫨 I had the roasted rice flavored coffee instead of the original, and it was smooth and savory, so I drank it well... I highly recommend the roasted rice flavor."
성수동 나들이 중 이렇게 친절하신 분들 처음;; (그렇다고 다른곳이 불친절 하다는건 아니고요) 인테리어 정말 멋있고 자리도 널~찍해 좋았어요.,This is my first time seeing such kind people during my outing in Seongsu-dong;; (That doesn't mean other places are unfriendly.) The interior was really nice and the seating was spacious.
저는 성수동에서 이 집 커피랑 케익이 제일 맛있는 것 같아요!,I think the coffee and cake here are the best in Seongsu-dong!
(제 기준 하드 소금빵은 성북동이 일등!!),"(For my hard salt bread, Seongbuk-dong is the best!!)"
가족들과 나눠먹으려 여러개 샀고 12:30타임에 갔는데 9시타임꺼 남은 수량인지 받자마자 만져봤을때도 다 식어있었습니다.,"I bought several to share with my family and went at 12:30, but when I touched it as soon as I received it to see if there were any left for the 9:00 time, they were all cold."
이 정도 맛에 스페셜 메뉴에 디카페인까지 되다니 완전 강추입니다.,"With this level of flavor, a special menu, and even decaf, I highly recommend it."
종류별로 많이 시켜서 마시면 더 좋아요,It's better if you order a lot of different types and drink it.
다음에도 곁들여 먹으려구요!,I plan to eat it with it next time too!
깔끔하고 엄청 신경써서 준비해주신게 느껴지는 곳입니다,It's a clean place and you can feel that a lot of care was taken in preparing it.
원래 겉비속촉 크랙있는 소금빵 좋아하는데 여기꺼는 말랑말랑 부드러운 식감인데도 버터 풍미가 좋아서 맛있네요.,"I usually like salt bread with cracks on the outside and inside, but this one has a soft and soft texture but has a nice buttery flavor, so it's delicious."
르세라핌 팝업으로 다녀왔어요 공간도 넓고 깔쌈하고 좋았네요!,"I went to the Le Seraphim pop-up. The space was spacious, cozy, and nice!"
바람쐬러 을왕리 해수욕장 왔다가 인테리어가 너무 멋져서 들러봄!,I came to Eurwangni Beach to get some fresh air and stopped by because the interior was so cool!
진짜 진짜 버터동굴 미쳤고 바닥은 콰작해요 강추.,The butter cave is really crazy and the floor is very rocky. I highly recommend it.
줄이 어마무시 ..,The line is huge...
👍🏻 시그니처인 스테포스트 블랙 마셨는데 흑임자 라떼라서 달달하고 고소해서 너무 맛있었어요!!,"👍🏻 I drank the signature Stepost Black, and it was a black sesame latte, so it was sweet and savory, so it was delicious!!"
"최고 차 맛, 분위기, 인테리어, 음악까지 이렇게 완벽한 카페는 정말 오랜만이에요.","It's been a long time since I've seen a cafe this perfect, with the best tea taste, atmosphere, interior, and music."
공차 테이크아웃 해서 서울숲 산책하는 루틴 ..,Routine of taking out Gongcha and taking a walk in Seoul Forest...
군더더기없는 깔끔인테리어에 시원하고 넓어서 좋아요.,"I like that it's cool and spacious with a clean, no-frills interior."
에스프레소 및 커피 배리에이션 음료가 독특해서 커피쟁이에게는 만족스런 카페,A cafe that satisfies coffee lovers with unique espresso and coffee variations.
아니면 혹시 보관상의 문제때문에 냄새가 났던건지 큼큼한 냄새가 나서 찜찜해서 못먹었어요,"Or maybe it was because of a storage problem, but the smell was so strong that I couldn't eat it."
플랫화이트는 넘 진하고 맛있네용,The flat white is very rich and delicious.
커피에 대한 설명도 참 자세해서 참고해 맛보기 좋았어요:) 매장 이용시에도 일회용 컵으로 주셔서 쓰레기 걱정이 되긴했습니다..,"The explanation of the coffee was very detailed, so it was nice to refer to it and taste it :) I was worried about waste because they gave me disposable cups when using the store."
생일파티는 4일 굿즈는 떨어진지 오래라고 안내하시는 직원분 그러면 늦은시간까지 예약을 하고 방문하는 이유가 없는거 같습니다,"The staff informs me that the birthday party is on the 4th and that they have long since run out of goods, so I guess there is no reason to make a reservation and visit until late at night."
🤣🤣 시끄럽지않아서 미팅하기에도 좋았어요!!,🤣🤣 It was good for meetings because it wasn’t noisy!!
공간이 넓고 콘센트도 있어서 편하게 쉬었다 갈 수 있어요.,"The space is spacious and there are outlets, so you can rest comfortably."
분위기도 좋구 커피 맛도 좋아요,The atmosphere is nice and the coffee tastes good.
"여기가 그 사진맛집, 커피&디저트 맛집인가용 평일 오후에도 사람이 엄청 많았던 핫플카페 였어요!!",Is this the photo restaurant or coffee and dessert restaurant? It was a hot cafe that was very crowded even on a weekday afternoon!!
음악도 잔잔하니 카페분위기도 끝내주었습니다 ><,The music was soothing and the cafe atmosphere was great ><
겨울 오마카세가 끝나서 아쉽지만 다음 시즌 코스를 기다리며 에스프레소 코스를 마셨습니다.,"It's a shame that the winter omakase is over, but I drank the espresso course while waiting for the next season's course."
하루에 칠천개 판다더니 낱개로는 못사고 4개 한세트로만 팔아서 칠천개를 파나봐요,"They say they sell 7,000 pieces a day, but they can't buy them individually. They only sell them in sets of 4, so they sell 7,000 pieces."
전혀 느끼하지도 적당한 겉바속촉에 손에 기름도 잘 묻어 나지도 않음.,It's not greasy at all and has a moderate texture on the outside and doesn't leave oil on your hands.
카페라떼 샷에 유유섞인게 뭔 이만원 쳐넘어가노 시즌메뉴도 공차얼그레이 밀크티 음료에 식용 장미 쳐사서 넣으셈 .,"I don't know why it's mixed with a cafe latte shot. It's worth over 20,000 won. The seasonal menu is also a Gongcha Earl Gray milk tea drink, and I added edible roses to it."
사람들이 줄 서 있는데 맛있는 소금빵 냄새가 나서 저도 줄 서서 사보고 집에 가져와서 먹어봤는데 그냥 먹으면 촉촉쫀득한게 담백한듯 버터맛이 맛있고 에어프라이에 돌려 먹으니 훨씬 겉바속촉맛으로 먹을 수 있어요,"People were standing in line, and I smelled delicious salt bread, so I stood in line to buy it, brought it home, and tried it. If you eat it as is, it is moist and light, and has a delicious buttery taste. If you air fry it, you can eat it even more moist on the outside."
화장실도 깔끔해요.,The bathroom is also clean.
지난 주말 점심 먹고 지나는 길에 새로 생긴 가게 앞에 줄이 길게 있더군요.,"Last weekend, when I was passing by after lunch, there was a long line in front of a new store."
요세 커피랑 빵값 너무 비싼데가 많아서 그런짘 금액이 참 합리적이라는 생각이 듬👍 인테리어 깔끔하고 이쁘고 작업하기도 좋은 자리 배치와 콘센트‼️ 소세지 바게트도 데워주시고(먹고 갈지 물어보고 데워준다 함) 따로 나눠서 담아주는 센스💖 라벤더 향 가득한 아인슈페너 느낌의 커피도 좋았고 뉴욕롤도 정말 맛있네요~,"These days, coffee and bread are very expensive, so I think the price is very reasonable👍 The interior is clean and pretty, and the seating arrangements and outlets are good for working‼️ They even warmed up the sausage baguettes (they asked if you wanted to eat it and said they would warm it for you) and served it separately💖 I liked the Einspenner-like coffee full of lavender scent, and the New York roll was also really delicious~"
가족과 함께 성수동 나들이 나왔다가 방문했어요~,I visited Seongsu-dong with my family after an outing~
👍 테이크아웃만 되는데 다들 이거 사려고 줄 서는 이유를 갓 나온 소금빵 한입 먹자마자 정말 0.1초만에 깨달았어요….,"👍 As soon as I took a bite of the fresh salt bread, I realized in 0.1 second why everyone was lining up to buy this even though it was only available for takeout... ."
음료도 맛있고 다른 디저트도 머두 궁금해지는 곳이었습니다,The drinks were delicious and I was curious about other desserts as well.
인생소금빵입니다… 1개씩은 못 사고 무조건 4개씩 사야하지만 4개 살 가치 있어요,"This is life salt bread... You can't buy one at a time, you have to buy four at a time, but it's worth buying four."
진짜 하루종일 생각나고 앞으로 성수오면 그냥 크로플 먹으러 여기만 가고싶을 정도로 너무 부드럽고 맛있어서 완전 꽂혀버린 디저트에요,It's a dessert that I'm completely obsessed with because it's so soft and delicious that I think about it all day long and I just want to go here to eat crople when I come to Seongsu from now on.
효율적인 주문 시스템으로 줄이 길어도 대기 시간이 길지 않았어요.,"Even though the line was long, the waiting time was not long due to the efficient ordering system."
만드는 족족 팔리나봐요 :) 😀 첫입은 과자 에이스랑 똑같아요,I guess it sells out as soon as I make it :) 😀 The first bite is the same as Ace of Cookies.
살짝 아쉬운게 있으면 음악소리가 너무 커서 얘기하다 목소리도 점점 같이 커진다,"If there's one thing that's a little disappointing, the music is too loud and your voice gets louder when you talk."
뱅쇼까지 판매할 만큼 메뉴의 스펙트럼이 넓어 좋군요.,I like that the menu has such a wide spectrum that they even sell banjos.
💛 참고로 음료 리필도 가능해서 저는 테이크아웃으로 아이스로 변경해 마셨습니당,"💛 By the way, you can refill drinks, so I changed to iced drinks for takeout."
"최애 소금빵집,, 성수 가면 꼭 필수로 사는 곳이에요,, 가끔 소금빵이 먹고 싶어서 다른 빵집을 가면 기대에 못 미쳐서,, 성수 종로 가면 필수로 먹어용,,!","My favorite salt bakery,, this is a must-buy place when I go to Seongsu,, sometimes I want salt bread and go to another bakery, but it doesn’t meet my expectations,,,, it’s a must-eat when I go to Jongno, Seongsu,,!"
"세상에서 제일 맛있다는 건 분명 매우 심한 과장이지만 작고 귀여운 사이즈에 부드럽고 촉촉한 식감의 빵, 짭짤한 맛으로 버터가 엄청 들어가 버터 동굴과 버터 바닥이 확실히 존재하여 버터 풍미가 장난 아님","To say that it is the most delicious in the world is definitely a gross exaggeration, but it is a small and cute bread with a soft and moist texture, a salty taste, and a lot of butter. There is a butter cave and a butter bottom, so the butter flavor is no joke."
저렴하지는 않지만 다양한 디저트가 있음,Not cheap but has a variety of desserts
불쌍한 표정을 짓고 있는 강쥐 쿠션🤎 전에 지나가다가 강아지인줄 알고 놀랬어여!,A cat cushion with a pitiful expression🤎 I was surprised when I passed by it and thought it was a dog!
인테리어도 너무 예쁘고 디저트도 맛있었던 신논현역 카페에요 :) 황치즈 파운드케이크와 우지말차 푸딩스콘 두 가지 먹었는데 둘다 넘 맛있고 매력있어서 만족스럽습니당,"It's a Shinnonhyeon Station cafe with a very pretty interior and delicious desserts :) I had two things: yellow cheese pound cake and Uji matcha pudding scone, and I'm satisfied because they were both very delicious and attractive."
다양한 티와 디저트를 즐기며 통창 너머로 성수동이 내려다볼 수 있는 힐링 스폿 ..,A healing spot where you can enjoy a variety of teas and desserts while looking out over Seongsu-dong through the large windows..
카페라떼 별모양 아트가 넘 이쁘고 커피맛도 좋고 분위기에 감동ᆢ 고급스러움의 극치ᆢ 가족끼리 대화나누기에도 넘 좋았습니다,"The cafe latte's star-shaped art was very pretty, the coffee tasted good, and I was impressed by the atmosphere. It was the ultimate in luxury. It was also great for conversations with family."
공간이 시원시원 넓고 음악도 좋았어요~,The space was cool and spacious and the music was good~
봉투에 4개의 소금빵이 들어있는데 다른집 소금빵과 다른 점은 버터향이 진하고 하루가 지나서 먹었는데도 바삭함이 그대로였어요.,There are 4 salt breads in the bag. What makes them different from other salt breads is that they have a strong buttery flavor and are still crispy even after eating them a day later.
에스프레소가 맛있어요:D 시그니처부터 파인콘같은 기본메뉴까지 싹 다 마셔보고 싶네요!!,The espresso is delicious :D I want to try everything from the signature menu to the basic menu items like Pine Cone!!
😭 너무 느끼하고 짜서 먹다가 중도 포기 했고 다음날 아침에 먹었는데 짠맛 조금 덜하거 같긴한데 그래도 너무 짜더라고요.,"😭 I gave up on eating it because it was too greasy and salty. I ate it the next morning and it seemed to be a little less salty, but it was still too salty."
지날때마다 빵냄새가 너무 좋고 줄이 길어서 도전해봤습니다,"Every time I passed by, the smell of bread was so good and the line was long, so I gave it a try."
패스트리의 버터가 겹겹이 아니라 중간에 넣었고 짭쪼름한 맛이라 표현하고 싶네요.,"The butter in the pastry was put in the middle instead of in layers, and I would like to describe it as having a salty taste."
"몇 번 계속 먹어봐도 런던 베이글, 아티스트베이커리에 미치지 못하는 것 같습니다.","No matter how many times I try it, it doesn't seem to be as good as London Bagel or Artist Bakery."
성수동 올때마다 방앗간 못 지나치는 참새 마냥 꼭 들르는 에스프레소 바 입니다,"This is an espresso bar that I always stop by every time I come to Seongsu-dong, like a sparrow that can't pass by the mill."
버터향이 너무 좋아요,I love the smell of butter
직원분들 다 너무 친절하셔서 더 즐거웠어요!,The staff were all so friendly that it was even more enjoyable!
인테리어도 우드톤에 카페가 따뜻해보여요:) 야외 좌석도 있어서 날씨 좋은날에는 밖에서 마셔도 굿😀,"The interior is wood-toned and the cafe looks warm:) There is also outdoor seating, so it's nice to drink outside on nice days😀"
케이크도 맛보고 싶은데 솔드아웃 담에 또 올게요,"I want to try the cake too, but I'll come again next time it's sold out."
낱개로 살 수는 없고 4개를 한 번에 사야하지만 여러 개 사길 잘한 게 맛있어서 순삭했어요,"You can't buy them individually, you have to buy 4 at once, but it was a good idea to buy several because they were so delicious."
남자분 혼자 빵 담고 포장하고 옆에 계신 두 여자분은 영수증 확인하고.,"The man put and packaged the bread alone, while the two women next to him checked the receipt."
4개가 한 봉다리안에 들려있어서 몇개세트인지로만 말하면 되요,"There are 4 in one bag, so you can just tell me how many sets there are."
일단 분위기 넘 감성적이고 예뻐서 아이들도 좋아할것 같아요,"First of all, the atmosphere is very emotional and pretty, so I think kids will like it too."
찾아가는 길은 좀 어렵지만 성수역까지 대로가 쭉 보이는 멋진 뷰를 보면서 차 한잔 여유롭게 할 수 있어서 좋았어요,"The road to get there is a bit difficult, but it was nice to be able to have a leisurely cup of tea while looking at the wonderful view of the main road all the way to Seongsu Station."
맛있구 분위기도 좋아용!,It's delicious and the atmosphere is great!
시그니처 메뉴도 있었고 주문 받으시는 직원 분이 메뉴 사진 보여주셔요~ 친절하셨어용,"There was a signature menu, and the staff member who took the order showed me a photo of the menu. He was very friendly."
맛은 일반 소금빵인데 버터가 많이 들어가 있어서 부드러웠어요,"It tastes like regular salt bread, but it was soft because it had a lot of butter in it."
지나가다가 꼭 한번 와보고 싶었는데 운 좋게 밖에 앉을 수 있었네요~,"I was passing by and wanted to come here, but I was lucky enough to be able to sit outside."
살살녹는 겉바속촉 프렌치토스트와 푸딩스콘이 너무너무 맛있었던.,The melt-in-your-mouth French toast and pudding scones were so delicious.
공차가서 돈 아까운건 또 처음,This is the first time I've wasted money by going to Gongcha.
공간도 예쁘고 특별한 티 베리에이션 메뉴가 많아서 너무 좋았습니다.,I really liked the space because it was pretty and there were many special tea variations on the menu.
외관이 신기하고 멋있어서 저녁식사 후에 가 보았는데 음료가 상당히 비싸다고 느껴졌습니다,"The exterior looked amazing and cool, so I went there after dinner, but I felt that the drinks were quite expensive."
커피가 너무 맛있어요!!,The coffee is so delicious!!
얼그레이케익대박!!,Earl gray cake is awesome!!
"분위기도 좋고, 커피도 깊은 풍미를 자랑하는 곳인데, 뚝섬역에서 가까워 접근성도 좋고, 성수동 맛집을 다녀온 후 서울숲으로 가는 길에 잠시 들러 쉬어가기 좋은 곳이네요:)","It's a place with a nice atmosphere and a rich flavor of coffee. It's close to Ttukseom Station, so it's easily accessible, and it's a great place to stop by and rest for a while on the way to Seoul Forest after visiting a restaurant in Seongsu-dong. :)"
두번째 이용인데 케이크도 맛있고 예뻐서 특별한 날 기념하려고 하면 제일 먼저 생각나는 곳 입니다.ᐟ,"This is my second time using it, and the cakes are delicious and pretty, so this is the first place that comes to mind when I want to celebrate a special day.ᐟ"
화장실 내참 화장실을 찍고 있는 거임?!,Are you really taking pictures of the bathroom?!
전에 왔을때 직원분이 너무 불친절하셔서 계속 영종도로만 갔다가 오늘 간만에 방문했는데 걍 ㄱㅊ았어요 빵은 걍 졸라맛있음,"When I came here before, the staff was so unfriendly that I kept going to Yeongjongdo. I visited today for the first time in a while and it was just okay. The bread was just soggy and delicious."
고층에있다는 점이 특별하고 아늑한 공간에 바 테이블로 에워싼 인테리어가 차를 즐기는 시간을 한층 더 은은하게 해줘서 좋아요,"The fact that it's on a high floor makes it special, and the cozy space with an interior surrounded by bar tables makes the time of enjoying tea even more subtle."
😻😻 진짜 버터 처돌이 소금빵 처돌이인데 진심 개맛있음,"😻😻 It's a real butter Cheodori and salt bread Cheodori, and it's seriously delicious."
저는 원래 크림커피를 좋아하는데 내부 포스터에 크림커피가 그려져 있어서 바로 시켰어요,"I usually like cream coffee, but the poster inside showed cream coffee, so I ordered it right away."
"바스번, 스콘, 빅토리아 케이크를 주문했는데 바스번은 촉촉하고 부드러운 식감이라 브런치 메뉴로도 잘 어울릴 것 같아요","I ordered bath buns, scones, and Victoria cake. The bath buns have a moist and soft texture, so I think they would go well with a brunch menu."
소금빵 맛집으로 인정~!,Recognized as a salt bread restaurant!
"더운 날씨에 음료는 필수 애플망고그림에이드,블루소다 레몸에이드 그리고 클래식 딥 쇼콜라 모두 시원하고 당충전하기 딱이었다.","Drinks are essential in hot weather. Apple Mango Grimade, Blue Soda Lemonade, and Classic Deep Chocolat were all refreshing and perfect for filling up your sugar intake."
"뭣보다 일단 맛있어서 입도 즐겁고 미디어아트+노래덕에 눈, 귀도 즐거운 밤이었습니다.","Above all, it was a night that was delicious and a delight to the mouth, and also to the eyes and ears thanks to the media art and songs."
나이쓔타이밍~ 🫶🏼 따끔따끈 소금빵은 증맬루 잊지못해!,Good timing~ 🫶🏼 I can’t forget the spicy salt bread!
시멘트케이크포장해서 먹었는데 너무너무 맛있었어요!!:),I ate the cement cake packaged and it was so delicious!!:)
"짠맛도 과하지 않아 끝까지 부담 없이 먹을 수 있었고, 구운 버터의 향과 소금의 감칠맛이 아주 조화로웠습니다.","It wasn't too salty, so I was able to eat it all the way to the end, and the aroma of the roasted butter and the rich taste of the salt were in perfect harmony."
카페가 넓어서 많이 시끄럽지않아서 대화하기도 좋고 인테리어도 깔끔해용,The cafe is spacious so it's not too noisy so it's good for conversation and the interior is clean.
1층이랑 2층도 너무 이쁘게 꾸며놔서 올라가고 싶었는데 시간이 없어서 못올라 가봐서 아쉬웠어서 다음에 가면 꼭 시간 보내고 싶어요!,"The first and second floors were decorated so beautifully that I wanted to go up, but I was disappointed that I couldn't go up because I didn't have time, so I definitely want to spend time next time I go!"
사고 다음날 설명대로 에프에 돌려먹었는데 많이 기름져서 저는 개인적으로 별로였지만 다른 가족들은 맛있다고 하시네요 :),"The day after the accident, I ate it again as instructed, but it was very greasy, so I personally didn't like it, but other family members said it was delicious :)"
"This is hot place in Seongsu Street, an young and lively place with many restaurants, cafes and pop up stores. Its head quarter is in Yeongjongdo but its Seongsu branch is also popular. It has long waiting line, so if in weekends or Friday evening, you have to think at least 20-30 minutes to wait. The bread is delectable, tasty salty and soft inside with good flavors. It is the one worth waiting.","This is a hot place in Seongsu Street, a young and lively place with many restaurants, cafes and pop up stores. Its head quarter is in Yeongjongdo but its Seongsu branch is also popular. It has long waiting line, so if in weekends or Friday evening, you have to think at least 20-30 minutes to wait. The bread is delectable, tasty salty and soft inside with good flavors. It is the one worth waiting."
진짜 친절하시구 최고예요,You are really kind and the best.
빵이랑 디저트 종류가 다양하고 맛있어요.,The bread and desserts are varied and delicious.
❣️ 무조건 크로플은 필수에 바닐라 아이스크림도 추기해서 드세요!!,"❣️ Croffle is a must, and you can also enjoy vanilla ice cream!!"
분위기게 부담스럽지 않게 깔리는 로우파이 음악이 매력적이네요~~,The low-fi music that creates a comfortable atmosphere is attractive.
📮 시그니처라떼인 '스테포스트 블랙' 흑임자라떼가 고소하니 맛있어요:) 흑임자크림이 꾸덕하게 올라간줄 알았는데 얇게 올라가있어요!,"📮 The signature latte, 'Steppost Black' black sesame latte, is savory and delicious :) I thought the black sesame cream was thick, but it was thin!"
저만 알고싶은데 흑흑 아주 조금만 유명해졌으면 좋겠어요,"I just want to know, but I hope I become just a little bit famous."
분위기도 좋지만 무엇보다 커피가 너무 맛있어요.,"The atmosphere is nice, but most of all, the coffee is so delicious."
그냥 지나가다가 우연히 들렀는데 4개에 12000원이라 좀 비싼감이 있는뎊 했지만 너무 맛있었어요,"I was just passing by and stopped by. It seemed a bit expensive at 12,000 won for 4, but it was very delicious."
"밀은 캐나다산, ,프랑스 버터에 햇빛과 바람이 만든 프랑스 토판 천일염으로 만든다고 한다.","It is said that the wheat is made from Canada, French butter, and French Topan sea salt created by sunlight and wind."
커피 음료 디저트 모두 만족 자두에이드는 넘 달지 않아 좋고 아보카도 토스트는 건강한 맛~ 오픈한지 얼마 안되서 그런지 카페도 깨끗하고 여기저기 안 예쁜곳이 없네요..,"I'm satisfied with all the coffee drinks and desserts. The plum ade is good because it's not too sweet. The avocado toast is healthy. Maybe because it just opened, the cafe is clean and there's nothing pretty about it."
자리도 많고 분위기 좋아요!!,There are plenty of seats and the atmosphere is great!!
시그니처 음료답게 파인콘 특색있고 맛나더라는😚 에스프레소와 함께 씹히는 설탕에 나른한 오후 정신 바짝 깨는 느낌이랄까,"As a signature drink, Pinecone is unique and delicious😚 It feels like waking up on a languid afternoon with the chewy sugar along with espresso."
매장도 깨끗하고 이야기 나누기 좋았습니다,The store was clean and it was nice to chat.
콘센트도 자리마다 잇어서 작업하기 좋아요,"There are electrical outlets at every seat, so it's great for working."
복잡한 성수에서 여유로움을 느낄 수 있는 공간이라 색다른 즐거움이었습니다!,It was a unique pleasure as it was a space where I could feel relaxed in the busy Seongsu!
다만 무조건 4개 1세트로 사야만 했고(낱개x) 갓나와서 따끈한 빵인건 좋지만 집에오니 다 찌그러져 있어서 지인들한테 선물하기는 민망했어요,"However, I had to buy it in a set of 4 (each x), and it was nice that it was fresh and warm, but when I got home, it was all dented, so I was embarrassed to give it as a gift to my friends."
그리고 우드톤 좋아하는 저로선 커페 넘 이쁘고 위치도 넘 사람 안몰리고 좋은거 가태요,"And as someone who likes wood tones, the cafe is very pretty and the location isn't overcrowded, which is nice."
다만 저 작은 애기빵이 한개에 삼천원 한다는게 가격 따지지않고 디저트를 즐기는 저한테도 좀 비싸게 느껴집니다.,"However, the fact that one small baby bread costs 3,000 won seems a bit expensive even to me, who enjoys desserts regardless of price."
빵이 짭쪼름하니 맛있었어요!,The bread was salty and delicious!
만석이였지만 한자리있어서 바로 들어갈수있었습니당,"It was full, but there was one seat so I was able to get in right away."
궁금해하던 차에 시음을 하길래 먹어보고 바로 들어갔어요.,I was curious so I tried it and went in right away.
"빅토리아케익, 마들렌, 여러가지 종류의 스콘, 당근케익 등 한번 씩 다 먹어보고 싶을 정도로 맛있어 보였습니다. ☆","Victoria cake, madeleine, various types of scones, carrot cake, etc. looked so delicious that I wanted to try them all at least once. ☆"
"우리팀, 뒷팀 다 결제하고 줄서라는 안내보고 다시 줄 섰는데 정작 대기줄안내하는 직원이 든 푯말에는 그런 문구 아예 없음.","After paying for both my team and the team behind me, I got in line again after seeing the instructions to get in line, but there was no such word on the sign posted by the employee directing me to the line."
너무 마싯쩌영 케이크 달다구리 음료수 굳굳,The cake and sweet drink are so good.
카페도 넓고 깔끔하고 음료가 맛있어용!,"The cafe is spacious and clean, and the drinks are delicious!"
"화장실 휴지, 비누 없어서 아쉬워요",It's a shame there's no toilet paper or soap.
"아르바이트인지 직원분인지 할인 및 기프티콘 사용에 대해 너무 모르시는듯,,, 키오스크로 하는데 다른곳은 되던데 여기만 안되는건가요?","Whether it's a part-time job or an employee, you don't seem to know much about using discounts and gifticons. Is it possible to use a kiosk, but it doesn't work here?"
키오스크로 주문하고 픽업대기줄에서 기다렸다가 받는데 타이밍을 잘 맞추면 5분만에도 받을 수 있어요.,"You order at the kiosk and wait in the pick-up line to receive it. If you time it right, you can receive it in just 5 minutes."
빵 종류도 많고 귀여운 리본 모양 빵도 있어요,"There are many types of bread, including cute ribbon-shaped bread."
원래 샘플만 먹어볼까하다가 샘플은 구매자들 음료 먼저 다 빠진 후에 먹어볼 수 있어서 언제 먹을 수 있는지 측정불가라,"Originally, I was only going to try the sample, but since the sample can only be tried after the purchaser has finished drinking, it is impossible to determine when it will be available."
콘파나랑 고구마케이크 시켰는게 콘파나가 진짜 맛있습니다!,I ordered corn pana and sweet potato cake. The corn pana was really delicious!
성수 구경갔다가 빵냄새에 홀린듯이 줄섰어요… 빵 받자마자 바로 먹었는데 버터향이 장난아닙니다,"I went to see Seongsu and stood in line like I was fascinated by the smell of bread... I ate the bread right away when I got it, but the smell of butter was no joke."
친구랑 성수 들렀다가 요즘 성수 핫플이라는 뉴믹스 들러봤어요.,"I stopped by Seongsu with a friend and stopped by New Mix, which is a hot spot in Seongsu these days."
말차아포가토도 진하고 티룸 처음와봤는데 뷰도 좋아요,"The matcha affogato is rich and it's my first time in a tea room, and the view is nice."
공간도 넓고 인터리어도 절 꾸며져있어서 팝업 관련해서 올때 자주 들립니다,"The space is spacious and the interior is nicely decorated, so I often come here for pop-ups."
인테리어 소품 하나가 너무 기엽고 따뜻한 느낌이 너무 좋아서 몇시간 동안 안에서 보고만 있어도 힐링 되는 기분🌿 (인생사진도 백만장 건졌어요,One interior accessory is so cute and the warm feeling is so nice that I feel healed just by looking at it for hours🌿 (I also took a million photos of my life)
지인들이랑 같이왔는데 빵맛도 커피맛도 분위기도 아주 좋아요~,"I came with friends, and the bread, coffee, and atmosphere were very good."
구테로이테 언주점 방문 후 좋아서 성수점까지 일부로 찾아 왔어요:) 역시 여기 커피도 넘 맛있어요!,"After visiting Guteroite Eonju branch, I liked it so much that I even came to Seongsu branch :) As expected, the coffee here is really delicious!"
자연도 소금빵은 먹어봐야쥐~~😁 다음날 먹어도 부드럽고 쫄깃..,"Naturally, you should try salt bread~~😁 It’s soft and chewy even if you eat it the next day.."
조용하게 차 마시기 좋다,Nice to drink tea quietly
소금빵 1-2개만 사고싶었는데 강제로 4개씩만 파네요 ㄷㄷㄷ,"I only wanted to buy 1-2 salt breads, but they forced me to only sell 4 of them."
저는 12시 30분에 갓구워나온거 나오는 시간인데 12시 33분에 갔더니 이미 수령하는데 줄이 그래도 10-15분 내외에 바로 수령했어요!,"For me, the freshly baked food was served at 12:30, but I went there at 12:33 and had already picked it up. There was a line, but I got it right away in about 10-15 minutes!"
기분 더러워서 환불하려다가 얼마나 맛있길래 이따위로 하나 싶어서 참고 먹었더니 기분이 더러워서 맛도 대단한 지 모를.,"I was in a bad mood and was going to return it, but it was so delicious that I thought it was something to do, so I endured it and ate it, but I didn't know how great it was because I felt bad."
❤️ 사실 매장앞의 시음을 하고나니 넘 맛있어서 다른 음료도 궁금해져서 바로 매장으로 들어가 주문해서 마셔봤어요 !,"❤️ Actually, after tasting it in front of the store, it was so delicious that I became curious about other drinks, so I went straight into the store, ordered one, and tried it!"
차랑 여러가지 용품도 구매해서 집에서도 잘 마시고 있어요,I bought tea and various other products and drink it well at home.
좋아하는 배우님께서 방문하셨다고 해서 왔는데 커피가 기대했던거보다 맛있고 커피를 못마시는분들도 함께 먹을수있는 다양한 디저트와 음료가 있어요,"I came here because I heard that my favorite actor was visiting, and the coffee was better than I expected and there are various desserts and drinks that even people who don't drink coffee can enjoy."
베이커리 류도 있어서 당 충전 하기도 좋아요~,"They also have bakery items, so it’s good to recharge your sugar."
열량에 상관없이 한자리에서 4개도 먹을수 있을것같다.,"Regardless of the calories, I think I could eat four in one sitting."
대기도 그렇게 길지 않아 따끈따끈한 소금빵을 받을 수 있어 좋았어요.,The wait wasn't that long and it was nice to be able to get some warm salt bread.
친저롼 직원분들 덕분에 잘 마셨어요,I enjoyed my drink thanks to the staff at Qin Zhe Luan.
😀 안에도 들어가니 태형이로 가득 꾸며져있어서 너무나 행복💜 태태 사랑해🥰 음료는 보라에이드 마셨는데 색깔도 이쁘고 맛있었어요.,"😀 When I went inside, I was so happy because it was decorated with Taehyung💜 I love Taehyung🥰 I had a Boraade drink, and the color was pretty and it was delicious."
차는 고퀄에 깔끔하고 맛있어요.,"The tea is high quality, clean and delicious."
"✨️ 뷰가 미쳤고, 성수거리 보이는 바, 마주볼 수 있는 다이닝 테이블, 티메이커와 살짝 대화도 할 수 있는 바, 알콩달콩 할 수 있는 2인테이블 다양하게 되어있습니다.","✨️ The view is crazy, and there are a variety of options, including a bar with a view of Seongsu Street, a dining table where you can face each other, a bar where you can have a quick conversation with the tea maker, and a table for two where you can chat."
소금빵만 전문으로 만드는데 괜찮았다..,They specialize in making salt bread and it was okay.
다음엔 따뜻한 티로 도전해야겠어요!,"Next time, I’ll have to try warm tea!"
파운드케익 맛있어요,Pound cake is delicious
크림라떼들 많이 마셔봐서 거기서 거기겠지 했는데 여기꺼 라떼 고소하고 크림은 달달하고 넘 맛!!,"I've had a lot of cream lattes, so I thought it would be somewhere in there, but this latte is nutty and the cream is sweet and delicious!!"
성수동에서 조용히 대화하기 좋은 곳이에요,It's a great place for quiet conversation in Seongsu-dong.
대기줄이 길어서 빵이 뜨거워요!,The waiting line is long and the bread is hot!
연남점에서 사 갔을 땐 포장을 하고 가서 집 가서 먹었기 때문에 빵이 바로 나왔을 때 먹어보고 싶다는 생각이 들어서 소금빵 나오자 마자 바로 먹었는데 완전 바삭하고 맛있었어요,"When I bought it at the Yeonnam branch, I packaged it and ate it at home, so I thought I wanted to try it when the bread came out, so I ate it right away when it came out, and it was super crispy and delicious."
"빵 1set에 12,000원에 판매해요!","One set of bread is sold for 12,000 won!"
휴대폰충전어렵구 디카페인은1천원추가인데맛이없음,"It's difficult to charge my phone. Decaf costs 1,000 won extra, but it doesn't taste good."
귀여움 가득한 리본 페스츄리가 궁금해서 사봤고 늘상 먹는 에스프레소 두잔까지 야,"I was curious about the cute ribbon pastry, so I bought it, and I even had two cups of espresso, which I always drink."
지난주에 지나가다 줄이 엄청 길어서 다음에 올때 사봐야겠다고 생각했는데 이번주엔 오전에 일찍 지나갔더니 줄이 짧아서 소금빵 샀어요,"Last week, I passed by and the line was very long, so I thought I would buy it next time I come, but this week, I passed early in the morning and the line was short, so I bought salt bread."
너무 맛있고 특이한 커피가 있어서 맛보기 좋은거같아요~,There is such delicious and unique coffee that I think it would be nice to try it~
오래 머물기에는 좌석이 편하지 않아요.,The seats are not comfortable for long stays.
아아 원두는 깔끔한 tokyo로 동료는 아이스 루이보스티 티백이 없으니 하이볼같기두 매장두 넓구 사람두 많구 부러우면 지는건데..,"Ah, the coffee beans are clean Tokyo, and my co-worker has iced rooibos tea, so it's like a highball because there are no tea bags. The store is large and there are a lot of people. If you get jealous, you lose."
에티오피아 모모라 구지 브루잉 — 7500원 아메리카노 — 5000원 저세상 힙알못의 힙한카페 체험기!,"Ethiopian Momora Guji Brewing — 7,500 won Americano — 5,000 won A hip cafe experience from someone who doesn’t know much about hip hop!"
😊 사장님도 친절하시고 음료도 맛있고 너무 이뻐요,"😊 The owner is friendly, the drinks are delicious, and it’s really pretty."
우유 맛만 조금 진하면 더 맛있을 것 같아요:) 🍰화이트 초콜릿 베이스에 치즈맛이 약간 가미돼서 느끼하지 않은 테린느였어요.,I think it would taste better if the milk flavor was a little stronger :) 🍰 It was a non-greasy terrine with a white chocolate base and a hint of cheese flavor.
4개 1세트로만 판매하다보니 빵을 받기까지 5분도 채 안걸렸습니다.,"Since they were only sold in sets of 4, it took less than 5 minutes to receive the bread."
또 2잔 샀는데 나중에 확인해 보니까 공차 전지점에서 5천원 이상이면 누구나 이벤트로 준다고 홍보하던 쿠폰도 없었습니다.,"I also bought two cups, but when I checked later, there was no coupon advertised as a giveaway for anyone spending 5,000 won or more at all Gongcha branches."
딱 소금빵의 정석♡ 친환경적인 포장 넘 좋고 귀요미라는,Just the classic salt bread♡ The eco-friendly packaging is great and it’s cute.
생각할 수있는데 참고 쭉 마시는 순간 진가를 발휘하는 맛입니다!,"You can think about it, but the moment you hold back and drink it, it's a taste that shows its true value!"
전원 다 맛있다고 난리였어요,Everyone went crazy saying it was delicious.
어쩌면 좋은 차가 익숙하기 그지없는 도심을 근사한 경치로 바꾼 것일지도요.,Maybe a good car can transform an otherwise familiar city center into a beautiful scenery.
핫한 성수동 한가운데 있는 시원하고 세련된 공간이에요.,It’s a cool and sophisticated space in the middle of hot Seongsu-dong.
"맥파이앤타이거의 시그니쳐인 싱글 오리진 티 메뉴는 중국 운남의 이무 보이속차, 운남 백차와 홍차, 하동의 잭갈차, 쑥차와 쑥라떼, 말차라떼 등으로 구성되어 있어요","Magpie & Tiger's signature single-origin tea menu consists of Imu Boisok tea from Yunnan, China, Yunnan white and black tea, Hadong's jackgal tea, mugwort tea, mugwort latte, and matcha latte."
키오스크줄과 빵픽업줄이 따로 되어있는데 소금빵 단일품목만 판매하고 낱개판매없이 4개 세트로만 판매하는게 조금 아쉽습니다.,"There are separate kiosk lines and bread pickup lines, but it is a little disappointing that they only sell single salt bread items and sell them in sets of 4 rather than individually."
지나가다가 들어가게됐는데 친절하시고 좋았어요,I was passing by and went in and they were friendly and nice.
제가 예쁜 데 갔다왔다고 친구한테 자랑하니깐 친구도 가보고 싶다고 해서 이번엔 함께 왔는데 친구도 예쁘다고 좋아하구 공간도 좋고 맛있어서 다음에 또 오기로 했습니닷,"When I boasted to my friend that I had been to a pretty place, she said she wanted to go too, so we came together this time. My friend also liked how pretty it was and the place was nice and delicious, so we decided to come again next time."
2. 무조건 한 주문 당 빵 4개씩 강매(세트로만 판매) 3. 주말 오후 기준 엄청 긴 대기줄(30분 대기) 4. 평범한 소금빵 맛인데 포장임에도 개당 4000원이라는 비싼 가격,"2. Strongly selling 4 loaves of bread per order (sold only as a set) 3. Very long waiting line on weekend afternoons (30 minutes waiting) 4. It tastes like ordinary salt bread, but is expensive at 4,000 won per piece even though it is packaged."
구테넛 슈페너 고소 진함이 내취향 오미자 아메리카노 오미자청이들어감,"Gutenut Spener, nutty and rich, my taste Schisandra Americano with Schisandra chinensis"
이벤트로 처음 왔는데 마카롱도 맛있고 분위기도 좋고 친절하세요~,"It was my first time here for an event, and the macarons were delicious and the atmosphere was nice and friendly."
매장은 넓고 조용하며 맛있는 원두를 이용한 에스프레소 음료들을 합리적인 가격에 맛 볼 수 있습니다.,"The store is spacious and quiet, and you can taste espresso drinks using delicious coffee beans at a reasonable price."
처음가봤는데 자리수가 많지 않아서 웨이팅이 꽤 많더라구요,"It was my first time going, but there weren't many seats so there was quite a wait."
분위기가 좋고 대기 없이 바로 왔는데 커피가 맛있네요,"The atmosphere is nice, I came right away without waiting, and the coffee is delicious."
우드인테리어가 너무 예쁘고 음악이 좋아서 분위기가 더 사네요!!,"The wood interior is so pretty and the music is good, which adds to the atmosphere!!"
너무 달지않고 맛있어욤,Not too sweet and delicious
따뜻하게 데워주시더라구요~~,They warmed me up~~
저번엔 소금빵을 차갑게 먹어서 쫌 느끼했는데 이번엔 갓 나와서 따뜻한 소금빵을 먹었는데 진짜 넘 맛있어서 2개 연달아서 다 먹었어요!,"Last time I ate the cold salt bread, it was a bit greasy, but this time I ate the freshly made warm salt bread, and it was so delicious that I ate two of them in a row!"
자리가 금방 나서 바로 들어갈 수 있었어요!,Seating was available quickly so I was able to get in right away!
특히 꼬숩고 걸죽한 흑임자 라떼를 좋아하는 사람이라면 스테포스트 블랙은 꼭 마셔봐야 할 메뉴!,"Especially for those who like thick black sesame lattes, Stepost Black is a must-try!"
대기때문에 걱정하시는분들은 걱정말고 대기에 일초라도빨리 합류하시길 바래요!,"For those of you who are worried about waiting, please don't worry and join the waiting line as quickly as possible!"
진짜 여기 소금빵 미친맛 🥐🧂 짭짤하고 기름진 게 너무 맛있음,"The salt bread here really tastes crazy 🥐🧂 It’s salty and greasy, so delicious."
결제할 때 원두를 고소한 거 / 산미있는 것 중 택하래서 산미있는 거 골랐는데 나중에 영수증 보니 2천원이 추가되어 있네요?,"When paying, I was asked to choose between nutty and sour coffee beans, so I chose sour coffee beans, but when I looked at the receipt later, I saw that an additional 2,000 won had been added."
넓고 깨끗해서 애용해야겠어요,"It's spacious and clean, so I have to use it regularly."
성수동 돌아다니다가 우연히 들어와봤는데 공간이 넓어서 편하게 쉬어가기도 좋고 애스프레소도 다양한 종류가 있어서 좋았어요!!,"I happened to come in while wandering around Seongsu-dong, and the space was spacious so I could relax comfortably, and it was nice to have a variety of espresso!!"
"빵은 낱개 구매는 불가하고 4개 1세트로만 판매하니까 참고하시고, 구매 줄이랑 수령하는 줄이랑 다르니까 수령하는 줄에 한참 기다리셨다가 구매 못하는 경우 생기니까 키오스크에서 먼저 구매 후에 영수증 가지고 수령하는 줄을 따로 서는거니까 꼭!","Please note that bread cannot be purchased individually and is only sold in sets of 4. The purchase line and the pickup line are different, so you may have to wait in the pickup line for a long time and then not be able to purchase, so you have to buy at the kiosk first and stand in a separate line to receive it with your receipt, so make sure to do so!"
"베리뱅 콘판나, 레몬 그라니따, 유자 버블브루 다른 에쏘바에는 없는 독특한 메뉴가 많아서 좋은데 맛까지 좋아서 벌써 여러 번 방문한 구테로이테 주문 실수로 오렌지 그라니따가 아니라 레몬 그라니따를 먹게 되었지만 새콤하고 맛있었고 베리뱅 콘판나와 유자 버블브루도 커피와 다른 재료의 조화가 좋았다","Berry Bang Conpanna, Lemon Granita, and Yuzu Bubble Brew. It's good because there are many unique menu items that aren't found in other Esso bars, but the taste is also good. I've already visited Guteroite several times. I made a mistake and ended up getting the lemon granita instead of the orange granita, but it was sour and delicious, and the Berry Bang Conpanna and Yuzu Bubble Brew were also good in harmony with the coffee and other ingredients."
아쉽게도 따뜻할 때 먹진 못했지만 유명하다길래 소금빵 조아하는 엄마 선물로 구매했어요,"Unfortunately, I couldn't eat it while it was warm, but I heard it was famous so I bought it as a gift for my mom."
빵순이라면 무조건 달려가야 하는 곳 갈때마다 2봉지는 기본 거짓말 안 치고 서울사는데 영종도에 이거먹으러 세번 갔다옴 집근처에 생겨서 얼마나 행복하게요,"Whenever I go to a place where I absolutely have to rush to when it comes to bread sprouts, I don't lie. I live in Seoul and went to Yeongjong Island three times to eat this. I'm so happy that it's so close to my house."
우연히 발견한 소금빵집 이었는 데 소금빵을 좋아해서 너무 기대되었는데 소금빵 결제 대기줄이창 소금빵 픽업 대기줄이 있는데 안내판 못보고 픽업 대기줄에서 기다리다가 결제를 먼저 해야되는 걸 깨닫고 다시 결제 줄에서 기다렸는데 갑자기 사람 너무 많아서 결제 줄에 서있지 말고 픽업 줄에 서서 결제하라고 해서 어이가 없었네요…,"I found this salt bakery by chance and I was very excited because I like salt bread. There was a salt bread payment line and a salt bread pickup line, but I didn't see the sign and waited in the pick-up line. Then, I realized I had to pay first, so I waited in the payment line again, but suddenly there were so many people that they told me to pay in the pick-up line instead of the payment line. I was dumbfounded..."
크루키도 맛있구 커피도 원두 선택할수있어서 좋아요 :),The Crooky is delicious and it's nice that you can choose the coffee beans :)
"사진찍기도 너무 좋고 쾌적하고 무엇보다 분위기가 진짜 제가 좋아하는 분위기였어서 좋았습니댜,,,","It was very nice and comfortable to take pictures, and most of all, I liked the atmosphere because it was the atmosphere I really liked.,,,"
평일 저녁이라서 얼마안기다리고 구매 할 수있었던거 같습니다.,"Since it was a weekday evening, I think I was able to purchase it without waiting long."
케이크도 맛있고 분위기도 너무너무 좋아요,The cake is delicious and the atmosphere is really nice.
바삭한식감이 전혀없는 그냥 모닝빵식감에 축축하고 짜고 기름범벅… 분명 첨엔 이러지않았는데 단일메뉴이데도 아쉽다,"It's just a morning bread texture without any crunchiness at all, wet, salty, and covered in oil... I definitely didn't do this the first time, but it's disappointing even though it's a single menu."
에스프레소 좋아하시는 분들이라면 분명히 좋아할 가게입니다!!,"If you like espresso, this is definitely a store you will love!!"
황치즈 푸딩은 제 취향은 아닌듯합니당,I don’t think yellow cheese pudding is my taste.
카페가 조용하고 인테리어가 마음에 들어요,The cafe is quiet and I like the interior.
카페 공간 자체도 깔끔하고 예뻐서 성수 오면 종종 들를 것 같아요~,"The cafe space itself is clean and pretty, so I think I’ll stop by often when I come to Seongsu."
🤍 배 셔벗에이드 시원해요오,🤍 Pear sorbetade is refreshing!
날씨가 좋아서 야외테이블 사용하였는데 너무 좋은 거 같아요,The weather was nice so we used an outdoor table and I think it was really nice.
서울 놀러와서 성수 근처 갈 일 있으면 무조건 들렸던 자연도인데 이틀연속으로 너무 맛이 실망스러워서 이젠 안갈 거 같아요..,"Whenever I come to Seoul and go near Seongsu, I always stop by Jayeondo Island, but the food was so disappointing for two days in a row that I don't think I'll go there anymore."
주말에는 사람 많으니 자리 먼저 잡고 주문하셔야해요 리본 페스추리 구테 넛 슈페너 유자 버블 블루 유자 버블 블루는 음료 주문하고 픽업할 때 버블 올려주세요,"There are a lot of people on weekends, so you have to grab a seat first and order. Ribbon Pastry, Goutte Nut, Schwanner, Yuzu Bubble Blue, please add the bubble when ordering drinks and picking them up."
"시간단위로 구워서 판매하는 마케팅을 쓰고 있지만 빵은 미지근(차가운쪽에 가까움) 했고, 버터 풍미도 크지 않았고, 텍스쳐도 쫄깃도 퍽퍽도 아닌 애매한 그 어딘가였어요","They are marketing the product by baking it and selling it by the hour, but the bread was lukewarm (closer to cold), the butter flavor wasn't great, and the texture was somewhere ambiguous, neither chewy nor dry."
달달해서 쌉싸름한 맛이 덜 느껴짐,It's sweet so it doesn't taste bitter.
소금빵 너무 맛있는곳!,Salt bread is so delicious!
🥵 날씨만 좋았다면 더 분위기 좋은 야외로 나가고 싶습니다,"🥵 If the weather was nice, I would like to go outdoors in a better atmosphere."
커피로 유명해서 들러봤는데 분위기도 좋고 직원분들도 친절해요!,"I stopped by because it's famous for its coffee, and the atmosphere is nice and the staff are friendly!"
"빵 자체를 별로 안 좋아해서 특별한 소금빵이 있을까 반신반의하면서 먹었는데, 겉은 살짝 빠삭하면서 속은 부드러워서 ?!?!","I don't really like bread itself, so I ate it wondering if there was a special salt bread, but it was slightly crispy on the outside and soft on the inside?!?!"
"약간 느껴지는 후추향이 킥으로 오고, 줄줄 흐르는 꼬소한 버터맛에 감동.","The slightly peppery scent gives me a kick, and I am impressed by the subtle buttery taste."
성수 다니면서 잘 쉬었습니다. (여행중),I had a good rest while visiting Seongsu. (Traveling)
"🙂 차들도 모두 맛있고, 뷰도 너무 좋아서 기분좋게 책을 읽을 수 있었어요.","🙂 All the teas were delicious, and the view was so nice that I was able to read the book comfortably."
사람 너무 많고 음악이 시끄러워요 인테리어랑 진짜 안 어울리게 에스파 whiplash 같은거 빵빵하게 나오네여,"There are too many people and the music is loud. It doesn't really match the interior, and there's a lot of Espa whiplash or something like that."
다음에도 재방문 하고 싶습니다,I would like to visit again next time
성수동 또 가면 들리고 싶네요,I want to stop by when I go to Seongsu-dong again.
처음에 까눌레 하나씩 주는거 말고는 따로 같이나오는 마카롱도 이젠 없는거 같구요.,"Other than the first canelé provided, I don't think there are any macaroons that come separately anymore."
꽃집을 같이 하시는 건지 매장에 꽃이 가득해서 더 예쁘고 좋은 공간이었어요.,"Perhaps because they run a flower shop together, the store was full of flowers, making it a prettier and nicer space."
또 한개는 사촌언니남친오셔서 드렸당!,I gave another one to my cousin and her boyfriend when they came!
소금빵유명해서 가본곳이에요,I went there because it was famous for salt bread.
엔시티 드림이라는 그룹의 재민 생일이라서 갔능데 너무 좋아요!!,"I went because it was Jaemin's birthday from a group called NCT Dream, and I loved it!!"
"더티초코롤은 진한 초코맛이 매력적이었고, 롱블랙과 함께 먹으면 밸런스가 괜찮아 잘 어울렸습니다.","The dirty chocolate roll had an attractive rich chocolate flavor, and when eaten with long black, it was well balanced and went well together."
겨울이라 따뜻한 블랙 밀크티 ~,Warm black milk tea because it’s winter~
빵 너무너무 맛있고 커피도 합리적인가격이라 좋습니다!,The bread is so delicious and the coffee is reasonably priced too!
"김사홍바리스타님이 오신다고 해서 찾아왔는데요, 세트 음료가 다 특색 있고 맛있지만 그 중에 에스프레소가 정말 인상적이었습니다!","I came here because barista Kim Sahong was coming. The set drinks were all unique and delicious, but the espresso was really impressive!"
그건 둘째치고 주문받으신 저 직원분 솔직히 마음상했습니다.,"Aside from that, I was honestly upset with the employee who took my order."
가족여행으로 성수동에 왔는데 인테리어도 좋고 깨끗하고 빵이 맛있었어요 :),"I came to Seongsu-dong on a family trip, and the interior was nice and clean, and the bread was delicious :)"
편하게 얘기할 수 있고 성수동을 내려다볼 수 있는 통유리창이 있어서 시원시원하고 좋아요,It's nice and cool because you can talk comfortably and there's a full-length glass window that overlooks Seongsu-dong.
받아서 대기줄에서 대기하다가 소금빵 받아가면 돼요!,All you have to do is wait in line and get the salt bread!
한교동 생일카페로 방문했는데 매장도 넓고 깨끗하고 직원분들도 너무 친절하셔서 좋은 기억만 남았네요!,"I visited the birthday cafe in Hangyo-dong, and the store was spacious and clean, and the staff were very friendly, so I only had good memories!"
매장이 깨끗하고 노래가 좋아요,The store is clean and the songs are good.
"품절된 물품이 재입고 되지 않는것부터 어이없었는데 그래서 있는 거라곤 키링 몇 개, 수저, 필터샤워기, 노트, 양말, 랜덤교동이가챠 19000원, 카드지갑인지 뭔지, 인형은 컵모양 딱 하나 남아있음.","It was ridiculous that sold out items were not restocked, so all I had were a few key rings, a spoon, a shower filter, a notebook, socks, a random Kyo-dong gacha worth 19,000 won, a card wallet or something, and there was only one doll left in the shape of a cup."
분위기가 너무 좋아요.,I really like the atmosphere.
뭐 이 시간대 오신 손님이 테이블을 두드리며 웃으실 만큼 시끄러우신 분이긴 했어요 .,"Well, the customer who came at this time was so loud that he was banging on the table and laughing."
다만 무조건 1세트(4개입)에 포장용기 아예 없구 줄 서서 기다리면서 먹을 만큼은 아닌 것 같아용,"However, I don't think it's enough to eat while waiting in line because there is no packaging container for one set (4 pieces)."
붐비지 않아서 대화하기 좋습니다,It's not crowded so it's good for conversation
평일이라 바로입장가능했고 분위기가 좋아서 너무 좋았어요,"Because it was a weekday, I was able to get in right away, and I really liked the atmosphere."
"다른데 소금빵은 3,300원이나 3,800원도 많이 봤는데 하루 7,000개 파는 개 핫 유명한곳치고는 저렴한편이라 강츄","I've seen other salt breads cost 3,300 won or 3,800 won, but I highly recommend it because it's cheap for a famous place that sells 7,000 pieces a day."
오리지널 마셨는데 너무 달지 않으면서 라이트한 맛이었어요~,I drank the original and it was light and not too sweet.
본점에서 커피 오마카세를 정말 기분좋게 경험했던 기억이 있어 지인에게 소개해주려 방문하게 되었습니다.,"I had a really pleasant experience with coffee omakase at the main branch, so I decided to visit to introduce it to a friend."
카페가 넘쳐나는 성수에서도 실패없을 맛을 가진 곳:) 테이크아웃만되는 공간입니다용..,"Even in Seongsu, which is overflowing with cafes, this is a place where you can't go wrong with delicious food :) This is a take-out only space."
평일에는 그래도 10-15분 내로 받을 수 있는 것 같습니다,I think I can still get it within 10-15 minutes on weekdays.
성수역에서 여기 카페가 그래도 한적하고 디저트도 많고 좋은 것 같아용!,"I think this cafe in Seongsu Station is quiet, has a lot of desserts, and is good!"
점심을 많이 먹은 후 사서 바로 못먹고 오후 내 들고 다녔더니 깜찍한 봉지가 많이 구겨졌지만 그 안 소금빵은 안전했답니다,"I bought it after a big lunch and couldn't eat it right away. I carried it around in the afternoon and the cute bag was very wrinkled, but the salt bread inside was safe."
스테포스트 브라운라떼가 제일맛있구요 디저트중에선 치즈테린느가 진짜 맛있네요,"The Steppost Brown Latte is the most delicious, and among the desserts, the cheese terrine is really delicious."
버터향 그윽하고 넘나 맛나부려요!!,It smells like butter and is so delicious!!
"생일케익 구매하려고 방문했어요, 귀여운 초도 다양하고 파티할 소품도 있어 한번에 구매할 수 있어 좋은 것 같아요","I came here to buy a birthday cake. There are a variety of cute candles and party props, so it's nice to be able to buy them all at once."
"⏳네이버 예약으로 아이디1개당 최대2인 예약 가능, 타임별 50분 이용, 생각보다 시간이 촉박했는데 다행히 네컷사진은 밖에 있어서인지 시간 초과해도 이용할 수 있었어요!","⏳With Naver reservation, you can make a reservation for up to 2 people per ID, 50 minutes per time, time was tighter than I thought, but fortunately, the four-shot photo was outside, so I was able to use it even after the time limit!"
매장이 넓어서 주말인데 웨이팅 없이 들어와서 좋아요~!,"The store is large, so it’s nice to be able to come in without waiting even on the weekend!"
카페에서 직접 마시지는 못했지만 잘 꾸며 놓았더라구요!,"I didn't get to drink it directly at the cafe, but it was well decorated!"
- 쫠깃 쫠깃 하면서 달달하면서 짭짭하니 #존맛#디저트#소금빵#성수#뚝섬#빵,"- Chewy, sweet and salty #Delicious taste #Dessert #Salt bread #Seongsu #Ttukseom #Bread"
추운 날씨였는데 따뜻한 차와 함께 대화 나누기에 좋은 공간이었네요!,"It was cold, but it was a great place to have a conversation with warm tea!"
분위기 좋고 시원하고 테이블도 많고 콜드브루 디카페인 맛있네요,"The atmosphere is nice and cool, there are a lot of tables, and the cold brew decaf is delicious."
공간도 넓적하고 콘센트도 완비되어 있어 좋습니다,"The space is spacious and fully equipped with outlets, which is nice."
늘 분위기 좋은 음악과 넓직한 공간이 매력적인 구테로이테!,Guteroite is always attractive with good music and spacious space!
에스프레소 진하고 풍미 좋습니다.,The espresso is strong and flavorful.
내부도 깔끔했지만 외부 자리에서 거리구경하며 마시니 더 좋았습니다 :),"The inside was clean, but it was even better to drink outside while looking out at the street :)"
특이하고 힙한 곳이에요!,It’s a unique and hip place!
동네 커피숍이라서 자주 오는데 매번 새로운 메뉴도 있고 분위기가 좋아요~,"I come here often because it's a local coffee shop, and there's always a new menu and a great atmosphere."
소금빵에 앙버터에 있던 버터 발라먹으니 쫀득쫀득 천국의 맛이네요,"When I spread the butter from the butter on the salt bread, it was chewy and tasted like heaven."
인테리어 감각이 살아있는 곳,A place with a vivid sense of interior design
볶은 쌀맛이 그렇게 맛있다고 슬러시를 못 마셔서 아쉽지만 또 올게요!,"It's a shame I couldn't drink the slush because the roasted rice tasted so good, but I'll come again!"
가장 중요한 건 1개씩 못 사요!,The most important thing is that you can’t buy one at a time!
아이스 코코넛 밀크 커피 시켰는데 코코넛이 살짝 씹혀서 맛있었어요!,I ordered iced coconut milk coffee and the coconut was slightly chewy and it was delicious!
말차라떼 조금 질린다,I'm a little tired of matcha latte.
이 강해서 처음부터 끝까지 먹는 내내 땅콩비린내가 나서 좀 아쉬웠네요,"It was so strong that it smelled like peanuts the whole time I was eating it, which was a bit disappointing."
카페크레마 진심 크림 입에닿는순간 부드러워서 깜짝놀라는데 더 마시면 달달한 커피가 같이 들어와서 그 조화가 아주 놀라워요!,"The moment you touch the Cafe Crema Serious Cream, you are surprised at how soft it is, but as you drink more, the sweet coffee comes in and the combination is truly amazing!"
성수가 젊은 사장님들의 기획 전쟁터이지만 근본적인 맛이 부족하면 결국 소비자는 마케팅을 제외하고 본질로 선택라게된다.,"Seongsu is a planning battleground for young business owners, but if it lacks fundamental taste, consumers end up choosing based on its essence, excluding marketing."
휘낭시에 빵은 말랐다는 새로운 경험이였어요,It was a new experience that the bread was dry during Hwinang.
점심 먹으러 가는길에 들렀는데 줄이 길어서 어쩌나 고민했지만 단일메뉴에 테이크아웃 이라서 금방금방 차례가 와서 기다릴만했어요,"I stopped by on my way to lunch and the line was long so I was worried about what to do, but since it was a single menu and takeout, my turn came quickly so it was worth the wait."
• 💻좌석간 간격이 넓어 노트북 하기도 집중하기도 좋고 대화하기에도 좋아요 •,"• 💻The spacing between seats is wide, making it easy to work on a laptop, concentrate, and have a conversation •"
언제든 조용히 차 한잔 하고플때 생각나는 곳 커피는 없음,A place that comes to mind whenever I want to have a quiet cup of tea. There is no coffee.
지나다닐때마다 늘 사람이 많았아서 궁금했는데 오늘은 맘먹고 웨이팅해서 사봤어요,"I was curious because there were always a lot of people every time I passed by, but today I made up my mind and waited to buy something."
소금빵 맛집입니다!,This is a delicious salt bread restaurant!
와보고 싶었던곳인데 드뎌와보게되었어요♡,"It's a place I've always wanted to visit, and I finally got to see it♡"
"성수동 데이트하다 들렀는데 분위기도 좋고, 커피도 맛있어서 좋았어요",I stopped by Seongsu-dong on a date and it was nice because the atmosphere was nice and the coffee was delicious.
매장도 넓어서 시원하고 좋아요,The store is spacious and nice and cool.
이 날은 비교적 웨이팅이 짧아보여서 먹어봤는데 버터향도 진하고 풍미도 좋았어요!,"On this day, the wait seemed relatively short, so I tried it and it had a strong buttery aroma and flavor!"
나른한 오후 당충전에 제격인 디저트도 다양하네요~~,There are a variety of desserts that are perfect for filling up on a lazy afternoon.
게다가 차를 마시고 있으면 직원분이 오셔서 다시 한번 차를 우려서 가져다 주셔서 좋아요,"Plus, if you're drinking tea, the staff comes and brews the tea again and brings it to you, which is nice."
또가고 싶어요 줄서는 이유가 있어요 강추~,I want to go again. There's a reason there's a line. I highly recommend it~
"컵이 칵테일 느낌,,이라 그런지 맛도 칵테일 느낌,,?㉭","The cup feels like a cocktail,, Maybe because of that, the taste also feels like a cocktail,,?㉭"
"일단 공간이 시원하게 넓고, 음악 좋아요~","First of all, the space is cool and spacious, and the music is good~"
강남구청에만 있는 줄 알았는데 여기도 있네요,"I thought it was only at Gangnam-gu Office, but it’s here too."
오랜만에 들리는 카페 입니다,This is a cafe I haven't visited in a long time.
"성수 놀러왔다가 들렸는데, 들어오자마자 커피향도 너무 좋고 대화하기 좋았어요~","I stopped by while visiting Seongsu, and as soon as I came in, the smell of coffee was so good and it was nice to talk~"
성수카페 중 넘예쁘고 사랑스러운 헨리스플랏~ 영국가정식 카페라는데 인테리어가 멋져서 사진찍기에도 좋고 데이트하기 좋은곳 이에요,"Among Seongsu cafes, Henry's Plat is the prettiest and most lovely cafe. It's a British home-style cafe and the interior is nice, making it a great place to take pictures and go on a date."
여기 조용한 분위기에 스콘 맛있어요!,The scones here are delicious in a quiet atmosphere!
디자인이 심플하면서 모던해,The design is simple yet modern
"빵, 디저트 가격은 좀 있고 커피는 저렴한 편이예요.","Bread and desserts are a bit expensive, and coffee is cheap."
성수 갈때마다 재방문 의사 100000% 메뉴 하나고 테이크아웃 전문이라 줄 길어도 빨리 빠지는편!!,"Every time I go to Seongsu, I 100,000% plan to come back again. They only have one menu and they specialize in takeout, so even though the line is long, it gets crowded quickly!!"
시그니처를 마시고 싶었지만 크림이 안 땡기는 바람에 플랫화이트 마셨는데 오!!,"I wanted to drink the signature, but I didn't want cream, so I drank a flat white. Oh!!"
"메뉴는 하나 4개인 소금빵 12,000원 저녁 마감즈음 갔더니 6시반에 나온 거 가져가긴 했는데 소금빵 맛있는 편이었고 이미 쏘~~ 버터리한걸 먹어봐서 담백한 맛이었다!","One menu, 4 pieces of salt bread, 12,000 won. I went near the end of the evening and took the one that came out at 6:30, but the salt bread was delicious and I had already tried the buttery one, so it tasted light!"
고향 친구들이랑 오랜만에 만나서 성수에 왔다가 점심 먹고 커피 먹으러 들렀어요,"I met up with my hometown friends for the first time in a while, came to Seongsu, and stopped by for lunch and coffee."
항상 탈기탈기 맛나게 먹었던 곳이라 믿고 예약했습니다~,I made a reservation believing it was a place where I always had delicious food.
커피랑 디저트 다 맛있어요,Coffee and desserts are both delicious.
가게와 점원분들 복장도 무척 이국적인게 뭔가 소금빵만 20년 전념했을 듯한 기대감 만빵 소금빵이었어요.,"The store and the clerks' attire were also very exotic. It was a salt bread that filled with anticipation, as if they had dedicated themselves to salt bread for 20 years."
점심때 자주 방문하는곳인데 커피도 맛있고 디저트류도 맛있어요!,"I often visit this place for lunch, and the coffee and desserts are delicious!"
도쿄 느낌나는 디테일,Details reminiscent of Tokyo
"내부 매장는 없고 , 야외 테이블 있어요","There is no store inside, but there are outdoor tables."
매장에서 먹을 수 있는 곳은 없고 무조건 포장 1개 안되고 4개 1세트로만 구매 가능,"There is no place where you can eat it in the store, and you can only buy it in a set of 4, not 1 package at all times."
길가는데 풍기는 소금빵의 향을 그냥 지나칠순 없죠.,You can't just miss the scent of salt bread wafting along the street.
같으신 분에게 차를 추천받으면서 이것 저것 짧게 이야기 해주셨는데 차를 좋아하시는 분이라는게 확 느껴져서 뭔가 세계관 일치하는 느낌 같아서 좋았다.,"When I was recommended a car to a similar person, he briefly talked about this and that, and it was clear to me that he was a person who liked tea, so it felt like we had a similar world view, so I liked it."
항상 케이크 여기서맘 사요~,I always buy cakes here~
그리고 키오스크 먼저 계산하라고 좀 더 크게 써붙여놔야 할 듯요 줄 서있으니 그냥 뒤따라 줄서있는 사람이 더 많지않나요?,"Also, I think there should be a bigger sign telling people to check out at the kiosk first. Aren't there more people just waiting in line after people in line?"
줄이 길어서 좀 힘들었지만 맛있어요!,"It was a bit difficult because the line was long, but it was delicious!"
폭신하고 맛있었습니다~!,It was fluffy and delicious~!
🥐 마시는 물도 비치되어있어 좋아요~~!,🥐 It’s nice that drinking water is provided~~!
성수 소금빵 맛집이라고 해서 바로 줄서기 주말 2시 좀 넘었는데 사람이 별로 없어서 바로 구매했네요,"Since it was a famous Seongsu salt bread restaurant, I had to wait in line right away. It was a little after 2 o'clock on a weekend, but there weren't many people, so I bought it right away."
태태보러왔다가 달콤한 케이크도 먹고 좋았어요,I came to see Tae-tae and it was nice to eat sweet cake.
"😎 맛이 다양해서 카페에서는 오리지널 맛보고, 볶은쌀맛, 녹차맛, 군밤맛은 따로 사와서 마셔봤는데 하나같이 다 맛있잖아?","😎 There are a variety of flavors, so I tried the original at a cafe, and I bought and drank the roasted rice, green tea, and roasted chestnut flavors separately, and they are all delicious, right?"
티 따로 구매할 의향 있을 정도,I am willing to buy the tea separately.
커피뿐만 아니라 잘어울리는 디저트들도 다양~ 너무 좁아서 앉을 자리가 별로 없는 성수카페들과 달리 넓고 쾌적한 공간이라 대추천!,"Not only coffee, but also a variety of desserts that go well with it. Unlike Seongsu cafes, which are too narrow and don't have much space to sit, it's a spacious and comfortable space, so I highly recommend it!"
운 좋아서 멍뭉이도 쓰담쓰담 해주고 갑니다,I'm lucky enough to get a pat on the dog too.
주말 내내 먹으려고 잔뜩 사왔는데 너무 맛있어서 지금도 순삭중입니다!,"I bought a bunch to eat all weekend, and it was so delicious that I’m still eating it right now!"
바삭 쫄깃한 소금빵 취향인데 바로 나왔음에도 불구하고 그러진 않았어요..,"I like crunchy and chewy salt bread, but even though it came right away, it wasn't that good..."
그동안 전통차를 바탕으로 한 코스를 다녀보았었는데 커피로의 코스 프로그램은 이번이 처음이었구 커피에는 다소 문외한이었지만 레오 선생님의 친절한 응대와 더불어 커피 하나하나에 대한 상세한 설명 그리고 커피 전반적인 이야기를 나누며 즐거운시간이 만들어 진 것 같아 좋았습니다!!,"I have been taking courses based on traditional tea, but this was my first time taking a coffee course program, and although I was somewhat unfamiliar with coffee, it was nice to have a great time with Mr. Leo's kind response, detailed explanations of each coffee, and general discussion about coffee!!"
평일 저녁 6:30 저녁에 빵나오고 40분 정도 지나서 방문하니 15분 좀 넘게 기다려서 빵 받을 수 있었어요.,"I visited about 40 minutes after the bread was served at 6:30 on a weekday evening, so I had to wait a little over 15 minutes to receive the bread."
3일간만 게바를 한다해서 다녀왔는데 너무 다 맛있고 좋았어요!,"I went there because they said they only had crab for 3 days, and everything was so delicious and good!"
"자리마다 콘센트도 있고, 1-2인용 책상도 많이 구비되어있어 일하고 공부하기 좋을거같아요!","There are outlets at each seat, and there are plenty of desks for 1-2 people, so it's great for working and studying!"
"차마시기 좋은카페 차를 두번정도 우려주시고 (한번더 리필되니 꼭 두번드세요!) 주말저녁에 갓는데 아늑한느낌 넘조아요 손님들도 꽤있는편 현미녹차는 구수한맛, 호박차는 쌉쌀한맛","A great cafe for tea. Brew the tea twice (it gets refilled again, so be sure to drink it twice!) It's a cozy place to go on a weekend evening. There are quite a few customers. The brown rice green tea has a savory taste, and the pumpkin tea has a bitter taste."
",,, 양이 적고 가격이 비싸지만 너무 맛있어서 사서 회사 들어오면서 다마셨습니다,,,, 머쓱",",,, The quantity is small and the price is high, but it was so delicious that I bought it and drank it all on the way home from work.,,, Hesitantly."
성수올때마다 미팅이나 간단히 작업할때도 콘센트가 있어서 좋구요!,"Whenever I come to Seongsu, it's nice to have an outlet for meetings or even for simple work!"
테이크 아웃을 주로 하지만 안쪽으로 자리가 꽤 있어서 마시고 가기도 좋네요.,"It's mostly take out, but there's plenty of seating inside so it's nice to have a drink."
원데이클라스 관심있어요!!,I’m interested in one-day classes!!
이천 쌀 스무디도 자극적이지 않은 맛이고 보통적인 스무디처럼 곱게 갈린게 아니라 빨리 녹지 않아서 좋아요,"Icheon Rice Smoothie also has a non-irritating taste and is not finely ground like a regular smoothie, so I like it because it does not dissolve quickly."
같이 방문한 짝꿍이 디저트를 안 좋아해서 디저트는 거의 저 혼자만 먹는데 이건 맛있다고 80%를 짝꿍이 먹었어요,"My partner who visited with me doesn't like desserts, so I mostly ate desserts to myself, but this was so delicious that my partner ate 80% of it."
인테리어도 무언가 스러운듯 레트로 느낌이 물씬 나고 밖에서 빵을 판매하는 분들도 알프스 소녀 하이디 처럼 하고 계셔서 눈길을 끌었습니다.,"The interior also had a retro feel, and the people selling bread outside looked like the Alps girl Heidi, which caught my attention."
분위기 좋고 친절하시고 내부 인테리어가 쾌적해서 좋아요,"The atmosphere is nice and friendly, and the interior is pleasant."
옆에 시킨 에이드도 상큼톡톡해서 입안이 리프레시되는 느낌💛 비주얼도 예쁘고 맛까지 만족스러워서 재방문 예약입니다,"The ade I ordered next to it was refreshing and refreshing, so my mouth felt refreshed💛 It looks pretty and I am satisfied with the taste, so I am making a reservation for a repeat visit."
일행이 먼저 픽업 웨이팅한다해도 번호표가 따로 있어서 번호에 맞춰 기다려주셔야해요!,"Even if your group waits for pickup first, there is a separate number tag so you have to wait according to your number!"
"시그니처라떼 추천해주셨는데, 크림이 느끼하지 않고 맛있네요 :)","You recommended the Signature Latte, and the cream is delicious without being greasy :)"
소금빵 한때는 정말 좋아해서 여기저기서 엄청 사먹다가 요즘은 시들해졌었는데 올해 영종도에서 먹어본 뒤로 인생-소금빵 돼서 서울쪽 분점 종종 들릅니다,"I used to love salt bread so much that I bought a lot of it here and there, but these days I'm tired of it, but after trying it in Yeongjong Island this year, salt bread became my life and I often visit the branch in Seoul."
버터 가득 소금빵이에요~~,It’s salt bread full of butter~~
"따뜻하게 먹다가 실내가 햇빛받으면서 엄청 더워져서 얼음컵 요청드리니 바로 갖다주셨고, 얼음컵에 직접 옮겨주셔서 시원하게도 먹었는데 그것도 정말 맛있었어요 :) 도심 속 서촌같은 바이브 정말 최고,,💗","While I was eating it warm, the sun was shining and it got really hot inside, so I asked for an ice cup and they brought it to me right away. They even put it in an ice cup and ate it to cool me down, and it was really delicious :) The vibe like Seochon in the city is really the best,,💗"
강남 최고의 카페.♡♡♡,The best cafe in Gangnam.♡♡♡
그동안 인정 못했는데.,I couldn't admit it until now.
성수에도 구테로이테 생겨서 너무좋아요,I’m so glad that there’s a guteroite in Seongsu too.
시원하고 한적해서 좋아요!!,I like it because it’s cool and quiet!!
😉 날씨가 너무 더워서 실내에 앉았는데 선선할 때 오면 야외에 앉아 있는 것도 좋을 것 같아요,"😉 The weather was so hot that I sat inside, but I think it would be nice to sit outside when it's cooler."
"힝,, 엄청 기대하고 가서 웨이팅 하고 산건데,,, 쩝,,🥲","Hmm, I was really looking forward to it and had to wait to buy it,,, Wow,,🥲"
근데 남친이랑 둘만의 시간을 보내고싶은데 직원이 너무 졸졸 따라다니는느낌이 안훔쳐가요,"But I want to spend time alone with my boyfriend, but I don't feel like the staff is following me around."
회사 동료와 잠시 사무실을 벗어나 커피 마시면서 가볍게 업무도 할 겸 들렀습니다.,I stopped by with a co-worker to get out of the office for a while and drink coffee and do some light work.
냄새만 맡으면 엄청난 버터풍미가 가득 할거 같은데 막상 먹으면 딱히 맛있다라는 싶은 느낌은 없어서 실망했어요,"When I smelled it, it seemed like it would be full of amazing buttery flavor, but when I actually ate it, I was disappointed because it didn't feel particularly delicious."
성수동 내 차분한 차 카페.,A calm tea cafe in Seongsu-dong.
전시 보고 쿠폰 있어서 아아 겟!,I saw the exhibition and got a coupon so I got it!
너무 맛있었어요:-) 성수가면 꼭 사오는 소금빵 맛집❤️,It was so delicious:-) A must-buy salt bread restaurant when in Seongsu❤️
"노끈에 일일이 브랜드택 걸고 봉투 접고 노끈을 또 손잡이처럼 예쁘게 꼬고묶고… 낱개로는 안팔고 한봉투 네개 단위로만 파는데, 대개 몇 봉투씩 사가니까 줄이 빨리 줄지 않는 거였어요.","I put brand tags on each piece of twine, folded the envelope, and twisted and tied the twine neatly like a handle... They don't sell them individually, they only sell them in bags of four, but since you usually buy several bags at a time, the line doesn't go down quickly."
정작 제가 구매한 빵 봉지만 찍고 내용물을 안찍었는데 매장 안에 찍은 사진의 빵 모양과 동일하다고 보시면 돼요!,"Actually, I only took pictures of the bag of bread I bought, but I didn't take pictures of the contents, but you can see that it looks the same as the bread in the picture taken inside the store!"
친구들이랑 처음 왔는데 확실히 가게 인테리어가 이뻐요!!,"It was my first time coming here with my friends, and the interior of the store was definitely pretty!!"
바로 그자리에서 하나먹었으나 따뜻함없었음..,"I ate one right then and there, but it wasn't warm."
지나가다 모든사람이 들고잇는봉투와 냠샤에 홀랴 자연스러게 주문 따뜻한 갓나온 소금빵이야 덩연히맛잇겟다만 강조허듯이 버터가 좋은걸 서용햐서 그런지 풍미가 다르다,"As I was passing by, I was fascinated by the bags and yumsha that everyone was holding, so I naturally ordered warm, freshly made salt bread. It was obviously delicious, but as I emphasized, the flavor was different because I was used to having good butter."
외관이 넘 멋있어서 들어왔는데 음악과 조명이 너무좋고 무엇보다 커피가 너무 맛있네요.,"I came in because the exterior was really cool, but the music and lighting were really nice, and most of all, the coffee was really delicious."
"포장만 가능, 포장이 독특한 걸로 컨셉을 잘 잡아서 인기몰이 한 것도 있지만 소금빵도 맛있음!!","It is only available for take-out, and it has gained popularity due to its unique packaging and well-conceived concept, but the salt bread is also delicious!!"
차는 다 마실 때 쯤 직원 분이 새로 우려주셔서 충분히 즐길 수 있었습니다.,"By the time I finished drinking my tea, the staff had brewed a new one, so I was able to fully enjoy it."
쇼콜라는 맛이 너무 강하다고 할 정도로 맛이 많이 진하다고 합니다.,It is said that the taste of chocolate is so strong that some say it is too strong.
일단 버터를 진짜 듬뿍 쓴게 느껴지고 따뜻할때 먹으니 너무 맛있음,"First of all, you can feel that a lot of butter was used and it tastes really good when eaten while it is warm."
디저저트가 진짜 넘 맛있고 푸딩 부드럽고 케이크 살살 녹아요,"The dessert is really delicious, the pudding is soft and the cake melts easily."
재민이 생일기념 방문한 카페 !!,The cafe Jaemin visited to celebrate his birthday!!
"1. 매장: 매우 깔끔, 매우 차분(사람들 많아지니까 조금 시끌벅적해지긴 했지만, 분위기 자체는 그런 곳이 아님), 매우 정갈함.","1. Store: Very clean, very calm (it got a little noisy as there were more people, but the atmosphere itself was not like that), very neat."
시부모님 생신이시라 예쁜 케익 해드리고 싶어서 검색하다가 방문했는데 케익도 너무 예쁘고 맛있어서 완전 만족했습니다!!,"I came here after searching because I wanted to make a pretty cake for my in-laws' birthday, and the cake was so pretty and delicious that I was completely satisfied!!"
🫶🏻 떡와플 너무 부드럽고 쫄깃하고 오리지널 슬러시는 고급진 더위사냥 맛인데 입안이 텁텁하지 않아 좋았어요!,"🫶🏻 The rice cake waffle was so soft and chewy, and the original slushie had a luxurious heat-killing taste, but it wasn't soggy in the mouth, which was nice!"
매장분위기도 넓고 쾌적해서 좋아요!!,"The atmosphere of the store is spacious and comfortable, so I like it!!"
차 타자마자 하나 먹었는데 맛있네용,I ate one right after getting in the car and it was delicious.
추천요 구매방법은 결제대기줄에서 결제먼저하시고 소금빵 받으러 줄 서시면 돼요!(,Recommended way to purchase is to pay first in the payment line and then stand in line to receive the salt bread! (
오늘도 30분 정도 대기하고 따끈따끈한 소금빵 데려갑니다,"Today again, I will wait for about 30 minutes and bring you some warm salt bread."
😆 단품으로도 팔면 좋을 것 같은데 4개씩으로만 구매 가능한 점이 살짝 아쉬워요.,"😆 It would be nice if they sold them individually, but it's a bit disappointing that they can only be purchased in sets of 4."
쑥티라미스가 쑥맛이나 향이 강하지않고 부들부들 맛있어서 좋았어요.,I liked the mugwort tiramisu because it didn't have a strong mugwort taste or scent and was soft and delicious.
디올 매장 자체는 매우 예쁘나 까페는 너무 협소하고 특별할게 1도 없는데다가 어플로는 두타임 연속 예약이 가능한데 실제로 이용은 못하게 해놨네요?,"The Dior store itself is very pretty, but the cafe is very small and there is nothing special about it. Also, you can make reservations for two consecutive hours through the app, but they don't allow you to actually use it?"
저는 아이돌 생일카페로 인해서 방문하게 되었는데 카페 직원 분들도 친절하시고 좋았어서 사적으로도 재방문 의사가 있어욥!,"I visited the idol's birthday cafe, and the staff at the cafe were friendly and nice, so I personally plan to visit again!"
내부 인테리어가 사장님의 개성이 느껴지는 곳입니다.,The interior is a place where the personality of the owner can be felt.
너어무 유명해서 항상 궁금했던 곳🧐 평일 저녁이라 그런지 웨이팅이 짧아서 바로 합류했는데 다들 종이를 들고 있어요!,"I've always been curious about this place because it's so famous🧐 Perhaps because it was a weekday evening, the wait was short, so I joined right away and everyone was holding papers!"
성수동 메인길에서 한블럭 벗어나있어 너무 붐비지 않고 좋아요.,"It's a block away from Seongsu-dong's main street, so it's not too crowded."
"스콘 특유의 퍼석거리면서 휘날리는 느낌을 케이스에 담아서 깔끔하게 먹을 수 있는 것도 좋고 로투스, 계란과자 등 온겆 토핑에 빅토리아 스콘 자체도 밸런스가 아주 잘 맞아요,,❤️ 신논현 카페들 중에서는 정말 꼭 와봐야 되는 곳이라고 생각해요 !","It's nice to be able to eat the scone neatly by putting it in a case that has the unique fluttery feel, and the Victoria scone itself is well balanced with whole toppings such as lotus and egg crackers,,❤️ I think it's a must-visit place among Sinnonhyeon cafes!"
레몬셔벗과 에스프레소가 같이들어간 깔끔한 특별한 메뉴가있어서 좋아요~,I like that there is a neat special menu that includes lemon sorbet and espresso~
독특한 메뉴가 있고 맛도 좋아요,They have a unique menu and the taste is good.
귀여운 딸기 케이크 추천!,Recommended cute strawberry cake!
이곳에 오면 맛있는 에스프레소를 마실수 있어 항상 기분이 좋습니다.,I always feel good because I can drink delicious espresso when I come here.
아아랑 7000원짜리 머시기 누아르 음료랑 프토 주문했는데 완전 달짝지근하고 맛있어서 남김없이 싹싹김치했습니다,"Ah, I ordered a 7,000 won Maci Noir drink and Pto, and it was so sweet and delicious that I made kimchi without any leftovers."
회사 고객분과 함께 방문해도 언제나 평이 좋습니다.,"Even when I visit with the company's customers, the reviews are always good."
성수동 케이크 사러 우연히 왔는데 좋은재료로 만든것 같아요.,"I happened to come to Seongsu-dong to buy a cake, and it seemed to be made with good ingredients."
좋아하는 아이돌 생일카페때문에 오게됬는데 카페가 넓고 깨끗해서 너무 좋았어요 !!,"I came here because of my favorite idol's birthday cafe, and I really liked the cafe because it was spacious and clean!!"
커피도 맛있고 연무장길에서 넓직하게 조용하게 커피마시기 좋음~~,The coffee is delicious and it's nice to drink coffee quietly and wide on Yeonmujang-gil~~
미리 담겨져 있던 것을 받아서 빵을 담는 과정을 보지는 못했습니다.,I did not get to see the process of putting bread in it because I received it pre-packaged.
cafe라기보다는 빌딩에 있는 일반 프랜차이즈 샵같음.,"Rather than a cafe, it feels like a regular franchise shop in a building."
줄이 엄청 길었는데 직원분이 잘 정리해주셔서 줄이 번잡하지 않고 후다닥 빵 구매했어요,"The line was very long, but the staff organized it well, so I bought bread in a hurry without waiting in line."
어쩔 따뜻한빵 바로먹으니 세상행복할수가없네요,I couldn't be happier eating warm bread right away.
매장 인테리어도 힙해서 성수동 올 때마다 들릴 것 같아요,"The store's interior is also hip, so I think I'll stop by every time I come to Seongsu-dong."
뚝섬역 인근 조용한 골목에 위치해 있는 카페 스테포스트,"Steppost, a cafe located in a quiet alley near Ttukseom Station"
우드우드한 인테리어에 매장도 깔끔하고 자주 방문하려구요~~,"The store has a wooden interior and is clean, so I plan to visit often."
시트는 브라우니처럼 꾸덕하고 뭔가 씹히는 식감도 있고 달지않고 좋은데 크림이 진짜 무슨일인지 제가 플디 케이크샵에서 이미 여러번 사먹어봤고 플디 성수점에서도 구매해봤는데 퀄리티 진짜 실망..,"The sheet is soft like a brownie, has a chewy texture, and is good without being too sweet, but I don't know what's really going on with the cream. I've already bought it several times at PD Cake Shop and at PD Seongsu branch, but the quality is really disappointing..."
이것이야 말로 소금빵이라면 가져야 할 맛이다!,This is the taste that salt bread should have!
#나나의_스타일기 #NANA_STARDIARY #CAFE_BDAY,#Nana’s style story #NANA_STARDIARY #CAFE_BDAY
요즘 소금빵에 푹 빠져있는지라 카페에 파는 소금빵은 다 먹어봤는데 커피도 안팔고 소금빵 하나만 판다기에 기대를 하고 먹어봤는데 역시 이렇게 맛있는 소금빵은 처음 먹어본다.,"I'm obsessed with salt bread these days, so I've tried all the salt bread sold in cafes, but since they don't sell coffee and only sell salt bread, I tried it with high expectations, but it's my first time eating such delicious salt bread."
소금빵 나오는 시간대 맞춰서 간거여서 따끈하게 바로먹을수있었어요.,"Since I went just in time for the salt bread to be served, I was able to eat it hot right away."
자리가 많아서 혼자서 시간 보내기도 좋아요,"There are plenty of seats, so it's good to spend time alone."
요즘 같은 날씨에는 아이스로 드시는 것도 좋을 거 같습니다,"In weather like these, it would be nice to eat it iced."
차뿐만 아니라 디저트도 넘 맛있고 분위기도 좋아서 대화하기도 너무 좋은 힐링공간이에요,Not only the tea but also the desserts are delicious and the atmosphere is great so it's a great healing space for conversation.
직장동료들과 종종 자주 가는 곳입니다:) 커피가 맛있고 특히 구테로이테 콘판나가 너무 맛있어요~~,"This is a place I often go to with my coworkers :) The coffee is delicious, and Guteroite Companna is especially delicious~~"
"바로 나오자 먹어도 맛있고, 집에서 에어프라이기 돌려 먹었는데 처음 먹었던 것과 같은 맛이 나고 너무 맛있어요","It was delicious to eat right away, and when I ate it in the air fryer at home, it tasted the same as the first time I ate it and it was so delicious."
사람이 많아서 음료나오는데 시간이 걸리긴 햇지만 널찍아니 자리도 띄엄띄엄인것도 좋고 야외에 앉을 수 있는것도 좋아요!,"It took a while for the drinks to come out because there were a lot of people, but it's spacious so it's nice that the seats are spread out and you can sit outside!"
사람이 많아서 들어와봤는데 커피도 맛있구 조명이 노래서 예뻐요,"I came in because there were a lot of people, and the coffee was delicious and the lighting was pretty."
방문 당시 카페에서 켈빈클라인 팝업을 진행하고 있었음에도 카페랑 공간분리와 통제가 잘 되어있어서 방해받지 않고 커피 잘 마시다가 갔어요~,"Even though a Calvin Klein pop-up was going on at the cafe at the time of my visit, the space was well separated and controlled from the cafe, so I was able to enjoy my coffee without being disturbed."
성수를 왔는데 여길 안 와…?,"I came to Seongsu, but I didn’t come here… ?"
너무 추워서 따듯한 애플시나몬라떼랑 밀크티 마셨는데 시나몬라떼는 씹히는 사과랑 계피조합이 너무 좋았구 밀크티가 정말 부드럽고 맛 진하니 계속 먹고싶은 맛이었어요!,"It was so cold that I drank a warm apple cinnamon latte and milk tea. The cinnamon latte had a great combination of chewy apple and cinnamon, and the milk tea was so smooth and rich that I wanted to keep eating it!"
디파인서울 땜에 왔다가 방문 했는데 특별한 메뉴로 시켜봤는데 맛도 좋소 분위기도 좋아요,I came here because of Define Seoul and ordered a special menu. It tasted good and the atmosphere was nice too.
ㄲ ㅑ 옴팡지게 귀여운 소그미빵 🥐💛 성수 거리 지나다니다 버터향에 이끌려 가다보니 자연스레 자연도 소금빵 웨이팅 줄에 서있더라구요 ?!,"ㄲ ㅑ Super cute Sogmi bread 🥐💛 While passing by on the streets of Seongsu, I was drawn to the scent of butter and naturally, I found myself waiting in line for salt bread?!"
4개에 12000원 1묶음 판매만 하니.,"They only sell one bundle of 4 for 12,000 won."
저번에도 스테포스트 왔을때 스테포스트 브라운을 먹었었는데 이번에 성수 와서 카페 가려는 중에 생각나 또 먹으러 왔는데 역시나 그때와 똑같이 너무 맛있고 노래 분위기 다 좋았습니다!,"Last time I came to Stepost, I had Steppost Brown, but this time when I came to Seongsu and was about to go to a cafe, I remembered it and came to eat it again. It was just as delicious as before and the song had a great atmosphere!"
🙏 바깥에 키오스크 안내 직원 1명 빼고도 직원 3명 나와있었는데 끈 묶어주시는 분 한 분 제외하면 다 그냥 멀뚱히 서서 포장하는 거 쳐다보고 잡담하고 계시더라구,"🙏 There were three employees outside, excluding one kiosk guide, and except for one person tying the laces, they were all just standing around looking at the packaging and chatting."
커피도 산미 적고 사장님이 직접 개발한 추천 신메뉴들도 다 괜찮네요.,The coffee is low in acidity and the recommended new menu items developed by the owner are all good.
"티 처음인데 맛있었어요, 다음에는 다른 종류도 먹어보려구요!",It was my first time having tea and it was delicious. I plan to try other types next time!
"요 카페는 정구기, 석지니 생일 때 가고 이번이 3번째 방문인데","I went to this cafe for Jeong Gu-gi and Seok Ji-ni's birthdays, and this is my third visit."
카페가 넓고 쾌적해서 좋습니다~,"The cafe is spacious and comfortable, so I like it~"
명장님이 운영하시는 빵집.,A bakery run by a master baker.
분위기가 좋고 조금 색다른 디자인의 인테리어로 되어있어욥,The atmosphere is nice and the interior has a slightly unique design.
이름이 정겨워서 들어왔어요 시그니쳐메뉴가 궁금해서 리뷰남깁니당,"I came here because I liked the name. I'm curious about the signature menu, so I'm leaving a review."
빵 굽느라고 15분 정도 기다렸다가 갓 구운 빵 먹었는데 맛있고,"I waited about 15 minutes for the bread to bake and then ate the freshly baked bread, and it was delicious."
"순서대로 안내해주셔서 회전율이 좀 느린 편이지만, 그만큼 대접받는 느낌이라 좋았어요.","The turnover rate was a bit slow as they guided you in an orderly manner, but it was nice to feel like you were treated well."
매장 넓어서 단체모임하기에도 좋고 베이커리 커피 다 맛있어용,"The store is spacious, so it's great for group gatherings, and the bakery coffee is all delicious."
결제줄 빵받는줄 따로 있어요,There is a separate payment line and bread receiving line.
"간혹 소금빵에 올려진 소금에서 쓴맛이 올라오는 곳이 있는데, 자연도소금빵은 소금에서 그런 느낌이 전혀 없어서 좋았어요.","Sometimes the salt on salt bread creates a bitter taste, but I liked that Natural Salt Bread didn't have that feeling at all from the salt."
🧸 빵 종류도 많았는데 메론빵 적당히 달콤해서 맛있었어요!!,"🧸 There were many types of bread, but the melon bread was moderately sweet and delicious!!"
성수점에 처음 방문했어요!,It was my first time visiting Seongsu branch!
☺️ 우유케이크도 퐁실퐁실하고 달달구리해서 제취향입니다,"☺️ The milk cake is fluffy and sweet, so I like it."
일정 마치고 잠깐 시간이 떠서 평소에 와보고 싶었던 구테로이데 방문해봤어요!,"After finishing my schedule, I had some free time, so I visited Guteroide, a place I've always wanted to visit!"
다른 손님들의 귀여운 멍멍이들도 볼수있고 테라스도 이용가능하고 분위기도 좋고 잠깐 즐기다 가기 딱 좋은 곳!!,"You can see the cute dogs of other guests, you can use the terrace, the atmosphere is great, and it's the perfect place to have fun for a while!!"
오랜만에 엄마와 서울로 나들이 와서 함께 방문했는데 분위기도 너무 좋고 엄마가 정말 좋아하셨어요 : ) 하동녹차와 작살차 그리고 단호박 파운드 시켜먹었는데 티도 한번씩 더 리필 할 수 있고 무엇보다 티가 진하고 맛있더라구요!,"It's been a while since my mom and I went on an outing to Seoul and visited together. The atmosphere was really nice and my mom really liked it :) I ordered Hadong green tea, spear tea, and pumpkin pound. You can refill the tea once more, and most of all, the tea is rich and delicious!"
어딜가나 버블티 찾아먹어서 공차 매장 여기저기 다 가봤는데 서울숲이 최고에요.,"I've been looking for bubble tea everywhere I go, so I've been to all the Gongcha stores, but Seoul Forest is the best."
시그니쳐 에스프레소가 너무 맛잇어용 순수 우유케잌 기대돼여,The signature espresso is so delicious. I’m looking forward to the pure milk cake.
커플끼리 와도 친구끼리 와도 너무 좋을거같아용,I think it would be great to come as a couple or with friends.
짠맛 보다는 기름지고 고소하고 느끼함이 주로 느껴집니다.,"It mainly tastes oily, savory, and greasy rather than salty."
정말 가보고 싶었던 로우어 가든💓 항상 사람이 많아 만석이어서 못 갔는데 비가 추적추적 오늘 토요일 강남역이 너무 붐벼 논현으로 넘어와 드디어 방문했네요.,"I really wanted to go to the Lower Garden💓 I couldn't go because it was always crowded and full, but the rain was keeping me busy. Today, Saturday, Gangnam Station was so crowded that I came over to Nonhyeon and finally visited."
사람이 많긴 하지만… 동네 주민으로 주변에 가볍게 선물하기 제일 좋아요,"There are a lot of people, but… As a local resident, it's best to give a light gift to people around me."
그저께도 왔었는데 점심먹고 오늘 또 왔어요.,"I came the day before yesterday, but I came again today after lunch."
넓고 쾌적하규 커피 가성비 굳!!,"Spacious and comfortable, great value for money!!"
빵도 맛있고 좋았네요.,The bread was delicious and good too.
"소금빵으로 유명한 자연도소금빵 그 명성은 익히 들어 알고 있었지만 갈 일이 없어서 먹어볼 수 없었는데, 이번에 익선동에 가게 되어서 설렘 마음으로 방문했습니다.","I had heard of Jayeondo Salt Bread, which is famous for its salt bread, but I couldn't try it because I didn't have time to go, but this time I went to Ikseon-dong, so I visited with excitement."
유튜브에도 나오고 그래서 궁금해서 사먹으러 갔는데 평일이라 그런가,"It was also on YouTube, so I was curious so I went to buy it, but I guess it was because it was a weekday."
인테리어도 전체적으로 너무 깔끔해서 분위기 내기에도 좋아요~,"The overall interior is also very clean, so it creates a good atmosphere."
🧑‍🧑‍🧒‍🧒점심시간대 외에는 비교적 붐비지 않아 편하게 이용가능할 것 같아요! •,"🧑‍🧑‍🧒‍🧒It is relatively uncrowded other than lunch time, so I think you can use it comfortably! •"
지나다 추워서 들어왔는데 커피가 가격도 좋고 맛있어요!,"I came in because it was cold, but the coffee was good and delicious!"
웨이팅 줄 길어도 금방 빠져요,"Even if the waiting line is long, it moves quickly."
☺️ 처음에 줄서있길래 바로 그 줄에 섰는데 미리 키오스크에서주문 후 나온 주문서를가지고 줄을 선 다음 받아가는거더라구요?,"☺️ There was a line at the beginning, so I stood in line, but I heard that you had to order at the kiosk in advance, then stand in line with the order form and then receive it?"
"크림가득한 셈라, 겉바속촉 휘낭시에 버터풍미가 느껴지는 스콘과 촉촉 부드러운 번까지 다양하게 먹어봤는데 하나 같이 다 맛있었어요","I tried a variety of things, including cream-filled semra, scones with a buttery flavor on the outside, and soft, moist buns, and they were all delicious."
매장도 꽤나 쾌적하고 깔끔해서 편안히 잘 쉬다갈수있었습니다,"The store was also quite comfortable and clean, so I was able to rest comfortably."
노래 좀 바꿔주세요.,Please change the song.
키오스크에서웨이팅하고오전이라서대기없이바로포장된거같아요,"There was a wait at the kiosk and since it was in the morning, I think it was packed right away without waiting."
남자친구가 영종도에서 소금빵 먹고오더니 소금빵만 보면 영종도에서 먹었던 자연도 소금빵이 원탑이다 라고 매번 그래서 너무 궁금 했는데 성수 왔다가 발견하고 줄서서 먹었어요,"My boyfriend came back from Yeongjong Island to eat salt bread, and every time he looked at the salt bread, he said that the natural salt bread he ate in Yeongjong Island was the best, so I was very curious, but when I came to Seongsu, I found it and stood in line to eat it."
따뜻할때 바로드셔도되고 집가서 에프에 데워먹으면 꿀맛 일단 오른쪽 키오스크 가셔서 결제하시고 픽업종이 꼭 챙기셔서 왼쪽 픽업줄로 가세여!!,"You can eat it right away while it's warm, or it's delicious when you get home and reheat it. First, go to the kiosk on the right and pay, and be sure to take your pick-up paper and go to the pick-up line on the left!!"
흘러나오는 음악 소리도 좋고 시그니처 커피도 프렌치 토스트도 맛있었어요,The music played well and the signature coffee and French toast were delicious.
아쉬운점은 낱개로는 살 수없고 최고 4개씩 단위로 살 수 있어요.,"The unfortunate thing is that you can't buy them individually, but you can buy them in groups of up to 4."
"🏡☕ 하지만 가격 대비 양이 적은 편이고, 사진 속 유리컵이 아니라 종이컵으로 제공된 점은 살짝 아쉬웠어요..!","🏡☕ However, the quantity was small compared to the price, and it was a bit disappointing that it was provided in a paper cup rather than the glass cup in the photo..!"
"매장 자체가 넓고 깨끗하고, 음료도 맛있어요..","The store itself is spacious and clean, and the drinks are delicious."
너무 맛있고 항상 자주 오는 곳이에영,It's so delicious and I always come here often.
시원하게 전창으로 꾸며진 2층까페라 지나가며 눈여겨보았다가 고기먹은 날이라 커피마시러 gogo~ 앙증맞은 레몬케잌과 배부르지만 항상 빵먹을 배는 있는지라 올리브치아바타도 하나 얼른 픽하고 산미 있는 아아와 산미없는 뜨아를 한잔씩 주문했다,"It was a cool, full-windowed cafe on the second floor, so I noticed it as I passed by, and since it was a meat day, I went for coffee. I was full with a cute lemon cake, but I always had the stomach for bread, so I quickly picked up an olive ciabatta and ordered a glass each of the sour Aa and the non-acid Toa."
커피만 마시는 건 질려서 도심속에서 시티뷰를 즐기며 차를 마실 수 있다는 성수 맥파이앤타이거 성수티점에 방문했어요,"I was tired of only drinking coffee, so I visited Seongsu Magpie & Tiger Seongsu Tea Branch, where you can drink tea while enjoying the city view in the city center."
"지나다 시음해보고 들어가서 오리지넌 슬러시 마셨어요 성수동 돌아다니며 더웠는데, 더위사냥처럼 시원하고 달달하니 눈이 번쩍 광명찾는 기분이었어요","I passed by and tasted it, then went in and drank the Origin slushie. It was hot while walking around Seongsu-dong, but it was cool and sweet, like hunting in the heat, so I felt like I was seeing light in my eyes."
조금 대기했는데 소금빵이 너무 맛있어요!,"I had to wait a bit, but the salt bread was so delicious!"
조용하고 차분해서 나만의 공간에 온 힐링되는 공간 느낌?,"Do you want to feel like a quiet, calm, healing space in your own space?"
메뉴도 맛있어보여서 생일카페 안 할 때도 나중에 또 재방문 의사 있습니다,"The menu looks delicious, so I plan to visit again in the future even when I'm not at the birthday cafe."
소금빵이 겨울이라 긍가 받자마자 바로 먹었는데 차가와서 아쉽긴하네요,"Since salt bread is winter, I ate it as soon as I received approval, but it was disappointing that it was cold."
그냥일단 뜯으면 2개는 순삭이라 이제는 그런생각이 전혀 안든다 여기저기 유명하단 소금빵집은 대부분먹어보았는데.,"I don't even think about it anymore because once I open it, 2 pieces are just fine. I've tried most of the famous salt bakeries here and there."
원래 계획엔 없었는데 근처를 지나던 중 잠깐 쉬려고 들렀어요.,"It wasn't in my original plan, but I stopped by to take a quick break while passing nearby."
직원분들도 친절히 응대해주시고 코스마다 설명해주시는것도 좋았습니다.,It was nice that the staff responded kindly and explained each course.
사실 인테리어도 너무 예쁘지만 디저트와 음료도 맛있었어요,"Actually, the interior was very pretty, but the desserts and drinks were also delicious."
"😆 성수역 4번출구 7분거리에 위치해있고, 매장이 성수동 골목사이에 있어 주차는 따로 안되요~ ******************","😆 It is located 7 minutes away from Exit 4 of Seongsu Station, and the store is located in an alley in Seongsu-dong, so parking is not possible~ ******************"
줄이 엄청 길어서 고민하다가 구매 4개 세트로 되어있고 포장은 너무 이쁘게 잘 되었어요,"I was worried because the line was very long, but I ended up purchasing a set of 4 and it was packaged very nicely."
더워서 산뜻한 메뉴 골랐는데 상큼하고 여름에 잘 어울리는 맛이에요.,"It was hot so I chose a refreshing menu, and it tastes refreshing and goes well with summer."
식음하는 기분이 전혀안남.,I don't feel like eating or drinking at all.
인테리어도 모던하고 조용해서 좋았습니다,"The interior was modern and quiet, which was nice."
조용하고 인테리어 너무 예뻐요,It's quiet and the interior is so pretty.
케이크가 맛있고 매장이 깨끗하고 넓어서 좋아요,I like that the cakes are delicious and the store is clean and spacious.
"👀 계산줄은 짧았는데, 소금빵을 받는 줄은 꽤 있었어요!","👀 The checkout line was short, but there was quite a line to get the salt bread!"
제대로된 스콘이 너무 먹고싶어 일부러 검색해서 찾아왔다.,"I really wanted to eat a proper scone, so I searched for it and found it."
무뷰페 돌고 힘들어서 왔는데 커피도 맛있고 소금빵도 바삭해서 맛있어요,"I came here because I was having a hard time after going to Moo Buffet, but the coffee was delicious and the salt bread was crispy and delicious."
항상 가는 곳이었는데 이직하면서 오랜만에 왔는데 여전히 맛있네용!,"I always go to this place, but it's been a while since I changed jobs, and it's still delicious!"
2층 편집숍도 같이 있어서 마시고 바로 올라가 쇼핑한다고 사진을 한장밖에 못찍었다는 카페 내부도 외부도 깔끔하고 예뻐욯,"There is also a select shop on the 2nd floor, so I only took one picture because I drank and went straight up to shop. The inside and outside of the cafe are clean and pretty."
분위기 깨끗히고 맛있어요,The atmosphere is clean and delicious.
"힙한 커피와 굶주린 배와 식감, 입맛을 만족시킨 구테로이테(성수) :) 왜 키친이라고 부재를 달아놨는지 이해가 찰떡~","Gutteroite (Seongsu), which satisfies hungry stomachs, textures, and taste buds with hip coffee :) It’s easy to understand why they added a “kitchen” to it."
모던한 분위기에 자리는 아주 편하진 않지만 분위기가 좋음,"The seats are not very comfortable in a modern atmosphere, but the atmosphere is good."
"지나가다 우연히 들렀는데, 말차 라떼와 소금뻥이 맛있네요","I happened to stop by while passing by, and the matcha latte and salt puff are delicious."
꼬숩고 꼬들하고 아주 맛있었당,It was crunchy and very delicious.
지방에서 올라갔는데 흑임자스콘 만들어진거는 있지만 내가 사는 그 순간엔 판매 안한대서 넘넘 아쉽 언제 또 서울 갈지 모르겠지만 가면 먹어볼게요.,"I came from a local area and there was black sesame scone made there, but it was not for sale at the time I lived, so it's a shame. I don't know when I'll go to Seoul again, but I'll try it when I go."
"성수동 놀러갔다가, 줄을 서있길래 홀린듯 자연스레 줄을섰어요","I went to Seongsu-dong to play, and there was a line, so I naturally stood in line as if I was fascinated."
근데 주문을 빨리 받으시려고 키오스크 뒤에서 보시고 만들어주시는데 틀릴때도 있는게 함정..,"However, in order to receive your order quickly, they look behind the kiosk to make it, but there are times when things go wrong."
서울숲 나왔다가 공차에서 자몽티 따뜻하게 한잔 마셨습니다.,"After leaving Seoul Forest, I drank a warm cup of grapefruit tea at Gongcha."
조용하고 차분하게 차를 마시고 왔어요,I drank tea quietly and calmly.
👏🏻 낱개로는 안 팔고 4개 묶음으로 파는데 진심 4개만 산거 후회할 정도로 너무 맛있어요!,"👏🏻 They don’t sell them individually, but in packs of 4, and they are so delicious that I seriously regret buying only 4!"
웨이팅 줄에 비해 픽업은 생각보다 빨랐습니다.,Pick-up was faster than expected compared to the waiting line.
예전부터 주기적으로 신메뉴를 만들어주시는것같아서 자주 와야할것같아요~~,"It seems like they've been making new menu items periodically for a long time, so I think I'll have to come here often~~"
"❤️ 🌰군밤맛 믹스커피 부드러운 크림에 오리지널보다 훨씬 고소하고, 시나몬과 견과류가 들어있어서 같이 씹다보면 왠지 호떡이 생각나는 맛이에요","❤️ 🌰Roasted Chestnut Mix Coffee It has a soft cream and is much more savory than the original, and contains cinnamon and nuts, so when you chew it together, it somehow reminds you of hotteok."
말차라떼가 품절이라 아쉬웠는데 다른 말차메뉴를 마실 수 있어서 좋아요,"It was a shame that the matcha latte was sold out, but it was nice to be able to drink other matcha menu items."
최근들어 계속 기다리는 빵집이라 한번쯤 먹어보고 싶었습니다.,"I've been waiting for this bakery for a long time recently, so I wanted to try it at least once."
기분좋게 즐기고 갑니다,I'm having a good time
우연히 분위기가 좋아 보여서 들어온 카페인데 음료도 맛있고 커피가 산미랑 고소함이 적당히 있어서 맛있어요!!,"I happened to come into this cafe because it looked like it had a nice atmosphere, but the drinks were delicious and the coffee had just the right amount of acidity and savory flavor so it was delicious!!"
🧸❣️ 그리고 한쪽에는 생화도 판매하고 있는 것 같으니 기념일에 방문해서 꽃도 사고 커피도 맛보면 좋을 것 같습니다!,"🧸❣️ And it looks like they are selling fresh flowers on one side, so it would be nice to visit on your anniversary and buy flowers and taste coffee!"
성수동 최애카페😍 3층짜리 단독건물인데 층마다 인테리어가 다 달라서 포토스팟도 엄청 많고 따뜻하고 아늑한 분위기라 친구들과 오기도 좋고 혼자 힐링하러 오기도 좋더라구요!,"My favorite cafe in Seongsu-dong😍 It’s a 3-story stand-alone building with different interiors on each floor, so there are lots of photo spots and a warm and cozy atmosphere, so it’s great to come here with friends or just relax alone!"
"맨날 지나가기만 하다가, 방문했는데 느좋 느좋 커피도 맛있고, 테린느치즈 완전 꾸덕 여기 분위기랑 맛 둘 다 좋아요 :) 날 풀리면 테라스 즐기기 너무 좋을 것 같아요.","I used to pass by every day, but I visited and it was really good. The coffee was delicious, and the terrine cheese was really good. I like both the atmosphere and the taste of this place :) I think it would be great to enjoy the terrace when I get some free time."
"험,, 뭔가 어수선하고 전문성이 떨어지는 기분을 받았어요","Hmm, I felt like something was a bit untidy and unprofessional."
포장도 예쁘고 요즘 분들이 뭘 좋아하고 원하는지 트렌드 확실한듯,The packaging is pretty and there seems to be a clear trend of what people like and want these days.
"롱블랙 커피도 진하고 향긋하고, 매장 내 너무 쾌적하니 넓고 좋아요:) 다양한 시그니처 메뉴가 있어서 다른 카페랑도 차별화 되는 것 같아요!","The Long Black coffee is strong and fragrant, and the store is very comfortable and spacious:) I think it stands out from other cafes because it has a variety of signature menus!"
그냥 대기했다가 앞에서 키오스크 결제하고 대기하라는 안내 보고 결제하고 다시 픽업줄 섰는데 대기한 앞팀이 몰랐다니까 그 자리에서 결제.,"I just waited, paid at the kiosk in front, saw the instructions to wait, paid, and stood in the pick-up line again, but the team in front of me didn't know, so I paid on the spot."
멀리서 갔는데 주차가 안되서 좀 아쉬웠어요..!,It was a bit disappointing that I couldn't park because I went far away!
더운날씨에 죽어가고 있었는데 살려주셔서 감사합니닼,"I was dying in the hot weather, so thank you for saving my life."
하루에 여섯번만 굽고 바로 판매하는 방식인데 시간을 잘 맞춰서 7분 기다리고 빵이 바로 나왔네요!,"They bake it only six times a day and sell it right away, but I timed it just right, waited 7 minutes, and the bread came out right away!"
오란다도 너무 찐득한 게 아니라 바삭바삭해서 너무 맛있었어요..!,The oranda was not too sticky but crunchy and very delicious..!
우연치않게 길 지나가다가 알게 된 카페인데 사람도 그리 많이 없고 북적이지 않으며 밖에서 보이는 매장 겉 모습도 되게 느낌있더라구요,"I found this cafe by chance while passing by. There weren't too many people, it wasn't crowded, and the exterior of the store looked very nice from the outside."
"클라이밍 파크 성수점 가기전, 짭짤하니 맛있는 소금빵과 진하고 고소한 에스프레소 한잔으로 빠르게 에너지 및 카페인 충전하고 갑니다!","Before going to Climbing Park Seongsu branch, quickly recharge your energy and caffeine with delicious salt bread and a cup of rich, savory espresso!"
따뜻한 티와 감성있는 도시뷰의 창가 좌석이 분위기있고 좋았어요~,The warm tea and the window seat with a sentimental view of the city had a nice atmosphere~
전부 시음해보고 메론맛이랑 시나몬약과맛이랑 겟겟,I tried them all and got the melon flavor and cinnamon flavor.
직원분들도 항상 친절하시고 분위기도 좋고 진짜 깨끗해서 빛이 나는 카페랄까요,"The staff is always friendly, the atmosphere is nice, and it's really clean, so it's a really bright cafe."
"🧂 개당 3,000원으로 싼 가격은 아니지만, 요즘 어딜가나 3,000원은 기본으로 넘어서 비싸게 느껴지지도 않는.","🧂 It's not cheap at 3,000 won per piece, but these days, wherever you go, 3,000 won is the standard price, so it doesn't even feel expensive."
"오 나머지 2명 중 1명은 고객한테 빵 전달, 1명은 종이백에 구워진 빵 담으시는 역할이신 거 같은데 정말 그냥 정해진 자기 역할만 하시니까 빵 포장하시는 분이 끈을 정성스레 묶느라 오래걸려서 늦는 거 같습니다","Oh, I think one of the remaining two people is responsible for delivering bread to customers, and the other person is responsible for putting baked bread in paper bags, but since they really only do their assigned roles, I think the person packaging the bread takes a long time to carefully tie the strings, so they are late."
매장이 넓고 시원해요,The store is spacious and cool.
평소 에스프레소는 너무 쓰고 강렬한 맛 때문에 불호에 가까웠는데 여기는 진하지만 부담스럽지 않은 부드러움이 있다.,"I usually don't like espresso because it's too bitter and strong, but this one is rich but not overwhelmingly smooth."
대신 화장실 깨끗해서좋았어요,"Instead, I liked that the bathroom was clean."
커피 전문이라 그런지 에스프레소도 다양하고 싱기해서 좋은 경험 하고 갑니당,"Because they specialize in coffee, the espresso is varied and refreshing, so I had a good experience."
성수 볼일있어서 왔다가 있는거 보고 들어왔어요,"I came to Seongsu because I had some business to do, and after seeing what was there, I came in."
매장 넓고 깔끔합니다!,The store is spacious and clean!
사장님 센스 무엇 혼자 노래 검색해서 플레이리스트 추가했네염 담에 또 갈게요 ~~,What kind of sense does the owner have? I searched for a song by myself and added it to the playlist. I'll come back next time ~~
강아지 인형이 눈길을 사로잡는 곳 ..,A place where a dog doll catches the eye...
살짝 바람이 살랑살랑 불어서 선풍기 없이도 야외에서 마시기 좋았어요.,"There was a slight breeze, so it was nice to drink outside without a fan."
그치만 동네 소금빵 맛집에 비해 아주 특출난 건 모르겠습니다..,But I don't know if it's anything special compared to the local salt bread restaurants.
확실히 갓구운 빵이다보니 겉이 바삭하고 버터향 확 느껴지는 진한 소금빵… ෆ⃛,"It's definitely a freshly baked bread, so it's crispy on the outside and has a strong buttery flavor... ෆ⃛"
콘센트도 다 있어서 작업하기에도 좋아요,There are all outlets so it's great for working.
다양한 빵이랑 디저트 있고 맛도 머무 맛있어여!!,There are a variety of breads and desserts and they taste so good!!
서울숲 갔다가 들러 커피 마시고 갔어요,I went to Seoul Forest and stopped by to drink coffee.
버터 그 자체인 자연도 소금빵 오븐에 살짝 구웠더니 겉은 바삭하고 안은 퐁신하고 버터에 절어서 밑바닥이 바작한게 정말..,"Naturally, butter itself, I baked it lightly in the oven and it was crispy on the outside, fluffy on the inside, and really crunchy on the bottom because it was soaked in butter."
친구가 성수에서 사다줘서 먹어보고 반해서 찾아보니 체인이구 회사랑 가까운데 다른 지점이 있길래 체인은 보통 점바점이 격차가 심한데가 많아서 걱정했는데 걱정을 왜 했는지 ~.~,"My friend bought it for me in Seongsu, so I tried it and fell in love with it, so I looked it up and found out that it was a chain, but there were other branches close to my company. I was worried because chains usually have wide gaps in Jumba stores, so why was I worried? ~.~"
분위기도 좋고 일단 빵이랑 쿠키가 진찌 맛있어요,The atmosphere is nice and the bread and cookies are really delicious.
😎 커다란 모니터에 나오는 영상도 틀어져 있어서 최고였어요,😎 It was the best because the video on the large monitor was also distorted.
선물한 지인들이 모두 맛있다고 고맙다고 웨이팅 할 만 하다고 칭찬했어요,All of my friends who gave it to me said it was delicious and said it was worth the wait.
신논현역 근처에 이런 디저트 맛집이 있다니 푸딩 스콘에 맛있는 건 다 넣어서 맛 없을 수 없는 맛도리 조합이고요!,"There's a dessert restaurant like this near Shinnonhyeon Station. It's a pudding scone with all the delicious ingredients, making it an irresistibly delicious combination!"
정말 분위기 좋은 신상 성수카페❤️ 커피도 디저트도 다 너무 맛있고 포토존이 가득해서 추억 남기기도 좋아요,"A new Seongsu cafe with a really nice atmosphere❤️ The coffee and desserts are all delicious, and there are plenty of photo zones so it’s great for making memories."
늘 맛있는 디저트 파는 곳 매번 올때 마다 기분이 좋네요!,This place always sells delicious desserts. I feel good every time I come here!
소금방도 인기 있는지 오전인데도 많이 사가셔서 저도 구매해봤어요,"The salt room seems to be popular, so many people bought it even though it was in the morning, so I bought it too."
맛있고 친절합니다~,Delicious and friendly~
테이블이 5개인가 중 두개밖에 안차있는데도 몇번이나 와서 55분만 이용할 수 있다며 정리할 시간이 필요하다고 하네요.,"Even though only two of the five tables were occupied, they came back several times and said they could only use it for 55 minutes and that they needed time to clean up."
이번 시즌엔 성수점에도 생겨서 바로 예약해서 방문 했다.,"This season, it also opened in Seongsu branch, so I made a reservation and visited right away."
커피 만드시는 것도 볼 수 있네요,You can also see coffee being made.
패키지도 넘 귀엽고 소금빵 가운덴 빠작하고 촉촉하고 더 사올 걸 후회….,The package is so cute and the salt bread is so crunchy and moist that I regret not buying more... .
"시그니처 코스 필수이고 커피로 할 수 있는 다양한 맛이 있는 집… 당근 대형 프랜차이즈보다 맛, 가격, 분위기…음악도 훨씬 앞서는 곳!","A signature course is a must, and there are a variety of flavors you can enjoy with coffee… Taste, price, atmosphere... better than large carrot franchises... A place where the music is far ahead!"
커피도 호불호 없이 고소하고 디저트도 맛있었어요.,The coffee was fragrant and the dessert was delicious.
다만 자리가 있는 가게는 아닙니다,"However, it is not a store with seating."
매장도 넓고 통창이라 분위기 있습니다,"The store is spacious and has large windows, so it has a great atmosphere."
5. 한교동 생일카페라면서 한교동 있는 뽑기도 종류 딱 하나 뿐임.,"5. Although it is a birthday cafe in Hangyo-dong, there is only one type of lottery machine in Hangyo-dong."
담에는 계절 오마카세 마시러 와야겠어요,"Next time, I’ll have to come for the seasonal omakase."
물도 기본적으로 한잔 주셨던것같은데 컵이 작아서 요즘 같은 날엔 한입마시면 끝이라 리필해서 마실 수 있게 공용공간에 물통을 놔두면 더 좋을 것 같아요! (바쁘실텐데 물 리필해달라고 하기가 쫌 그래서용),"I think they gave me a glass of water as standard, but the cup was small, so on days like these, I only need to drink one sip, so I think it would be better to leave a water bottle in the common area so I can refill it! (You're probably busy, so it's a bit difficult to ask for a water refill.)"
4개 세트 주문이라 어쩔 수 없이 구입했는데 다 못 먹어서 다음날 직장 동료들 나눔했어요.,"Since I ordered a set of 4, I had no choice but to buy them, but I couldn't eat them all, so I shared them with my co-workers the next day."
빵도 맛있어 보이는데 배불러서 나중에 또 방문해서 먹아봐야겠어요,"The bread looks delicious, but I'm full so I'll have to come back and try it again later."
을왕리에 있어서 접근성이 좋아요,It is conveniently located in Eulwang-ri.
커피 맛이 진하고 여러개 맛볼 수 있어서 좋아요!,The coffee tastes strong and I like being able to taste multiple flavors!
약간 반죽 같은 식감이라 생각할수도 있지만 먹다보면 다 먹게되는 맛,"You may think it has a slightly dough-like texture, but you will taste it all when you eat it."
평소에도 소금빵 좋아해서 새로 오픈했다해서 가봤는데 역시 전문점이라그런지 일반빵집과는 다르다라는 생각이 들었습니다.,"I've always liked salt bread, so I went there when I heard it was newly opened. I thought it was different from regular bakeries, perhaps because it was a specialty bakery."
화장실은 건물 화장실이지만 친절하고 쾌적하고 좋아요.,"The bathroom is a building bathroom, but it is friendly, comfortable, and nice."
박람회에서 맥파이앤타이거 호지차 시음해본 적이 있었는데 여전히 맛있더군요,I tried Magpie & Tiger Hojicha at the expo and it was still delicious.
빵나오는 시간 있고 따뜻할 때 먹으면 아~ 천상의 맛일듯.,"If you eat it while the bread is warm and has time to come out, it tastes like heaven."
성수 클팍에서 클밍하다 당 떨어져서 충전!!,"While climbing at Seongsu CLPAC, get off and recharge!!"
웨이팅이 있었지만 먹어보니 최애 소금빵 됐어요!!,"There was a wait, but when I tried it, it was my favorite salt bread!!"
따뜻하고 포근한 감성이 있어서 다가오는 크리스마스에도 여기 생각날것 같아요!!,"It has a warm and cozy feel, so I think I’ll think of it here this coming Christmas too!!"
"매장이 아주 넓고, 커피 메뉴도 아주 다양해서 좋았어요",I liked that the store was very spacious and the coffee menu was very diverse.
성수 올때마다 친구와 들리는데 분위기 좋고 커피도 맛있어용,"Every time I come to Seongsu, I stop by with my friends. The atmosphere is nice and the coffee is delicious."
"맥파이앤타이거 차도, 간편한 다구들도, 브랜딩도 정말 좋아하는데요..","I really like Magpie & Tiger tea, simple tea utensils, and the branding..."
🤍 빵은 방문할 당시 맛이 적어서 남은 블루베리맛 선택했고 약간 블루베리요거트 음료 맛이 나는 적당히 단 바삭 페스츄리였어요~~,"🤍 The bread didn't have much flavor when I visited, so I chose the leftover blueberry flavor and it was a moderately sweet crispy pastry that tasted a bit like a blueberry yogurt drink."
혼자 책읽기에도 좋고 둘이 조용히 대화하기 좋아 종종 들립니다.,"It's great for reading alone and for two people to talk quietly, so I stop by often."
바 형태의 좌석이 많아서 독서와 공부를 하거나 사색을 즐기는 등 혼자만의 시간을 가질 수 있는 힐링 공간이에요.,"It is a healing space where you can have some alone time, such as reading, studying, or contemplating, as there are many bar-type seats."
"커피를 제대로 만드는 곳 같아서 와봤는데, 당충전 제대로 하고 가는것 같아요.","I came here because it seemed like a good place to make coffee, and I felt like I was properly recharged."
그라니따로 정신 확 차리고 롱블랙으로 진정하니 코스 완성입니다,"After coming to my senses with granita and calming down with long black, the course is complete."
혼자 한개정도 먹어볼까 하고 줄섰는데 메뉴에 4개세트 한개만 선택할 수 있도록 되어있어 꽤 많이 당황했네요.,"I lined up thinking I could try one by myself, but I was quite confused because the menu only allowed me to choose one set of four."
테이크아웃 하려고 갔는데 보드게임 있어서 매장에서 마시고 왔어요,"I went to get takeout, but there was a board game so I had a drink at the store."
우연히 지나다 왔는데 핫플같애여 사람도많고 샤벳에쏘 맛있어용,I happened to pass by and it looks like a hot place. There are a lot of people and the sherbet is delicious.
"소금빵 픽업할때 주문번호 확인 후 주실 줄 알아서 기다렸는데, 확인도 안하시고 먼저 주실려고 해서 기다리는 입장에서 기분이 좋지 않았습니다.","When I picked up the salt bread, I thought they would give it to me after checking my order number, but they tried to give it to me first without even confirming it, so I didn't feel good waiting."
조용하고 나만의 시간 보내기 최고,Best for quiet and alone time
성수에 오면 꼭 먹어야 하는 자연도 소금빵 in 성수 무조건 먹어야지,"When you come to Seongsu, you must eat natural salt bread in Seongsu."
너무 와보고 싶었던 곳이였는데 와보니 생각했던 것 보다 너무 예뻐요,"It was a place I really wanted to visit, but when I got there, it was prettier than I thought."
"원두 고소, 산미, 디카페인 선택가능 1층에 카페 자리 계속 만석 2층에는 편집솝 처럼 예쁜 옷들 판매 커다란 회전 문이 인상 깊은 가게에요","You can choose between savory, sour, and decaffeinated coffee beans. The cafe on the first floor is always full. On the second floor, pretty clothes like Edit Soap are sold. The large revolving door is an impressive store."
지나가다 들른 커피바인데 커피 종류도 다양하더라도요 아아도 맛있고 내부 인테리어도 예뻐요,"This is a coffee bar I stopped by while passing by, and although there are many different types of coffee, it's delicious and the interior is pretty."
주문받는 직원분도 너무 친절하시구 뻔한 카페메뉴 말고 새로운 메뉴들이 많아 만족 스러웠어요 :) 매장은 작지만 적당한 소음과 테라스까지 아주 맘에 들었어요,"The staff who took my order was very friendly and I was satisfied with the many new menu items other than the typical cafe menu :) Although the store is small, I really liked the reasonable noise level and the terrace."
테이크아웃 전문이라 무더위에 앉아서 편히 먹을 곳이 없어 아쉬웠지만 길빵(?)해도 행복한 맛이었어요!,"It was a shame that there was no place to sit and eat comfortably in the scorching heat since it was a takeout specialty, but even the long bread(?) was a happy experience!"
커피와 디저트 다 맛있어요 !,Both the coffee and desserts are delicious!
입장 전 직원분이 기분 좋게 해주시고 다들 친절하셔서 좋았어요!,"The staff made me feel good before entering and everyone was friendly, which was great!"
냄새의 유혹 줄이 짧아서 들려봤어요,Temptation of Smell I tried it because the line was short.
분위기 좋고 공간도 넓으며 친구랑 얘기나누기도 좋은 분위기인듯 합니다,"The atmosphere is nice, the space is spacious, and it seems like a good place to talk with friends."
여기 커피가 맛있어서 종종 오는데 매장도 이쁘고 넓어서 좋습니다,"I come here often because the coffee is delicious, and the store is pretty and spacious."
지나가다 냄새 너무좋아서 사먹었는데 무조건 4개 세트만 파네요.,"I bought it in passing because it smelled so good, but they only sold sets of 4."
따뜻한 소금빵 그자리에서 바로 한입 먹는걸 추천!,I recommend eating a bite of the warm salt bread right on the spot!
"따뜻한 차를 마시며 야경까지 보고, 생각정리도 할 수 있는 곳이었어요~","It was a place where you could drink warm tea, watch the night view, and organize your thoughts."
"가득머금은 시럽이 넘쳐서 그건 참고해야하고, 복숭아 맛,향 사용된 크림도 삼박자가 어느하나 아쉬울게 없습니다:)","Please keep that in mind as the syrup is overflowing, and the cream used in the peach flavor and scent is all the same, so you won't be disappointed in any of it :)"
"공차 너무 맛있어요, 요새 자주 먹는데 브래운슈가 밀크티에 치즈폼 조합 완전 강추입니당","Gongcha is so delicious, I've been eating it a lot lately, and I highly recommend the combination of brown sugar milk tea and cheese foam."
야외 테이블 사이에 공간도 넓어서 시야도 트이고 답답하지 않아서 좋았어요.,"It was nice that there was a lot of space between the outdoor tables, so the view was open and it wasn't stuffy."
친구가 레드벨벳 케이크 좋아해서 준비해봤어요.,"My friend likes red velvet cake, so I prepared it."
갓 구운 소금빵이 나와서 그런지 바삭하고 맛있어요.,"Perhaps because it comes from freshly baked salt bread, it is crispy and delicious."
믿고 먹는 자연도소금빵!!,Natural salt bread that you can trust and eat!!
빵도 맛있고 분위기도 좋구 좌석도 많고 넓어요!,"The bread is delicious, the atmosphere is nice, and there are lots of seats and it’s spacious!"
식은 상태에서 먹었는데 부드러운 빵피와 고소짭짜름한 버터와 소금의 조화가 완벽해요.,"I ate it while it was cold, and the combination of the soft crust, salty butter, and salt was perfect."
오랜만에 콧바람 쐴 겸 당충전하려고 와봤어요,It's been a while since I came here to clear my throat and recharge.
번잡스러운 분위기아니고 차분하고 조용한분위기라 자주 찾게될것같아요!,"It's not a busy atmosphere, but a calm and quiet atmosphere, so I think I'll come here often!"
카페가 넓고 쾌적해서 대화 나누기 좋아요~,"The cafe is spacious and comfortable, so it’s great for conversation~"
커피가 맛있고 힙해요,The coffee is delicious and hip.
외곽에 놀러 온 듯한 한적한 느낌과 함께 공간도 넓고 심플 세련된 공간이에요.,"It is a spacious, simple and sophisticated space with a quiet feeling as if you are visiting the outskirts."
카운터 직원분도 바리스타분도 모두 친절하고 좋으셨어요.,The counter staff and barista were all friendly and nice.
펄을 빼고 먹고 싶은 음료가 있어서 오더기기 앞에사 서성 거리니까 스탭분이 도와주셨어요.,"There was a drink I wanted to drink without the pearls, so I lingered in front of the ordering machine and the staff helped me."
고소한거 좋아하시는 분 구테 넛 슈페너 진짜 추천드려요 유자 버블 브루도 예쁜데 달콤쌉쌀해서 여자친구가 진짜 좋아했습니다,"If you like savory foods, I really recommend the Gute Nut Spener. The Yuzu Bubble Brew is also pretty, but it's sweet and bitter, so my girlfriend really liked it."
신상카페라그런지 손님도 아직 막붐비지않아 여유있어서 좋았어요.,"Maybe it's because it's a new cafe, but it's not crowded yet, so it's nice to have some space."
디저트는 오란다가 있는데 이것 또한 별미입니다만 가격이 조금 사악해요,"Dessert is oranda, which is also a delicacy, but the price is a bit steep."
야외에 앉기 멋진곳 커피는 비싼편 맛은 소소,Nice place to sit outside. Coffee is expensive but taste is small.
힙한 성수에서 힙한 믹스커피를 마실 수 있다니 힙한 사람이 된 것만 같네요,Being able to drink hip mixed coffee in hip Seongsu makes me feel like a hip person.
도심 속에서 맛있고 따뜻한 차를 마시고 싶을 땐 맥파이앤타이거 강추요!!,"If you want to drink delicious, warm tea in the city, I highly recommend Magpie & Tiger!!"
"인상적인건 에스프레소 추출시 설탕도 함께 추출하는 방식을 취한다는데, 산미랑 단맛이 함께 있네요.","What's impressive is that when extracting espresso, sugar is also extracted, so it has both acidity and sweetness."
"주말에 푹 쉬다가 집근처 카페 찾아서 왔는데,, 너무 좋아서 쿠폰 찍어갑니다 !","After a good rest on the weekend, I found a cafe near my house and I liked it so much that I took a coupon!"
커피맛도 좋지만 빵이 정말 맛있어요!,"The coffee tastes good, but the bread is really delicious!"
단짠단짠한 밀크폼은 맛있다.,The sweet and salty milk foam is delicious.
"인테리어가 좋아서 들어오자마자 기분이 좋았는데, 커피가 너무 맛있어요!","I felt good as soon as I came in because the interior was nice, and the coffee was so delicious!"
굳이 빵4개를 구입하게 만드는 마케팅도 대단하다 결국 두개는 남겼다,"The marketing was so great that it made me buy 4 loaves of bread. In the end, I ended up with two left over."
4개에 12000원으로 팔아요~,"Selling for 12,000 won for 4 pieces."
💜 기다림은 힘들었지만 덕분에 넘 행복한 정국절💜💜,"💜 The waiting was hard, but thanks to you, I had a very happy Jeongguk Day💜💜"
"대박적👍 비엔나 커피의 크림 너무 맛난데 커피의 산미가 내겐 별루, 라떼는 차라리 부드러워 괜찮았다.","Awesome👍 The cream of the Vienna coffee was very delicious, but the acidity of the coffee was not good for me, and the latte was softer and better."
너무 좋아하는 소금빵!,I love salt bread so much!
성수에 약속이 있어서 왔다가 소금빵 맛있는 곳이 있다고해서 첫번째로 들렀는데 😎 웨이팅은 줄서서 10분 정도 했고요,"I had an appointment in Seongsu, so I stopped by first because I heard there was a place with delicious salt bread. 😎 The wait in line was about 10 minutes."
그만큼 인테리어가 사진 찍기 너무 좋았어요.,The interior was so nice to take pictures of.
으헤 너무 쾌적하고 친절하고 맛있어요,"Ugh, it’s so comfortable, friendly, and delicious."
바로 먹었을때 빵에 부드러움에 놀랐고 맛이 진짜 조화로워서 놀랐는데 다음날 먹어도 굳지 않고 더 말랑해진 느낌.,"When I ate it right away, I was surprised by the softness of the bread and the harmony of flavors, but when I ate it the next day, it felt softer and not hardened."
배경음악도 경쾌한 팝이 흘러나오는데 고전적인 인테리어랑 약간 미스매칭되는 느낌.,"The background music is also lively pop, but it feels a bit mismatched with the classic interior."
성수동 갔다가 소금빵집 있길래 찾아갔더니 길에 사람들이 줄을 서 있더군요.,"When I went to Seongsu-dong, I saw a salt bakery and went to see it. There were people lining up on the street."
무조건 4개들입 한박스씩 주문가능해요,You can order one box of 4 each.
"바삭한 겉면과 쫀득한 속이 조화를 이루고, 짭조름한 소금 맛이 은은하게 퍼지면서 담백함이 살아 있어 정말 만족스러웠습니다.","I was very satisfied with the combination of the crispy exterior and the chewy interior, and the subtle salty taste that kept it light."
"조명과 가구, 좌석 배치, 음악 등의 조화로 매장 내부 전반적인 분위기가 감성적이에요.","The overall atmosphere inside the store is emotional due to the harmony of lighting, furniture, seating arrangements, and music."
먹다 들어갔는지 모르겠다 하셨는데 저 정도 다리의 벌레를 몰랐을리는 없고 개인적으로 얼음에 붙어 있던 것 같음,"He said he didn't know if he had eaten something, but there's no way he wouldn't have known about the bug on his leg. Personally, I think it was stuck to the ice."
성수 말고 다른 곳에도 지점이 있는 에스프레소 바 가장 기본 구테로이테 에스프레소를 시켜보았는데 위에 올라간 크럼블이 달달해서 에스프레소를 잘 먹지 못해도 맛있게 먹을 수 있습니다,"This is an espresso bar that has branches in places other than Seongsu. I ordered the most basic Guteroite espresso, and the crumbles on top were sweet, so even if you don't usually drink espresso, you can still enjoy it."
이거파는곳 별로없어서커피 좋아하시는 분들께 추천합니다!,"There aren't many places that sell this, so I recommend it to people who like coffee!"
세트로만 판매하는 곳이고 키오스크 주문 후 대기해주시면 소금빵 받아보실 수 있어요,"This is a place that only sells sets, and you can receive salt bread by waiting at the kiosk after ordering."
"어마어마한 소금빵맛집,,,🤍 웨이팅이 엄청 길어서 항상 빵냄새만 맡고왔었는데 오늘은 운좋게 대기없이 구입할 수 있었어용","A great salt bread restaurant,,,🤍 The wait was so long that I could always smell the bread, but today I was lucky enough to buy it without waiting."
근데 하루 지나기 전에 다먹긴 해요..,But I eat it all before the day goes by.
🧡 포장도 너무 귀엽고 판매하시는 분들 복장 귀염귀염🎈소금빵 파는 곳 여러 군데 먹어봤지만 나름 이곳에 줄서는 이유 알 것 같아요,"🧡 The packaging is so cute and the people selling it are cute 🎈 I've tried several places that sell salt bread, but I think I understand why there's a line here."
우연히 근처에 카페 찾아서 들어왔는데 너무너무 기분 좋고 만족하는 카페였어요,"I happened to find a cafe nearby and came in, and it was a very pleasant and satisfying cafe."
구테로이테 커피 맛집인데 왜 케잌도 맛있고 빵도 맛있는거에요?!!,"Gutteroite is a great coffee restaurant, but why is the cake and bread so delicious?!!"
차는 말씀드리면 한 번 더 우려주셔요,"When I tell you about the tea, please brew it one more time."
으아💛 소금빵 마이 좋아해서 어떤빵집가도 소금빵 주문은 디폴트라 여기저기꺼 먹어본 전데 자연도께 소프트 소금빵중에선 일등이네요!!,"Ugh💛 I love salt bread, so no matter what bakery I go to, I default to ordering salt bread. I've tried a lot of them here and there, but this is the best among soft salt breads at Jayeondo!!"
마케팅은 승리 - 소금빵에 기대하는 그런 맛은 전혀 없다 -,Marketing is a win - it doesn't have the flavor you'd expect from salt bread - at all.
"키오스크 도입 후 정해진 수량을 시간대별로 포장 후 판매하는 형태로 운영 방식을 바꿔서인지, 오늘 대기인원이 2명뿐 드디어 샀다!","Perhaps because they changed their operating method after introducing kiosks to packaging and selling a set quantity by time slot, there were only two people waiting today and I finally bought it!"
"🩶 높은 고층에서 바라보는 뷰, 탁 트인 키친(?)","🩶 View from a high floor, open kitchen(?)"
친구와 간만에 만나 담소도 나누고 분위기 있는 곳에서 멋진 하루의 시작이 되서 너무 좋았네요.,"It was great to meet up with a friend for the first time in a while, chat with them, and start a wonderful day in a place with a great atmosphere."
항상 줄서서 먹는 자연도 소금빵을 사먹어봤어요.,I also bought the salt bread that people always line up to eat.
디저트도 맛있고 커피도 고소하니 진짜 최고에요,"The desserts are delicious and the coffee is fragrant, so it's really the best."
커피는 맛있지만 양이 넘 적어서 아쉬웠어요.,"The coffee was delicious, but it was disappointing that the amount was very small."
오늘은 라떼를 마시지만 다음번에는 시그니처 메뉴 도전 😊,"Today I drink latte, but next time I will try the signature menu 😊"
커피 맛 제대로 느껴지지도 않는 음료에 2천원 버리고 나니 아주 기분 좋네요,"I feel very happy after spending 2,000 won on a drink that doesn't even taste like coffee."
"소금빵 4개 1세트 (12,000원) 주문했습니다.","I ordered a set of 4 salt breads (12,000 won)."
저 진짜 플디 케이크 좋아하는데 이번에는 대 실망이에요..,"I really like Pledi cake, but this time I was very disappointed.."
따뜻한 날에 앉아서 멍 때리기 좋은 따뜻한 원목의 인테리어가 사로잡는 카페 스테포스트예요.,Stepost is a cafe with a captivating warm wooden interior that is perfect for sitting and gazing on a warm day.
"커피가 너무 맛있어서 종종 왔는데, 카공하기에도 좋아요!","I come here often because the coffee is so delicious, and it's also great for coffee!"
서울숲 근처 걸어다니다가 어떤 골목 같은 길이 있는데 그 사이에 이런 분위기 좋은 카페가 있더라구요!,"While walking near Seoul Forest, I came across an alley-like road, and in the middle of it, there was this cafe with a nice atmosphere!"
"💃🏻굿즈,포토존,테이크아웃카페,럭키드로우,DIY키링만들기,네컷사진으로 알차게 구성되어 있어요","💃🏻It is well-organized with goods, photo zone, takeout cafe, lucky draw, DIY key ring making, and four-shot photos."
성수동으로 디자인 미팅 왔다가 서울숲 좀 걷다가려고 공차까지 걸어왔는데 더위에 타로밀크티 한 잔 시원하게 마시니 너무 좋네요~,"After coming to Seongsu-dong for a design meeting, I walked to Gongcha to take a walk around Seoul Forest. It was so nice to drink a refreshing cup of taro milk tea in the heat."
성수갈때마다 늘 줄서있는 모습을 보고 얼마나 맛있나 궁금했는데 드디어 먹어봤네요~,"Every time I go to Seongsu, I always see people waiting in line, so I was curious about how delicious it was, and I finally tried it!"
"정말 극강의 컨셉러들이 만든,,, 왜 혼자서만 포장하는지모르겠어요","It was created by truly top concept artists,,, I don’t know why they only package it alone."
인체리어 소금빵 맛집 성수가면 꼭 먹어보세요,"If you go to Seongsu, you must try the Inhumane salt bread restaurant."
성수동에 최애카페가 생겨서 넘 조흠~ 매장 무드나 음악이 너모 좋습니당,I'm so happy that my favorite cafe has opened in Seongsu-dong. I really like the mood and music of the store.
애플 유자 갸또와 발로나 초코무슨빵에 음료는 아이스라떼와 피치우롱티를 마셨는데 디저트도 음료도 모두다 맛있잖아요,"I had apple citron gateau and Valrhona chocolate bread, and drinks were iced latte and peach oolong tea. Both the desserts and drinks were delicious."
"마시는 도중이라 사진을 이렇게 찍었지만,,진짜 맛있어요!","I took this picture because I was drinking it, but it’s really delicious!"
콘센트가 있어서 좋아요!,It's nice to have an outlet!
디저트도 다른 곳에서 찾기 어려운 셈라 같은 디저트가 있어서 유니크했어요.,The desserts were also unique as there were desserts like semla that were difficult to find elsewhere.
"여름이랑 잘 어울리는 심플, 시원한 느낌의 인테리어🤍 라떼아트도 예쁘고, 시그니처 솔티드크레마 맛있었어요.","Simple, cool interior that goes well with summer🤍 The latte art was pretty, and the signature salted crema was delicious."
특전으로 방향제받은거 계산하다가 그것도 포함시켜서 계산됐네요,"I was calculating the air freshener I received as a perk, and that was included in the calculation."
프렌치토스트 맛잇네여,French toast is delicious
특히 야외자리가 아주 한적하고 좋아요,"In particular, the outdoor space is very quiet and nice."
구테로이테는 커피 전문 브랜드라는데 소금빵도 맛있다고 해서 다음 번에는 커피랑 소금빵 즐기러 또 오려구요~,"Guteroite is a coffee specialty brand, and I heard that the salt bread is delicious, so I will come back next time to enjoy the coffee and salt bread."
"3. 후미 : 내추럴프로세싱 커피답게 은은한 여운이 길~~어요, 묵직한 카카오를 담갔다 뺀 느낌의 다크초콜릿스러운 단맛이 남아요","3. Aftertaste: Like natural processed coffee, it has a long, subtle aftertaste, with a dark chocolate-like sweetness that feels like heavy cacao soaked and then drained."
프렌치 토스트도 맛있고 인테리어도 감각적이고 좋아용,The French toast is delicious and the interior is stylish and nice.
노래도 제 취향이어서 좋았네요,I liked the song because it was my favorite.
"깔끔한 인테리어에 오픈형 주방이라 빵 굽는 모습을 직접 볼 수 있었는데, 그 모습이 신뢰감도 주고 기대감도 높였어요.","It had a clean interior and an open kitchen, so I was able to watch the bread being baked, which gave me confidence and raised my expectations."
바닥은 많이 기름지면서 바삭하고 전체적으로 오일리 합니다,"The bottom is very oily and crispy, and the whole thing is oily."
케이크 종류가 진짜많아요!,There are so many types of cakes!
매장 완전 깨끗하고 사장님이 너무 친절해여,The store is very clean and the owner is very friendly.
커피랑 빵 둘다 맛있고 인테리어도 깔끔하고 이뻐서 좋네요,"The coffee and bread are both delicious, and the interior is clean and pretty."
소금빵 치고는 기름지긴 하지만 이게 이집의 특징이겠지요,"It's a bit greasy for a salt bread, but I guess that's a characteristic of this restaurant."
당떨어질때 가나슈푸딩 순삭하니까 당충전도 되고 너무 행복해요,"When I'm low on sugar, I eat ganache pudding and it replenishes my sugar and makes me so happy."
매장이 조용하고 음료도 디저트도 맛있어서 회사랑 먼데도 종종옵니다~!,"The store is quiet and the drinks and desserts are delicious, so I often come here even from far away with work!"
성수동 하이큐 10주년 에디션 갓다가 더위피할겸 잠시들린 커피숍에서 요즘 트레드에 맞는 분위기속에 힐링해서요~~,Seongsu-dong Haikyu 10th Anniversary Edition Godda stopped by a coffee shop to escape the heat and healed in an atmosphere suitable for Tread these days~~
뭔가 뜨거운 음료만 있을 것 같았는데 차가운 음료도 있어서 냉큼 구매했어요!,"I thought there would only be hot drinks, but there were cold drinks too, so I quickly bought them!"
✌️ 💞 😄 Happy New Year♡ See you next time♧♧(20250111土10:50 방문고객 ),✌️ 💞 😄 Happy New Year♡ See you next time♧♧(20250111土10:50 Visiting Customer)
곡물맛 좋아하는 분이라면 추천~~,Recommended for those who like the taste of grains~~
"버터 소금 미쵸따리,,,, 성수역까지 나는 빵냄시,,,,채고","Butter salt Michotari,,,, The smell of bread that goes all the way to Seongsu Station,,,, Chaego"
커피를 주문 했을 때 선택한 원두의 설명이 담긴 종이를 같이 제공하며 어떤 맛을 느낄 수 있는지 알 수 있어 좋았습니다.,"When ordering coffee, it was nice to be provided with a piece of paper with a description of the coffee beans you selected so you could know what kind of flavor it would taste like."
일전에도 다른 곳에서 에쏘를 맛나게 먹었던곳이라 성수에서 발견해서 좋았네요,"I've had delicious Esso elsewhere before, so it was nice to find it in Seongsu."
따뜻한 빵을 받을 줄 알았는데 그게아니여서 현장에서 먹는 맛있음을 특별히받진못했어요~,"I thought I would receive warm bread, but that wasn't the case, so I didn't get the special taste of eating it on site."
사진도 잘나오고 음료도 너무 맛있어용!̆̎,The photos come out great and the drinks are so delicious!̆̎
"카페인 충전도 하고, 즐거운 시간 보내다 가요♡",Recharge your caffeine and have a great time♡
케이크가 너어어어어무 맛있어요,The cake is sooooo delicious
다음에 성수동 가게되면 또 사먹어야겠어요,"Next time I go to Seongsu-dong, I will have to buy it again."
산미랑 바디감이 균형 잡혀서 한 잔 내내 만족스럽게 즐길 수 있었습니다.,"The acidity and body were well balanced, so I was able to enjoy the entire drink with satisfaction."
"받자마자 한입 먹었는데 존맛,, 버터향이 확 올라와요,, 에프 돌려 먹었는데 안돌려 먹는게 더 담백하고 맛있었어요!!","As soon as I received it, I took a bite and it was delicious. The smell of butter came out. I ate it with a twist, but it was lighter and more delicious without it!!"
강남구청 본점 가다가 성수에 생겨서 왔는데 역시나 훌륭하네요,"I was going to the Gangnam-gu Office main branch and came across it in Seongsu, and it was just as great."
🥐 성수점은 두번째인데 항상 생각하는것이 결제줄을 따로 해놔서 빠르게 빵을 받아볼수있다는것이 너무 좋은 아이디어같아요!!,"🥐 This is my second time at the Seongsu branch, and I always think it's a great idea to have a separate payment line so you can get the bread quickly!!"
🥹 다음날 에프에 살짝 돌려먹으니 버터풍미가 장난 아니었어요,"🥹 The next day, I ate a little bit of it with F and the butter flavor was no joke."
커피 맛도 좋고 인테리어도 멋지고 친절해요,"The coffee tastes good, the interior is nice and friendly."
분좋카 찾다가 들어왔는데 넘 시원하고 음료도 다 맛있구 인테리어도 너무 이뻐오 잘쉬다가 잘먹다가 사진두 건지구 갑니당 사장님 오래오래 장사해주세요,"I came here while looking for a good place to stay. It was very refreshing, the drinks were all delicious, and the interior was very pretty. I rested well, ate well, and took a couple of photos. I'm off to the district. Please keep doing business for a long time, sir."
파인콘 먹었는데 너뮤 쓰지도 않고 잔에 올려놓은게 달콤새콤하네요,I ate pine corn and it tasted sweet and sour when I put it in a glass without using it.
바로 먹으려고 길거리에서 잠시 멈추고 먹었는데 너무 맛있더라구요..,I stopped on the street to eat it right away and it was so delicious.
근데무슨리뷰를쓰라고하는지..,But what kind of review are you asking me to write?
라고 생각하면서 맨날 지나쳐갔는데 마침 평일이여서 줄이 많이 없길래 사보았습니다:) 주문은 키오스크로 하고 1봉지에 4개씩 들어있어서 가격은 12000원입니다.,"I always passed by it thinking this, but it happened to be a weekday so there wasn't much of a line, so I bought it :) I ordered through a kiosk and there are 4 in a bag, so the price is 12,000 won."
"음료는 망고 그린에이드 시켰는데, 적당히 달고 청량해서 좋았습니다.","I ordered Mango Greenade for a drink, and it was moderately sweet and refreshing."
줄서긴 했지만 회전율이 좋아서 많이 기다리지 않았어요 키오스크로 계산 먼저 하고 줄 서세요~~,"There was a line, but the turnover rate was good so I didn't have to wait long. Pay at the kiosk first and then wait in line~~"
매장이 넓어서 쾌적하고 대기시간없이 들어와서 더더욱 만족해요,"The store is spacious and comfortable, and I am even more satisfied because I can come in without waiting."
인테리어도 넘 예쁘고✨👀 커피도 맛있고 디저트도 다양해요!!,The interior is very pretty✨👀 The coffee is delicious and there are a variety of desserts!!
크리스마스 때 먹으려고 사전예약했다,I made a reservation in advance to eat during Christmas.
다른곳의 소금빵과 가장 큰 차이점은 빵이 부드러운반면 쫄깃한 식감은 아니에요,"The biggest difference from other salt breads is that while the bread is soft, it is not chewy."
소금빵 바삭바삭하고 맛잇어요!!,Salt bread is crunchy and delicious!!
매번가는 카페인데 사장님도 친절하시고ㅌ 커피맛도 좋고 카페 내부 향이 너무 좋아요,"I go to this cafe every time, the owner is friendly, the coffee tastes good, and the smell inside the cafe is really nice."
직원분들도 친절하세요~,The staff are also friendly~
디저트도 너무 맛있고 의자도 편하고 노래도 좋고 너무 소란스럽지도 않아 분위기도 좋고 최고,"The dessert was so delicious, the chairs were comfortable, the music was good, it wasn't too noisy, so the atmosphere was great."
직원분이 모두 친절하시고 커피도 넘 맛있어서 좋았습니다,The staff were all friendly and the coffee was delicious.
경수중학교 정문에서 100m가 안되니 1분이면 바로 카페입니다.,"Since it is less than 100m from the main gate of Gyeongsu Middle School, the cafe is just 1 minute away."
빵도 나와있고 포장도 되어있는데 조명을 키거나 다른 직원분이랑 업무 얘기하는 일은 손님 먼저 보내고 하면 되는 일 아닌가요?,"The bread is out and packaged, but isn't it okay to turn on the lights or talk about work with other employees by sending the customers away first?"
매장도 깨끗하고 직원분도 아주 친절하세요!,The store is clean and the staff is very friendly!
"성수랑 잘 어울리는 특색있는 카페🍵 통창을 통해 보이는 잔잔한 분위기가 매력적인 공간🌃 혼자 시간을 보내기 좋고, 차를 좋아하시거나 관심 있는 분들께 추천드려요","A unique cafe that goes well with Seongsu 🍵 A charming space with a calm atmosphere visible through the floor-to-ceiling windows 🌃 It’s great to spend time alone, and I recommend it to those who like or are interested in tea"
"🙆🏻장점 1⃣어디든지 포토스팟인 성수동카페📸 2⃣유럽 그 자체를 그대로 옮겨놔 여권없이 영국여행 쌉가넝🇬🇧 3⃣특색 넘치는 영국식 디저트가 많은 성수역카페✨ 4⃣1층, 2층 모두 넓고 좌석 많아","🙆🏻Advantages 1⃣Seongsu-dong Cafe, a photo spot anywhere📸 2⃣It is a replica of Europe itself, so traveling to the UK without a passport is cheap🇬🇧 3⃣Seongsu Station Cafe with many unique British desserts✨ 4⃣Both the 1st and 2nd floors are spacious and have lots of seats"
"공간 여기저기 잘 꾸며져 있어 구경하는 재미가 있는데,루프탑도 있어 이용가능하니 또다른 분위기를 느낄 수도 있습니다.","The space is well decorated here and there, so it's fun to look around, and there's also a rooftop that you can use, so you can feel a different atmosphere."
"체리그라니따는 체리슬러쉬에 콜드블루응 곁들여 마시는 음료로, 커피와 체리향 조화는 좋았지만 개인적으로 너무 달았다아…","Cherry granita is a drink made with cherry slush and cold blue. The combination of coffee and cherry flavor was good, but I personally found it too sweet..."
"😆 생각보다 줄도 금방 빠지고, 소금빵은 진짜 맛있었오요","😆 The line moved faster than expected, and the salt bread was really delicious."
아기바기한 인테레어 맛있는커피 친절한 사장님 역시 성수 핫플이네여,"Cute interior, delicious coffee, friendly owner, it's also a Seongsu hot spot."
왜때문인지는 제 순서가 가까워졌을 때 알 수 있었는데 포장이 엄청 오래 걸리더라구요.,"I found out why when my order got closer, but the packaging took a very long time."
서비스로 주신 치즈케잌도 치즈향이 넘넘 진하고 쫀득하니 굿굿🧀 우드우드한 인테리어도 예쁘고 너무 아기자기 쏘 큐트♡,The cheesecake given as a service was also very good because it had a strong cheese flavor and was chewy🧀 The wood-wood interior was also pretty and very cute.♡
성수동 카페거리에 신상 대형카페가 생겨서 갔는데 분위기도 좋고 깨끗하고 넓어서 좋았어요.,"I went there because a new large cafe opened on Seongsu-dong Cafe Street, and I liked it because it had a nice atmosphere, was clean, and was spacious."
테이크아웃을 주로 이용하는지라 비주얼 이 보이지 않지만 맛집데쓰,"Since I mainly use takeout, I can't see the visuals, but it's a good restaurant."
프렌치토스트 당충전 빵빵되는 맛..!,French toast full of sugar and full of flavor..!
매장 크고 졸아요!!,The store is big and makes you sleepy!!
주말 오전 웨이팅 없이 살 수 있었어요.,I was able to live without waiting on a weekend morning.
"꼭 드셔보시고 초코케이크도 드셔요,, 왕진하니까 왕좋다",Be sure to try it and eat the chocolate cake too. It's really good since I'm visiting.
"오늘 날씨가 너무 따뜻해서 야외좌석에 앉았는데, 분위기도 너무 좋고, 좌석 간격도 넓어서 대화하기에도 좋았어요","The weather was so warm today that I sat outside, and the atmosphere was really nice, and the seats were wide apart, so it was good for conversation."
가게 앞에서 풍기는 버터 구워지는 냄새가 넘 치명적이라 그냥 지나치기가 힘든데 빵 나오는 시간대가 정해져 있어서 미리 알아보고 가는게 좋아요.,"The smell of baking butter emanating from the front of the store is so strong that it's hard to pass by, but since the bread is served at a certain time, it's best to check in advance."
연남동 산책항 때마다 엄청난 버터향을 풍기며 손님들을 유혹하는데 그냥 지나치기만 하다 성수에서 유명한 소금빵집이 낸 분점이라 해서 사봤어요.,"Every time I go for a walk in Yeonnam-dong, it tempts customers with its amazing buttery scent, but I just pass by it. I heard that it was a branch of the famous Salt Bakery in Seongsu, so I bought it."
몇 개 마신 것 같아 찝찝한데 바빠도 신경 좀 쓰세요~~,"I feel bad because I think I drank a few, but please pay attention even if you are busy~~"
너무 맛있고 예뻐요,It's so delicious and pretty
커피도 진하고 딱 꼬숩고❤️ 친절한 훈남사장님 또 올께여~~,The coffee is strong and just right❤️ The friendly and handsome owner will come again~~
혼자 여행하다가 방문했는데 빵도 커피도 맛있어요,I visited while traveling alone and the bread and coffee were delicious.
결제 후 대기해서 다시 받는 구조였는데 그 시간이 참 길게 느껴졌고 다시 데워먹는 방법을 좀 읽고 싶었는데 줄도많고 안내도 없어서 안내판을 발견했을땐 이미 빨리 빠져줘야했어요,"After paying, I had to wait and get it again, but the time felt really long and I wanted to read about how to reheat it, but there was a lot of line and there was no information, so by the time I found the sign, I had to leave quickly."
특별한 커피가 있어요~,There is a special coffee~
모호 베통 품절되서 자연도 소금빵 득템 가격 올리지마세요,Moho betong is sold out so nature also got salt bread. Don't raise the price.
하고 지나쳤는데 지나가는 사람들마다 소금빵들고있는걸 보고 저도 도전해보았습니다,"I passed by and saw that everyone passing by was holding salt bread, so I tried it too."
하루에도 몇백개가 넘는 소금빵을 파시고 수백명의 사람들이 먹는 식품이니 위생에 조금 더 신경쓰시면 좋을 것 같습니다!,"Since more than a hundred salt breads are sold every day and hundreds of people eat them, it would be a good idea to pay more attention to hygiene!"
"에스프레소 잘 안 먹는데 이건, 매일 먹을 수 있겠어요!","I don't drink espresso often, but I could drink this every day!"
"하나만 못사고, 4개 세트로만 살 수 있다고 해서 아쉬웠지만 그렇게 사봤습니다… 개인적으로 소금빵이 많이 느끼해서!","I was disappointed to hear that I couldn't buy just one, and that I could only buy a set of 4, but that's what I bought... Personally, I find salt bread too greasy!"
저녁먹고 들리는 곳 직원분들 친절하시고 커피도 잘 만들어주십니다,A place I stop by after dinner. The staff is friendly and they make good coffee.
"성수동 예쁘고 커피맛있으면 사람많아서 짜증나는데 여기는 너무너무 한적하고 좋아용,, ❤️ 아무튼 너무 추천해버려~","If Seongsu-dong is pretty and the coffee is good, it gets annoying because there are a lot of people, but this place is so quiet and nice,, ❤️ Anyway, I highly recommend it~"
한줄평: 개인이 하는 생일카페보다도 허접하고 매대에는 비인기 상품만 가득한 기분 나쁜 팝업스토어.,One-line review: An unpleasant pop-up store that is worse than a private birthday cafe and has shelves filled with unpopular products.
디저트가 맛있고 주차가되서 좋아요,The desserts are delicious and parking is nice.
"빵이 맛있고, 독특한 음료가 많았어요",The bread was delicious and there were many unique drinks.
잊고 있던 믹스커피의 짜릿한 맛이 반가웠고 디저트들도 다 맛있었어요!,"I was glad to hear the thrilling taste of the mixed coffee that I had forgotten about, and all the desserts were delicious!"
한 자리에서 4개 순삭했다;,Four pieces were cut in one sitting;
토핑(?)의 블루베리는 여지껏 보지못하였을 만큼 크다.,The blueberry topping (?) is as big as I've ever seen before.
리뷰에는 극찬일색이었는데 저와 엄마입에는 하위권 소금빵이었네요. (왠지 소금빵 장인의 집이 아닌 트랜드전문가가 급조한 이쁘기만한 빵집느낌),"The reviews were full of rave reviews, but to my mom and I, it was a low-level salty bread. (For some reason, it feels like a pretty bakery made hastily by a trend expert rather than the home of a salt bread artisan)"
신논현 근처에 있는 로우어가든에서 빅토리아 푸딩스콘이랑 맘모스 파운드 케이크 테이크아웃 했어요!,I took out Victoria Pudding Scone and Mammoth Pound Cake at Lower Garden near Shinnonhyeon!
공간도 예쁘고 커피가 맛있어요.,The space is pretty and the coffee is delicious.
👌가게에 가시면 키오스크로 바로 가셔서 주문하시고 대기줄 서시면 됩니다.,"👌When you go to the store, you can go straight to the kiosk, place your order, and wait in line."
대기 10분했는데 세상에서 이렇게 맛있는 소금빵은 처음이에요,I waited for 10 minutes and this is the first time in the world I've ever had salt bread this delicious.
"옆 매장도 함께 방문했는데, 좋은 제품들을 직접 볼 수 있었고 마음에 드는 아이템도 구매할 수 있어서 만족스러웠어요.","I also visited the store next door, and I was satisfied because I was able to see good products in person and purchase items I liked."
화장실은 카페안이 아니라 카페건물에 있다고 써져있었고 주차도 바로앞에 2석 카페이름으로 주차금지 판넬이 있어서 2석정도 주차가능해보였어요!,"It was written that the restroom was in the cafe building, not in the cafe, and there was a parking prohibition board right in front with the name of the 2-seat cafe, so it looked like there was room for about 2 seats!"
"대한민국 전설의 소금빵 맛집, 자연도 소금빵 in 성수🥯 갓 구운 고퀄리티 버터향 가득한 소금빵을 맛볼 수 있고 개당으로는 판매 안하고 1set(4개 12,000원)로만 판매해요!","Korea's legendary salt bread restaurant, Jayeondo Salt Bread in Seongsu🥯 You can taste freshly baked, high-quality salt bread full of buttery flavor, and it is not sold individually, but only as a set (12,000 won for 4 pieces)!"
근데 요새 소금빵이 너무 많다보니 특별한 맛은 아니었어요.,"But since there were so many salt breads these days, it didn't taste particularly special."
보통 카페의 다른 음료에 비해 조금 비싸게 느껴지긴 하지만 한 번 마시고 직원분께 말씀드리면 남은 차로 한 번 더 우려주시더라고요.,"It feels a bit expensive compared to other drinks at cafes, but once you drink it and tell the staff, they will brew it again with the remaining tea."
2봉지 사서 하나는 선물하고 하나는 바로 먹었는데 너무 맛있어서 더 사오지 않은 걸 후회,"I bought 2 bags, gave one as a gift, and ate the other right away. It was so delicious that I regret not buying more."
좌석 많고 쾌적합니다,Lots of seats and comfortable
드디어 첨으로 줄 서서 사먹기☺️#소금빵 🥐넘부드러움.,Finally standing in line for the first time and eating it☺️#saltbread 🥐So soft.
마지막날 갔더니 굿즈가 텅텅 살게 없어서 아쉬웠고 카페… 인데 음료 마실 자리가 전혀 없어서 아쉬웠음,"When I went on the last day, I was disappointed that there were no goods to buy, and the cafe… But it was a shame that there was no place to have a drink."
"오후 채광이 잔뜩 드는 통창 인테리어도, 이 근처에서 보기드문 야외 테라스와 주차공간도 심리적인 여유를 보탠다.","The large-windowed interior that lets in plenty of afternoon light, as well as the outdoor terrace and parking space, which are rare in this area, add to the psychological relaxation."
식사를 가볍게 한지라 2차로 빵을 먹기 위해 바로 와보았습니다,"Since I had a light meal, I came right away to have a second round of bread."
로우어가든 시절부터 너무 좋아했던 카페라 새로 오픈하셨다는 이야기듣고 찾아왔는데 메뉴 뭔가 업그레이드되고 인테리어 진짜 영국감성 제대로에요,"It's a cafe I've loved since the Lower Garden days, so I came here after hearing that it was newly opened. The menu has been upgraded and the interior has a truly British feel."
"사람들이 북적이지 않아 소음이 적어 조용하고, 마음이 차분해지는 색감의 인테리어와 자리마다 비치된 콘센트와, 생긴 지 얼마 안돼보이는 깔끔한 내부가 맘에 듭니다.","I like the quiet interior with less noise as it is not crowded, the interior with soothing colors, the power outlets at each seat, and the clean interior that looks like it was recently built."
영수증에 이제 주식회사로 찍혀서 낯설지만 맛있는 차맛과 케이크 맛은 그대로 서울국제도서전 참가하신 후에 손님이 부쩍 많아진 것 같아요.,"The receipt is now stamped as a stock company, so it's unfamiliar, but the delicious taste of tea and cake is still there. After participating in the Seoul International Book Fair, the number of customers seems to have increased significantly."
점바점인건지 아니면 우리한테 준 빵만 짠건지 모르겠지만 기대하고 먹은 나로서는 많이 실망스러웠고 다음에는 안먹을것 같다,"I don't know if it was a Jumba restaurant or just the bread they gave us, but I was very disappointed as I had high expectations and I don't think I will eat it next time."
매장이 깔끔하고 음악도 잔잔해서 대화하거나 혼자 오기 좋고 콘센트도 많습니다.,"The store is clean and the music is soft, so it's great for conversation or coming alone, and there are plenty of outlets."
줄서서 기다려 먹을 맛은 아녔어요,It wasn't worth waiting in line to eat.
성수동의 또또또간집~ 저는 일단 쑥 말차 아포가토를 먹으며 시작합니다.,Tto Toto Ganjip in Seongsu-dong~ I start by eating mugwort matcha affogato.
괜히 줄서서 먹을 맛집까지는 아닌거같아용!,I don’t think it’s a good restaurant where you have to wait in line to eat!
차에 대한 향 설명도 너무 잘 되어있어서 어렵지 않게 고를 수 있을 거에요!,The flavor descriptions for the teas are so well written that you won't have a hard time choosing one!
뭐 그렇게 써있던것 같은데 그정도는 아니고요 먹을만하게 맛있어요~,"Well, I think it was written like that, but it's not that bad. It's delicious enough to eat."
매장 내부도 유럽감성으로 예쁘고 사진 어떻게 찍어도 잘 나오고 취향저격 탕탕탕.,"The interior of the store is pretty with a European feel, and no matter how you take photos, they come out well and are perfect for your taste."
소금빵이 맛있네여!,Salt bread is delicious!
줄 서서 먹길래 사봤는데 이유가 있었네요 :),"I bought it because I had to wait in line to eat it, but there was a reason :)"
시그니처 구테로이테는 단맛으로 시작해서 점점 짙어지는 스타일이네요.,The signature gutteroite starts off sweet and gradually becomes darker.
커피사진을 못찍었는데 가성비 좋고 특히 카페라떼 진짜 맛있어요..,"I didn't take a picture of the coffee, but it's good value for money and the cafe latte is especially delicious."
갠적인 원픽은 군밤🌰 여기 커피랑 디저트 맛보신 부모님이 너무너무 좋아하셔서 포장해서 갑니당 (งᐛ)ว (งᐖ )ว,My favorite pick is roasted chestnuts🌰 My parents who tried the coffee and dessert here liked it so much that we took it to go (งᐛ)ว (งᐖ)ว
"좌석이 단 1개도 없는 테이크아웃 전용이다보니, 가게 앞에 앉아서/서서 먹는 사람들이 대다수였는데, 무조건 박스에 끼워서 넣어주다보니 너무 환경오염이 심한 게 아닐까.","As it is a takeout-only service with no seating, the majority of people eat while sitting/standing in front of the store, but since they always put it in a box, I think it is causing too much environmental pollution."
뷰도 좋고 분위기도 좋아서 쉬는날 자주 찾을 것 같아요,"The view is nice and the atmosphere is nice, so I think I'll visit often on my days off."
빵 할인 행사해서 구테로이테 주문했고 마스카포네 케이크 신상이라 시켜봤는데 마냥 크림만 있는 게 아니고 안에 커피 얼린 크림이 있어서 특이하고 많이 안 달아서 좋네요,"I ordered Gutteroite because it was on sale for bread, and I ordered the mascarpone cake because it was a new product. It wasn't just cream, it had frozen coffee cream inside, which was unique and good because it wasn't too sweet."
딸이랑 데이트 왔어요,I went on a date with my daughter.
자리도 넓어서 친구들이랑 오기 딱 좋아요!,"The space is spacious, so it's perfect for coming with friends!"
그냥 무심코 지나가다 들어와ㅆ는데 커피랑 디저트가 보통 아이네요….,"I was just casually passing by and came in, and coffee and dessert were the norm... ."
생각보다 일찍 도착해서 기웃거리다 직원분이 있어서 지금 주문 가능한지 물어보려고 말 걸었는데 무척 쌀쌀맞게 말하시네요.,"I arrived earlier than expected and was snooping around. I tried to talk to the staff to ask if I could order now, but they spoke very coldly."
개인적으로는 기다림과 포장 맵시에서 오는 기대에 미치진 못했습니다.,"Personally, it didn't live up to my expectations due to the wait and the neat packaging."
명품값이지만 한번쯤 가볼만하다고 봐요.,"Although it is expensive, I think it is worth a visit at least once."
4개 포장만 키오스크로 판매하더라구요!,Only 4 packs are sold at the kiosk!
커피도 음료도 디저트도 다 맛있고 윗층에 마련되어 있는 쇼룸과 카페 공간도 인테리어도 감각적이고 멋진 곳입니다.,"The coffee, drinks, and desserts are all delicious, and the interior of the showroom and cafe space on the upper floor is stylish and stylish."
카페도 붐비지않고 여유로워서 좋아요!,I like the cafe because it’s not crowded and it’s relaxing!
사장님 노래 좀 바꿔주세요.,"Sir, please change the song."
일찍오면 핫메뉴 먹을수잇을거같아요,"If you come early, you can eat the hot menu."
커피도 디저트도 굿굿👍,Coffee and desserts are good too👍
미친 회전율; 포장해놔서 맛이 죽었을 줄 알았는데 여긴 바닥이 바삭하고 빵은 촉촉한걸로 승부를 보는것 같다;; 존맛;;;; 겉바속촉 원한다면 다른곳 가야함,"crazy turnover rate; I thought the taste would have died because it was packaged, but this place seems to compete with the crispy bottom and moist bread;; Nice taste;;;; If you want the inside and outside, you have to go somewhere else."
빵나오는 시간에 맞춰서 간건지 갓구운 소금빵 맛있었습니다,"I guess I went there just in time for the bread to come out, but the freshly baked salt bread was delicious."
이벤트가 있어서 방문했는데 커피도 디저트도 맛있어요!!,"I visited because there was an event, and the coffee and desserts were delicious!!"
공간은 협소해서 옆 자리와의 간격이 좁은편이예요,"The space is small, so the space between you and the seat next to you is narrow."
직원분들 너무 친절하시고 추운 날씨 마시는 차~ 몸도 건강해지는 느낌이고 향도 좋고~ 힐링 되는 느낌이였습니다,The staff were so kind and the tea I drank in the cold weather made me feel healthy and the scent was nice~ I felt healed.
매장 넓직하고 좌석간 거리도 있어 대화하기 좋습니다,"The store is spacious and there is distance between seats, making it easy to have conversations."
성수동에 와서 우연히 방문했는데 인테리어도 이쁘고 커피가 너무너무 맛있어서 기분이 좋네요!,"I happened to visit this place when I was in Seongsu-dong, and the interior was pretty and the coffee was so delicious that I was happy!"
사람이 정말 매우매우 많아서 꽤나 오래 줄을 서야하지만 중간에 직원분이 결제하는거 도와주셔서 극악의 웨이팅은 아니였숩니다,"There were so many people that you had to wait in line for quite a long time, but the wait wasn't too bad because the staff helped you pay."
말차 갸또 케이크 진하고 달달하니 맛있었고 자리도 많고 매장도 예쁘고 엄청 세련됬어요.,"The matcha gateau cake was rich, sweet, and delicious, and there were plenty of seats, and the store was pretty and very sophisticated."
위에 크림이 너무 부드럽고 밑에는 달달구리 진짜 라떼 좋아하시면 핵추천✨ 진짜 다음에도 친구들 데리고 또 방문하겠습니다!,The cream on top is so soft and the bottom is sweet. Highly recommended if you like real lattes✨ I will definitely visit again next time with my friends!
교동아 생일 츄카해,"Gyodong-ah, happy birthday!"
포장도 너무 귀엽고 여캐껏 먹어본 소금빵 중에 최고임..,The packaging is so cute and it's the best salt bread I've ever had.
콘센트가 많아서 작업하기 좋아요.,There are lots of outlets so it's great for working.
암튼 구테로이테 도차카 (도시 세상 차가운 카페) 같지만 갈때마다 서비스 좋은거 같아요,"Anyway, it's like Guteroite Dochaka (a cold cafe in the city), but I think the service is good every time I go."
"특히, 커피맛은 진짜 good!!","In particular, the coffee tastes really good!!"
베이커리류 다 맛있어보이는데 브런치를 배부르게 먹고 와서 아쉬워요.,"All the baked goods look delicious, but it's a shame that I ate a full brunch."
"음료만 마시려고 했는데, 한입 들이킨 순간 굿즈를 쓸어담은 나의 모습.","I was only going to drink the drink, but the moment I took a sip, I found myself scooping up the goods."
수다떨기에도 엄청 시끄럽지 않고 커피도 맛있어요 :),It's not too noisy for chatting and the coffee is delicious :)
다음에 다른 커피 메뉴 마셔보러 또 올 것 같아요,I think I'll come back next time to try other coffee menus.
매장도 진짜크고 인테리어도 너무 예뻐요:) 오늘은 날씨가 너무 좋아서 야외 그늘테이블에 앉아서 편히쉬다가요 성수에 이렇게 예쁜카페가있는지 몰랐어요,The store is really big and the interior is really pretty :) The weather was so nice today that I sat down at the outdoor shaded table and took a rest. I didn't know there was such a pretty cafe in Seongsu.
♥️♥️ 종류도 많아서 지인들 생일때 자주 이용할거 같아요!,"♥️♥️ There are many types, so I think I will often use it for my friends’ birthdays!"
자극적이고 화려한 비주얼의 음료가 인기를 끄는 요즘 이너뷰티에 좋은 곳 찾기 힘든데 뷰맛집 맥파이앤타이거 성수티룸 이번 주말 방문 어떠세요?,"It's hard to find a good place for inner beauty these days, as drinks with stimulating and flashy visuals are popular. How about visiting the view restaurant Magpie & Tiger Seongsoo Tea Room this weekend?"
성수동에 3년 근무하지만 이런 소소한곳 찾는 재미로 삽니다.,"I've been working in Seongsu-dong for 3 years, but I enjoy finding small places like this."
다양한 차를 조용히 즐기기 좋아요,I like to quietly enjoy a variety of teas
2층에는 옷가게도 있는데 마시다가 올라가서 구경하면 즐거워요,"There's a clothing store on the second floor, so it's fun to go up and look around after drinking."
저는 이집에서 소금빵에만 10만원 넘게 써봤는데요 바삭부들하고 버터 풍미가 진한 게 맛있어요!,"I've spent over 100,000 won just on salt bread at this restaurant. It's crunchy and has a rich buttery flavor, and it's delicious!"
따뜻할때 먹으니 맛있었고 오븐에 데워먹어도 괜찮앗어요,"It was delicious when I ate it while it was warm, and it was okay to eat it reheated in the oven."
"구매 후 앉아서 먹을 매장은 없지만 보이는 매장 분위기 좋구요,","There is no store to sit and eat after purchasing, but the store you can see has a nice atmosphere."
"원두 선택하는 카페는 많지만, 원두 간 가격이 같거나 500원 정도 차이나죠.","There are many cafes where you can choose the coffee beans, but the price between the beans is the same or varies by about 500 won."
커피는 꽃향기와 산미가 적당히 느껴지고 잔향이 오래남아 좋았고 매장도 따뜻하고 노래도 잔잔하게 나와서 편하게 있다가 가기에 좋았어요,"The coffee had just the right amount of floral and acidity, and the lingering scent lasted a long time. The store was warm and the music played softly, so it was nice to relax and leave."
"친구 생일기념으로 예약했는데 역시 플디,,,,, 너무 맛있는데 지점도 많이 생겨서 좋아요!!","I made a reservation to commemorate my friend's birthday, and as expected, it's delicious, and it's great that there are so many branches!!"
베이커리류 너무 맛있습니다 :),Bakeries are so delicious :)
노래도 좋고 분위기도 좋아요,The song is good and the atmosphere is good too.
차도 맛있고 분위기도 좋고 디저트도 맛있다니…?,"The tea is delicious, the atmosphere is nice, and the desserts are delicious... ?"
동네빵집돠의 차이는 잘 모르겠지만 고소해요,"I don't know the difference between a local bakery and a bakery, but I'm sorry."
한교동 생일카페로 예약 후 방문했습니다!!,I visited the Hangyo-dong birthday cafe after making a reservation!!
오른쪽 결제줄에서 먼저 결제 후 픽업 대기줄에 서면 됩니다.,You can first pay at the payment line on the right and then stand in the pick-up line.
강남점은 가봤는데 사무실 근처인데 생긴지 모르고 있다가 와봤네요.,"I've been to the Gangnam branch and it's near my office, but I didn't know it existed until I came here."
바닐라라떼가 부드럽고 맛있어서 다음에 또 먹으러 오고 싶어요.,"The vanilla latte is smooth and delicious, so I want to come back to try it again next time."
다만 하나의 단점이 있다면 소금이 많이 뿌려진 편이라 다른 소금빵들에 비해 담백함 보다는 짭짤한 맛이 강렬하게 느껴졌어요!,"The only downside is that it is sprinkled with a lot of salt, so it tastes more salty than light compared to other salt breads!"
우연히 지나가다 먹어본 후로 자꾸 생각나서 재방문했습니다.,"After I happened to pass by and tried it, I kept thinking about it and came back again."
처음 고른 차를 먹었을 때 취향이 아니었는데 두번째 우린 차로 먹으니 너무 맛있더라구요,"The first time I tried the tea I chose, I didn't like it, but the second time we tried it, it was really delicious."
지나갈때마다 줄 서있는 집 그래도 회전율 좋은편 빵은 당연히 안에 좋은 버터 듬뿍 넣어 만들어 맛잇다 소금빵 러버라면 한번쯤은 가본집,"There's a line every time you pass by this place. But the turnover rate is good. The bread is of course made with plenty of good butter and is delicious. If you're a salt bread lover, this is a place you should go to at least once."
"지난번엔 만석이라 아쉽게 못갔는데 오늘은 운좋게 들어왔어요 :) 구테 넛 슈페너 고소 달달해서 맛있었고, 초콜릿라떼도 달달해서 좋았어요!","Unfortunately, I couldn't go last time because it was full, but I was lucky enough to get in today :) The Gute Nut Spener was sweet and delicious, and the chocolate latte was also sweet and good!"
성수 근처 카페중에 넓고 대화하기도 좋아요!,"Among the cafes near Seongsu, it's spacious and great for conversation!"
"4개 1세트(12,000)만 구매 가능해서 키오스크로 구매하고 픽업 줄 서서 받음","Only 1 set of 4 (12,000) can be purchased, so purchase at the kiosk and wait in line for pickup."
정신없는 성수에서 여유 잇고 자리 편해요!,You can relax in hectic Seongsu and the seats are comfortable!
"인테리어도 예쁘고, 맛있어요!!",The interior is pretty and delicious!!
음료도 맛있고 디저트도 하나같이 다 예쁘고 달달해서 행복했어요,I was happy because the drinks were delicious and all the desserts were pretty and sweet.
케이크가 너무 예쁘더라구요:),The cake was so pretty :)
먹어본 소금빵 중에 어나더레벨이에요.,It's another level of salt bread I've ever tasted.
"리뷰이벤트 쓰면 시그니처 1잔 무료제공이라고 계산대 앞, 테이블마다 적혀 있는데 직원 두분 다 표정이 너무 안좋아요","There is a sign in front of the cash register and on each table that says if you use the review event, you will get a free signature drink, but both employees have very sad expressions."
너무너무 맛있어요!!,"It's so, so delicious!!"
버터가 아주 많이 들어간 소금빵이라 맛이 없을수가 없이 맛있음,"It's salt bread with a lot of butter, so it's incredibly delicious."
여기 바닐라빈라떼 고소해서(원두 신맛으로도 변경 가능해요!) 정말 맛있었어요!,The vanilla bean latte here was savory (you can also change the flavor to sour beans!) and it was really delicious!
"영국 가정집 느낌 제대로~ 이국적인 인테리어, 편안한 분위기와 배경 음악도 감미롭고 좋아요.","It feels like a British home~ Exotic interior, comfortable atmosphere and background music are sweet and nice."
급 서울볼일보러 가는길 근처 맛집 검색시작 너무 일찍도착해 아침먹으러 먼저갔다,"On my way to run errands in Seoul, I started searching for nearby restaurants. I arrived too early, so I went to have breakfast first."
특이한 음료 많고 날씨 좋은 지금 야외에 앉아 있기 좋아요.,It's nice to sit outside now that there are so many unique drinks and the weather is nice.
"따뜻한 감잎차 마셨고, 향긋하고 따뜻해서 겨울에 딱이였어요,,,","I drank warm persimmon leaf tea, and it was fragrant and warm, perfect for winter."
깨끗하고 음료종류가 많아서 대화하러오기 좋아요~!,"It's clean and has a lot of drinks, so it's great to come for conversation!"
역시 공차는 펄 맛집 🧋,"Of course, Gongcha is a Pearl restaurant 🧋"
2개씩도 팔아주셨으면합니다,I would like you to sell 2 of each.
라떼 맛있고 얼그레이 케잌도 맛있어요.,The latte is delicious and the Earl Gray cake is also delicious.
커피가 맛있어요 ◡̈,The coffee is delicious ◡̈
갓 나온 아이를 먹어서인지 숙성이 조금만 더 됐더라면 싶었지만 조용히 흡입했습니다,"I wish it had matured a little more, perhaps because I ate a baby that was just born, but I quietly inhaled it."
"나오기전 들른 화장실도 임팩트 있었는데, 거울샷 찍으면 이쁜 구조에 다크한 로얄블루 컬러로 얼라인한 변기와 집기까지 고급짐","The restroom I stopped by before leaving was also impactful. If you take a picture of the mirror, you will see that it has a beautiful structure and is luxurious, with a dark royal blue colored toilet and fixtures."
주말에 방문했을땐 줄이 너무 길어서 왠지 사먹을 엄두도 안 났는데 평일에 방문하니 줄이 많이 길지않아 좋았어요!,"When I visited on the weekend, the line was so long that I didn't even dare to buy it, but when I visited on a weekday, the line wasn't that long, which was nice!"
저녁에 가니 성수 메인길이 보이면서 뷰가 너무 예뻤고 사람들로 꽉찬 카페였지만 다들 조용조용하는 분이기라 오붓하게 대화나누기 좋은 카페에요.,"When I went in the evening, I could see the main street of Seongsu and the view was very pretty. It was a cafe full of people, but everyone was quiet, so it was a great cafe for intimate conversation."
먹어보니 겉은 감자칩 같은 식감에 짭짤한 맛이 느껴지면서 속은 완전 버터때문에 쫀쫀한 결이 있어서 정말 맛있었어요.,"When I tried it, it had a potato chip-like texture on the outside with a salty taste, but the inside had a chewy texture due to the butter, so it was really delicious."
시간 되자마자 바로 입장할 수 있어서 좋았고 직원분들도 친절하게 설명해 주셔서 편하게 구경할 수 있었습니다!!,"It was nice to be able to enter as soon as the time was right, and the staff was kind enough to explain things, so I was able to look around comfortably!!"
"달콤한 휘핑크림, 부드러운 밀크 번으로 영국과 북유럽 감성 그대로 즐길 수 있던 셈라는 부드럽고 촉촉하면서도 달콤한 맛이 완전 중독인데, ﻿특히 헨리스플랏의 셈라는 애플망고를 넣어 상큼달달한 맛과 식감까지 더해진 것이 특징이더라구요.","Semla, which can be enjoyed with the same British and Northern European sensibility with sweet whipped cream and a soft milk bun, is completely addictive with its soft, moist and sweet taste. In particular, Henry's Plat's Semla is characterized by the addition of apple mango, adding a refreshing and sweet taste and texture."
성수 지나다가 본 카페 나중에 가야지 하다 드디어 왔어요,I saw this cafe while passing through Seongsu and decided to go there later and finally came.
아침 빵나온시간에 가니깐 바로 구입했네요,"I went when bread came out in the morning, so I bought it right away."
"👍🏻 주택 한 채를 전체로 운영하고, 1, 2층 전부 인테리어가 예뻐서 눈길 가는 곳마다 포토존 그 자체예요.","👍🏻 It is operated as an entire house, and the interior of both the first and second floors is beautiful, so wherever you look, it is a photo zone itself."
먹어본 소금빵중에 버터향 제일 진하고 바닥도 약간 바삭 소금빵 그닥 좋아하지는 않는데 여기껀 또 사먹을거같아요,"Of all the salt breads I've ever had, it has the strongest buttery flavor and the bottom is a bit crispy. I don't really like salt bread, but I think I'll buy this one again."
왜 대한민국이 김봉진 의장의 다음 발걸음에 주목하는지를 확인할 수 있었다.,I was able to see why the Republic of Korea is paying attention to Chairman Kim Bong-jin's next step.
"🫶 직원분들도 너무 친절하시고, 매장 분위기도 감각적으로 꾸며져 있어서 사진 찍기에도 딱이에요","🫶 The staff are very friendly, and the store atmosphere is tastefully decorated, making it perfect for taking pictures."
낱개는 없고 4개 세트만 있어서 구입했는데 집에 와서 3개 바로 먹었어요,"I bought it as a set of 4, not individually, but I ate 3 right away when I got home."
성수동 놀러오면 무조건 들리는 소금빵 맛집 따끈한거 바로 먹으면 더 맛있어요,A salt bread restaurant that you always visit when you visit Seongsu-dong. It tastes better if you eat it hot right away.
유명해서 먹어봤어요 후기에 포장해서 가져가면 특별할게없고 바로먹어야 맛있대서 바로먹을것만주문 맛있긴했는데 다르곳보다 더맛있는지는 잘;; 포장이 이쁘긴한데 그거한다고줄만길어지는 느낌이라 바로먹을 저희같은사람은 받자마자 풀러서 ;;그냥 물어보고 봉투째 주셔도될듯,"I tried it because it was famous. According to the review, there is nothing special if you take it home and it tastes good only if you eat it right away, so I only ordered the food to eat right away. It was delicious, but I don't know if it tastes better than other places;; The packaging is pretty, but it feels like the line is getting longer, so for people like us who want to eat right away, we unwrap it as soon as we receive it;; You could just ask and have them give you the whole bag."
갠적으로 저는 말차맛이 더 맛있었어요,"Personally, I liked the matcha flavor better."
주말네시경 갔는데 빵 디저트가 하나도 없었어요,I went around 4pm on a weekend and there was no bread or dessert.
"오랜만에 재방문 했는데, 여전히 쾌적하고 깨끗 했습니다.","I visited again after a long time, and it was still comfortable and clean."
"성수에서 젤 깔끔하고 탁트인 카페라고 장담할 수 있습니다,,👀 직원분들도 넘넘 친절하시구 쑥말차 아포가토!","I can guarantee that it is the cleanest and most open cafe in Seongsu,,👀 The staff is very friendly and they serve mugwort matcha affogato!"
쎈느는요 점점 변해가는 멋진 성수동의 가고싶은 집이 될 것 같아요,I think Senne will be a house I want to visit in the ever-changing and wonderful Seongsu-dong.
🤔 소리가 살짝 울리는 편이라 조용한 분위기는 아니지만 그래도 카페 자체는 좋아요,"🤔 It's a bit noisy so it's not a quiet atmosphere, but the cafe itself is still good."
실망이란 리뷰도 있지만 무엇보다 그냥 무언가를 좋아해서 그거 하나만 꽂혔다 라는 공통점을 가진 사람들의 모임 같아서 충분히 잘 즐길 수 있었어요!,"There were some reviews that said it was disappointing, but more than anything, I was able to fully enjoy it because it was like a gathering of people who had one thing in common: they just liked something and were obsessed with it!"
화장실이 매우 청결하고 매장이 넓어서 좋아요.,I like that the restrooms are very clean and the store is spacious.
좀 비싸다 생각하지만 맛있어요,"I think it's a bit expensive, but it's delicious."
자리가 없어서 조금 대기 하다가 주문 했는데 아늑하고 좋았어요:),"There were no seats, so I waited a bit before ordering, and it was cozy and nice :)"
인테리어도 좋고 성수동 커피맛집,Nice interior and great coffee shop in Seongsu-dong
두번째 방문한 자연도소금빵!,My second visit to Jayeondo Salt Bread!
통창뷰라 시원하고 차 즐기기 좋았어요,It was cool and nice to enjoy tea because of the full-window view.
그라니따 강추하고 롱블랙도 굿굿!!,I highly recommend the granita and the long black is also good!!
"다른 리뷰에 커피 산미가 많다고했는데, 그라니따는 레몬이 들어가서 산미 많은 잠이 확 깨는 맛이구요.","Other reviews said that the coffee had a lot of acidity, but the granita has a lot of acidity because it contains lemon, so it has a great awakening taste."
굿 야외자리 운치있어요,Good outdoor seating. It has a nice atmosphere.
공차는 언제나 맛나쥬?),"Gongcha is always delicious, right?)"
제가 그동안 먹었던 퍽퍽하고 밍밍한 모닝빵 같은 소금빵과 달리 처음 먹었을 때 느껴지는 버터의 향과 촉촉한 느낌이 너무 좋았습니다,"Unlike the dry, bland morning bread-like salt bread I had been eating, I loved the buttery scent and moist feeling I felt when I first ate it."
영종도 본점에서 처음 먹어보고 친구한테도 소개해주고 싶어서 사먹음 역시 맛있다,"It was my first time eating it at the Yeongjongdo main branch and I wanted to introduce it to my friends, so I bought it and it was delicious."
집에서 맛있는 가염버터 가득에 식빵 토스트한 맛이에요,It tastes like toasted bread filled with delicious salted butter at home.
🥐 먼저 키오스크로 주문하고 웨이팅 줄 서있으면 됩니다,🥐 First order at the kiosk and wait in line.
막 엄청 신나는 노래라기보다는 그냥 통통 튀면서 리듬감있는?,"Rather than a really exciting song, is it just bouncy and rhythmic?"
인테리어가 따뜻한 분위기에 넘 예뻐용 음악도 툴어져있는데 음악까지 분위기와 잘 어울려용,"The interior is very pretty with a warm atmosphere. There is also music, and even the music goes well with the atmosphere."
"창의력과 좀 놀 줄 아는 에너지는 AI가 범접하지 못하는 영역임을 재확인하고 고개를 혼자 끄덕이며, 10대 20대 찐팬들 사이에서 우리 애들 옷걸이 내지는 보디가드를 하다가 왔습니다.","I nodded my head to myself, reaffirming that creativity and the energy to have fun are areas that AI cannot touch, and came to work as a clothes hanger or bodyguard for my children among the biggest fans in their teens and 20s."
서울숲 카페거리에 하나 더 있으니 방문 전에 헛갈리지 않게 조심하세요,"There is another one at Seoul Forest Cafe Street, so be careful not to get confused before visiting."
힐링하러 오기 딱 좋은 예쁜카페,A pretty cafe perfect for healing
성수 버터 풍미 가득 소금빵 맛집 ✯¸.•´*¨`*•✿ ✿•*`¨*`•.¸✯ 지나가는 길에 본 소금빵집인데 줄을 항상 서있길래 궁금했는데 박세리 선수님도 사먹는 유명한 소금빵집이더라구요!,"Seongsu's famous salt bread restaurant full of butter flavor ✯¸.•´*¨`*•✿ ✿•*`¨*`•.¸✯ I saw this salt bread restaurant in passing. I was curious because there was always a line, but it turned out to be a famous salt bread restaurant that even player Se-Ri Pak buys from!"
우유를 결정할 수 없다는 점과 디저트가 빵종류 밖에 없다는 점이 아쉽지만 커피 전문점과 여기를 고르라고 한다면 조금 비싸도 여기가 좋은 것 같다,"It's a shame that you can't decide on the milk and that the only desserts are bread, but if I had to choose between a coffee shop and this place, I think this would be good even if it's a little expensive."
소금빵 맛집이라해서 성수간김에 줄 살짝스고 사온 소금빵 뭔가 불편하고 실용적이지 못한 주문씨스템;; 근데 빵은 아주 맛있네요,"They said it was a salt bread restaurant, so I bought salt bread with a slightly soaked string during the peak season. The ordering system is somewhat inconvenient and impractical;; But the bread is very delicious"
공간도 넓고 조용해서 성수 올 때마다 찾아요,"The space is spacious and quiet, so I come here every time I come to Seongsu."
깔끔하고 조용한 분위기 음악이 너무 좋아요,"I really like the clean, quiet atmosphere and music."
평일 11시쯤 갔더니 5분 정도 기다리다가 포장 완!,"I went around 11 o'clock on a weekday, and after waiting for about 5 minutes, it was packed!"
카페 공간이 넓어서 휴식하면서 커피 한 잔 하기 좋은 거 같아요.,"The cafe space is large, so I think it's a good place to relax and have a cup of coffee."
카페크레마는 달달하니 맛있어요,The cafe crema is sweet and delicious.
#바스크치즈케이크 입 안에서 녹는 치즈의 구수함과 살짝 탄 느낌의 허스키함이 조화롭게 어우러져서 너무 맛있어요.,#Basquecheesecake It's so delicious with the harmonious combination of the savory flavor of the cheese that melts in your mouth and the slightly burnt husky flavor.
생각보다 많이 기다리지 않았고 빵이 진짜 존맛탱입니다,"I didn't have to wait as long as I thought, and the bread is really delicious."
우드톤이 너무 좋고 메뉴도 다양해서 좋아요 성수 오시면 추천함니다 !,I really like the wood tone and the menu is varied. I recommend it if you come to Seongsu!
2층도 구경하고 싶었는데 다음 일정이 있어서 다음에 또 가려구요!,"I wanted to see the second floor too, but I have other plans, so I'll go again next time!"
커피가 너무 맛있고 매장 분위기가 좋아서 자주 방문하게 될 거 같아요,"The coffee is so delicious and the store has a nice atmosphere, so I think I'll be visiting often."
매장도 깨끗하고 친절합니다~,The store is also clean and friendly~
구테로이테 이름만 듣다가 와봤는데 너무 맛있고 좋아요!,I came here after hearing the name of Guteroite and it was so delicious!
커피 디자인은굿 커피맛은 쏘쏘한편~ 특이사항은 화장실이 굉장히 독특한 느낌을 주었네요.,"The design of the coffee is good, the taste of the coffee is spicy, but the special thing is that the bathroom has a very unique feel."
오랜지라떼가 비안코 맛이네요,The orange latte tastes like Bianco.
줄줄줄~ 매일 줄을서는데 포장하는 시간이 진짜김 그래서 밀리는거 아닌가 싶을정도 포장없이 주면 엄청 빠를듯 이것또한 마케팅이 아닐까 합니다,"Line by line~ I stand in line every day, but the packaging time is really long. I wonder if that's why they're behind. If they give it to you without packaging, it'll be really fast. I think this is also marketing."
작지만 아늑하고 노래 선율도 좋아서 머무르는 동안 행복한 곳이에요,"It's small but cozy and the music is good, so it's a happy place to stay."
방통대 우수 상장받으러 간 김에 겸사겸사 나들이한 성수에서 좋은 빵냄새로 유혹을 해 줄서서 사봤습니다.,"While I was on my way to receive a certificate of excellence from the Korea National University of Science and Technology, I was tempted by the smell of good bread in Seongsu, where I went on a business trip, so I lined up to buy it."
석진이가 잘생겼고 잘생겼고 잘생겼어요 비데이는 공간이 넓어서 넘 쥬아요 ..,"Seokjin is handsome, handsome, handsome. Bday has a lot of space, so it’s really nice.."
서울숲 밀도 옆 좁은 골목으로 쭉 들어가면 위치해 있는 컴오프로스터스,Come of Roasters is located in a narrow alley next to Seoul Forest Mill.
무엇보다 주문할때나 음료가 나올때 대응이 되게 친절하고 좋았어요.,"Above all, the response was very friendly and nice when ordering and when drinks were served."
"버터가 흘러내릴만큼 버터리한 소금빵이고, 낱개로는 구매가 불가능한 게 단점인 거 같아요.","It's salt bread so buttery that the butter flows out, and I think the downside is that it can't be purchased individually."
화장실은 칸 한개라 좀 불편했지만 깔끔했어요,"The bathroom had only one stall, which was a bit inconvenient, but it was clean."
아아 2잔에 말차요거트 케이크 시켰는데 케잌은 달고 아아는 도쿄랑 플로런스 중 플로런스가 더 취향이었어요,"Ah, I ordered 2 cups of matcha yogurt cake, but the cake was sweet, and between Tokyo and Florence, I liked Florence more."
4개 들어있는 포장이 귀엽죠~,The packaging of 4 is cute~
"2시간 내내 십수년전 빅뱅, 투애니원 노래만 나오는데 너무 올드하고 지겹네요.","For the entire two hours, only Big Bang and 2NE1 songs from decades ago are played, and they are so old and boring."
화장실도 호텔식이라 좋았고 사진도 잘 나왔어요,"The bathroom was hotel-style, so it was nice, and the photos came out well."
크로플이랑 커피도 맛있습니댜~!,Crople and coffee are delicious too!
주차할 곳은 없지만 화장실도 남녀 분 이 되어 있고 일단 빵이 맛있어서 너무 좋아요.,"There is no place to park, but there are restrooms for men and women, and the bread is delicious."
"또, 메뉴관련해서 이것저것 많이 물어봤는데 성수 케이크샵 사장님 너무 친절하게 응대해주셔서 덕분에 기분 좋게 구매했네요 :)","Also, I asked a lot of questions about the menu, and the owner of Seongsu Cake Shop responded very kindly, so I was happy with my purchase :)"
줄서있길래 맛있을거같아서 사먹어봤는데 너무 기름지고 별로에요,"While I was waiting in line, I thought it would be delicious so I tried it, but it was too greasy and not that good."
팝업 대기 하다가 카페인 충전했는데 살아나는 느낌이에요,I recharged my caffeine while waiting for the pop-up and I felt like I was alive.
버터가득한 맛… 두개이상은 못먹을거같지만 근처오면 사고싶어용,"Buttery taste... I don't think I can eat more than two, but I want to buy them when I get nearby."
커피랑 빵 다 맛있고 분위기 좋아서 종종 이용하는 곳이에요,"The coffee and bread are both delicious and the atmosphere is nice, so I frequent this place often."
키오스크에 주문하고 대기하면 빵을 받을 수 있습니다.,You can receive your bread by placing your order at the kiosk and waiting.
낱개 구매 안 됨.,Cannot be purchased individually.
매장도 깨끗하고 분위기도 좋습니다,The store is clean and the atmosphere is good.
이미 나온 상태라 전화했는데 안받아서 그냥 쓰겠지만 좀 어수선하고 굿즈들도 살만한거 거의없고 인생네컷도 퀄리티 별로입니다.,"I called because it was already out, but they didn't answer, so I'll just use it, but it's a bit cluttered, there's almost nothing worth buying, and the quality of the Four Cuts of Life isn't that great."
"고층에 위치해 뷰도 탁 트여 좋고, 섬세하게 티 내려주시는 직원들의 모습도 좋았어요.","It is located on a high floor, so the view is great, and I also liked the staff who delicately served tea."
새로운 느낌의 믹스커피!,Mixed coffee with a new feel!
빵도 다양하고 케이크도 정말 맛있어보였어요 :) 커피도 맛있구 •• 무엇보다 인테리어가 정말 정말 예뻐서 성수 오면 꼭 다시 올 것 같아요,"There were a variety of breads and the cakes looked really delicious :) The coffee was also delicious •• Above all, the interior was really, really pretty so I think I will definitely come back when I come to Seongsu."
버터도 많이 들어간 것 같고 바싹 꾸워진 바닥 부분이 맛있어요.,It looks like there was a lot of butter in it and the thickly decorated bottom is delicious.
여기 몇번을 와도 좋은데 거의 모든 자리에 콘센트 있다고도 말했나요?,"I can come here no matter how many times I come here, but did I also mention that there are outlets at almost every seat?"
더워 죽겠는데 사람 세워놓고 어차피 이 사람들은 구매하려고 하는 사람들이니 포장을 신경써서 해야한다 라고 말하는데 맛집 처럼 보이려고 일부로 줄세우는 느낌??,"It's so hot that it's killing me, but they stop people and say, 'These people are going to buy anyway, so they need to be careful about packaging.' But it feels like they're lining up people to make it look like a good restaurant??"
근데 차가운데도 맛있으면 진짜 인정.,"But if it tastes good even when it's cold, I really approve."
그냥 자유분방한 알바같은 직원들 서비스에나 더 집중 하시길 ..,Just focus more on the free-spirited part-time employee service.
한번 맛보면 잊을 수 없는 맛…❤️ 이제 더 이상 다른 소금빵은 못먹게됐어요,A taste you will never forget once you taste it... ❤️ I can't eat any other salt bread anymore.
버터 풍미가 엄청 진하고 고소하고 빵도 부드러워서 4개 금방 먹더라고요!,"The butter flavor was so rich and savory, and the bread was soft, so I ate 4 of them in no time!"
"실내 공간 배치와 소품들이 매우 감각적이라고 생각하고, 화장실도 매우 깔끔함.","I think the interior space layout and props are very sensuous, and the bathroom is also very clean."
성수의 다양한 카페와 핫플레이스가 있지만 도심속에서 힐링할 수 있는 공간을 찾기 어려운데 맥파이앤타이거 성수티룸은 데이트코스나 비즈니스미팅하기에도 고급스럽고 휴식가득한 공간이라 방문을 추천해요.,"Although there are various cafes and hot places in Seongsu, it is difficult to find a space for healing in the city, but I recommend a visit to the Magpie & Tiger Seongsu Tea Room as it is a luxurious and relaxing space perfect for a date or business meeting."
성수들르면 사먹어요.,I buy it when I stop by Seongsu.
개인적으로 섞어서 먹는것 보다 계속 따로 먹는게 더 좋은 것 같아요,"Personally, I think it is better to keep eating them separately rather than mixing them together."
4개단위로 포장해서 팔고 따뜻한 상태로 바로 포장해주셔서 바로 뜯어 먹으면 겉은 바삭하고 속은 쫄깃하면서 고소한 버터풍미가 폭발해요,"They are sold in packs of 4 and are packaged warm so when you eat them right away, they are crispy on the outside, chewy on the inside, and burst with a nutty buttery flavor."
커피도 디저트도 비주얼부터 합격이고 맛도 좋아요.,The coffee and dessert both look good and taste good.
친절하고 깨끗합니다,Friendly and clean
몇년전 영종도에서 처음 먹었을땐 너무 고소하고 풍미좋고 맛있었는데 지금은 좀 기름지고 버터향 많이나는 모닝빵같은 느낌이네요,"When I first ate it in Yeongjong Island a few years ago, it was so nutty, flavorful, and delicious, but now it feels like a morning bread that is a bit oily and smells like butter."
"시간마다 나오는 수량이 정해져 있고 1봉지에 4개가 들어있어요, 가격은 12000원!!","There is a set quantity per hour, and there are 4 in one bag, and the price is 12,000 won!!"
"그런데 케리어에 끼워서 주시고, 옛날 과자로 디저트를 만든것도 신박했어요.","However, they gave it to me in a carrier, and it was novel to make a dessert out of old snacks."
"이번엔 위에 튀일을 쬐끔만 올려주셔서 아쉽긴했는데, 서걱하고 부드러운 우유아이스크림에 쌉쌀한 쑥 말차 조합이 끝내줘요.","It was a shame that they only put a little bit of tuile on top this time, but the combination of crispy and soft milk ice cream with bitter mugwort matcha was amazing."
마지막에 서도 그렇게 오랜 안기다린듯 빨리주사고 회전율이 좋아서 그런가 갓 구운 따근따끈 소금빵을 먹을수 있었음,"Even at the end, it felt like I hadn't waited that long, and I was able to eat freshly baked warm salt bread, perhaps because it was given out quickly and the turnover rate was good."
"｡ 저희는 세가지 디저트가 궁금해서 각자 사서 먹었는데 우선 민트초코라떼가 너무 맛있어서 예약을 또 해서 오늘 사서 왔습니다,, 행복>< 디저트는 크게 맛있다","｡ We were curious about the three desserts, so we each bought them and ate them. First of all, the mint chocolate latte was so delicious that we made a reservation again and bought it today. Happiness>< The desserts were very delicious."
친구랑 같이 와서 너무 좋은시간 잘 보냈습니다~~,I came with a friend and had a great time~~
직원분들이 메뉴 여쭤보면 친절하고 상세하게 설명도 해주셔서 감사했습니다.,I was grateful that the staff was friendly and gave detailed explanations when I asked about the menu.
가다가 디저트가 먹고싶어 방문했는데 넘 맛있고 좋아용,"I visited because I wanted to eat dessert, and it was so delicious."
👍👍 일단 선곡 노래가 넘 힙해서 조음 .,"👍👍 First of all, the song selection is very hip, so I tuned it."
음료랑 디저트 맛있고 공간도 넓어서 대관하거나 아이돌 생일카페로 활용하기에 딱 좋을것 같아요!,"The drinks and desserts are delicious and the space is spacious, so I think it would be perfect for renting or using it as an idol birthday cafe!"
먼저 키오스크에서 결제하고 대기서야합니다!!,You must first pay at the kiosk and wait!!
🥐 매장에 들어서자마자 구워지는 소금빵 향이 가득 퍼져서 그냥 지나칠 수가 없더라고요.,"🥐 As soon as I entered the store, the scent of baking salt bread filled me and I couldn't pass by."
소금빵 4개 12000원 포장해서 커피와 먹었어요~,"I packed 4 salt breads for 12,000 won and ate them with coffee."
소금빵맛집 이래서 들렀는데 12000원어치 파는 게 고정이라 빨리빨리 해야 해서 선택의 여지없이 4개 세트를 살 수밖에 없었음.,"That's why I stopped by this famous salt bread restaurant, but they only sell it for 12,000 won, so I had to hurry, so I had no choice but to buy a set of 4."
바로 앞에 소금빵 생지들이 가득하던데.,It was full of salt bread dough right in front.
4개 12천원의 가격은 절대 저렴하지 않지만 버터향 넘치는 따듯한 소금빵을 한 입 베어물면 입안에 넘쳐 흐르는 버터향과 짭쪼름한 소금의 맛이 참 조화롭기에 줄서서 사먹을만 하구나.,"The price of 12,000 won for 4 pieces is not cheap, but when you take a bite of the warm salt bread full of buttery scent, the buttery scent that overflows your mouth and the salty taste of salt are so harmonious that it is worth lining up to buy them."
"크림도 맛있으니 꼭 마셔보세요 꼭☕️ 반지하층에서 주문하고 1,2층으로 올라가면 됩니다","The cream is delicious, so be sure to try it☕️ You can order at the semi-basement floor and go up to the 1st and 2nd floors."
오란다도 맛있어요~,Oranda is delicious too~
아이돌 생일카페라는데 매장 깨끗하고 시원해서 또 가야겠어요,"It's called an idol's birthday cafe, and the store is clean and cool, so I'll have to go again."
분위기도 맛도 좋은곳 차분한 이곳 좋다,This place has a nice atmosphere and good food. It's nice and calm.
기름진스탈 소금빵 좋아하면 맛있는 곳 저는 쫄깃 담백 소금빵스탈,"If you like oily salt bread, this is a delicious place. I like the chewy and light salt bread steak."
"근처에 동료와 일이 있어 성수에 왔다가 커피, 디저트, 편집샵으로 유명해진 쎈느에 들러 1시간 남짓 차한잔 때림","I came to Seongsu for work with a colleague nearby and stopped by Senne, which is famous for its coffee, dessert, and select shops, and had a cup of tea for about an hour."
매장이 청결하고 시원해서 좋았어요 :) 디저트랑 커피도 맛있네요!,I liked that the store was clean and cool :) The desserts and coffee were delicious too!
매장이 넓어서 자리가 많아요!,The store is large so there is plenty of seating!
퇴근길에 우연히 들린퇴독특한 인테리어의 다양한 카페 음료를가 독특하고 친절한 직원들 덕분에 쉼 있는 금요일 저녁 보내고 갑니다.,"On my way home from work, I happened to stop by a cafe with a unique interior and a variety of beverages. Thanks to the unique and friendly staff, I had a relaxing Friday evening."
타사보다 짭짭하고 버터가 마니 들어가 기름이 많긴하지만 맛있어요.,"It's saltier than other brands and contains a lot of butter and oil, but it's delicious."
오미자차 상큼하고 맛있어요,Schisandra chinensis tea is refreshing and delicious.
아망추가 맛있고 카페도 넓고 쾌적하구 용복이가 넘이뻐용,"Amanchu is delicious, the cafe is spacious and comfortable, and Yongbok is so pretty."
성수에서는 베통 소금빵 좋아하는데 품절이라 여기 소금빵 1개만 사서 맛 보려고 했습니다.,"I like Betong salt bread in Seongsu, but since it was sold out, I decided to buy just one salt bread here and try it."
가게 앞에도 자리가 있고 안에 분위기 좋구 커피도 맛있어요!!,"There are seats in front of the store, the atmosphere is nice inside, and the coffee is delicious!!"
4개 1팩 포장해서 파는 데 먼저 키오스크에서 주문하고 따로 옆에 줄 서서 받는 시스템이에요~,"They are sold in packs of 4, and the system is to first order at a kiosk and then stand in line next to them to receive them."
카페가 깨끗하구 직원분도 친절하셔서 좋았어요!!,The cafe was clean and the staff was friendly!!
사람들 줄서있길래 그냥 따라 줄서서 사왔고 저녁에 에어프라이기로 돌려먹었는데 너무 맛있었어요!,"There were people waiting in line, so I just followed in line and bought it. I ate it in an air fryer for dinner and it was so delicious!"
분위기도 편안하고 힐링됩니당,The atmosphere is comfortable and healing.
케익도 너무 이쁘고 친척 어른들께 드리는 케익인데 일반 빵집 케익이랑 다르게 너무 맛있고 예쁘다고 해주셔서 사간 보람이 있었어요,"The cake was very pretty, and I was giving it to my relatives, but they said it was very delicious and pretty, unlike regular bakery cakes, so it was worth buying it."
요즘 날이 더워서 조금 더 시원했으면 더 맛있었을 것 같아요!!,"It's been hot these days, so I think it would have tasted better if it had been a little cooler!!"
"한국인이 언제부터 커피를 내려마셨냐,, 타마셨지!",Since when did Koreans start drinking coffee brewed?
오랜만에 서울숲 와서 카페 찾아보다가 인스타 보고 왔는데 너무 예쁘고 분위기도 좋고 프렌치토스트랑 커피 너무 맛있어요!!,"It's been a while since I came to Seoul Forest and looked for a cafe, and I came across their Instagram. It's really pretty, the atmosphere is great, and the French toast and coffee are so delicious!!"
했는데 1세트 나오고 ;;;(낱개는 안파나봄) 나중에 결제 끝나고 알았네여,"I did, but 1 set came out;;; (I guess they didn't sell each piece) I found out later after payment was made."
"아직 날씨가 쌀쌀해도 아이스로 먹었는데요, 아주 달콤하고 부드러워요… 세트로 나온 건빵도 푸짐하고 맛있었습니다:)","Even though the weather was still chilly, I ate it iced, and it was very sweet and soft… The biscuits that came with the set were plentiful and delicious :)"
친구랑 나랑 둘다 먹자마자 동시에 왤케 짜냐는 소리가 나왔다.,"As soon as my friend and I ate it, we both asked how salty it was."
목숭아 케이크 진짜 맜잇습니다,The Moksunga cake was really good.
그냥 베이커리 존맛탱집 아빠가 맛있다며 포장해가자고… 할 정도… 커피 원두도 4가지 중 고를 수 있어서 너무 좋았구요 !,My dad from the bakery John Mattaeng said it was delicious so let’s take it out… Enough to… It was great to be able to choose from 4 types of coffee beans!
더워서 기다리다가 타버리는 줄 알았지만 언제나 맛있어요,"It was so hot that I thought I would burn while waiting, but it is always delicious."
사람도 북적거리지않고 성수에서 추천합니다 ;) 커피는 여전히 맛있네요!,I recommend it in Seongsu because it's not too crowded ;) The coffee is still delicious!
지나가다 우연히 들린곳ᆢ 빵이 많이 없어서 아쉬웠지만 구테로이테는 아포카토랑 비슷하고 맛있으며 로얄밀크티롤은 홍차맛이 찐하고 커피는 고소하고 맛있으며 쿨민트는 입안이 개운하고 상쾌하다,"I happened to stop by this place while passing by. It was disappointing that there wasn't much bread, but the Gutteroite is similar to affokato and delicious, the Royal Milk Tea Roll has a strong black tea flavor, the coffee is nutty and delicious, and the cool mint is refreshing and refreshing in the mouth."
저 믿고 꼭 한 번 드셔보세요,Trust me and try it once.
4개 한 세트라 많다고 생각하는 사람들 많은데 아시잖아요,You know there are a lot of people who think a set of 4 is a lot.
남자친구랑 1주년기념으로 레터링추가해서 케이크 주문했어요!,"To celebrate my boyfriend's 1st anniversary, I ordered a cake with lettering!"
건물은 낡았어도 카페는 인테리어덕네 넓고 깨끗!,"Even though the building is old, the cafe has a spacious and clean interior!"
그래도 이근처에 유일한 밀크티 카페라서 아주 좋습니다!,"Still, it's great because it's the only milk tea cafe around here!"
우연히 들린 커페였는데 너무 분위기도 좋고 맛있었습니당,I stopped by this coffee by chance and it had a nice atmosphere and was delicious.
일단 너무 넓어서 좋고 노래 잔잔하니 얘기하기 좋아여~,"First of all, it's nice because it's so wide, and the song is calm, so it's nice to talk~"
종류는 4개 세트(12000) 하나밖에 구매불가 처음에 키오스크 오류인줄 알았음,"You can only purchase one set of 4 (12000). At first, I thought it was a kiosk error."
"소금빵이 대세인 만큼 상향 평준화 되어있어 어딜 가든 맛있긴 하지만, 여기가 제일 맛있는듯.","As salt bread is a trend, it has been upgraded and is delicious wherever you go, but I think it is the best here."
잘라먹기는 힘들었지만소금빵과 에그 조합 맛나당,"It was hard to cut and eat, but the combination of salt bread and eggs was delicious."
테이크아웃 할인 좋고 빵도 맛잇어보이고 산뜻한 모티브의 디자인도 맘에든다.,"The takeout discount is good, the bread looks delicious, and I like the design with a refreshing motif."
지나갈때마다 빵냄새가 너무 좋았지만 항상 줄이 길어서 지나쳤었어요,"I loved the smell of bread every time I passed by, but the line was always long so I passed by."
이곳은 제가 남자친구랑 방문하고 너무 맛았어서 그 바로 다음주 휴무일에 소금빵 좋아하는 친구랑 또 왔던곳이였습니다,I visited this place with my boyfriend and it was so delicious that I came again the next week on my day off with a friend who likes salt bread.
🥹 말차 아포가토가 넘 궁금해서 먹어봤는데 정말 맛있게 진해요.,"🥹 I was really curious about the matcha affogato, so I tried it and it was really delicious and rich."
커피 온도가 낮아지며 도드라지는 부드러운 산미에서 마지막 한 모금까지 맛있는 커피를 만들기 위한 바리스타의 정성이 느껴졌습니다.,"I could feel the barista's sincerity in making delicious coffee down to the last sip, from the soft acidity that stood out as the coffee temperature dropped."
로즈뱅쇼는 레몬향과 레몬맛이 강하지 않고 잔잔하게 다가와 마시기에 부담스럽지 않아 좋아요,I like Rose Vinsho because the lemon scent and taste are not strong and have a calming effect so it is not overwhelming to drink.
"팥 말차 라떼, 말차 라떼, 쑥 티라미수, 말차 유자 크럼블 브라우니를 시켰습니다.","I ordered red bean matcha latte, matcha latte, mugwort tiramisu, and matcha yuzu crumble brownie."
빵 나오는 시간 맞춰서 따뜻할 때 바로 드세요,Eat the bread right away while it is warm.
대기가 좀 길긴 해요.,The wait is a bit long.
평일저녁 줄을 좀 서야했지만 그래두 10분내외였던거 같아요.,"I had to wait in line on a weekday evening, but I think it was about 10 minutes."
자리가 넓어서 이야기하기 좋아요 :) 신기한 음료가 많아서 메뉴 고르는 재미가 있습니다~~!,"The space is spacious so it's great for talking :) There are so many interesting drinks, so it's fun to choose the menu~~!"
생카 땜에 왔는데 생각보다 디저트랑 음료가 맛있어서 놀랐어요,"I came here for a birthday cake, and I was surprised that the desserts and drinks were better than I expected."
주차공간이 넓직히 카페앞에 있어서 너무 편하고 좋았습니다.,"There was a large parking space in front of the cafe, so it was very convenient and nice."
구매 직후 바로 먹거나 그 이후라면 에프에 살짝 돌려 먹어야 맛있어요,"It's delicious if you eat it right after purchase, or if you eat it afterward, you need to slightly season it."
담백하고 소프트한 바게트같은 소금빵보단 버터향 가득하고 촉촉한 소금빵을 더 좋아해서 여기 소금빵이 너무너무 입맞에 잘 맞네용><,"I prefer salt bread that is full of buttery flavor and is moist rather than light and soft baguette-like salt bread, so the salt bread here is really mouth-watering.><"
1-2층에서 옷구경도 하고 엘베타고 바로 올라올 수 있네요~,You can look at clothes on the 1st and 2nd floors and then take the elevator right up.
따뜻할때 더 맛있다 하던데 빵나오는 시간에 맞춰 가봐야겠어요.,"They say it tastes better when it's warm, so I'll have to go right when the bread comes out."
"야외공간에 앉아서 바람 솔솔부는데 먹는 커피,, 최고엥요❤️‍🔥 시그니처 썸머라떼도 달달하니 맛있어요!!",The coffee you drink while sitting outside in the open air with the gentle breeze blowing is the best❤️‍🔥 The signature summer latte is also sweet and delicious!!
헤헤 귤님 뉴믹스 연대기 블로그로 보고 더 가고 싶어져서 와봤아요 ㅅ 뉴믹스 오떻게 탄생했는지 알고 가니까 아는 만큼 맛있었어요!,"Hehe, I came here because I wanted to go more after seeing Gyul's New Mix Chronicles blog. After learning about how New Mix was created, it was as delicious as I knew!"
오른쪽 키오스크 주문 줄이 따로 있고 왼쪽 빵 받는 줄이 있어요!,There is a separate kiosk ordering line on the right and a bread receiving line on the left!
빵나오는시간에 가서 따끈할때 그 자리에서 바로 먹어야 제맛!,It's best to go when the bread comes out and eat it right away while it's still hot!
성수동에서 나름 조용하고 큰 카페라 좋아요!,I like it because it’s a quiet and large cafe in Seongsu-dong!
가성비 퀄리티 최고요♡,Best value for money and quality♡
음료도 텁텁하지 않고 깔끔한 느낌이라 디저트랑 곁들어먹기에 너무 좋은 조합이라 진짜 하루종일 있고싶을 정도에요,"The drink is refreshing and not too heavy, so it's a great combination to have with dessert, so much so that you really want to stay there all day."
받자마자 갓구운거 먹는게 제일 맛있지만 다음날 먹어도 맛있는…🤍🤍🤍,"It's best to eat it freshly baked as soon as you receive it, but it's also delicious the next day... 🤍🤍🤍"
성수가면 또 구매하려구요!✨,I plan to buy it again when I go to Seongsu!✨
영국스타일의 카페입니다.,This is a British-style cafe.
"산미 적고 바디감이 느껴지는 원두로 선택했는데, 굉장히 진하고 묵직한 느낌이었습니다.","I chose coffee beans that had less acidity and more body, but they were very rich and heavy."
음료 특이하고 맛있었어요!,The drink was unique and delicious!
오늘도 홀린 듯 키오스크 앞에서 주문하고 있는 자신을 발견.,"Today again, I found myself ordering in front of the kiosk as if I was possessed."
자몽아이스티 시켰는데 많이 달지 않으면서 과육도 씹히고 맛있었어요,"I ordered grapefruit iced tea, and it wasn't too sweet, but the flesh was chewy and delicious."
본점은 영종도에 있는데 성수에서 구매할 수 있어 좋아요.,"The main store is in Yeongjongdo, so it’s nice that you can buy it in Seongsu."
개인적으로 테라스 자리를 좋아하는데 꽤나 넓직하게 마련되어 있어서 좋네요 :),"Personally, I like the terrace seat, and it's nice that it's quite spacious :)"
스콘 포장했더니 20%할인 최고예요,I got the scones packaged and the 20% discount is the best.
요즘같이 더운때 인테리어만 봐도 시원해요,"On hot days like these, just looking at the interior makes me feel cool."
항상 가는 성수 커피 맛집💯🙌🙌🙌 인테리어도 멋지고 사장님이 엄청 친절하세요,A great coffee restaurant in Seongsu that I always go to💯🙌🙌🙌 The interior is nice and the owner is very friendly.
"인테리어가 너무 멋있고, 주변을 지날때면 소금빵향이 너무 좋아요","The interior is so cool, and I love the smell of salt bread when I pass by."
차와 곁들일 수 있는 성수만의 티타임 세트도 있으면 좋을 것 같아요!,It would be nice to have Seongsu’s own tea time set that can be paired with tea!
음료 디저트 너무맛있어요!,The drinks and desserts are so delicious!
커피가 찐하고 맛있습니다!!,The coffee is thick and delicious!!
기분이 얼마나 나쁘던지;; 나는 영수증도 받을꺼고 메뉴가 뭐가 있나 구경도 하고 싶었고.,How bad I felt;; I wanted to get a receipt and see what was on the menu.
가게 내부가 너무 울리니 사람들 대화 소리에 음악이 전혀 안들릴 정도입니다.,The inside of the store is so noisy that you can't hear the music at all over the people talking.
"짭조름과 버터 풍미도 가득, 빵결 부드러우니 맛있어요.","It's full of salty and buttery flavor, and the bread texture is soft and delicious."
여기서 먹은이후로 다른집에서 파는 소금빵은 마시가움씁니다..,"After eating here, I don't like the salt bread sold at other places."
저 도착했을때 말차 크림이 솔드아웃이라 아쉬웠지만 딸기 크림도 상콤하니 맛있었어요!,"I was disappointed that the matcha cream was sold out when I arrived, but the strawberry cream was refreshing and delicious!"
사람들이 줄을 엄청 서있고 빵 냄새가 미쳤길래 홀린듯이 저도 줄을 서서 빵을 샀습니다.,"There were so many people waiting in line and the smell of bread was crazy, so I stood in line like I was fascinated and bought some bread."
"비건 크림이 있다는 거에서 이미 점수 100점 먹고 들어가는 카페 크림이 들어가는 음료는 전부 비건크림으로 변경 가능하고 우유도 대체유로 변경 가능해서 우유, 생크림 등을 못먹는 사람들에게 너무 좋은 곳입니다.","You already get 100 points for having vegan cream. All drinks containing cream can be changed to vegan cream, and milk can also be changed to alternative milk, so it's a great place for people who can't eat milk or whipped cream."
에스프레소 먹고 싶어서 찾아온 곳 처음 방문했는데 가격도 착하고 맛도 좋네요,This was my first time visiting this place because I wanted to have espresso. The price was reasonable and the taste was good.
"콜드브루 맛나서 두개나 주문 매장넓고 깔금~스톤슈페너 흑임자들엇는데 맛나게먹엇어요 아늑한 분위기와 직원들의 친절한 서비스 덕분에 기분 좋은 시간을 보냈네유~ , 가격 대비 만족도가 높아 재방문 의사가 확실~있음",The cold brew was so delicious that I ordered two. The store was spacious and clean. I had black sesame seeds from Stone Spener and it was delicious. I had a pleasant time thanks to the cozy atmosphere and friendly service from the staff. I am definitely willing to visit again due to the high level of satisfaction compared to the price.
카페 이름이 특히해서 들어갔는 데 메뉴 중에 카페 이름과 같은 메뉴가 있어서 주문했고 완전 이쁘고 맛있어요~,"I went in because the name of the cafe was particularly special, and there was a menu with the same name on the menu, so I ordered it and it was really pretty and delicious."
내부 되게 깔끔하고 커피 종류가 다양해서 두 잔씩 먹어도 좋아욯ㅅ,"It's very clean inside and has a variety of coffees, so it's nice to have two cups at a time."
성수동의 핫한 구역에 위치한 자연도소금빵이 왜 줄서는지 먹어보고서야 알수있었습니다.,"It wasn't until I tried it that I realized why there was a long line at Jayeondo Salt Bread, located in a hot area of ​​Seongsu-dong."
(여자 화장실이 관리가 잘 안된 점은 아쉬워요.),(It’s a shame that the women’s bathroom wasn’t well maintained.)
"건빵 한 통이 너무 인기가 많아서, 다시 사러 왔어요!",The packet of biscuits was so popular that I came back to buy it!
키오스크 결제 줄따로 픽업 줄따로~ 맛있죵,Separate line for kiosk payment and separate line for pickup~ Delicious
직원분들이 불친절하셔서 가기싫었는데 이번에 갔을땐 직원분들이 바뀌고 좋아졌어요,"I didn't want to go because the staff were unfriendly, but when I went this time, the staff changed and got better."
세상 맛도리 진짜 또 가야겠어요..,I really want to go again because it has the best taste in the world..
"📍서울숲역 2번 출구 기준, 도보 19분 🛋️굿즈존, 포토존 나뉘어 있어 좋았어요",📍19-minute walk from Exit 2 of Seoul Forest Station 🛋️It was nice that it was divided into a goods zone and a photo zone.
공간이 크고 깨끗해서 오래있기 좋아요,"The space is large and clean, so it's good to stay for a long time."
"시그니처 음료도 예쁨, 맛 둘다 잡음 개인적으로 에스프레소를 차게 먹는 배리뱅 콘판나 너무 추천합니다.","The signature drinks are pretty and both taste great. Personally, I highly recommend Barry Bang Conpanna, where you can enjoy cold espresso."
💖 웨이팅 있을줄 알았는데 마침 시간대 잘 걸린줄 모르겟지만 한번에 사는데 성공!,"💖 I thought there would be a wait, but I don't know if it took the right time, but I succeeded in buying it all at once!"
😆 줄 서서 기다리는 것같아서 많이 기다려야하는줄 알았는데 금방 빠지더라구여!!,"😆 I thought I would have to wait a long time because it felt like I was waiting in line, but it was quick!!"
첫입 딱 먹자마자 버터향이 엄청 찐하게 느껴지면서 소금이 다른소금빵들과 다르게 훈연향같은게 올라와서 더 맛있었어요,"As soon as I took my first bite, I felt a very rich buttery aroma, and unlike other salt breads, the salt had a smoky flavor, making it even more delicious."
메뉴도 특이한거 많고 디저트도 궁금한게 많아서 고민 많이 했네요.,I thought a lot about the menu because it had a lot of unique things and I had a lot of questions about the desserts.
4개에 12000원 묶음으로 파는게 아쉽지만 가격도 괜찮구요!,"It's a shame that they sell it in a bundle of 4 for 12,000 won, but the price is okay!"
분위기 너무 조용하고 대화하거나 집중하기 좋을 것 같아요!,The atmosphere is so quiet that it would be great for conversation or concentration!
혼자 먹을거라 2개정도 구입하고 싶었는데 무조건 4개세트만 구입가능 하고 줄서서 기다리는데 다른팀분들이 얘기하는거 들었는데 나눠서 포장도 불가 봉투 추가도 안주고 빠른 회전을 위해 그런거 같지만 고객을 배려하는 마음이 좀 부족하네요.,"I wanted to buy about 2 because I was going to eat it alone, but I was told that I could only buy sets of 4, and while I was waiting in line, I heard other team members talking about it. They didn't allow sharing and they didn't even provide additional bags. I think they did it for quick turnaround, but they seem to be lacking in consideration for customers."
먹어본 소금빵 중 제일 버터버터했지만 맛있었음,"It was the butteriest salt bread I've ever eaten, but it was delicious."
소금빵 미쳤다(positive) 아메리카노 원두 완전 취저입니다,Salt bread is crazy (positive) Americano beans are a complete drinker.
커피도 저렴하고 프리미엄 믹스커피를 마시는 듯한 느낌이에요,The coffee is cheap and it feels like I'm drinking a premium mixed coffee.
직원분들이 너무 친절하시고 커피랑 디저트가 정말 맛있어요~!,The staff is so friendly and the coffee and desserts are really delicious!
"차 제대로 맛 볼 수 있는 곳이 적은데, 제대로 하는 맛있는 곳을 찾았어요.","There are few places where you can taste tea properly, but I found a delicious place that does it right."
고래고래 언성 높이고 사람 말하는데 끊어버리고 안된다고만 하시고 바로 구운 빵이 맛있으니 3개만 포장하고 하나는 먹으면서 가고 싶었는데 안된다고 사람 말하는데 언성 높이고..,"He raises his voice a lot, and when people talk to him, he hangs up and just says no. The freshly baked bread is delicious, so he only took 3 pieces and wanted to go while eating one, but he raises his voice when people tell him no."
"깔끔, 시원한 성수동 신상카페.",A clean and cool new cafe in Seongsu-dong.
🫶🏻 커피도 베스트 매뉴를 시켜 먹었는데 와 진짜진짜 짱이용🫶🏻☕️,"🫶🏻 I ordered the best coffee menu and wow, it was really great🫶🏻☕️"
굿즈존도 생각보다 살 게 별로 없고 매장 자체가 작아서 움직이기도 힘들어요.,"The goods zone doesn't have as much to buy as expected, and the store itself is small, so it's hard to move around."
"일단 자연도소금빵은 너무 맛있고 다만 제가 거의 전 지점에서 먹어보았는데 기분 탓인지 빵에 올라가는 소금이 유난히 짜고, 바로 나온 빵이 아닌지 바삭함이 좀 덜했던거같아요.","First of all, the natural salt bread is very delicious. However, I have tried it at almost all branches, but the salt on the bread was unusually salty, probably because of my mood, and it seemed a little less crispy because it was not freshly made bread."
사장님이 커피에 진심인 것 같아요,I think the owner is serious about coffee.
"믹스커피 3개에 물 적게 넣은 찐한 맛 ,,, 달달해서 당충전하기 조아요","The rich taste of 3 mixed coffees with little water. It's sweet, so it's easy to fill your stomach."
"바로 나오자 마자 먹어서 따뜻했고, 직원분들도 친절하셨는데 특별히 더 맛있진 않았어요.","It was warm because I ate it right away, and the staff was friendly, but it wasn't particularly delicious."
쑥티라미수 넘 맛있고 하동 잭살차 차게 마셨는 데 넘 좋았어요!,The mugwort tiramisu was so delicious and I enjoyed the cold Hadong Jacksal tea!
조용하고 인테리어독특하고 아아 아주 좋네요~,"It's quiet, the interior is unique, and it's very nice~"
매장도 깨끗하고 빵도 종류가 많고 인테리어 이쁘네요,"The store is clean, has a variety of breads, and the interior is pretty."
차를 좋아해서 동네마다 한 곳씩은 알고 있는데 성수역 근처 쾌적한 공간에 뷰도 너무 이쁜 찻집 차도 맛있지만…여기 디저트에도 진심인가요,"I like tea, so I know at least one place in every neighborhood. The tea is delicious in a comfortable space near Seongsu Station with a very pretty view, but... Are you serious about the desserts here too?"
내 마음속 원픽은 역시 후프🧡❤️🧡❤️ 테이크아웃 못참지,"The favorite in my heart is, of course, hoops🧡❤️🧡❤️ I can’t resist takeout"
너무누무먹고싶었던 말렌카케이크💕💕🫨😍🔥 힙한 노래도 나와여,I really wanted to eat the Malenka cake💕💕🫨😍🔥 There's a hip song too.
인테리어가 아늑해보여서 들어왔는데 매장이 아기자기하고 커피랑 자몽에이드 맛있어요!,"I came in because the interior looked cozy, but the store is cute and the coffee and grapefruit ade are delicious!"
소금빵 맛집이라면 무조건 맛볼 정도로 좋아하고 즐겨 먹는데 여긴 찐 맛집이다라고 할 정도는 아니고 무난하게 괜찮은 정도였습니다.,"I love salt bread so much that I always try it at any restaurant, but this place was just okay, not to the point where I would say it's a really good restaurant."
에스프레소를 시키면 물과 함께 줘서 너무 기분이 좋은 곳!,"If you order an espresso, they serve it with water, which makes me feel very happy!"
성수동 빵 맛집입니다:) 커피도 맛있고 빵 종류도 다양해서 너무 좋았어요!,This is a famous bread restaurant in Seongsu-dong:) The coffee was delicious and the variety of breads were great!
커피 맛도 좋고 직원 분도 친절하시고 사람도 없고 너무 좋았어요:) 오전부터 친절한 직원분 덕분에 오늘 하루 기분이 되게 좋을 것 같아 감사합니다,"The coffee tasted good, the staff was friendly, and it was really nice that there were no people around :) Thanks to the friendly staff from the morning, I am in a great mood today. Thank you."
1년전쯤에 남자친구가 생일 때 사 줘서 먹었을 때 지금까지 먹어본 케이크 중에 제일 맛있었어서 그 때부터 케이크 먹고 싶으면 플디에서 사 먹습니다,"About a year ago, my boyfriend bought me a cake for my birthday, and when I ate it, it was the most delicious cake I've ever had, so from then on, whenever I want to eat cake, I buy it from PD."
조용하고 커피도 스콘도 맛잇어요!,It’s quiet and the coffee and scones are delicious!
오렌지버터스콘 진짜 너무 맛있고 말차쿠키도 훌륭해요,The orange butter scones are really delicious and the matcha cookies are great too.
에스프레소 매니아는 행복한 종류별로 산택가능한 다양한 에스프레소와 함께 휴식을 취할수 있는 넓은 공간!,A spacious space where espresso enthusiasts can relax with a variety of espressos to choose from!
북적임과 빠르게 흐르는 시간 사이에서 느긋하게 차를 즐기기에 좋은 장소네요.,It's a great place to enjoy a leisurely cup of tea amidst the hustle and bustle of time.
🥹❤️ 씹을수록 고소짭짤 🤤 식어도 겉이 바삭하고 안에 쫀득한게 계속 들어가네욤~~><,"🥹❤️ The more you chew, the more savory and salty it gets 🤤 Even when it cools down, the outside is crispy and the inside remains chewy~~><"
"이런 멋진곳에서 차를 마실수 있다니, 온전히 나에게 집중할 수 있는 분위기.",Being able to drink tea in such a wonderful place is an atmosphere where I can focus entirely on myself.
그래놀라가 이렇게 잘어울릴수가 >0< 어느정도 반 다먹고나면 밑에 에스프레소 슬러시랑 같이섞어먹으먼 대는데 이게 존맛탱 그리고 성수에 늦게까지하는 카페없는데 여기 넘 좋어여,"I can't believe granola goes so well with it >0< After I eat half of it, I mix it with the espresso slush below and it's really delicious. There are no cafes that are open late in Seongsu, so this place is really good."
매장 너무 쾌적하고 오란다 디저트 귀엽고 무엇보다 넘 맛있어요,"The store is very comfortable and the Oranda desserts are cute and most of all, very delicious."
서울숲 열심히 걷고 당충전 완료!,"After walking hard in the Seoul Forest, I was fully recharged!"
성수동 자연도 소금 빵이 유명하다고 해서 줄서서 구매했습니다.,"I heard that Seongsu-dong's natural salt bread is famous, so I lined up to buy it."
성수동에 새로 오픈한 카페이며 카페 외관부터 청량한 느낌이 들어서 정말 이쁘더라구요,"This is a newly opened cafe in Seongsu-dong, and the exterior of the cafe has a refreshing feel and is really pretty."
특출난 맛은 아니나 가성비가 좋고 매장내부가 청결해서 또 이용의사있습니다,"The taste is not exceptional, but it is good value for money and the inside of the store is clean, so I plan to use it again."
👍🏻👍🏻 버터도 아낌없이 둘어갔는지 엄청 고소하고 담에 기회가 되면 잔뜩 사와서 주변 지인들에게도 돌리고싶어요,"👍🏻👍🏻 It's so delicious that I didn't waste any money on butter. If I get a chance next time, I want to buy a lot and give it to my friends."
크림브륄레처럼 겉면이 파삭해서 기분 좋고 속은 촉촉해요♡,"Like creme brûlée, the outside is crispy and pleasant, and the inside is moist♡"
가게가 아늑하고 조용해요,The store is cozy and quiet.
라떼 시켰는데 원두 자체가 맛있는지 고소하고 맛있었어요!,I ordered a latte and the coffee beans themselves were delicious and savory!
음료 빨리 나오고 매장이 넓어서 대기 없이 바로 앉을 수 있었어요,"Drinks came out quickly and the store was spacious, so I was able to sit down right away without waiting."
빵이 먹고싶었지만 식사를 많이해서 다음에 다시 꼭 방문하고 싶어요~~,"I wanted to eat bread, but I ate a lot so I definitely want to visit again next time~~"
다른 메뉴들보다 백차를 추천해요!,I recommend white tea over other menu items!
맛도 너무 좋아요♡♡♡,It tastes so good too♡♡♡
매장도 인테리어도 세련되어 커피 마시기 좋아요♡,"The store and interior are stylish, so it’s great for drinking coffee♡"
노래랑 조용한 카페 분위기가 좋았습니다 !!,I liked the music and the quiet cafe atmosphere!!
"아직 안 먹었지만, 군밤맛 추천해요","I haven’t tried it yet, but I recommend the roasted chestnut flavor."
💙💙신유가 많아서 좋네,💙💙It’s good to have a lot of new oils
"⭐️PICK⭐️ 오리지널 믹스커피 기존 믹스커피보다 훨씬 깔끔하고 부드러운 편이고, 믹스커피 특유의 텁텁함이 없어서 더 좋아요","⭐️PICK⭐️ Original mixed coffee It's much cleaner and smoother than the existing mixed coffee, and I like it better because it doesn't have the harshness typical of mixed coffee."
"포토존 너무 너무 이뻤습니다 ,,, 안내해주시는 분들도 다들 너무 친절하시구 좋았어요 !","The photo zone was very pretty,,, and the people who guided us were all very friendly and nice!"
🙊 성수 골목을 고소한 버터 냄새로 가득채우는 근원지에요.,🙊 This is the source that fills the alleys of Seongsu with the fragrant smell of butter.
"자몽블랙티 너무 달지 않았으며, 자몽의 맛이 깔끔하고 갈증해소에 너무 좋았어요!","Grapefruit Black Tea wasn't too sweet, and the grapefruit taste was clean and great for quenching thirst!"
가나슈 셈라라서 시트 사이에 가나슈 초콜릿과 휘핑크림이 샌딩되어 있고 크럼블도 뿌려먹을 수 있어서 특이했던 디저트예요.,"It's a unique dessert because it's Ganache Semla, so ganache chocolate and whipped cream are sandwiched between the sheets, and crumbles can also be sprinkled on top."
🥹 카페 공간도 조용하고 깔끔해서 미팅하거나 업무보기 좋아요~~,"🥹 The cafe space is quiet and clean, so it’s great for meetings or working~~"
너무 먹고싶었어서 바로 먹어버리느냐고 진열되어있던 딸기번 사진밖에없네요,I wanted to eat it so bad that I only had a picture of the strawberry buns on display so I could eat them right away.
"제가 방문했을때 크리스마스 전이고, 티비엔이랑 콜라보 해서 매장이 너무너무 귀여웠어요 ><","It was before Christmas when I visited, and the store was really cute because they collaborated with TVN ><"
빵은 맛있는데 낱개로도 팔았으면 좋겠네요,"The bread is delicious, but I wish they sold it individually."
구테 넛 슈페너 마셨는데 위에 올라간 넛 크림이 달달+고소해서 맛있었어요!,I drank the Gutte Nut Spener and the nut cream on top was sweet and savory and delicious!
이곳만의 개성이 강해요,This place has a strong personality.
"레몬그라니따, 유자버블브루 시켰는데 신기하면서도 맛있었습니다!","I ordered lemon granita and yuzu bubble brew, and it was both surprising and delicious!"
투썸만 마시다가 성수에서 구테로이테라는 커피숍에서 커피를 마시니 색다른 느낌입니다,It's a different feeling to drink coffee at a coffee shop called Guteroite in Seongsu after only drinking Twosome.
커피와 밀크티 너무 맛있고 티가 약간 상큼한 느낌이 나는게 너무 제 취향이에요!!,"The coffee and milk tea are so delicious and the tea has a slightly refreshing taste, which I really like!!"
번으로 이리 맛난 디저트 베이커리류를 만들 수 있다니 놀라워요.,It's amazing that you can make such delicious dessert bakeries with buns.
아침 오픈시간부터 방문했는데도 친절하게 대해주셨습니다.,"Even though I visited early in the morning when it opened, I was treated kindly."
기대한 맛은 아니였지만 그래도 소금빵의 정석같은 느낌?,"It wasn't the taste I expected, but it still felt like the classic salt bread?"
요즘 소금빵 유행이라고 개당 3500 4000넘게 받는 곳들은 다 반성하시길 바로나온 소금빵 바삭 하는 순간 머리에서 종 울림 내 인생소금빵,"These days, salt bread is popular, so all the places that charge more than 3,500 to 4,000 per piece should reflect on themselves. The moment the salt bread that came out was crunchy, a bell rang in my head. Salt bread of my life."
일하시는 분들의 유니폼이 너무 기여워 매장과 잘맞아요!,The uniforms of the workers are so cute and fit the store well!
성수역 3출구에서 11분거리 있는 아이돌 생일카페인 B DAY 에 다녀왔는데요,"I went to B DAY, an idol birthday cafe located 11 minutes away from Exit 3 of Seongsu Station."
신사점과는 다르게 좀 더 밝고 캐주얼한 느낌이었고 좌석도 테이블 좌석이 있어서 단체모임에 좀 더 용이한 편이었어요!,"Unlike the Sinsa branch, it had a brighter and more casual feel, and there were table seats, making it easier for group gatherings!"
회사가 근처라 직원분들이랑 종종 오는데 시즌마다 시그니처 먹는 재미도 있고 커피도 너무 맛있습니다,"Since my company is nearby, I often come here with my employees. It's fun to try the signature dishes each season, and the coffee is really delicious."
안그러면 커피만 마시고 빈손으로 나올 수도,"Otherwise, you might just drink coffee and leave empty-handed."
하루지나서 먹어도 맛있네요,It’s still delicious even if you eat it a day later.
따뜻한 아이슈페너~강추!,Warm eye penner~ highly recommended!
맛은 있었지만 줄이 많다면 패스할 집입니다.,"It was delicious, but I would pass on it if there was a lot of line."
매장도 깨끗하고 디저트 커피 맛있어요 !,The store is clean and the dessert coffee is delicious!
먹어본 소금빵 중에 제일 맛있어요:D 뜨거운 소금빵 받아서 약간 덥긴했는데 평일이라 그런지 주문하고 줄도 얼마 안기다려서 좋았어여,"It's the most delicious salt bread I've ever had :D It was a bit hot because I got the hot salt bread, but I was glad I didn't have to wait in line after ordering because it was a weekday."
"따뜻한 발로나 초코를 주문했는데 마쉬멜로우 서너 개 들어있었고, 초코도 아주 진해서 정말 맛있게 마셨어요!","I ordered warm Valrhona chocolate, and it had three or four marshmallows in it, and the chocolate was very rich, so it was really delicious!"
"커피, 디저트 공간 분위기 좋아요.",The atmosphere of the coffee and dessert space is nice.
콘센트가 사이사이에 있어서 작업하기 좋아요~,It's convenient to work because there are outlets in between.
성수동치고 가격도 저렴해서 앞으로 자주 올 것 같습니당 (🎀ॣ•͈з•͈ ॣ),"The price is cheap compared to Seongsu-dong, so I think I will come here often in the future (🎀ॣ•͈з•͈ ॣ)"
코너에 있는 소금빵 포장가게💖 키오스크로 미리 구매하고 옆줄에서 받아가는 형식 맛있는 소금빵엔 버터가 바닥으로 흐르면서 구워져 바작바작한✨ 부분이 있는데 요기도 있음!! :),"A salt bread takeout store in the corner💖 A format where you purchase in advance at the kiosk and receive it from the line next to you. The delicious salt bread has a crunchy part that is baked with butter running down the bottom, and this is also available!! :)"
하얀색 모자를 쓰신 분들이 차분하게 소금빵을 주십니다.,People wearing white hats calmly hand out salt bread.
항상 웨이팅 줄이 길어서 만약 근처를 지나가는데 줄이 짧다면 무조건 사야하는 성수동 핫템.,"There is always a long waiting line, so if you pass nearby and the line is short, this is a hot item in Seongsu-dong that you must buy."
카톡 친구추가하고 티백 하나 겟!,Add a friend on KakaoTalk and get a tea bag!
화장실도 예쁘고 사장님이 엄청 신경 쓰신게 티가 나요,The bathroom is pretty and it's clear that the owner puts a lot of effort into it.
한라봉쥬스랑 같이 먹으면 최고 야외석에서 먹었는데 자리도 금방나고 먹고가기 좋운거같아요,"It's best if you eat it with Hallabong juice. I ate it outdoors, but the seats filled up quickly so it was a good place to eat."
성수에서 사람들에 치이다가 괜찮은 카페 찾아서 기분이 좋아요,It feels good to find a good cafe after being hit by people in Seongsu.
앉을 자리가 없어서 그냥 길가에 먹고 마시긴 불편할 것 같아 포장으로만 사고 아직 못 먹어봤어요.,"Since there is no place to sit, it would be inconvenient to just eat and drink on the street, so I only bought takeout and haven't tried it yet."
이번 여름은 리비에라 컬렉션이라고 남프랑스 휴양지 사파리 컨셉의 인테리어 오브제 색감으로 청량하고 아늑한 분위기 제대로 즐겼다는.,"This summer, they enjoyed a refreshing and cozy atmosphere with the colors of the Riviera collection, an interior object with the concept of a safari resort in southern France."
"성수에도 있는 줄 몰랐는데, 너무 즇네요","I didn't know it was in Seongsu, but it's so cool."
커피 다 마싰구 디저트류도 괜차나여,I drank all the coffee. Dessert is okay too.
가게 인테리어도 너무 느좋 그 자체에 야외좌석 실내좌석 다 있어서 저희는 야외에서 사람구경하면서 쫌쫌따리 디저트 커피 마셨어요,"The interior of the store is also very nice. It has both outdoor and indoor seating, so we enjoyed some dessert coffee while watching people outside."
그래서 제가 다먹음,So I ate it all
가까워지면 빵냄새가 나서 도저히 안사고 지나갈수 없는 냄새🥐🥐🥖🥖🍞🍞🧄사서 바로 먹으면 버터가 완전 풍미 좌르르🧈🧈 다음번에도 가면 또 구매하려구요!,"As you get closer, it smells like bread and you can't get past it🥐🥐🥖🥖🍞🍞🧄If you buy it and eat it right away, the butter is so flavorful🧈🧈 I'll buy it again next time I go!"
"소금도 많이, 버터도 많이 라 맛이 없을 수가 없는 !","There's a lot of salt and butter, so it can't be delicious!"
2층에 옷도 있어서 둘러볼수 있어서 볼수있는게 다양해요~~,"There is a clothing store on the second floor that you can look around, so there is a variety of things to see."
줄서서 주문하고 줄서서 번호표 받은거 대기줄서서 받는 소금빵집 🥐🥐🥐 맛은 짭쪼름하니 안은 촉촉한데 에프돌려먹으며누더 겉이 바삭하고 맛있음,"Salt Bakery where you have to wait in line to order, wait in line and get a number ticket 🥐🥐🥐 The taste is salty and moist on the inside, but the outside is crispy and delicious."
기분 좋은 연휴 보낼 수 있었어요.,I was able to have a pleasant holiday.
콘센트 많아서 편리함,Convenient with many outlets
4개부터 살 수 있는 게 좀 아쉽다고 생각했지만 먹어보니 4개 사길 잘했다는 생각이 들었습니다,"I thought it was a bit disappointing that you could only buy 4 pieces, but after trying them, I realized that I made a good decision to buy 4 pieces."
잔얼음으로 채워주어서 더 시원하고 향기로운 커피 강추입니다,"I highly recommend the coffee, which is cooler and more fragrant because it is filled with ice."
"영국도 맛잘알 국가였다,,",England was also a country with good taste.
그라니따 생각보다 더 시고 잘어울렸음.,The granita was more sour than I expected and went well with it.
소금빵은 겉은 바삭하고 속은 부드러운 식감이 특징인데 소금빵은 특히 부드러운 속에서 나오는 버터의 향과 맛이 일품이었네요♡,"Salt bread is characterized by a crispy outside and soft inside texture, and the scent and taste of butter coming out of the soft inside was especially exquisite♡"
"굿굿😆 4개 묶어서 12,000 단일메뉴지만 어짜피 4개 순삭이구 요즘 다른 빵집들도 가격 요정도는되서 오히려 저렴(?)하게 느껴졌습니다","Good food😆 It's a single menu for 12,000 for 4 items, but it's just 4 items and these days, other bakeries are also reasonably priced, so it felt cheap(?)."
저는 초6ㆍ중3의 자녀를 둔 엄마입니다,I am a mother with children in 6th grade and 3rd grade in middle school.
함께 주문한 디저트도 쫀득하고 맛있었어요,The dessert we ordered was also chewy and delicious.
"매장이 넓고 쾌적해서 있기도 편했고,디저트도 적당히 달고 맛있었어요","The store was spacious and comfortable, so it was easy to stay in, and the desserts were moderately sweet and delicious."
모르고있다가 시간만 날렸으니 오시는분들은 무조건 오른쪽에 ⭐키오스크부터가세요,"I didn't know and wasted time, so if you come, make sure to go to the ⭐ kiosk on the right first."
네 개 들어있는 세트로 구입해서 다음 날 전자렌지에 살짝 돌려 먹어봤는데 버터의 향이 입안 가득 퍼지면서 짭조름하고 고소한 맛이 퍼지면서 기분이 좋아지더라구요!!,"I bought it as a set of four and tried it in the microwave the next day. The scent of butter spread throughout my mouth, and the salty and savory taste spread, making me feel good!!"
세 번째 방문입니다.,This is my third visit.
강아지랑 동반하기 좋고 공간이 넓어요~~,It's great to take with your dog and the space is spacious~~
디저트 종류가 많이 없어서 아쉬웠던,It was disappointing that there weren't many types of desserts.
소금빵 별로 안 좋아하는 빵순이 자연도 소금빵 소금은 마냥 짜지 않아서 좋았고 버터리한 맛이 또 마냥 느끼하지 않아서 좋았음,"Bbangsoon, who doesn't really like salt bread, liked the salt bread salt because it wasn't too salty and the buttery taste wasn't too greasy either."
지나가는 행인들 잡는다유~ 겉바속촉 제대로 숙성부터 다르네요~,I catch passers-by~ The texture on the outside is different from the proper ripening~
근처 가면 꼭 사가는 짱맛집😋,A great restaurant that I always buy when I go nearby😋
"미니멀하고 컴팩트한 분위기면서 조명 때문에 따뜻한 느낌도 들었고, 커피도 진하고 디저트도 크리미하니 맛있었어요!!","The atmosphere was minimal and compact, and the lighting gave it a warm feel. The coffee was strong and the dessert was creamy and delicious!!"
남녀 화장실이 구분되어 실내에 있어 좋아요.,It's nice that the men's and women's restrooms are separated and located indoors.
이탈리안레스토랑에서 나오는 따끈쫄깃 식전빵이 훨 맛있다,"The warm, chewy bread served at an Italian restaurant is much more delicious."
에스프레소 맛집인만큼 에스프레소 음료가 짱 맛도리입니다,"As it is an espresso restaurant, the espresso drinks are very tasty."
요즘 카페에서 커피 마실수가 없는데 식사류에 포함되는 샐러드나 브런치류 같이 시키면 실내에서 취식 가능해서 좋네요.,"These days, I can't drink coffee in cafes, but it's nice that I can eat indoors if I order a salad or brunch that is included in the meal."
적립도 잘 챙겨줘서 좋아요,I’m glad you take care of my savings as well.
분위기 너무 좋고 매장도 조용해서 좋았어요,"The atmosphere was very nice and the store was quiet, which was nice."
"한개씩 안파는게 이해가 안되네유,,, 줄도 딱 설명되는게 좋겠어유",I don't understand why they don't sell them one by one. It would be better if the lines were clearly explained.
조금 늦게 방문했더니 없는 디저트가 좀 있었지만 남은 것도 충분했고 자리도 많아서 좋았어요,"I visited a little late and there were some desserts that were missing, but there was enough leftover and there were plenty of seats, which was nice."
"그래서 말차 라떼를 밑에 깔린 시럽과 섞지 않고 마셧을 때, 프리미엄 말차의 맛을 느낄 수 있다고 하셨습니다.","So, when you drink a matcha latte without mixing it with the syrup underneath, you can feel the taste of premium matcha."
매장 깨끗하고 디저트 종류도 많아요.,The store is clean and has a variety of desserts.
"뷰도 좋고, 분위기도 좋고, 차랑 디저트 모두 맛있었어요!","The view was nice, the atmosphere was nice, and both the tea and dessert were delicious!"
지하에서 주문하는 시스템인데 빵도 너무 다양하고 케잌도 너무 맛있는게 많아서 선택장애가 왔어요,"It's an ordering system in the basement, but there are so many different types of bread and so many delicious cakes that it's hard to choose."
성수동 걷다가 더워서 들어왔는데 매장 너무 시원하고 아이스 아메리카노 마시다가 머리 얼음찡 해서 더위 날려버렸네요,"I came in because it was hot while walking in Seongsu-dong, but the store was so cool, and while drinking an iced Americano, I felt like my head was icy, so I was able to blow away the heat."
매장이 넓어서 쾌적합니다!!,The store is spacious and comfortable!!
네이버 쿠폰 할인도 받고 카톡 친구 추가해서 티백도 받았는데 사장님들 너무 친절하시구 차 깔끔하게 맛있었고 음료도 맛있고 말차팥 바스크치즈케이크도 너무 맛있었어요,"I received a Naver coupon discount, added a KakaoTalk friend, and received tea bags. The owners were very friendly, the tea was clean and delicious, the drinks were delicious, and the matcha red bean basque cheesecake was also delicious."
자연도 소금빵이 맛있는 이유 ① 밀가루 : 캐나다산 최고등급 CW1 밀 100% ② 버터 : 프랑스 최초 AOP 품질인증 버터 100% ③ 소금 : 프랑스 토판 천일염 100%,Reasons why natural salt bread is delicious ① Flour: 100% Canadian highest grade CW1 wheat ② Butter: 100% butter with the first AOP quality certification in France ③ Salt: 100% French Topan sea salt
커피 진하고 맛있어요,The coffee is strong and delicious
뉴믹스커피는 스마트스토어에서 구매한데 오란다는 구매 안되서 부천까지 배달하고 왔어요!,"I bought New Mix Coffee at Smart Store, but I couldn't buy Oranda, so I had it delivered to Bucheon!"
맛있어보이는 디저트류 사이에서 푸딩 2개를 골랐는데 진한 맛에 모처럼 당충전되고 좋네요~.~,"I chose two puddings among the delicious-looking desserts, and the rich taste filled me with sugar for the first time in a while and was good~.~"
성수 길거리를 걷다가 갑자기 대형 카페가 나와서 무의식적으로 들어왔는데 테라스도 괜찮고 커피도 맛있었습니다,"While walking down the streets of Seongsu, a large cafe suddenly appeared and I unconsciously went in. The terrace was nice and the coffee was delicious."
성수 최애 카페 여름에 여기서 그라니따 먹는 것 만큼 행복한게 없어용 가을이 와서 흑임자 라떼 먹었는데 꼬숩고 마시써욤,"Seongsu's favorite cafe. There's nothing happier than eating granita here in the summer. Fall came and I had a black sesame latte, and it was delicious."
주변에 카페들 정말 많이 붐비는데 그래도 웨이팅 없이 바로 착석해서 구웃,"The cafes around are very crowded, but you can still be seated right away without waiting."
그 자리에서 하나 먹고 집에 가져와서 먹으니 빵이 찌그러졌지만 맛은 그대로 맛있었어요.,"I ate one on the spot, brought it home, and ate it. The bread was dented, but it was still delicious."
"저 멀리서부터 소금빵 냄새 나길래 홀린듯이 가서 줄이 긴거보니 딱봐도 맛집이길래 샀는데 개맛도리 근데 너무 버터리한거 안 좋아하시면 비추 빵 삼킬때 버터국물 같이 삼키는 느낌 먹어본 소금빵중에 젤 버터버터,, 에프 살짝 데우면 당연히 더 맛있슴 비싼 감은 있지만 마시써요","I could smell the salt bread from far away, so I went there like I was fascinated, and when I saw the line was long, I bought it because it looked like a good restaurant. It was delicious, but if you don't like it too buttery, I recommend it. When you swallow the bread, it feels like you're swallowing butter soup. Among the salt breads I've tried, it's the gel butter butter. Of course, it tastes better if you warm it up a little. It feels expensive, but I drink it."
손에 기름기 잔뜩 묻어나올만큼 버터리한데 호불호 좀 잇을 것 같아요,"It's so buttery that it leaves your hands greasy, but I think there will be some likes and dislikes."
조용하게있기보단 좀 시끄러워요,It's a bit noisy rather than quiet.
시그니처음료인 구테로이테 맛있고 상큼한 그라니따도 좋아요!,"I also like the signature drink, Gutteroite, a delicious and refreshing granita!"
그치만 줄이 길 땐 그만큼 포장에 속도가 붙는 거 같기도 하네요,"However, when the line is long, it seems like the packaging speeds up."
사장님도 넘 친절하세요:),The owner is also very kind:)
사거리쪽에 위치하고 있는 자연도소금빵은 그 일대를 빵의 향기로 점령해버려 그냥 지나가기 힘들도록 매혹시키고 있었는데요 테이크아웃매장인데 사실상 성수라는 지역자체를 자기들의 무대로 만들어버린 것 같아 놀라웠습니다,"Jayeondo Salt Bread, located at the intersection, has taken over the area with the scent of bread, making it hard to pass by. It was a takeout store, but it was surprising that they had actually turned the area called Seongsu itself into their own stage."
파우더의 향이 한번 딱!,The scent of the powder is perfect!
"귀욤 2시타임 빵나오는 시간에 2:08에 주문완료했는데, 빵이 전혀 따뜻하지 않더라고요","I placed my order at 2:08 when the cute 2 o'clock bread came out, but the bread wasn't warm at all."
구테로이테 강남구청점을 좋아하는데 성수지점이 생겨서 방문하였습니다.,"I like Guteroite Gangnam-gu Office branch, but I visited the Seongsu branch because it opened."
음료 좋고 사장님 친절하시고 사진도 잘나오고 후프는 완벽해요,"The drinks are good, the owner is friendly, the photos are good, and the hoop is perfect."
"호주 살다 온 지인이 한국에서 플랫 화이트 주문했다가 많이 실망했었다며 크게 기대하지 않고 주문했는데요, 마셔보더니 정말 맛있다며 좋아했습니다.","An acquaintance of mine who lived in Australia told me that he had ordered a flat white in Korea and was very disappointed, so he ordered it without much expectation, but when he tried it, he said it was really delicious and loved it."
분위기좋고 조용한카페입니다,It is a quiet cafe with a nice atmosphere.
(말차팥치즈케이크 강추!),(Matcha red bean cheesecake highly recommended!)
총 3세트를 구매해서 어무니에게도 드렸는데요 단짠단짠 담백빵을 좋아하신다면 무조건 기뻐하실겁니다!,"I bought a total of 3 sets and gave them to my mother. If you like sweet and salty plain bread, you will definitely be happy!"
선물 주면 좋을것 같아서 믹스커피 두개도 함께 샀어요!,"I thought it would be a good idea to give it as a gift, so I bought two mixed coffees as well!"
"건물 5층에 전부 통창이라 시티뷰 장난아니에요,,👍 저녁에 오면 더 멋질 것 같아요","There are full windows on the 5th floor of the building, so the city view is no joke,,👍 I think it would be even better if you come in the evening."
"믹스커피이기 때문에, 종이컵을 꽉 채운 양도 아쉬울 것 같은데 얼음이 6~70%라 한두입에 다 마셔버리니까 너무 아쉬웠어요.","Since it is a mixed coffee, I thought it would be a shame to fill the paper cup, but since it was 60-70% ice, I drank it all in one or two bites, so it was a shame."
버터 가득 들은 소금빵..,Salt bread filled with butter...
커피도 맛있고 디저트도 넘 마시써요.. ♥,The coffee is delicious and I drink a lot of desserts.. ♥
차가 주는 여유는 번잡한 마음을 내려놓기애 참 좋은 것 같아요.,I think the relaxation that tea gives is great for letting go of your busy mind.
분위기 좋고 노래가좋아서 자주와요,I come often because the atmosphere is good and the music is good.
여러 인원이 가도 좋고 너무 북적이지 않고 테이블간 공간도 어느정도 거리가 있어서 더 좋았어요!,"It was great for multiple people to go, it wasn't too crowded, and there was some distance between tables, so it was even better!"
불친절도 친절도 아닌 정말 바쁘셔서 그런지 판매하는 본 업무에 집중하는 가게로 빵맛이 최고 풍미가 좋네요,"It's not unfriendly or friendly, but it's a store that focuses on its main business, perhaps because it's really busy, and the bread tastes great."
커피 종류도 여러개라서 골라먹기 너무 좋고 통창이라 뻥뚫린게 👍👍 커피마시다가 위에서 아이쇼핑하니까 너무 좋습니당,"There are many types of coffee so it's great to choose from, and the window is wide so it's wide open 👍👍 It's great to do some window shopping while drinking coffee."
인천에도 동일한 곳 방문했을 때 맛있었는데 부산도 맛있네요!,"It was delicious when I visited the same place in Incheon, but it's also delicious in Busan!"
특히 중국인 여성분이 제 지인 어깨에 닿는 지도 모르고 계속 포즈를 취하시길래 티룸 내 직원분께도 따로 말씀드릴 정도였습니다…오랜만에 만난 지인이랑 조용히 차 마시며 대화하려고 간 곳인데 인상 찌푸리게 되는 주변 관광객들의 행동으로 여기가 언제 이렇게 변했나 싶어 아쉬웠습니다.,"In particular, a Chinese woman kept posing without realizing that she was touching my acquaintance's shoulder, so I had to tell the staff in the tea room separately... I went there to quietly drink tea and chat with an acquaintance I hadn't seen in a long time, but the frowning behavior of the surrounding tourists made me wonder when this place had changed so much."
매장이 널찍하고 아주 쾌적하고 깨끗해요.,"The store is spacious, very comfortable and clean."
엄마랑 동생이랑성수동 왔다가 카페찾던중 다른카페 여기저기 들렸다,"My mom and younger brother came to Seongsu-dong and while we were looking for a cafe, we stopped by various cafes."
브런치 세트로 주문할 때 스틱으로 변경하는 거 추천해요!,"When ordering the brunch set, I recommend changing to sticks!"
"분위기 신기해요, 커피 맛있다해서 왔는데 정말 맛있어요.","The atmosphere is amazing. I came here because I heard the coffee was delicious, and it was really delicious."
"이번에 말차 라인이 새로 나와 구매도 할 겸 들렀는데, 세레모니얼 말차와 프리미엄 말차의 차이를 알려주시더라구요.","This time, a new matcha line was released, so I stopped by to buy it, and they told me the difference between ceremonial matcha and premium matcha."
"입장 전에 스탭의 설명을 잠깐 듣고 그 시간대 예약자들이 한번에 들어가더라고요,","After hearing a brief explanation from the staff before entering, those who had reservations for that time slot entered at once."
줄서서 살정도는 아니고 지나가다가 빵나오는 시간이다!,"It's not enough to wait in line to buy it, but it's time to pass by and get some bread!"
기다리기 귀찮아서 지나칠까 하다가 4개 12000원 포장 하나 키오스크로 주문하고 한 20분 정도 기다려서 갓 나온 빵 받아서 먹었는데 정말 맛있네요.,"I thought I would pass by because I was tired of waiting, but I ordered 4 packs for 12,000 won at the kiosk and waited for about 20 minutes to get the fresh bread and eat it. It was really delicious."
뷰가 좋은 5층에 있어서 성수동을 한눈에 볼수도있어요!,"It’s on the 5th floor with a great view, so you can see Seongsu-dong at a glance!"
공간도 넓고 콘센트도 많습니다!!,The space is spacious and there are many outlets!!
"한동안 빵이 없었는데, 오랜만에 왔더니 빵이 다시 등장했네요.","There was no bread for a while, but after a long time, bread appeared again."
카페도 엄청 크고 딱 들어가면 우리 꾹뚜기이랑 밤ㅇㅣ가 반겨주는데 진짜 세상 귀엽 🥹💜💜💜 진짜 너무너무너무너무너무너무너무너무 귀여움,"The cafe is very big and as soon as you enter, you are greeted by Kukddugi and Bam. They are the cutest in the world 🥹💜💜💜 They are really so so so so so so so cute."
나만 알고 싶은 찻집인데 이미 너무 많은 사람들이 알고있네요 !,"This is a tea shop that only I want to know about, but too many people already know about it!"
"구테로이테 본점에서 좋은 기억이 있었는데,",I had good memories at the Guteroite main branch.
"나들이,데이트장소 강추입니다~♡",This is a highly recommended place for outings and dates~♡
역시 르세라핌 짱짱~ 디저트도 맛있구요~,"As expected, Le Seraphim is awesome~ The desserts are also delicious~"
경기도민이라 가져갈때 케이크는 누워버렸지만 포장도 정성껏해주시고 베이커리류가 전반적으로 만족스러웠어요,"As I am a Gyeonggi-do resident, the cake was lying down when I took it home, but it was packaged with care and I was satisfied with the bakery items overall."
한개씩만 구매안되는게 아쉽지만 맛있어서 또 사먹을거같아요,"It's a shame I can't just buy one, but I think I'll buy it again because it's delicious."
"키오스크에서 주문하고 바로 빵을 받을수 있었는데, 패키지로 포장이 깜찍하게 되어 있어서 기다리는 시간이 전혀 없어서 좋았어요.","I was able to order at the kiosk and receive the bread right away, and it was nice that there was no waiting time because it was packaged cutely."
"최애 교동이 생일파티🎂🎉 넘 즐거운 시간 보내다가 가요,,,💕","My favorite Gyodong’s birthday party🎂🎉 I had a really good time,,,💕"
창가쪽 자리 조용하고 좋아요.,The seat by the window is nice and quiet.
내돈내산 찐 추천 •• !,Recommended steamed food that I bought with my own money ••!
"영수증 리뷰 작성하면 구테 로이테, 그라나따, 파인콘 중 하나 받을 수 있어요.","If you write a receipt review, you can receive one of Gute Reite, Granata, or Pinecone."
특히 직원분들께서 다들 친절하시고 밝은 에너지 덕에 더운 여름날에도 기분 좋게 머무를 수 있어서 좋았습니다,"In particular, it was nice to be able to stay comfortably even on a hot summer day thanks to the friendly and bright energy of all the staff."
모든 메뉴를 다 먹어 보고 싶은 곳🤭 또 갑니다,A place where I want to try all the menu items🤭 I’m going again
신논현역에서 가깝고 한가진 거리에 있어서 좌석은 몇 없지만 조용히 즐기기에 좋았어요.,"It's close to Shinnonhyeon Station and in a quiet area, so there aren't many seats, but it was nice to enjoy quietly."
시즈널 체리 그라니따 향긋하고 맛있음,Seasonal Cherry Granita Fragrant and Delicious
근데 직원들 마스크도 제대로 안쓰고 (턱에다 끼우면 마스크 왜써요?) 머리 긴사람도 엄청 길게 묶고 헤어밴드같은거 하긴했지만 ..,"However, the employees did not wear masks properly (why would they wear a mask if they put it on their chin?), and even people with long hair tied it back very long and wore hair bands or something like that..."
"기본에 충실한 소금빵이고, 소금빵의 식감은 바삭과 부드러움 사이인데 부드럽다고해서 안에 빵이 가득 씹히는 느낌은 아니라서 부담스럽지 않고 가볍게 먹기 좋아용","It is a salt bread that is faithful to the basics, and the texture of the salt bread is between crispy and soft, but just because it is soft does not mean that the bread is chewy inside, so it is easy to eat lightly without being burdensome."
"마치 가염버터에 절인 듯 촉촉함을 넘어 축축하고, 고소함과 짭쪼름한 맛이 강한 소금빵이에요","It's a salt bread that's not only moist but moist, as if it's been pickled in salted butter, and has a strong nutty and salty taste."
🫶🏻 이번에는 테이크아웃해서 먹었는데 다음에는 앉아서 먹고싶네용..,"🫶🏻 I ate takeout this time, but next time I want to sit down and eat.."
너무너무 맛이가 있었어요~:),It was so delicious~:)
"이거 낱개 구입은 안되고 무조건 세트만 구매 가능 1set 4개입 ₩12,000원인데, 요즘 빵 가격 생각하면 성수치곤 가격 괜찮아요.","You cannot purchase these individually, but only the set. A set of 4 pieces costs ₩12,000, but considering the price of bread these days, it is a good price."
테이블 간격이 넓어서 쾌적해요.,"The spacing between tables is wide, so it’s comfortable."
"널 좋아하는 다른 분들도 보고 이 만큼 사람들이 좋아하고 사랑한다는 걸 알아줬으면 해, 다시한번 생일축하하고 다음에도 이런 자리 많이 해줘 그만큼 널 진짜 사랑해..",I hope other people who like you see this and know that people like and love you this much. Happy birthday again and please do more events like this in the future. I really love you that much.
"들어오는 입구부터 인테리어가 너무 예쁘고, 안에도 넓고 쾌적해서 최고였습니다","The interior was so pretty from the entrance, and it was spacious and comfortable inside, so it was the best."
소금빵 너무 맛있고 포장도 귀여워서 간단한 선물하기도 좋은것같아요,"The salt bread is so delicious and the packaging is cute, so it makes a great gift."
소금빵 4개 12000원🥐 빵 나오는 시간 있음.,"4 salt breads 12,000 won🥐 There is time for the bread to come out."
다음엔 남자친구랑 오겠습니다,Next time I will come with my boyfriend.
을 하고 구매했던터라 아주 살~~짝 미지근한 빵은 실망감을 주었고 손가락에 흥건하게 묻어나는 기름기로 소금빵이 맛있다기보다 느끼하더라구요.,"Since I had purchased it, I was disappointed by the very light and slightly lukewarm bread, and the grease that sticks to my fingers made the salt bread feel greasy rather than delicious."
커피도 맛있고 특별한 메뉴가 많은거같네요,The coffee is delicious and there seem to be many special menu items.
빵이 너무 이쁘고 맛있어요,The bread is so pretty and delicious
추운데 줄이 길고 4개씩 살 수 있어요.,"It's cold, the line is long, and you can buy 4 at a time."
셈라는 이번에 처음 먹어봤는데 맛있더라구요,This was my first time eating Semla and it was delicious.
새로운 신메뉴로 나온 골든펄 딸기 캐모마일티를 주문해서 마셨는데..,"I ordered and drank the Golden Pearl Strawberry Chamomile Tea, which is a new menu item..."
맛있게 잘먹고 갑니다,I had a good meal
세심하게 우려진 보이숙차에서는 세월을 머금은 목향과 곡물의 맛이 납니다.,Carefully brewed Boisuk tea exudes age-old wood aroma and grain taste.
성수점은 처음인데 노래소리가 적당해서 분위기가 차분한 편이고 커피 먼저 마시다가 빵 추가 주문해서 먹었는데 존맛탱구리!!,"It was my first time at the Seongsu branch, but the music was just right so the atmosphere was calm. I drank coffee first and then ordered some bread and it was delicious!!"
힙하게 커피와 떡와플들고 성수동 걸어다니면 핵꿀잼입니다,It's fun to walk around Seongsu-dong with a hip coffee and rice cake waffles.
웨이팅 줄이 길어보여 걱정했는데 다행히 결제 먼저 진행 후 포장한거 받는 시스템이라 줄에비해 오래기다리지 않았어요,"I was worried because the waiting line seemed long, but fortunately, the system was to pay first and then receive the packaged food, so I didn't have to wait long compared to the line."
빵이 촉촉하고 개인적으로 버터리함 잘 느껴져서 진짜 맛있게 먹었어요.,"The bread was moist and had a nice buttery feel to it, so I really enjoyed it."
뚝섬 쪽에 이런 곳 있는지 몰랐는데 조만간 또 방문 할 것 같아요..,"I didn't know there was a place like this on Ttukseom, but I think I'll visit again soon."
진짜 이만한 스콘 먹어본적 없어요.,I've never had a scone like this before.
"평소에 정말 즐겨먹지만 와,,, 여기 커피 전문점인데 오란다","I really enjoy it on a regular basis, but wow, this is a coffee shop."
다음에또방문할께요~,I will visit again next time~
차 돌려서 다시 갈뻔!,I almost turned the car around and went again!
😍 🧇떡와플 쫀득바삭한 식감에 달달한 꿀이 뿌려져 있어서 달달한 믹스커피와 따로 먹는걸 추천드려요,"😍 🧇 Rice cake waffle has a chewy and crunchy texture and is sprinkled with sweet honey, so I recommend eating it separately with a sweet mixed coffee."
오후 시간에 많은 인파로 붐비는 와중에도 웃으며 응대해주셔서 더욱 편안하게 게스트 바리스타 행사를 즐길 수 있었습니다 !,"Even though it was crowded with people in the afternoon, they responded with smiles, so I was able to enjoy the guest barista event more comfortably!"
항상 줄이 길어서 궁금했었는데 드디어 먹어봤어요!,"I was curious because the lines were always long, but I finally tried it!"
에스프레소는 처음이라 걱정반 기대반으로 방문했는데 직원분의 친절한 응대와 설명으로 메뉴도 쉽게 고를 수 있었습니다.,"It was my first time trying espresso, so I was half worried and half excited when I visited, but the friendly service and explanations of the staff made it easy to choose the menu."
뀰로그로 뉴믹스커피 브랜딩 과정 다 보고 실제로 매장 방문하니 감동 100배… 쌀알커피 달달하고 고소하니 진짜 맛있어요!!,I was 100x more impressed when I saw the entire New Mix Coffee branding process and actually visited the store... Rice grain coffee is sweet and savory and really delicious!!
심지어 다음날 데우지도 않고 차가운 채로 먹었는데도 엄~~청 맛있었습니다.,"Even though I ate it cold the next day without reheating it, it was extremely delicious."
성수 카페가 다 좁은데 여기는 매장이 시원하고 자리가 넓어서 좋아요,"All Seongsu cafes are narrow, but this store is cool and spacious, so I like it."
먹고 싶었던 시그니처 메뉴가 없어서 아쉬웠지만 너티크림이 많이 달지도 않고 맛있었어요!,"It was a shame that there wasn't the signature dish I wanted to try, but the nutty cream was delicious and not too sweet!"
스톤슈페너 너무 고소하니 맛있고 롱블랙도 깔끔하니 좋네요,"The stone spooner is so savory and delicious, and the long black is clean and nice."
"모든커피가 믹스커피베이스인데 앞으로 완전 핫플이 될거같은 느낌적인 느낌 코리안스타일을 힙하고, 멋지게 만든거 같아요!!","All coffees are based on mixed coffee, and I have a feeling that it will become a really hot product in the future. I think they made Korean style hip and cool!!"
자리도 넓고 음료도 맛있어요,The seats are spacious and the drinks are delicious.
🤤 근데 버터가 손에 잘묻어서 냅킨이나 휴지 있으면 좋겠어용,🤤 But the butter sticks to my hands so it would be nice to have a napkin or tissue.
카페내 있는 정원 커피마시면서 한시간동안 정원 보면서 디올카페에서 커피마시고 녹차마시고~ 비싼 정원 조경구경 했습니다,I drank coffee and looked at the garden in the cafe for an hour. I drank coffee and green tea at Dior Cafe and looked at the expensive garden landscaping.
"날씨가 좋아서 외부에 앉았는데, 내부도 너무 좋아보여서 다음에 또 오고 싶어요 !!","The weather was nice so I sat outside, but the inside looked so nice that I want to come again next time!!"
디저트 먹고싶었는데 개비싸,"I wanted to eat dessert, but it was expensive."
기안84님 전시회보고 성수동 걷다가 소금빵집에 줄이 길기에 빵맛집인 것 같아,"While walking around Seongsu-dong after seeing Kian84's exhibition, the line at Salt Bakery was long, so I thought it was a good bakery."
"40대 중반이라 단거 잘 안마시는데, 이건 맛있게 한입에 홀짝할 정도의 양이라서 부담없어서 좋다~","I'm in my mid-40s, so I don't drink sweets very often, but this is a delicious amount that I can sip in one bite, so it's nice because it's not burdensome."
믹스를 쌀맛으로 즐겼어요,I enjoyed the mix with rice flavor.
근데 화장실 줄이 너무 길어요;,But the bathroom line is so long;
추천 음료는 호지차 아이스 따뜻하게 먹었던 호지차는 무거운 느낌이 들어서 추운겨울 아침에 생각날 것 같은데 아이스로 먹는 순간 청량함이 백배이다.,"Recommended drink is hojicha iced. Hojicha eaten warm feels heavy, so you may think of it on a cold winter morning, but the moment you eat it with ice, it feels a hundred times more refreshing."
자연도 소금빵 그냥 드세요,"Naturally, just eat salt bread."
크레이프 맛있어용 스톤 슈페너 흑임자 너무 달지 않고 맛있어요,The crepes are delicious. Stone Spener Black Sesame is not too sweet and delicious.
버터향가득부드럽고촉촉한빵아래는바삭바삭자글자글버터에튀겨진바닥이너무좋고맛나요 …,"The bottom of the soft and moist bread, full of butter flavor, is crunchy and the bottom fried in butter is so good and delicious..."
에스프레소 전문 카페는 처음 방문해봤는데 기대 이상으로 맛있네요!!,"This was my first time visiting a cafe specializing in espresso, and it tasted better than I expected!!"
은은하게 비치는 햇빛과 목욕탕같은 분위기에 낭낭하게 들어간 넛츠 슈페너가 좋았다,I liked the Nuts Spener with its soft sunlight and bathhouse-like atmosphere.
기본커피도 고소하고 시원하니 좋네요 /,The basic coffee is also nice and refreshing. /
바닥이 빠작한 느낌이구 매우 부드럽고 어떻게보면 기름지다고 느껴질만큼 풍미가 좋아요.,"The bottom feels firm and very soft, and the flavor is so good that it almost feels oily."
커피 너무 맛있고 디저트도 맛있어요!!,The coffee is so delicious and the desserts are delicious too!!
커피랑 쌀스무디 너무 맛있고 특히 디저트가 너무 맛있습니다.,"The coffee and rice smoothie are so delicious, and the dessert is especially delicious."
"요즘 핫플로 부상 중이라 그래서 더 붐비기 전에 갔는데, 생각보다 이미 손님들이 많았습니다.","It's a hot spot these days, so I went there before it got too crowded, but there were already more customers than I expected."
사람이 많지만 넓어서 금방 자리가 났어요.,"There were a lot of people, but it was spacious so we got a seat quickly."
녹차맛 슬러쉬 진쟈,Green tea flavored slush ginger
한팩이 묶어서 판매하는듯..,It looks like they are sold in one pack.
성수에서 조용히 차 마시기 좋습니다,It's great to drink tea quietly in Seongsu
"암튼 결제줄 따로, 픽업줄 따로라 호다닥 결제하고 줄서서 받아갔는데요","Anyway, there were separate payment lines and separate pick-up lines, so I paid quickly and waited in line to get it."
"스톤 슈페너(5800) - 컵테두리가 설탕이 뿌려져서 흑임자의 진함과 함께 어울림 카페크레마(3600) - 생각보다 달달한데 기분좋은 단맛, 부드럽고 싱그러움","Stone Spener (5800) - The rim of the cup is sprinkled with sugar, which goes well with the richness of black sesame. Cafe Crema (3600) - Sweeter than expected, but pleasant sweetness, soft and refreshing."
성수동 지나다니면서 몇번 와보고싶었는데 만석이라 실패했는데 평일 점심시간 이용해서 드디어 와봤어요!,"I wanted to come here a few times while passing through Seongsu-dong, but failed because it was full, but I finally came during lunch time on a weekday!"
메뉴도 가볍게 먹기 좋은 디저트와 여러가지 커피와 맥주고 준비되어있고 커피와 디저트도 상당히 맛잇어서 성수에서 데이트하다 사람이 너무 북적이는 곳 피해서 쉬엇다 가기 정말 좋은것 같습니다,"The menu includes light desserts and a variety of coffees and beers. The coffee and desserts are also quite delicious, so it's a great place to take a break while on a date in Seongsu to avoid overcrowded places."
쑥 바스크치즈케이크도 차와 함께 먹기 딱 적당한 크기와 밀도였구요..!,The Mugwort Basque Cheesecake was just the right size and density to eat with tea!
아이스 롱블랙이랑 롤케이크 먹었는데 담백하고 깔끔하게 맛있었어요!,"I had an iced long black and a roll cake, and it was light, clean, and delicious!"
벌써 세번째 구매중이에요!,This is already my third purchase!
소금빵 너무맛있어요 > <,Salt bread is so delicious > <
이쁘지만 짜치고 비싼 다른곳 버터바보다 후프커피 버터바는 말그대로 겁나 터프하고 양도 겁나 많아서 급할땐 냅따 와구와구 먹으면 배뻥될정도입니다.,"Compared to other pretty but expensive butter bars, Hoop Coffee's butter bar is literally very tough and the amount is so large that when you're in a hurry, you can eat it all at once and get full."
"하동 찻잎을 사용한다는데, 하동과 무슨 관련인지는 모르겠음.","They say they use Hadong tea leaves, but I don't know what it has to do with Hadong."
성수에서 넓고 작업하기 좋은 카페 찾다가 왔는데 딱 너무 붐비지않고 좋아서 추천합니다,"I came here while looking for a spacious cafe in Seongsu that was good for working, and I recommend it because it's not too crowded and I like it."
고민고민하다가 카운터에 말하니 바로 확인해주시고 조치해주셔서 감동) 주차장 옆 야외테라스 유럽인줄❤️ 애플시나몬밀크랑 키위케이크 먹으러 또 갈래용,"After thinking about it, I spoke to the counter, and they immediately checked and took action. I was impressed) The outdoor terrace next to the parking lot felt like Europe❤️ I'd like to go again for apple cinnamon milk and kiwi cake."
강남구청으로 자주 가던 구테로이테인데 성수에서 눈에 보여 찾아갔습니다.,"I used to go to Gangnam-gu Office frequently, but I saw it in Seongsu and went to see it."
편집샵이랑 같이 하는 카페인데 넓고 시원해서 좋아오!!,"It's a cafe with an editing shop, and I like it because it's spacious and cool!!"
느낌굿 카페 테린느가 짱맛이에용,"Feels good, the cafe terrine is super delicious."
아몬드와 팥과 찰떡이 어울어진 티푸드도 잘 어울리고 주변이 잘 보이는 경치까지 3박자가 너무 좋은 곳이네요.,"The tea food that goes well with almonds, red beans, and rice cakes goes well together, and the view of the surrounding area is great. It's a great place."
평일 오후 3시라 붐비지 않았고 에스프레소를 다루는 곳이라 그런지 플랫화이트가 다른곳보다 훨씬 진하게 느껴졌어요.,"It wasn't crowded at 3pm on a weekday, and because it's an espresso place, the flat white felt much stronger than other places."
👍 가게 전체에서 틀어주신 음악도 잔잔해서 카페에 있는 동안 완전 충전했어요!!,"👍 The music played throughout the store was soothing, so I was fully charged while I was at the cafe!!"
지나가다 카페에서 멋진않고 사왔는데 스콘맛집이라는 말이 맞네요.,"I bought some scones from a cafe passing by, and it's true that they are a good scone restaurant."
"매장 앞에서부터 버터 냄새가 후각을 자극하고, 진짜 겉은 바삭하고 속은 촉촉?!","The smell of butter from the front of the store stimulates your sense of smell, and it's really crispy on the outside and moist on the inside?!"
도시 한가운데에 고요하게 차(tea)한모금을 즐길 수 있는 곳이에요!!,This is a place where you can enjoy a quiet sip of tea in the middle of the city!!
카페 분위기가 이뻐요,The cafe atmosphere is pretty.
너무친절하고 소금빵도 맛있어요!,They are so friendly and the salt bread is delicious!
"무엇보다 마지막이자 기대가 컸던 레몬그라나따는 죄송하지만 정말 맛이 없습니다,, 쓴맛과 레몬의 새콤함이 안 어울려요","Above all, I'm sorry about the last and highly anticipated lemon granata, but it really doesn't taste good. The bitter taste and the sourness of the lemon don't go well together."
인스타에서 보고 간곳인대 너무마싯어요!,I went to this place after seeing it on Instagram and it was so good!
"1. 플레이버 : 아몬드스러운 고소함, 카카오의 무거운 단향, 자몽스러운 신맛 살짝 2. 바디 : 아이스임에도 좀 연하게 뽑힌 느낌이어 단맛이 조금 더 살았으면 좋겠어요","1. Flavor: Almond-like nutty, heavy sweetness of cacao, slightly grapefruit-like sourness 2. Body: Even though it is ice, it feels a bit light, so I wish it had a little more sweetness."
다음에는 말차라떼도 먹어 봐야겠어요.,I'll have to try the matcha latte next time.
반려동물동반 가능카페를 찾던 중 우연히 들어왔어요!,I came across this by chance while looking for a pet-friendly cafe!
여자친구랑 인테리어가 이뻐서 방문했는데 커피랑 음식이 너무 맛있어요,"I visited with my girlfriend because the interior was pretty, and the coffee and food were so delicious."
겉바속촉의 정석 적절한 짠 맛 겉은 크리스피 한데 쫄깃한 빵의 식감 사랑합니다,"I love the classic chewy texture on the outside, just the right amount of saltiness, and the crispy exterior and chewy texture of the bread."
성수동 방문했을때 줄 서 있는 걸 보고 저렇게까지 해서 먹어야 하나 했는데 아이랑 다시 성수동 나갔다가 소금빵을 좋아해서 1봉지 사기로 하고 키오스크에서 주문 후 왼쪽 대기줄로 가서 기다리면 영수증 보여 주고 받아 가는 방식.,"When I visited Seongsu-dong, I saw the line and wondered if I had to go to that length to eat it, but when I went out to Seongsu-dong again with my child and he likes salt bread, I decided to buy a bag and order at the kiosk, go to the left line, wait, show the receipt, and get it."
인테리어는 더 멋있어지고 맛도 여전히 너무 맛있습니다.,The interior looks nicer and the taste is still very delicious.
소금빵 한 개 제품만 있는데 포장도 깔끔하게 해주셔서 좋네요,"There is only one salt bread product, and it is nice that it is packaged neatly."
창가 자리가 만석이어서 창가에는 앉지 못했지만 바 자리도 충분히 분위기 괜찮았고 주문했던 티 칵테일도 좋았어요,"I couldn't sit by the window because the window seats were full, but the bar area had a nice enough atmosphere and the tea cocktail I ordered was also good."
의자가 편하고 콘센트도 있어서 작업하기 좋았어요,It was nice to work because the chairs were comfortable and there was an outlet.
지나가다 냄샤에 이끌려서 구매 다담날 먹어도 에프에 살짝돌렷더니 방금 내온거처럼 맛잇네여,"I was passing by and was attracted by the scent, so I bought it. Even after eating it, I got a slight taste of it and it tasted as if it had just been served."
실내 조도도 적당하니 편안하고 창문으로 시원한 바람이 솔솔들어오는 느낌도 참 좋았습니다.,"The indoor lighting was just right so it was comfortable, and it felt great to have a cool breeze blowing through the window."
"일행이 있으신 경우에는 한 분은 오른쪽 대기줄에서 바로 결제 및 교환, 한 분은 왼쪽 대기줄에서 교환을 건네 받아서 소금빵으로 교환하셔도 될 것 같습니다","If you have a group of people, one person can pay and exchange directly from the waiting line on the right, and the other person can receive the exchange from the waiting line on the left and exchange for salt bread."
구테로이테 성수센트럴키친의 시그니처 솔티드크레마 주문해봤어요 풍미있는 크림에 콜드브루로 쓴맛이 없고 부드러웠어요,"I ordered Guteroite Seongsu Central Kitchen's signature salted crema. It had a flavorful cream and cold brew, so it wasn't bitter and was smooth."
메뉴 다양하고 맛잇어용,The menu is diverse and delicious.
매장도 넓고 자리마다 콘센트가 있어서 노트북으로 할 일 하기 좋았어요!,"The store was spacious and each seat had an outlet, so it was great to work on my laptop!"
그자리에서 두개나 순삭했어요.,I cut two pieces on the spot.
사람많은데 대기 금방 빠져요,"There are a lot of people, but the wait fills up quickly."
매장을 바라보고 오른쪽에서 결제 및 교환권을 받고 왼쪽 대기줄에서 기다렸다가 소금빵을 받을 수 있는 방식입니다,"You can face the store, receive payment and exchange vouchers on the right, wait in the waiting line on the left, and receive salt bread."
"평일 낮에 방문 했음에도, 옆자리 뒷자리 할 것 없이, 대부분의 테이블들이 찰칵 거리며 카메라로 인증샷을 찍는 외국인 관광객으로 꽉 차있었어요.","Even though I visited during the day on a weekday, most of the tables, including those next to and behind, were filled with foreign tourists clicking away and taking selfies with their cameras."
이렇게 캐릭터 생일카페를 열어서 예약해서 방문은 처음인데 신기하고 교동씨가 볼수록 매력적인데 사유리가 더 끌리더라구요 ｡‿,"This is my first time visiting a character birthday cafe and making a reservation. It's amazing, and the more I see Gyo-dong, the more attractive he is, but I'm more attracted to Sayuri. ｡‿"
테이크아웃 용기가 제일 감동 포인트인데.,The take-out container is the most impressive point.
테이블 여유있고 조용한 편이어서 좋았어요 !,It was nice that there were plenty of tables and it was quiet!
"갓 나온 빵 그자리에서 먹으면 미칩니다 ,, 서울 소금빵 부동의 1위 탑티어긴 한데 제 마음속에는 2위 입니다","It's crazy to eat freshly baked bread on the spot. Seoul Salt Bread is undisputedly the top tier, but in my heart, it's second place."
위 사진은 제가 이미 가위로 잘라버리고 찍었지만 원래 모양은 예뻤답니닷..,"In the photo above, I had already cut it with scissors, but the original shape was pretty."
그래서 그런지 따뜻하진않고 씹을때마다 기름뿜어나오고 느끼한 느낌사실 소금빵은 어딜가든 갓나온걸 먹어야 맛있는거같아요,"Maybe that's why it's not warm, and every time you chew it, oil squirts out and it feels greasy. In fact, wherever you go, salt bread tastes good only when it's freshly made."
!! 바 좌석마다 콘센트가 마련되어 있어 작업하기에도 좋은 공간이였습니다,"!! There were electrical outlets at each bar seat, so it was a great space to work."
성수나 압구정 가면 아이들 간식으로 사오는 소금빵 버터향 좋고 빵도 부드럽다,"If you go to Seongsu or Apgujeong, you can buy salt bread as a snack for children. The butter smells good and the bread is soft."
🤍 셈라라는 디저트는 처음 먹어보는데 너무 맛있어서 앞으로 먹으러 자주 오려구요,"🤍 This is my first time trying a dessert called Semra, and it was so delicious that I plan to come here often from now on."
"티랑 같이 할수 있는 디저트 메뉴가 많아서 좋고 , 또 쑥라떼랑 백차 모두 맛있었어요!","It's nice that there are many dessert menus that can be paired with tea, and both the mugwort latte and white tea were delicious!"
1세트 4개입만 판매하고 있으며 매장도 포장지도 멋드러집니다,"Only 4 pieces per set are sold, and the store and packaging are also stylish."
줄서먹는 맛집 인정👍👍👍평일 오전에 가니까 줄 안서고 좋네요,"Recognized as a good restaurant where you have to wait in line to eat👍👍👍I went on a weekday morning so there was no line, which was nice."
50분가량 머무르는 내내 그 직원분은 일하기 싫어보이셨고 디올 성수는 다시는 방문하고 싶지 않은 기억으로 남았습니다,"During my stay of about 50 minutes, the employee seemed reluctant to work, and Dior Seongsu remained a memory I never wanted to visit again."
재방문 의사 있습니당,I am willing to visit again.
커피와 음료도 맛있고 안에 조명 분위기가 포근하고 좋아요!,"The coffee and drinks are delicious, and the lighting inside is cozy and nice!"
🥰 다음에 또 주문할거에요,🥰 I will order again next time
개방감이 너무 멋진 2층 건물에 야외존까지 매력한가득인 쎈느♡ 주기적으로 기업들과 콜라보 협업도 진행하며 팝업스토어 공간으로 같이 운영하는 카페에요~,"Senne is a two-story building with a very open feel and is full of charm, including an outdoor zone. It is a cafe that regularly collaborates with companies and operates as a pop-up store space."
지나가다 인테리어가 이뻐서 들어왔는데 커피도 마싯고 빵도 마싯어요!,I was passing by and thought the interior was pretty so I came in and had coffee and bread!
1세대 조경가 1호 국토개발기술사이신 정영선님 전시보로 가기전 디올성수 정원을 디자인한 정영선 조경가의 정원을 보고싶어서 미리 디올카페 딸과 같이 예약해서 갔어요,"I wanted to see the garden of landscape architect Jeong Young-seon, who designed the Dior Seongsu garden, before going to the exhibition of Jeong Young-sun, the first generation landscape architect and national land development engineer, so I made a reservation in advance at Dior Cafe with my daughter."
"완전 느좋 카페,, ❤️ 디져트 왕맛 커피 왕맛 메뉴가 독특한데 맛있기까지해서 조아요","It's a really nice cafe,, ❤️ Dessert, great coffee, great menu. The menu is unique and delicious."
"보니깐 체인인거 같던데, 낱개구매가 불가능하고 무조건 4개 1세트로 구매가능하더라구요~","When I looked at it, it looked like it was a chain, but it couldn't be purchased individually and could only be purchased in a set of 4."
"미리 네개씩 포장된 빵을 주시는데 이렇게 많이 팔려도 따뜻한 빵이 아니고, 따뜻하지 않은건 당연할 수도 있는데 제대로 식히지않고 네개씩 꽁꽁 포장을 해놔서 그냥 버터 많이 먹은 축축한 빵이더라구요.","They gave me four pre-packaged loaves, but even though they were sold in large quantities, they were not warm loaves. It could be natural that they were not warm, but they were packed four at a time without being cooled properly, so it was just soggy loaves with too much butter."
"줄 서서 사먹을 정도인지는 모르겠어요,,",I don't know if it's worth waiting in line to buy it.
기대한것 이상으로 커피가 너무 맛있어요,"The coffee is so delicious, better than I expected."
"단 거 좋아하시는 분들은 별로 안좋아할 수도 있지만, 평소에 라떼류 즐겨드시는 분들이 단 거 마시고 싶을 때 적당한 음료예요:)","Those who like sweets may not like it, but for those who usually enjoy lattes, it is a suitable drink when they want to drink something sweet :)"
"시끄러운 빅뱅,투애니원 노래만 몇시간째 나오는데 너무 지겨워요.",It's so boring to hear only loud Big Bang and 2NE1 songs playing for hours.
공차는 언제나 옳지요,Gongcha is always right
떡 와플은 씨앗호떡처럼 꿀시럽이 뿌려져 있어서 나중이 혹시 물티슈 같은거 살짝 챙겨주시면 더 좋을 것 같아요!,"The rice cake waffles are sprinkled with honey syrup like seed hotteok, so it would be better if you bring some wet tissues with you later on!"
버블티는 역시 공차가 맛있는거 같아요.,I think Gongcha’s bubble tea is delicious.
다만 살짝 아쉬운 부분은 빵 아래쪽에 녹은 버터가 많이 내려가서 씹을 때 아래쪽이 너무 기름지다는 거였어요.,"However, the only thing that was slightly disappointing was that a lot of melted butter went down to the bottom of the bread, so the bottom felt too greasy when chewing."
롤케익도 맛있구용 인테리어도 예뻐서 사진이 잘나와용!!,The roll cake is delicious and the interior is pretty so the photos come out well!!
지나가다 가오픈해서 왔는데 노래도 좋고 의자도 너무 편하고 통창이 너무 예뻐요,"I was passing by and came across an opening. The music was good, the chairs were very comfortable, and the large windows were very pretty."
분위기가 도란도란 대화 나누기 좋아서 요즘처럼 추운 날씨에 따듯한 차나 맛있는 음료 마시면서 쉬기 좋아요!,"The atmosphere is lively and conducive to conversation, so it's great to relax while drinking warm tea or a delicious drink in this cold weather!"
구테로이테커피 너무너무 맛나용,Gutteroite coffee is so delicious.
빵이 맛있고 찾아오는 분들이 많은만큼 더욱 신경써서 운영해주셨음합니다!,"The bread is delicious and there are a lot of people who come here, so I hope they take more care in running the restaurant!"
근데 빵 나오는 시간 맞춰서 갓 나온 빵을 드시는 게 훨씬 맛있습니다,But it is much more delicious to eat freshly baked bread at the right time.
따뜻하고 맛있어요~~,It’s warm and delicious~~
별다방처럼 주문한 음식 받을 때 별명을 사용하게되는데 엄마가 제 이상한 별명 말하셔서 극구사양할 때 직원 분도 웃으셔서 웃겼어요.,"Like Byeoldabang, nicknames are used when receiving food you order, and it was funny because the staff laughed when my mom said my strange nickname and I was very reluctant."
커피는 맛있는거 알았지만 빵도 이렇게 맛있을 줄은 더구마 성수에서 이런 빵 가격 찾기 어렵다는 너무 착한 가격!,"I knew the coffee was delicious, but I didn't expect the bread to be this delicious either. The price was so good that it's hard to find bread like this in Seongsu!"
밖에서 보는것보다 앉을 자리가 넓음,There is more space to sit than it looks from the outside.
"핫플이 아닌 고급스러운 커피, 맛있는 커피를 기대하고 들어갔는데 생각보다 가격이 저렴해서 놀랐고 커피맛에 또 놀랐습니당 성수오면 또 방문해야겠에요~","I went in expecting high-quality, delicious coffee, not a hot place, but I was surprised that the price was cheaper than I expected, and I was also surprised by the taste of the coffee. I'll have to visit again when I come to Seongsu."
오전 11시 조금 넘은 시간에는 바로 구매가 됐어요,The purchase was made right after 11 a.m.
소금빵은 맛있는데 카운터 직원분이 나온 빵을 포장해서 바로 전달해주면 되는 일을 바로 하지 않고 손님을 세워뒀어요.,"The salt bread is delicious, but the counter staff didn't do what they should have done by packaging the bread and handing it over to the customer right away, leaving the customer standing there."
인테리어가 정말 너무 깔끔하고 넓게 트여진 창도 좋았구..,The interior was really neat and the wide open windows were nice too.
즉흥으로 검색해서 왔는데 느낌이 너무 좋고 매장이 쾌적해서 얘기하기도 좋아요,I came here after an impromptu search and the feeling was really good and the store was comfortable so it was nice to talk.
음료도 맛있고 근데 19시 이후에 베이크류 할인한다고 써있었는데 영수증보니 할인이 안되어있네요,"The drinks were delicious, but it said there was a discount on baked goods after 19:00, but when I looked at the receipt, there was no discount."
키리모찌를 구워먹을 수 있고 생각보다 떡을 많이 주셔서 배부르게 먹었어요,"I was able to grill and eat Kirimochi, and they gave me more rice cakes than I expected, so I ate it to my fill."
지나가다가 분위기가 너무 이뻐서 들렀는데 생각했던것보다 너무 모든게 다 좋아서 성수오게되면 또 여기 올 것 같아요!,"I was passing by and stopped by because the atmosphere was so pretty, but everything was so much better than I expected, so I think I'll come here again when I come to Seongsu!"
성수동 소금빵 맛집 테이크아웃 전용이라 키오스크로 구매 후 빵 받는줄에 서야해요,"The salt bread restaurant in Seongsu-dong is for takeout only, so you have to buy it at the kiosk and then stand in line to receive the bread."
중간중간 깨알 소품 찾아보는 재미도 있었고 요번 HAPPY 테마로 소다맛 음료까지 준비해주셔서 맛있게 잘 마시고 가용,"It was fun to look for small items here and there, and they even prepared a soda-flavored drink with the HAPPY theme this time, so I had a good time drinking it."
갓구운 빵 먹으니 더 맛잇엇어요!,It tasted even better when I ate freshly baked bread!
성수에 너무 북적이지않은 조용한곳에 새로생긴 대형카페가 있다고해서 가봤는데 입구부터 커다란 크리스마스트리가 너무 이쁘더라구요!,"I heard there was a new large cafe in a quiet place in Seongsu that wasn't too crowded, so I went there and the big Christmas tree right from the entrance was so pretty!"
"포장도 감성있고, 가게도 감성있는 게 충전되네요.","The packaging is emotional, and the store is also filled with emotion."
🥐 저녁 8시반쯤 갔는데 15-20분 밖에 안 걸렸어요!,🥐 I went around 8:30 pm and it only took 15-20 minutes!
말차 테린느 개맛도리고 디저트가 친절하고 카페가 맛있습니다.,"The matcha terrine is delicious, the desserts are friendly, and the cafe is delicious."
디저트 맛집인데 아파서 차만 마신 내 자신 슬퍼요,"It's a great dessert restaurant, but I'm sad that I only drank tea because I was sick."
🎄💕 자리도 1층이랑 2층 있는데 자리 간격도 안좁아서 친구들이랑 얘기하기도 괜찮고 데이트로 가는것도 추천합니다,"🎄💕 There are seats on the 1st and 2nd floors, and the space between the seats is not too tight, so it's good to talk with friends, and I recommend going on a date."
바로 구입해서 먹으면 또 구입하겠지만 웨이팅하면서 또 구매할지는 ;;,"I will buy it again if I eat it right away, but will I buy it again while waiting?;;"
리뷰에 쏘쏘하다는 말이 많았지만 저는 개인적으로 너무 맛있게 먹었어요~,"A lot of reviews said it was spicy, but I personally really enjoyed it."
콘센트도 있고 조용해서 좋아요,It's nice that there's an outlet and it's quiet.
동네에 강아지 동반 카페는 많아도 강아지가 앉아있기 불편한 곳들이 많은데 여기는 강아지도 편하게 앉아있을 수 있어서 좋아요!!,"Although there are many dog-friendly cafes in the neighborhood, there are many places where dogs are uncomfortable to sit, but this is great because even dogs can sit comfortably!!"
커피가 맛난집 재방문 지난번엔 에스프레소를 마시고 오늘은 케잌까지 포인트적립 하면 텀블러까지 성수의 맛깔나는 까페,"Revisiting a place with delicious coffee. Last time I had espresso, today I even got a cake. If I accumulate points, I even get a tumbler. A delicious cafe in Seongsu."
분위기 조용하고 좋아요,The atmosphere is quiet and nice
지나가다가 사람들 많아서 들어왔는데 분위기도 좋고커피도 맛있어요,I was passing by and came in because there were a lot of people. The atmosphere was nice and the coffee was delicious.
에스프레소를 즐길 수 있고 그 외의 다른 음료와 디저트들을 즐길 수 있어요,You can enjoy espresso and other drinks and desserts.
진짜진짜루 다른 소금빵은 퍼석한게 많은데 여긴 진짜 쫄깃하고 부드럽고 정말 은은하게 달짝지근하면서 짭쪼롬해서 계속 들어가요,"Really, a lot of other salt breads are crumbly, but this one is really chewy, soft, and very subtly sweet and salty, so I keep eating it."
"단, 낱개 판매도 하면 좋겠어요!","However, it would be nice if they sold them individually too!"
"보이숙차랑 현미목련차, 말차&팥 치즈케잌까지 맛있게 먹고 갑니다!","I enjoyed the Boisuk tea, brown rice magnolia tea, matcha & red bean cheesecake!"
주말 오전에 방문했는데 한적하고 빵 종류도 많고 케이크류도 있어요.,"I visited on a weekend morning, and it was quiet and had a variety of breads and cakes."
분위기도 좋구요~~,The atmosphere is good too~~
귀여운 벌룬과 멋진 석진오빠로 가득한 곳 커피도 맛있고 깔끔한 인테리어로 예쁜 성수 비데이 담에도 또 올거에요~~,It's a place full of cute balloons and the cool Seokjin oppa. The coffee is delicious and the interior is pretty. I'll come again next time on Seongsu Bday~~
원두 선택할 수 있고 주차비 저렴한 편 일요일 한시반쯤 들어갔는데 3시쯤 내/외부 좌석 거의 다 찼어요,"You can choose your coffee beans and parking is cheap. I went in around 1:30 on a Sunday, and by 3, most of the inside and outside seats were full."
공간도 엄청 넓고 깨끗해요~,The space is very spacious and clean.
다른 메뉴의 에스프레소도 궁금하다 성수의 ☕️ 매장 넓고 꽤적하다 테이블아래 충전기 꼳을 수 있어서 갠ㅣ적으론 자주 올 거같다 ㄱ,"I'm curious about the other menu's espressos. Seongsu's ☕️ store is spacious and quite quiet. You can turn on the charger under the table, so I think I'll come here often."
"😍 번으로 만든 디저트, 스콘, 휘낭시에 진짜 넘 맛있구요 포토존도 많아서 여기저기 사진찍어도 넘 예쁘게 나와요~","😍 Desserts made with buns, scones, and financiers are really delicious. There are a lot of photo zones, so you can take pictures here and there and they come out really pretty~"
"티백과 다도 도구 등 굿즈를 파는 공간도 있어서 이색적이고, 직원분들이 친절하셔서 머무르는 내내 마음이 편안해요!","There is also a unique space selling goods such as tea bags and tea ceremony tools, and the friendly staff makes you feel comfortable throughout your stay!"
거의 두달만에 왔는데 음악 여전하네요..,"It's been almost two months since I came here, but the music is still the same..."
프랑스 맛있는빵을 열어서 맛있는 버터를 한가득넣고 입에 넣은 느낌 🥯🍞🥖🥐🥪🫓 외국인 관광객들도 좋아하시더라고요,The feeling of opening a delicious French bread and putting it in your mouth full of delicious butter 🥯🍞🥖🥐🥪🫓 Foreign tourists also like it.
매장식사는 불가하고 포장만가능해서 줄이길어도 금방금방줄어듭니다.,"In-store dining is not possible and only take-out is available, so even if the line is long, it goes down quickly."
사자마자 먹어야만 제대로 느낄수있지만 포장해가도 에어프라이어로 소금빵을 심폐소생해 먹으면 바로 갓구운 소금빵맛을 느낄수있었습니다.,"You can only really taste it if you eat it as soon as you buy it, but even if you take it out and resuscitate the salt bread in an air fryer, you can immediately feel the taste of freshly baked salt bread."
분위기 너무좋고 차도 맛있어요,The atmosphere is very nice and the tea is delicious.
사장님이 너무 친절하시고 분위기가 좋고 요즘 날씨가 너무 좋아서 테라스자리가 있는게 너무 좋았어용,"The owner was very kind, the atmosphere was nice, and the weather was so nice these days, so I really liked having a terrace seat."
영종도 지점보단 사알짝 맛이 약하긴 한데 그래도 믿고 먹는 자연도 소금빵 ❤️ 웬만한 베이커리 보다는 훠얼씬 맛나요!,"The taste is slightly weaker than the Yeongjongdo branch, but I still trust the natural salt bread I eat ❤️ It tastes so much better than most bakeries!"
디저트로 먹으려고 했는데 낱개로는 안 팔아서 세트로 구매했어요!,"I wanted to eat it as dessert, but they didn't sell it individually, so I bought it as a set!"
그래서 뭔진 모르지만 알겠다 했는데 엄청 작은 잔에 얼음없이 미지근한 라떼에 당황 이곳만의 스타일 이겠지만..;;,"So, I didn't know what it was, but I said I knew, but I was taken aback by the lukewarm latte without ice in a very small glass. I guess it's just this place's style, but..;;"
파묘 팝업 대기하면서 더워 죽을꺼 같아서 마신 커피 맛나다.,"I drank the coffee while waiting for the Pamyo pop-up, thinking I was going to die from the heat, and it was delicious."
지나가는 길에 보여서 들어갔는데 적당히 소란하고 분위기 좋아요.,"I saw it while passing by, so I went in, and it was moderately noisy and had a nice atmosphere."
브런치로 프렌치토스트 + 수프+ 아멜카노 조합 환상적!,The combination of French toast + soup + Amelcano for brunch is fantastic!
💚 핫여름이라 조금만 밖에 돌아댕겨도 더워서 힘이 빠지는데 맥파이앤타이거에서 시원한 차를 마시니까 기력이 보충되고 힐링이 되더라구요~,"💚 It's a hot summer, so even if I go outside for a little bit, I feel tired from the heat, but drinking cool tea at Magpie & Tiger replenishes my energy and gives me healing~"
했는데 계속 생각나고 다른데랑 비교했을때 정말 맛있어요~,I kept thinking about it and it was really delicious compared to other places.
신사에 있는 곳은 시간이 안 맞아서 못 갔는데 성수에도 있다니 기뻐요 성수 시티뷰 창도 있고 중정 창도 있어서 비오는 날 방문하니 더 좋네요,"I couldn't go to the one in the shrine because I didn't have the right time, but I'm glad that there's one in Seongsu. It has a Seongsu city view window and a courtyard window, so it's even better to visit on a rainy day."
It was nice to drink tea quietly. The city view was great and the tea was delicious. 👍 👍 👍,It was nice to drink tea quietly. The city view was great and the tea was delicious. 👍 👍 👍
친구한테도 선물해줬어요,I also gave it to a friend as a gift.
압구정이나 성수가면 꼭 사는 소금빵이에요!,Salt bread is a must-buy if you go to Apgujeong or Seongsu!
"귀여운 복장으로 특색있는 곳, 소금빵 단일 메뉴로 키오스크에서 주문하려면 줄, 후에 픽업 줄을 또 서야 해서 일행이 있으면 나눠 서는 게 빨리 받는 방법이에요","A unique place with cute outfits. Salt bread is a single menu item. If you want to order at the kiosk, you have to stand in line and then in line for pick-up, so if you're with a group, splitting up is the best way to get it quickly."
맛있어서 또 대기할 의향 있어요(30분까지만),It's so delicious that I'm willing to wait again (up to 30 minutes)
"하며 기다린지20분이 지날때쯤 반죽이 잘못됐다며 10분을 더 기다려야한대서 1차 기운이 빠졌고 10분후에 받기 직전, 빵이 없다고 죄송하다며 15분을 더 기다려야한다고 말을하는데 정말 화가났습니다.","After 20 minutes of waiting, they said that the dough was wrong and that I had to wait another 10 minutes, which made me lose my energy. Just before I received it 10 minutes later, they said that they were sorry that there was no bread and that I had to wait another 15 minutes, which made me really angry."
"빵 종류가 다양해서 배고플때 와도 좋구, 음료 종류도 다양해서 골라마실수있어 좋아요!","There are a variety of breads so you can come when you're hungry, and there are a variety of drinks to choose from!"
따뜻한 날 시원한 음료 마시면서 쉬고 싶어서 왔는데 분위기 완전 좋아여,"I came here because I wanted to relax while drinking a cool drink on a warm day, and the atmosphere was really nice."
콘센트가 있어서 좋어요.,It's nice to have an outlet.
"👍🏻👍🏻 슬러시 오리지널은 딱 믹스커피를 슬러시로 만든, 시원달달한 맛 !!",👍🏻👍🏻 Slush Original is a refreshing and sweet taste made by mixing coffee into slush!!
한입 먹는 순간~와 고소하고 맛있어요,"The moment you take a bite, it’s savory and delicious."
이거먹고 다른곳을 먹지를 못해요… 진짜 금빙 나온거먹으면 겉바속촉의 끝판왕 그리고 더해지는 버터향과 소금의 짭쪼롬함 자연도 가격도 저렴하고!,"I can't eat anywhere else after eating this... If you eat real gold ice, it's the best of both worlds on the outside and the inside, plus the added buttery scent and salty taste of salt. It's natural and affordable!"
다만 주말이라 사람이 너무 많았고 내부가 매우 혼잡해서인지 설명해주시는 바리스타분 마저도 여유없이 바빠보이셨습니다.,"However, because it was the weekend, there were too many people and the interior was very crowded, so even the barista who explained things seemed very busy."
성수에 생겨서 다녀왔어요!,I went there because it was in Seongsu!
"매 계절마다 다른 메뉴로 운영되고 매월 운영되는 시간이 다른 만큼 예약이 필요한데, 예약하고 방문한 만큼 정말 기억에 남았던 것 같아요.","Reservations are required as the menu is different every season and the operating hours are different each month, but I think it was really memorable as I made a reservation and visited."
"스콘, 휘낭시에, 번 등 디저트가 다양한데다 셈라라는 특이한 디저트가 있어서 이것도 먹어봤어요!","There are a variety of desserts such as scones, financiers, and buns, and there is a unique dessert called Semla, so I tried that too!"
성수동에서 조용하고 잔잔한 분위기의 티카페가 없어서 아쉬웟었는데 요런데가 있는줄 몰랐네요,"I was disappointed that there wasn't a tea cafe with a quiet and calm atmosphere in Seongsu-dong, but I didn't know there was a place like this."
"분위기도 좋고 커피도 너무 맛있고, 수박주스를 생수박 직접 갈아서 주시는것 보고 영업에 진심이시다 느꼈습니다!","The atmosphere was nice, the coffee was delicious, and I felt like they were sincere in their business when I saw that they grind the watermelon juice directly from fresh watermelon!"
다만 인스타갬성의 의자와 테이블 높이가 같은 좌석이 메인이라 다른자리 이용하긴했어요,"However, the main seat was the same height as the Instagram chair and the table, so I used a different seat."
낱개로판매는 아예 안하더라고요.,They don't sell them individually at all.
사실 달달한 믹스커피에 밤이나 녹차맛이 좀 첨가된 맛일거라고 생각했는데 예상보다 많이 달지 않고 폼이 엄청 부드러워서 깜짝 놀랐고..,"Actually, I thought it would be a sweet mixed coffee with some chestnut or green tea flavor added, but I was surprised that it wasn't as sweet as I expected and the foam was very soft."
Delicious desserts and drinks. Affordable price. Cozy place to hangout. Very recommended 🫶🫶😊😊,Delicious desserts and drinks. Affordable price. Cozy place to hangout. Very recommended 🫶🫶😊😊
초를 꽂고 찍지 못해 아쉽지만 성수동 케이크 맛집 인정이에요!!,"It's a shame I couldn't take a picture with the candles on, but this is recognized as a great cake restaurant in Seongsu-dong!!"
인테리어도 깔끔해서 팝업스토어 돌아다니다가 쉬기 좋아요,"The interior is clean, so it’s great to take a break after wandering around the pop-up store."
사진이 잘 나오고 직원들이 친절해요,The photos come out well and the staff is friendly.
굽자마자 나와서 따뜻하게 먹었는데 빵 밑부분은 바삭하니 정말 맛있네요,It came out right after baking and I ate it warm. The bottom of the bread was crispy and it was really delicious.
얼그레이한가득~~친절하시고넓고 다만 주차가안됨,"Full of Earl Gray~~Friendly and spacious, but no parking"
매번 시간이 없어서 앉았다가질 못하고 테이크아웃만 하는데 눈이 번쩍!,"Every time I don't have time, I can't sit down and just take out, but my eyes light up!"
맛있는 커피와 소금빵으로 당충전 하고 카페인 가득 채우고 다정한 데이트 하였습니다.,"We recharged ourselves with delicious coffee and salt bread, filled ourselves up with caffeine, and had a friendly date."
매장이 시끄러워서 차를 마시면서 집중하기엔 좋지 않아 비추함.,The store is noisy so it's not good for concentrating while drinking tea.
테이블은 실버색 금속이며 철재 프레임의 투명한 의자가 준비되어 있습니다.,The table is made of silver metal and has transparent chairs with a steel frame.
디저트 너무 맛있었어요,Dessert was so delicious
제가 갔을 땐 4개 세트?,"When I went, there were 4 sets?"
차를 즐기기 좋은 곳.,A great place to enjoy tea.
성수동 돌아다니다가 검색없이 들어왔는데 카페 분위기가 너무 좋아요.,"I came in without searching while wandering around Seongsu-dong, and I really like the atmosphere of the cafe."
맨날집근처에서 시켜먹었던 구테로이떼… 그라니따 진짜 신의메뉴에요,A bunch of guterois that I always ordered near my house... Granita is truly a divine menu.
고층에 도심속 차분한 노래가 흘러나와 조용하고 집중할수있는 분위기가 넘 좋았어요.,It was great to have a quiet and focused atmosphere with soothing songs playing in the city on a high floor.
"한강 피크닉 하느라 테이크아웃 했는데, 매장 내부 분위기가 좋아서 날이 좀 추워지면 먹고 가도 좋을 것 같아요!","I got takeout while having a picnic at the Han River, but the atmosphere inside the store is nice, so I think it would be nice to eat in when the weather gets a little colder!"
차 라는 걸 마시러 가는 경험 자체가 특별한데 공간도조용하고 좋았습니다,"The experience of going to drink tea itself was special, and the space was quiet and nice."
아 역시 다들 이렇게 줄서서 먹는 이유가 있었네요..,"Ah, there was a reason why everyone lined up like this to eat."
1층 2층까지 자리가 있어서 넓고 인테리어도 너무 마음에쏙!,"It's spacious with seating from the first to the second floor, and I really like the interior!"
에스프레소 종류도 다양한데 가격이 카페인 잘 드시는 분이라면 호기심에 여러가지 마셔볼 수 있을만큼 합리적이에요.,"There are many different types of espresso, and the prices are reasonable enough for those who like caffeine to try a variety out of curiosity."
🥐✨ 구테로이테의 크루아상과 케이크는 역시나 기대를 저버리지 않는 맛이었어요.,"🥐✨ As expected, Guteroite's croissants and cakes did not disappoint."
그래서 기회다 싶어서 한두개나 먹어보자 했습니다.,So I thought it was an opportunity and decided to try one or two.
"떵개랑 데이트, 떵개 대접받는날 멍푸치노 가성비 최고😭 아메도 맛있음","A date with a dog, a day when the dog is treated well, Mongpuccino is the best value for money😭 Ame is also delicious"
음악도 그렇고 사장님 열성적으로 일하시는 모습이 인상적이었어요.,I was impressed by the music and the passion the owner worked with.
"시트러스와 커피의 조화를 좋아하는 데도, 여기 그라니따는 그저 달고 새큼해서 밸런스가 별롭니다.","Even though I like the combination of citrus and coffee, the granita here is just sweet and sour, so the balance isn't great."
느낌좋은 카페라고 저장했었다가 드디어 오게되었는데 기대이상으로 너무 좋아요,"I saved it as a cafe with a nice feel and finally came here, and it was so much better than I expected."
다만 줄서는 동선이 비효율적으로 보이네요,"However, the queue line seems inefficient."
빵에 기름이 좔좔 버터 가득이리 맛이 없을 수가 없네요,The bread is so oily and full of butter that it can't help but be delicious.
"가격은 사실 사악하지만 너무 이쁜 미디어 아트와 함께 조용히 대화할 수 있는 공간, 내가 특별해진 느낌 잘 느끼고 왔습니다 ◡̈","The price is actually outrageous, but I felt special in a space where I could have a quiet conversation with very pretty media art ◡̈"
빵은 좋은 재료를 썼다는 점을 많이 강조하고 실제로도 풍미가 좋습니다만 겉바속쫀한 소금빵을 좋아하는 입장에서 너무 부드러워서 좀 아쉬운 측면이 있었습니다.,"There is a lot of emphasis on using good ingredients for the bread, and it actually has a good flavor, but as someone who likes chewy salt bread, it was a bit disappointing because it was too soft."
성수빵맛집 자연도소금빵 성수 올때마다 줄이 길어서 포기했으나 오늘은 도전~ 10분정도 기다려서 소금빵주문 따뜻해서 더 맛있네,"Seongsu Bread Restaurant, Jayeondo Salt Bread Every time I come to Seongsu, the line is long, so I give up, but today I give it a try. I wait for about 10 minutes to order salt bread. It's warm and tastes even better."
예전 롯데백화점에서 알고 나서 성수동에 있길래 반가워 들어왔더니 완전 깔끔하고 멋진 인테리어에 직원분이 어찌나 친절한지 기분 좋더라구요,"I found out about it from my old Lotte Department Store, and since it was in Seongsu-dong, I was happy to come in and was pleasantly surprised by the very clean and nice interior and the friendly staff."
일단 프렌치 토스트 넘무 맛있고 라임 배 에이드였나 청량감 대박이에요!,"First of all, the French toast is so delicious and the lime pear ade is super refreshing!"
"평일 낮에 대기 없이 바로 주문했고 주문하면 바로 빵 포장해서 주시는데, 포장이 예뻐서 일단 마음에 들었습니다.","I ordered right away during the day on a weekday without waiting, and they packaged the bread right after I ordered. I liked the packaging because it was pretty."
2층까지 테이블도 많아 자리도 충분하고 눈길닿는 구석구성 눈호강이에요,"There are many tables up to the second floor, so there is plenty of seating, and the corner structure is eye-catching."
소금빵 포장도 이뿌고 결재를 먼저 한뒤에 줄을 서야 하는 시스템이더라구요!,The packaging of the salt bread was pretty and there was a system where you had to pay first and then stand in line!
친구가 좋아하는 곳이라고해서 처음 와봤는데 넓어서 앉을 곳도 많고 스페셜 메뉴도 많아서 또 오고 싶은 곳이에요~,"I came here for the first time because my friend said it was his favorite place, but it's spacious so there's a lot of places to sit and there's a lot of special menus, so I want to come back again."
🍵 혼자만의 시간을 보내면서 차 한잔 하시는 분들이 반 정도 되는 듯 했어요.,🍵 It seemed like about half of the people were enjoying a cup of tea while spending time alone.
낮과 밤 분위기가 달라 나름의 매력이 있어요 :) 따뜻한 차는 여느 티룸처럼 여러 번 우릴 수 있게 따뜻한 물 가져다 주세요.,"The atmosphere is different during the day and at night, so it has its own charm :) Just like any other tea room, please bring me warm water so I can brew it several times."
음악도 좋구 편안한 분위기에 사장님도 친절하시고 올때마다 기분좋아지는 공간이에요!!,"The music is good, the atmosphere is comfortable, the owner is friendly, and it's a place that makes me feel good every time I come!!"
매장이 독특하고 느낌이 있어요.,The store has a unique and unique feel.
딸기코코에이드도 공차처럼 씹히는 토핑이 있는데 상큼 달달하니 너무 달지 않아서 좋아요,"Strawberry Cocoade also has a chewy topping like Gongcha, but it's refreshing and sweet, so I like it because it's not too sweet."
저희는 두사람이 와서 음료 4개 주문했어요.,Two people came and ordered 4 drinks.
항상 2잔 마시고 갑니다~,I always drink 2 cups.
"친구랑 방문했는데, 우드톤으로 분위기 너무이쁘고 다행히 웨이팅없이 입장했습니다,,🩷 테린느 워낙좋아하는데 메뉴에 있어서 넘좋았고 커피종류도 취향저격입니당,,🥺 사장님도 친절하시고 재방문의사100!","I visited with a friend, and the wood-toned atmosphere was so pretty and luckily we got in without waiting. I really like terrine, so it was great on the menu, and the types of coffee were perfect for my taste,,🥺 The owner is also kind and I would definitely visit again!"
자세한 내용은 제 블로그 <힐링 인 서울 포레스트>에 있어요.,More details can be found on my blog <Healing in Seoul Forest>.
매장에서 마셔볼 수가 없어서 아쉬웠지만 직원분들도 친절하셨고 인테리어나 분위기도 좋아서 다음에 재방문하고 싶어요,"It was a shame that I couldn't try the drink at the store, but the staff was friendly and the interior and atmosphere were nice, so I would like to visit again next time."
딥초코+스팀우유 조합은 먼저 딥초코에 디저트 콕 찍어서 먹고 나중에 스팀우유 부어서 핫초코로 먹으면 극락입니다,The deep chocolate + steam milk combination is perfect if you first dip the dessert in deep chocolate and then pour steam milk over it and eat it as hot chocolate.
"소금빵 4개 12,000원 한세트고, 키오스크 주문하러가면 직원분이 '몇 세트 하실거예요'하고 물어보고 터치까지 직접 해주셔서 결제만 하면 돼요.","A set of 4 salt breads costs 12,000 won, and when you go to the kiosk to order, the staff will ask you 'how many sets you want to order' and even touch the bar so you can just pay."
조용한 분위기에 주변이 내려다 보이는 구조의 매장이라 마음에 들었습니다.,I liked it because it was a store with a quiet atmosphere and a view of the surrounding area.
"오전 9시, 오후 12시 반, 오후 2시, 오후 3시 반, 오후 5시, 오후 6시 반.","9:00 AM, 12:30 PM, 2:00 PM, 3:30 PM, 5:00 PM, 6:30 PM."
단일메뉴 포장만 되는 곳 인데요 11시 살짝 넘어서 도착했는데 10분정도 기다린후 받았네요,It's a place that only offers single menu takeout. I arrived a little after 11 o'clock and waited about 10 minutes before receiving it.
🫢 정구기 생카가서 쓸라고 아껴뒀는데 럭드랑 굿즈로 거의 다 쓴 아 근데 너무너무 귀여워서 만족스러움,"🫢 I was saving Jeong Gu-gi to use it when I buy it, but I used up almost all of it with luck and goodies. But it's so cute that I'm satisfied."
그 때 처음 커마카세라는 걸 알게 되었는데 퍼모먼스도 재밌고 커피도 맛있어서 시즌마다 예약하고 가는 정도가 되었다.,"That's when I first learned about Comakase. The performance was fun and the coffee was delicious, so I ended up making a reservation every season."
나름 공간도 시원시원하고 커피도 종류가 많고 맛있습니다!,The space is cool and the coffee has a lot of variety and is delicious!
카페크레마 엄청 부드럽고 콘파냐도 휘핑이 진짜 신기해요.,The cafe crema is very soft and the whipping of the con panna is really amazing.
기안도를 구경하러 간김에 가 본 카페인데 너무나도 마음에들어 힐링하고 왔습니다.,"I went to this cafe while I was visiting Giando Island, and I really liked it so much that I felt healed."
"시멘트와 크롬, 투명 플라스틱, 유리 등으로 굉장히 모던하고 미래적인😆인테리어가 인상적이고 커피도 맛있어용~","The interior is very modern and futuristic with cement, chrome, transparent plastic, and glass. The interior is impressive and the coffee is delicious."
커피가 맛있어서 다음에도 제과제빵과 함께 하는 이벤트 또 했으면 좋겠어요!,"The coffee is delicious, so I hope to have another event with baking next time!"
너나경보다가 승현이랑 대일이 소개팅 장소길래 찾아서 바로 방문했는데 직원분들 친절하시고 카페 내부 이쁘고 넓음!,"While watching you, Seunghyun and Daeil saw this as a blind date spot, so I looked for it and immediately went there. The staff was friendly and the cafe interior was pretty and spacious!"
제가 주문란 메뉴는 호지차 / 잭살차 / 쑥티라미수 사실 디저트는 큰 기대 안 했는데 쑥티라미수가 정말 맛있더라구요,"The menu items I ordered were Hojicha, Jacksal Tea, and Mugwort Tiramisu. Actually, I didn't expect much from dessert, but the Mugwort Tiramisu was really delicious."
"갓 나왔을 때 먹을때는 쥬시한 버터가 입안을 강타하고 폭신폭신 향긋했고, 식은 다음 먹으니 쫄깃하면서도 보통의 소금보다 덜 짜서 맛있게 잘 먹었습니다~","When I ate it when it came out, the juicy butter hit my mouth and it was fluffy and fragrant. When I ate it after it cooled down, it was chewy and less salty than regular salt, so it was delicious."
일하는 분에 따라 커피 맛이 달라지는게 아쉽지만 그래도 굿,"It's a shame that the taste of coffee varies depending on the person working, but it's still good."
스콘 먹으러 또 가려고요!!,I’m going to go eat scones again!!
본점에서 맛있게 먹었던 기억이 있어서 길 지나가다 오랫만에 소금빵 보여서 포장해서 지금 집에서 먹고 있는데 너무 짜서 못먹을 정도에요.,"I remember eating delicious food at the main store, so I was passing by and saw salt bread for the first time in a while, so I packed it up and am eating it at home, but it's so salty that I can't eat it."
👍 스콘이랑 소금번도 단백하니 맛있고 셈라를 처음 먹어봤는데 바삭한 그래롤라랑 먹는데 신기하고 맛있었어요,"👍 The scones and salt buns were simple and delicious. It was my first time eating semla, and eating it with crunchy granola was amazing and delicious."
"자연도 맛있어서 종종 사먹는데, 많은 사람들이 줄 서는 만큼 결제 순서 제대로 확인하고 소금빵 주셔야할거 같네요.","Natural food is delicious, so I often buy it, but since there are a lot of people waiting in line, I think I need to check the order of payment properly and give them salt bread."
망고가 너무달고 맛있었고 크림과 케이크시트도 최고여서 친구들도 너무 맛있다고 여기 어디냐고 물어볼 정도였어요.,"The mango was so sweet and delicious, and the cream and cake sheet were the best, so much so that my friends even asked where it was because it was so delicious."
공간이 집을 개조해서 방마다 테이블이 한두개밖에 없다.,"The space is a converted house, so there are only one or two tables in each room."
분위기좋고 친절하시고 커피도맛있어요!,"The atmosphere is nice and friendly, and the coffee is delicious!"
고소한 소금빵 근처가면 꼭 사옴~ 먹어본 소금빵 중 최고,I always buy savory salt bread whenever I go nearby. It's the best salt bread I've ever tasted.
소금빵 4개 1세트로 빵 나올때 바로 시켜서 따뜻할때 먹으니 순삭이네용,"It's a set of 4 salt breads, so you order it right when the bread comes out and eat it while it's warm, so it's a breeze."
밥 먹고 후식 이요.,"After eating, have dessert."
날이 추워서 하동쑥차를 주문했는 데 고소하고 진한 쑥향이 너무 좋네요.,"It was a cold day, so I ordered Hadong mugwort tea, and I really liked the rich, nutty mugwort scent."
느끼한 걸 좋아하는 사람은 좋아할테지만 담백한 소금빵 파는 좀 호불호 갈리겠네요.,"People who like greasy food will like it, but people who like the light salt bread may be a little divided."
가만 보니 티비에서 봤던 성수동 그 소금빵집 엄청 크고 바삭했는데 많이 버터리하긴 하네요.,"I looked at the salt bakery in Seongsu-dong that I saw on TV. It was big and crispy, but it was also very buttery."
친절하고 빵이 진짜 맛있어용,They are friendly and the bread is really delicious.
분위기 좋고 넓습니다!,Nice atmosphere and spacious!
"나무 탁자와 의자, 커피, 프렌치토스트 그 모든게 완벽했습니다.","The wooden table and chairs, coffee, and French toast were all perfect."
👍🏻 꼭 먹어야 할정도는 아닌것 같구 근처에 있으면 들랴볼 만 한 곳!,"👍🏻 I don’t think it’s something you absolutely have to eat, but it’s a place worth stopping by if you’re nearby!"
커피 시그니처 시켰는데 너무 맛있고 이제 날씨도 따뜻해지는데 야외좌석에서 도란도란 얘기하기도 좋아요!!,"I ordered the signature coffee, and it was delicious. Now that the weather is getting warmer, it's nice to sit outside and chat about it!!"
테이크아웃해서 마셔보고 싶었는데 오늘 날씨가 안 좋아서 포장으로만 구매했어요!,"I wanted to take out and drink it, but the weather was bad today, so I only bought takeout!"
개인적으로 조금 더 빠쟉하고 버터동굴 깊은 소금빵을 좋아해서 완벽한 취저는 아니지만 충분히 호불호 안갈릴 맛있는 맛이였어요.,"Personally, I like salt bread that is a little thicker and has a deep butter cave, so it's not a perfect meal, but it was delicious enough that you won't like it."
"와,, 낮에 날씨도 좋아서 햇빛 들어오고 카페 공간도 넓고 원래 가려던 카페 포기하고 들어와버렸습니다","Wow, the weather was nice during the day, so the sun came in and the cafe space was spacious, so I gave up on going to the cafe I was originally going to and went in."
에스프레소 마시러 한번씩 가는곳~ 성수에 이렇게 좌석 편한곳 드물어서 좋아요~,"This is a place I go to once in a while for an espresso. It's rare to find such comfortable seats in Seongsu, so I like it."
이미 카페 한군데 더 갔다온 상태였는데도 동생이랑 정말 맛있게 클리어!,"Even though I had already been to one more cafe, I had a really good time with my younger brother!"
오픈한지 얼마 안돼서 복잡스럽지 않게 사진 찍을 수 있었어용,"Since it had just opened, I was able to take pictures without any hassle."
빵구워 나오는 시간을 알려주시던데 빵이 가장 맛있는 갓구운 상태의 빵이 나오는 시간대에 줄 안서고 살 수 있다면 정말 좋을 것 같다는 생각이 드는 맛있는 빵집입니다.,"It is a delicious bakery that tells you the time when the bread is baked, and I think it would be great if you could buy it without waiting in line during the time when the freshly baked bread is the most delicious."
소금빵 너무너무 좋아해서 바로 구입했는데 제 입맛에는 먹어 본 소금빵 중에 젤 맛있게 먹었어요~,"I liked salt bread so much that I bought it right away, and to my taste, it was the most delicious salt bread I've ever had."
"주말 저녁6시 30분 빵을 저녁 8시에 받았는데, 빵이 식어서 씹을때 기름이…엄청 느끼함…다음엔 따뜻한 빵을 먹어보고싶어요","I received the bread at 8pm at 6:30pm on the weekend, but the bread was cold and there was grease when I chewed it... I feel so... Next time, I want to try warm bread."
뜨이는 다크하고 스트롱한 플랫화이트도 너무 맛있고 특히 사장님이 아침마다 직접만드신다는 버터바 땜에 일부러 찾아갑니다.,"The dark and strong flat white is so delicious, and I especially go here because of the butter bar that the owner makes himself every morning."
소금빵 전문점으로 소금빵 결제 대기줄에서 웨이팅 한 다음에 순서 차례가 되면 결제 후 구매한 수량만큼 빵 바로 받을 수 있어요!,"This is a salt bread specialty store, so you can wait in the salt bread payment line and then when it's your turn, you can immediately receive the amount of bread you purchased after paying!"
딸기 크루아상은 겹겹이 파스라지는 식감 굿😚 오렌지 버터 스콘은 짭짤한 버터 맛이 강하고 오렌지 마멀레이드는 향보다는 버터를 잡아주는 정도,"The strawberry croissant has a good crumbly texture in layers😚 The orange butter scone has a strong salty butter taste, and the orange marmalade has more of a buttery effect rather than a flavor."
케익이 맛있고 직원분들이 친절해요,The cakes are delicious and the staff are friendly.
카페도 예쁘고~!~,The cafe is pretty too~!~
줄이길어도 여긴 테이크아웃 밖에안되고 단일메뉴라 대기줄 금방 줄어드니 겁먹지말고?!,"Even if the line is long, this place only offers takeout and has a single menu, so don't be scared as the line will get shorter quickly!"
하며 기다렸다가 자리를 잡아 주문을 했는데 주문한 음료를 툭 치면서 애매하게 놓고 가는 가게는 처음 봤습니다..,"I waited, took a seat, and placed my order, but this is the first time I've seen a store where people vaguely leave behind the drinks they ordered."
메뉴에는 없어도 라떼도 주문 가능합니다.,"Even though it is not on the menu, you can also order a latte."
글고 버터맛이 강해서 더 맛있어요!,It tastes even better because it has a strong buttery taste!
에스프레소가 깔끔하고 커피향이 좋아요!,The espresso is clean and the coffee smells great!
함께 시킨 쑥티라미수는 쑥향이 생각보다는 약하지만 적절히 달아서 괜찮았음.,"The mugwort tiramisu I ordered had a weaker mugwort flavor than I expected, but it was sweet enough to be okay."
테이크아웃 전문점이지만 대기하는 테이크아웃 전문점입니다,"Although it is a takeout restaurant, it is a takeout restaurant with a waiting area."
키오스크로 주문하고 대기줄에서 기다렸다가 받았는데 단일품목이라 그런지 줄이 빨리 빠져서 10분 내외로 금방 받았어요.,"I ordered at the kiosk and waited in line to receive it. Perhaps because it was a single item, the line moved quickly, so I received it in about 10 minutes."
강남구청점만 가봤다가 성수동 와봤는데 매장도 넓고 테이블도 많고 좋아요.,"I've only been to the Gangnam-gu Office branch and then to Seongsu-dong. The store is spacious and has many tables, which is nice."
조용해서 작업하기 좋을 듯 해요,It's quiet so it's good for working.
다음날먹어도 눅눅하지않고 바삭함이 다른곳에서 먹어본거랑 달라요!!,"Even if you eat it the next day, it's not soggy and the crunchiness is different from what I've tried elsewhere!!"
다리가 아파서 잠시 쉬어가는데 아주 편하네요,My legs hurt so I took a break for a while and it was very comfortable.
손님한텐 마스크쓰라면서 정작 여기 키큰 바리스타는 턱스크?,"They tell customers to wear masks, but is the tall barista here actually a tusk?"
아직 딱딱할 수 있어서 1시간 후에 섭취하라하셨고 집와서 두시간정도 있다 먹었는데 크림이 진짜 너무 맛없는거에요..,"They told me to eat it after an hour because it might still be hard. I ate it about two hours after I got home, but the cream was really tasteless."
"📸 아직 가오픈 중인데, 분위기부터 완벽해요.","📸 It’s still in the process of opening, but the atmosphere is perfect."
주말에는 줄 서는 곳인데 사람이 없어서 한 번 먹어보자하고 갔는데 낱개구매가 아니라 한봉지(4개입)로 팔더라고요.,"There is a line on the weekends, but there was no one there, so I decided to give it a try, but instead of buying them individually, they were sold in bags (pack of 4)."
라떼랑 플랫화이트 마셨는데 라떼류를 잘하시는것 같아요!,"I had a latte and a flat white, and I think you're good at lattes!"
매장도 조용해서 대화하기 좋아요!,The store is also quiet so it’s great for conversation!
시음으로 맛있는게 확정된 오리지날 믹스만 구입 메뉴로써 맛이 있고 없고를 떠나 휘핑으로 인해 믹스의 맛을 느낄 수 없다면 실패가 아닌가 한다,"Purchase only the original mix that has been confirmed to be delicious through tasting. Regardless of whether it is tasty or not, if you cannot taste the mix due to whipping, it is a failure."
특별한 이벤트가 있다고 해서 방문했는데 커피 빵 너무 맛있고 직원분들 다 친절하시고 넓고 깨끗한 공간에 자주 와야겠어요,"I visited because I heard there was a special event, and the coffee bread was so delicious and all the staff were friendly and the spacious and clean space made me want to come often."
줄이 너무길어서 사봤는데 낱개로 팔지않아서 당황햇고..,"The line was so long that I bought it, but I was confused because they didn't sell it individually."
특히 커피 오마카세 경험해보고 싶어요.,I especially want to experience coffee omakase.
일단 번화가임에도 불구하고 저렴한 가격대비 훌륭한 커피맛이네요!,"First of all, even though it is in a busy area, the coffee tastes great for the low price!"
요즘 예약 안하면 케이크 사기 엄청 힘든데!!,"These days, it’s very difficult to buy a cake if you don’t make a reservation!!"
장소도 쾌적하고 디저트도 맛있고 음료도 맛있었어요 !!,"The place was comfortable, the desserts and drinks were delicious!!"
사람 많지 않은 시간대를 찾아서 애매한 오후에 갔는데 손님들 3~4팀 있었는데도 혼자서 시간 보내기 조용하고 너무 좋았어요.,"I went on an odd afternoon to find a time when there weren't many people, and even though there were 3-4 groups of customers, it was quiet and nice to spend time alone."
여자 알바생 융통성도 없고 겁나 띠꺼움 보니까 체인인 까페인데 정책이 그런건지 알바 교육이 잘못된 건지 모르겠지만 똑바로 영업하시길,"Female part-time workers are inflexible and scary. It's a chain cafe. I don't know if it's the policy or the part-time training is wrong, but I hope you do business properly."
4개 묶음으로만 판매해요 기름기 많다고 하는데 그래서 밑부분이 바삭하고 맛있어요!,"They only sell it in packs of 4. They say it's very greasy, so the bottom is crispy and delicious!"
💕 한교동 잠옷 인형이 없어서 아쉬웠지만 그래도 다른 귀여운 인형으로 잘 입양해갑니당,"💕 It was a shame that I didn't have a Hangyo-dong pajama doll, but I decided to adopt another cute doll."
"맛있고 특별한 프렌치토스트를 맛볼 수 있다고 해서 찾아온 성수 브런치 카페 헨리스플랏인데요, 스콘도 정말 맛있어서 추천 드리고 싶어요.","I came to Henry's Plat, a brunch cafe in Seongsu, because I heard that you can taste delicious and special French toast. The scones are also really delicious, so I'd like to recommend it."
다만 포장 전문점이니 포장직원을 한명 늘리던지 해서 빨리빨리 포장해 주셨으면 좋겠어요!,"However, since this is a packaging specialty store, I hope they increase the number of packaging staff by one so that packaging can be done quickly!"
밖에 너무 더워서 대피했는데 음악도 좋고 조명도 예뻐여,"It was so hot outside that I evacuated, but the music was good and the lighting was pretty."
멋진 분위기에 맛있는 커피 그리고 잘 페어링 되는 디저트까지 너무 좋은 곳이었습니다!!,"It was a great place with a great atmosphere, delicious coffee, and well-paired desserts!!"
다음에 재방문 하겠습니당,I will visit again next time
생각보다 많이 안 기다렸구요 에프에 살짝 돌려 먹으면 극락 갑니다,I didn't have to wait as long as I thought. Just give it a little twist and you'll be in paradise.
직원분들도 친절하시고 다른 디저트나 음료 다,The staff is friendly and they offer other desserts and drinks.
리치팝 피치에이드랑 구테 넛 슈페너 주문했습니다!,I ordered Rich Pop Peachade and Goutte Nut Spener!
성수동 오기 전에 연남동에서 길거리 걷다가 연남점 거 먹어보고 너무 맛있어서 지금까지 먹었었던 소금빵들이 스쳐 지나가면서 소금빵이 이런 거구나라고 생각하면서 감탄한 적이 있었어요,"Before coming to Seongsu-dong, I was walking down the street in Yeonnam-dong and tried the Yeonnam branch and it was so delicious that I was impressed as I passed by the salt breads I had eaten so far and thought this is what salt bread is like."
저희는 아이스아메리카노랑 애플망고빙수를 시켰는데 시즌별로 바뀐다고 하더라구요,"We ordered iced Americano and apple mango shaved ice, and they said it changes depending on the season."
커피는 산미가 조금 강해서 제 취향은 아니었지만 같이 주문한 로투스 케이크가 너무너무 맛있고 좋았습니다,"The coffee was a little too acidic, so it wasn't my taste, but the lotus cake I ordered was very delicious and good."
👍 직원분들도 친절하시거 무엇보다 소금빵이 찐으로 맛있어요…🙏 한번 구매해서 길가면서 먹다가 한번더 구매했어요,"👍 The staff are friendly and most of all, the salt bread is delicious when steamed… 🙏 I bought it once, ate it on the way, and then bought it again."
제가 좋아하는 소금빵 맛집이에요,This is my favorite salt bread restaurant.
"놀이터 앞에 카페라 저녁에도 좋아요, 걸어걸어 오다보니 이런 곳이 있다니 크로플이랑 진한 커피맛이랑 너무 잘 어울려요.","It's a cafe in front of the playground, so it's great for evenings. As I walked, I came across a place like this, and it goes so well with Crople and the strong coffee flavor."
🥰 재방문 의사 있습니다,🥰 I intend to visit again
죵말 예쁘고요🫶🏻 커피랑 베이커리도 생각보다 저렴해서 놀랐어요 성수동에 이런 규모와 인테리어에 가성비까지..?,"It's really pretty🫶🏻 I was surprised that the coffee and bakery were cheaper than I expected. In Seongsu-dong, this size, interior, and cost-effectiveness..?"
첫 성수동 나들이 젤 좋아보이는 카페들어왔는데 넘 맛있고 예뻐요,"On my first outing to Seongsu-dong, I came across the cafe that looked the best. It was so delicious and pretty."
퇴근하고 성수가서 애들만나서 좀 놀다가 집갈때쯤 소금빵집에가서 소금뺭을 샀는데 웨이팅 1도 없어서 이게 웬일이야 하면서 냅다 구매해버렸숩니다 ~~,"After work, I went to Seongsu and met the kids and had some fun. On my way home, I went to a salt bakery and bought salt bread, but there was no wait, so I thought what was going on and bought it."
너무 맛있고 감성도 좋아요.,It's so delicious and has good sensibility.
사람들 줄서있어서 한 번 사봤는데.,I bought it once because there were people waiting in line.
pxg 팝업 기다리면서 근처라 우연히들렀는데 메뉴 좋고 매장 깨끗하고 시원하고 좋네요,"While waiting for the pxg pop-up, I happened to stop by because it was nearby. The menu was good and the store was clean, cool, and nice."
디저트도 둘 다 맛있었어요,Both desserts were delicious.
"원래 성수에 가면 항상 카페가 고민이었어요;; 이번에 처음 방문해봤는데,, 좌석도 많고 매장도 넓고 무엇보다도 다양한 커피가 있어서 선택지가 많아 넘,, 좋았어요!!","Originally, when I went to Seongsu, I was always worried about cafes;; This was my first time visiting, and it was great because there were lots of seats, the store was spacious, and most of all, there were a variety of coffees to choose from!!"
"가게 안에서는 먹을 곳이 없지만, 나와서 살짝 왼쪽으로 돌면 바닥에 플라스틱 박스 깔아놓은 곳에서 다들 앉아서 먹음.","There is no place to eat inside the store, but when you come out and turn slightly to the left, everyone sits and eats at a place where plastic boxes are laid out on the floor."
제 최애 디저트집이에용,This is my favorite dessert place.
하핫 손님이 한 테이블있어서 정말 조용해서 좋았어요.,"Haha, it was nice that there was only one table with a customer so it was really quiet."
사람이 많아서 정신 없었지만 생각보다 포토부스들도 너무 잘되어있었고 축전이 너무 귀여웠어요,"It was crazy because there were so many people, but the photo booth was better than I expected and the congratulatory message was really cute."
"지난번 주말 낮에 왔을 땐 사람이 너무 많았는데, 저녁 때오니까 또 다른 느낌입니다.","Last weekend, when I came during the day, there were too many people, but it felt different when I came in the evening."
성수 근처에서 에스프레소 마시고 싶을 때 들리기 좋아요!!,Great place to stop by when you want to drink espresso near Seongsu!!
무조건 그 자리에서 바로 드세요,Always eat it right away.
친구랑 여행계획 짜려고 카페 찾다가 우연히 들어갔는데 음악도 취향저격..,"While looking for a cafe to plan a trip with a friend, I happened to go in and the music was also to my taste."
소금빵 진짜 개애애애애애맛있다.,Salt bread is really delicious.
"인당 12,000원이면 파스타보다 저렴하니 1세트씩 드세요:)","At 12,000 won per person, it's cheaper than pasta, so eat one set each :)"
차는 역시나 맛있..,The tea is delicious as expected..
🍋 달달한 헨리라떼는 다른 라떼처럼 마지막에 텁텁한 맛이 안 남아서 좋았어요,🍋 I liked the sweet Henry Latte because it didn’t leave a harsh taste at the end like other lattes.
홀리듯 들어간 카페 분위기도 노래도 너무 마음에 드는 곳!,I went into this cafe and loved the enchanting atmosphere and the music!
고소한 버터향이 찐하고 완벽한 겉바속부 부들부들하고 바삭바삭한 뜨거운 소금빵!,Hot salt bread with a rich buttery flavor and a perfect soft and crunchy interior!
단일메뉴라 그런지 생각보다는 오래 안 기다리고 회전율은 나름 빠른 것 같은데 더울 때 야외에서 기다리니 너무 더웠어요 .,"Maybe it's because it's a single menu, so we didn't have to wait as long as expected, and the turnover rate seems to be quite fast, but it was too hot to wait outside on a hot day."
버터가 빵에 깊게 스며들어 완전 촉촉 좔좔 느낌 / 바닥면 빠삭,"The butter penetrates deeply into the bread, leaving it completely moist and crispy on the bottom."
성수동에 새로 오픈 했다는 소금빵집🧂🥐 점심 먹고 빵 나오는 시간에 맞춰 갔더니 근처에 가기만해도 맛있는 소금빵 향기 + 웨이팅 줄로 바로 저기구나 바로 알아봤어요!,"A newly opened salt bread restaurant in Seongsu-dong🧂🥐 After lunch, I went there just in time for the bread to be served, and as soon as I got close by, I recognized the delicious salt bread smell + the waiting line that it was right there!"
키위케이크랑 말차쿠키도 맛나요♡,The kiwi cake and matcha cookies are also delicious♡
"다양한 종류의 오란다와 건빵이 있고, 커피도 다양한 맛인데, 제가 먹었던 오리지널은 믹스커피에 곡물맛이 섞인, 달달고소한 맛이에요","There are various types of oranda and biscuits, and coffee comes in various flavors, but the original I had was a mix of mixed coffee and grain flavor, with a sweet and savory taste."
"제가 정말 좋아하는 카페 💙 음료랑 디저트 다 맛있고 친절하시고, 강남역-신논현 라인 중에서도 조용해서 너무 좋아요!","This cafe I really like 💙 The drinks and desserts are all delicious and friendly, and it's quiet even on the Gangnam Station-Sinnonhyeon line, so I love it!"
파인콘 레몬슈가 상큼해요,Pinecone Lemon Sugar is refreshing
쑥 라떼가 너무 달지 않고 쑥맛이 많이 나서 좋고 버터바도 엄청 크기도 크고 꾸덕하니 맛있어요.,"The mugwort latte is not too sweet and has a lot of mugwort flavor, and the butter bar is very large and creamy, so it's delicious."
2시 좀 넘어서 방문했는데 푸딩이 아예 없어서 1시간 뒤 기대를 안고 재방문.,"I visited a little after 2 o'clock, but there was no pudding at all, so I came back an hour later with high expectations."
"말차라떼, 호지차 냉침 밀크티, 자몽 에이드 마시고 바스크치즈케이크 먹었어요 !","I drank matcha latte, hojicha cold brewed milk tea, grapefruit ade, and ate Basque cheesecake!"
"공간도 넓고, 조용하고, 인테리어나 소품도 이쁘고 멋있어요.","The space is spacious, quiet, and the interior and props are pretty and stylish."
더욱 더워지기 전에 꼭 방문해보세욧,Be sure to visit before it gets even hotter.
이번에는 티 세트도 구매했는데 선물 받은 사람이 좋아했어요,"This time I also bought a tea set, and the person who gave it to me loved it."
테스트를 마친 세상에서 제일 맛있다는 프리미엄 소금빵집으로 줄 서서 먹는 집,"A premium salt bread restaurant that has been tested and is said to be the most delicious in the world, so you can wait in line to eat there."
조용해서 좋고 사장님도 친절하세요.,It's nice and quiet and the owner is kind.
골목에 지나가다가 들어가서 먹었는데 직접 로스팅을 해서 그런지 커피도 아아로 제일 산미 없는 것 시켰는덕 약간의 산미와 탄맛?,"I was passing by in an alley and went in and ate it. Perhaps because I roasted it myself, I ordered the coffee with the least acidity, so it had a bit of acidity and a burnt taste."
깨끗하고 넓고 대화 나누기 좋아요!,"Clean, spacious and great for conversation!"
빠삭함도 좋고 버터향과 맛도 좋고 다 좋지만 줄서고 꼭 4개를 사서 먹아야 한다면 유명하니까 한번은 하지만 재방문 의사는 없네요.,"The crispiness is good, the buttery scent and taste are good, and everything is good, but if I have to wait in line and buy 4 to eat, I will do it once because it is famous, but I have no intention of visiting again."
빵은 그냥 다 먹어보고 싶을 정도… 주차장 있는게 킬포,I just want to eat all the bread... There's a parking lot.
커피코스도 있다는데 직원분들 너무 친절하셔서 바자리에서 코스도 이용해보고 싶어요,"I heard there is a coffee course, but the staff is so friendly that I want to try the course at the bar."
유자 버블브루랑 레몬 그라니따 마셨는데 그라니따 추천해요,"I had the yuzu bubble brew and the lemon granita, and I recommend the granita."
조용하고 아늑한 분위기❤️ 디저트 종류도 많고 커피도 많고 휘낭시에 맛있어서 다음에 또 오고 싶어요!!,"Quiet and cozy atmosphere❤️ There are many kinds of desserts, coffee, and hwinangsi are delicious, so I want to come again next time!!"
다음번엔 갓나온 빵을 사러 출동 하려구요!,"Next time, I'm going to go out and buy fresh bread!"
"플레인에 구테넛 슈페너로 가을 기분 충전 맛있고 매장 넓고, 직원분도 친절♡","Recharge your autumn mood with the plain Gutenut Spener, it's delicious, the store is spacious, and the staff is friendly ♡"
주말나들이 소금빵 맛있어요,Weekend outing salt bread is delicious
디제잉파티하고 있어서 좋은 노래 들으면서 선선한 날씨에 커피마시니까 너무 행복했습니다,"I was so happy because I was having a DJ party, listening to good music and drinking coffee in the cool weather."
다음에 또 갈게요!,I'll go again next time!
😇 보통 어르신들은 생크림 케익 별로 안좋아하시는데 싹 비워드실 정도로 맛있었습니다,"😇 Usually, seniors don’t like whipped cream cake, but it was so delicious that they ate it all up."
진짜 지금까지 먹어본 소금빵 중에 최고👍🤤🤤 버터 향 가득하고 속은 촉촉한데 겉은 바삭하고 !!,"It's truly the best salt bread I've ever had👍🤤🤤 It's full of buttery flavor, moist on the inside, and crispy on the outside!!"
늘 사람이 많지만 자리도 띄어져있고 창도 커서 좋아욤,"There are always a lot of people, but the seats are spaced out and the windows are big, which is nice."
"빵 나오는 시간이 3시간 마다 인지 4시간 마다 인지 그런데, 나오기 직전에 가면 줄을 좀 덜 설 수 있어요.","I don't know if the bread comes out every 3 hours or every 4 hours, but if you go right before it comes out, you can avoid waiting in line."
어제 오늘 이틀 연속 방문했어요!,I visited two days in a row yesterday and today!
전부터 와보고싶었던 카페인데 걸어오는길이 너무 덥고 습해서 조금 힘들었는데 들어서자마자 너무 시원해서 기절하고싶었어요..,"It's a cafe I've wanted to visit for a while, but the walk was so hot and humid that it was a bit difficult, but as soon as I walked in, it was so refreshing that I wanted to pass out."
- 접근성 용이하고 매장 안쪽 자리있음 -,- Easy access and seating inside the store -
"성수에 갈일이 있었는데 어느 카페를 갈지 많고 많던 카페 중에서 고민하던 중, 요즘 완전 빠져있는 맥파이앤타이거 티룸으로 고고!!","I had to go to Seongsu, and while I was contemplating which cafe to go to among the many cafes, I decided to go to Magpie & Tiger Tea Room, which I'm really into these days!!"
오미자 아메리카노와 크림슨 펀치 주문했는데 독특하고 맛도 있어서 대만족입니다.,"I ordered Schisandra Americano and Crimson Punch, and I am very satisfied as they are unique and delicious."
유명 인플루언서분들이 매장 너무 예쁘다고 사진 올리셨는데 집 근처더라구요!,"Famous influencers posted photos of the store saying it was so pretty, and it was close to their house!"
픽업매장이라 앉을 자리는 없지만 가게 자체가 고즈넉하니 인테리어가 이뻐요 :) 빵도 집에와서 먹어봤는데 겉은 바삭하고 안은 촉촉하고 버터향이 확 풍기면서 결대로 찢어지는게 너무 맛있어요.,"It's a pick-up store, so there's no place to sit, but the store itself is quiet and the interior is pretty :) I tried the bread when I got home, and it was so delicious that it was crispy on the outside, moist on the inside, had a strong buttery scent, and was torn along the grain."
치명적인 문제가 하나 있는데 굿즈 종류가 너무 없음..,There is one fatal problem: there is not much variety of goods.
사장님 무섭게 생겼는데 인스타 친구 해보니 세상 따뜻하고 귀여우시더군요.,"The boss looks scary, but when I friended him on Instagram, he turned out to be the warmest and cutest person."
가성비도 좋고 진짜 최고,Good value for money and really the best
소금빵 약간 짠듯하지만 맛있어요,The salt bread is a bit salty but delicious.
중곡동에 있을때 커피랑 디저트가 너무 맛있어서 자주 갔었는데… 이사 갔다고해서 왔는데 더 이쁘고 맛있어졌네요,"When I was in Junggok-dong, I went there often because the coffee and desserts were so delicious... They said they moved, so I came here and it became prettier and more delicious."
저녁시간 예쁘고 항상 웨이팅 줄이 있네요.,It's pretty in the evening and there's always a waiting line.
매장규모에 놀라그 인테리어에 놀라그 짜디짰던 브라우니에 또 한 번 놀랐습니다.,"I was once again surprised by the size of the store, the interior design, and the spicy brownies."
분위기도 좋고 음악도 좋아요 : ) !,The atmosphere is good and the music is good :) !
카페인이랑 당충전 제대로 입니다,It's full of caffeine and full of sugar.
과자는 처음 주문해봤는데 함께 나온 차와 잘 어울리는 조합이라 다음에 방문하게된다면 또 주문할 것 같습니다.,"This was my first time ordering snacks, but it goes well with the tea that came with it, so I think I'll order them again the next time I visit."
시그니처 커피가 다양해서 방문했어요!,I visited because they had a variety of signature coffees!
초콜렛쿠키크림스무디 맛있었다,Chocolate cookie cream smoothie was delicious
맛있오요 짱짱 굿 짱 맛,"It's delicious, great, great, great taste"
따뜻하게먹으니까 진짜존맛 비싸긴해도 버터향때매 지나치기어럅네요,"It tastes really good because you eat it warm. Even though it's expensive, it's hard to pass up the buttery scent."
배불러가지고 빅토리아 케이크랑 커피만 먹었는데 진짜 케이크 맛있었구오 오늘은 친구들이랑 갔는데 다음에 남편 델꼬 한번 더 재방문 예정입니다,"I was full and only had Victoria cake and coffee, but the cake was really delicious. I went with my friends today, and my husband and I are planning to visit again next time."
4개가 세뚜 포장해서 바로 맛봤는데 맛있었구 담날 아침에 안데우고 또 먹었는데 전날 먹은거랑 큰 차이 없는 식감이었어요!,"I packed 4 pieces and tasted them right away. They were delicious. I ate them again the next morning without reheating them, but the texture was not much different from what I ate the day before!"
굿즈존에서 키링 한 개 공책 한 개 DIY키링 한 개 샀는데 세상에 이게 7천원이라니~ 참 후회스럽네요,"I bought a key ring, a notebook, and a DIY key ring at the goods zone, but I can't believe it cost 7,000 won~ I really regret it."
대기는 별로 없었어요!!,There wasn't much waiting!!
분위기는 깔끔하고 좋지만 난 모르겠다 사람 많아서 대기하고 들어오는듯,"The atmosphere is clean and good, but I don't know. There are a lot of people, so it seems like they have to wait to come in."
성수동 4년째 살며 이런 저런 카페 방문했지만 손에 꼽을만큼 탁월합니다.,"I've been living in Seongsu-dong for 4 years and visited various cafes, but this one is by far the best."
직장 근처라 종종 오는 곳인데 부모님 모시고와서 에스프레소 먹으니까 너무 좋아하시네요!,"I come here often because it's close to work, and I brought my parents here to have espresso and they really like it!"
지금까지 먹은 소금빵중에 최고👍🏻 하루 7천개씩 판매하는 세상에서 가장 맛있는 소금빵집!,"The best salt bread I’ve ever eaten👍🏻 The world’s most delicious salt bread shop sells 7,000 pieces a day!"
너무 친절하고 맛도있어서 또 가고 싶은 카페 -💖 쑥티라미슈 맛있었고 차도 블렌딩해서 음료같은류도 있어서 좋았어요~,It's so friendly and delicious that I want to go to the cafe again -💖 The mugwort tiramisu was delicious and it was nice to have tea blends and other drinks.
아무래도 안에 부재료가 눅눅한건 어쩔 수 없는듯 바노파는 딱 카라멜8에 바나나2정도의 맛으로 카라멜 좋아한다면 추천,"It seems inevitable that the ingredients inside are soggy. Banopa has a taste of 8 caramel and 2 bananas, so I recommend it if you like caramel."
직원 분들 일처리가 빨라서 줄이 길어도 금방 금방 빠진답니다 :),"The staff work quickly, so even if the line is long, it moves quickly :)"
음악이 중간에 끊기는 것만 빼고(스피커가 고장났나봐요🥲) 매장 직원분들 친절하고 좋아요.,"Except for the fact that the music cuts out in the middle (I think the speaker is broken🥲), the store staff are friendly and nice."
위장장애환자에겐 공차가 좋아요,Gongcha is good for patients with gastrointestinal disorders.
이곳은 따뜻한 티 종류가 더 좋았던 것 같습니다.,I think the warm tea type was better here.
조용해서 오랜만에 만난 친구랑 수다 떨다 갑니닷!,It's quiet so I chatted with a friend I haven't seen in a while!
< 프롤리 블렌드 아메리카노 ice - brewing >,< Froly Blend Americano ice - brewing >
빵은 맛있는데 무조건 4개 1세트로만 사야 하는 점은 맘에 들지 않네요,"The bread is delicious, but I don't like the fact that I have to buy it in a set of 4."
"너무 복잡할까봐 걱정 되게 많이 했는데, 예약제로 운영해서 천천히 잘 구경하고 사진도 눈치 안보고 예쁘게 찍고 왓어요","I was very worried that it would be too complicated, but since it operates on a reservation system, I was able to look around slowly and take pretty pictures without worrying about others."
힙한느낌낭낭 거기에 커피도맛깔나고 케이크도 맛있어서 진짜 찐만족💓,"It has a hip feel. The coffee is delicious and the cake is delicious too, so I'm really satisfied💓"
매장도 넓고 깨끗하고 직원분도 친절하시고 커피도 맛있습니다.,"The store is spacious and clean, the staff is friendly, and the coffee is delicious."
버터향 가득가득한 소금빵~을왕리해수욕장앞 위치 너무좋고~인테리어가 이뻐요~,Salt bread full of buttery scent~ The location in front of Eulwangni Beach is great~ The interior is pretty~
소문처럼 줄이 엄~청 길었지만 빵 나오는 시간에 맞추어 갔어요,"As rumored, the line was very long, but I went just in time for the bread to come out."
인테리어도 멋스럽고 분위기도 좋네용,The interior is stylish and the atmosphere is nice.
건빵이랑 떡와플도 믹스커피랑 같이 먹을 간식으로 찰떡이예요! >_<,Dry bread and rice cake waffles are also perfect as snacks to eat with mixed coffee! >_<
좋은 재료로 만들어 확실히 다르네요.,It's definitely different because it's made with good ingredients.
노래도 느낌 좋은 팝송 노래 나와요,The song is also a pop song with a good feel.
걷기차가 없는게 아쉽지만 식어도 맛있는 소금빵.,"It's a shame there's no walking van, but the salt bread is delicious even when it's cold."
분위기좋구 좌석 여유롭구 무엇보다 커피가 맛있습니다.,"The atmosphere is nice, the seats are comfortable, and most of all, the coffee is delicious."
역시 구테로이테입니다,It's also a guteroitic
빵 종류가 다양하고 디저트가 너무 맛있습니다,There are many different types of bread and the desserts are so delicious.
빵돌이에 끌려서 왔는데 빵돌이는 완전 만족했는데 떡순이는 경험하기 좋았어욥!,"I came here because I was drawn to Bbangdori. I was completely satisfied with Bbangdori, but Tteoksuni was a great experience!"
콘센트가 많아 노트북 작업하기도 좋습니다.,There are plenty of outlets so it's great for working on your laptop.
근데 여기 사람들이 줄을 꽤 서있는데 차도쪽으로 서야해서 좀 위험해요,But there are a lot of people standing in line here and it's a bit dangerous to have to stand on the side of the road.
차 마다 설명된 카드가 있어서 더 좋았어요.,It was even better because there was a card explaining each car.
생각보가 빵이 많아서 좋아요,I like it because there is more bread than I thought.
프렌치토스트랑 아이스크림 조합이 진짜 너무너무너무너무너무 맛있어서 다음에 와서 밥 브런치 대신 먹고 싶을 정도로 맛나요,The combination of French toast and ice cream is so delicious that I want to eat it instead of brunch next time.
엄청 맛있진 않고 양 많아보이는데 적어용 인테리어는 예뻣어요,"It's not very tasty and it looks like a lot, but the interior is pretty."
가격도 적당해서 성수에서 밥먹고 꼭 생각나는 커피가 될꺼같아요,"The price is reasonable, so I think it will be the coffee that comes to mind after eating in Seongsu."
앞전에는 카페 예약이 힘들었는데 현장 카페 이용도 가능하더라구요(노쇼로 인한 자리이용),"In the past, it was difficult to make a reservation at a cafe, but it was also possible to use the cafe on site (seats were taken due to no-shows)."
분위기가 유럽의 영국을 연상케하는 따듯한 분위기고 좌석도 넉넉해서 좋더라구요,"The atmosphere was warm and reminiscent of England in Europe, and there were plenty of seats, which was nice."
"✨️레몬그라니따, 아메리카노(decaf), 플레인소금빵✨️","✨️Lemon granita, Americano (decaf), plain salt bread✨️"
성수 올때마다 들리는 곳인데 너무 맛있어요…💕 커피는 당연히 맛있는데 빵들을 직접 만들어서 그런지 가격대는 있지만 훨씬 맛있습니다!,"I stop by this place every time I come to Seongsu, and it’s so delicious… 💕 The coffee is of course delicious, but since the bread is made by hand, it is a bit pricey, but it tastes much better!"
"저는 추후에 티라미슈롤케이크를 시켜봤는데 약간 달달하면서 은은한 커피향, 크림맛이 좋았고 시키고 나서 보고만 새로운 메뉴 고구마라떼도 있으니 고소하고 달달한 커피메뉴나 음료 좋아하시는 분들께 추천드려요!","I later ordered a tiramisu roll cake, and it was slightly sweet with a subtle coffee scent and creamy taste. There was also a new menu item, Sweet Potato Latte, which I only saw after ordering, so I recommend it to those who like savory and sweet coffee dishes or drinks!"
키오스크 주문하시고 줄서면 돼요.,Just order at the kiosk and wait in line.
다음 날 에프에 구워먹는 것도 바삭하니 괜찮은데 살짝 기름진 느낌이 들긴하구 다른 소금빵에 비해 조금 더 짭짤한 것 같아용,"It's okay to bake it the next day because it's crispy, but it feels a little greasy and I think it's a little saltier than other salt breads."
구테로이테시그니처 진짜 맛있네요!!,Guteroite Signature is really delicious!!
소금빵 맛집이라고 여러번 들었는데 사먹어본건 처음이에요.,"I've heard of this salt bread restaurant many times, but this is the first time I've tried it."
더운 날씨에 시그니처 그라니따 한잔이면 재충전 할 수 있어요 :) 성수 올 때 자주 들릴 것 같아요,"In hot weather, you can recharge with a glass of our signature granita :) I think I'll stop by often when I come to Seongsu."
같은 프로그램임에도 커피 설명과 양질에 있어 일정한 퀄리티로 운영되면 좋겠단 생각이 들었습니다 :) 그래도 커피는 정말 맛있습니다!,"Even though it's the same program, I thought it would be nice if the coffee description and quality were maintained at a certain level :) But the coffee is really delicious!"
애매한 양과 애매한 가격이지만 적당히 진한 녹차맛이 아주 굿 마치 녹차마루를 슬러시로 만든 맛?,"It's an ambiguous amount and an ambiguous price, but the moderately strong green tea flavor is very good. It tastes like green tea maru turned into a slush?"
커피 진짜 맛있네요.,The coffee is really delicious.
하지만 망고 케이크는 냉동 망고를 쓰셔서 맛이 너무 이상했어요..,"However, the mango cake tasted very strange because they used frozen mangoes."
바로 나오자 먹었으면 맛있었겠지만 사실 갈 계획없이 날이 좋아서 산책 하다가 줄이 서있는 거 보고 저도 모르게 줄을 서서 기다렸다가 샀습니다,"It would have been delicious if I had eaten it right away, but in fact, it was a nice day without any plans to go, so I went for a walk and saw a line, so I waited in line without realizing it and bought it."
조용해서 대화하기도 좋고 꿀밤케이크랑 디카페인아아 먹었는데 커피도 찐하고 케익도 달달하니 둘다 맛있네용!,"It's quiet so it's good for conversation. I had honey chestnut cake and decaf, and the coffee is thick and the cake is sweet, so they're both delicious!"
겉은 바삭 안은 포슬포슬 촉촉하고 반죽 진짜 맛있고 고소해요!!,"It's crispy on the outside, fluffy and moist on the inside, and the dough is really delicious and savory!!"
시그니처 마시고싶었는데 없어서 아쉬웠지만 에소프레소 귀엽고 라떼 아트도 이쁘고 공간의 따수함과 테이블의 차가움과 잘 어울리네요,"I wanted to drink the signature drink, but it was disappointing that it wasn't there, but the espresso was cute, the latte art was pretty, and it went well with the warmth of the space and the coldness of the table."
"세트단위로만(1세트=4개) 판매중이라 아쉬웠지만 일반 빵집에 비하면 가격이 괜찮았고, 갓나온 빵이라 맛있지만 기름이 너무 많아 느끼하고 기다리면서까지 사먹을 정도는 아닌것 같습니다.","It was disappointing that it was only sold in sets (1 set = 4 pieces), but the price was reasonable compared to regular bakeries, and it was delicious because it was freshly made, but it was too oily, so I didn't think it was worth the wait to buy it."
"건대점은 커피 맛있었는데, 성수점 세팅을 조금 더 잘 하시면 좋겠음.","The coffee at the Konkuk University branch was delicious, but it would be nice if the Seongsu branch set up a little better."
분위기도 좋고 케이크도 맛있는데 카페가 좀 작아용,"The atmosphere is nice and the cakes are delicious, but the cafe is a bit small."
맨날 줄서서 먹어야 하는 자연도소금빵..!,Natural salt bread that you always have to wait in line to eat..!
손에 다 묻으니 차에서 드실때 주의하세요,"It gets on your hands, so be careful when eating in the car."
날씨가 추워서 뱅쇼랑 케이크 시켰는데 향부터 맛있어요~,"The weather was cold, so I ordered banchau and cake, and the scent was delicious~"
"여름이 느껴지는 시원하고, 깔끔한 녹차였어요:) 먹고 한번더 우려주셔서 가성비도 좋아요","It was a cool, clean green tea that felt like summer :) It was good value for money because I drank it and brewed it again."
바로 옆에 메가 커피에서 커피사서 같이 많이 드시더라구요!,We bought coffee from Mega Coffee right next door and drank a lot together!
포장밖에 안되는 곳인데도 줄이 길지만 소금빵 너무 맛있어요..♡,"There is a long line even though it is only a takeout place, but the salt bread is so delicious..♡"
에스프레소 마시러 왔는데 공간도 여유롭고 커피 맛도 좋아요.,I came here to drink espresso. The space is spacious and the coffee tastes good.
칼로리만 생각하지 않는다면 재방문해서 더 먹고 싶습니다.,"If it weren't for the calories, I would come back and eat more."
그래서 다양한 빵을 구경하진 못 했고 커스터드 크레이프케이크를 먹었는데 맛있긴 했어요.,"So I wasn't able to see the various breads, but I ate the custard crepe cake, which was delicious."
매장이 넓고 직원이 친절해요,The store is spacious and the staff is friendly.
진짜진심으로 교동이 너무 귀엽고 직원분들이 전부 친절해서 좋은추억만들고 갔습니다!,"Seriously, Gyo-dong was so cute and all the staff were friendly, so I made great memories!"
오전에 방문했는데 아직 소문 안나서 한적해서 좋았어요.,"I visited in the morning, and there were no rumors about it yet, so it was nice and quiet."
빵도 너무맛잇어보이는데 빵순이 눈돌아갑니다,"The bread looks so delicious, it makes me roll my eyes."
초코 좋아하시는 분들은 겁나 좋아하실 듯.,People who like chocolate will really like this.
스콘은 다양한 종류를 맛볼 수 있었는데 오리지널을 주문하면 클로티드 크림과 딸기잼을 추가할 수 있다고 해요,"You can taste various types of scones, and if you order the original, you can add clotted cream and strawberry jam."
제가 제일 좋아하는 디저트는 게랑드 솔티 휘낭시에(?)인데 하나씩 포장되어 있어서 이미 포장해오는 길에 하나 순삭했습니다.,"My favorite dessert is Guérande Salty Financier(?), and since it was packaged individually, I already ate one on the way home."
그리고 몇개 살지 고민하지 마세요,And don't worry about how many to buy.
이번에 생일이여서 오랜만에 픽업해본 '플디 케이크샵' 이번에는 처음 먹어보는 '순수 딸기우유' 케이크를 예약하고 픽업했어요.,"Since it was my birthday this time, I picked up the 'Pledi Cake Shop' after a long time. This time, I made a reservation and picked up the 'Pure Strawberry Milk' cake, which I tried for the first time."
예쁘고 넓은 성수동 카페 커피도 수준 높고 디저트류 맛있어요,The pretty and spacious cafe in Seongsu-dong has high quality coffee and delicious desserts.
🤎초코 코코넛 휘낭시에: 코코넛맛이 거의 안 나서 아쉽지만 먹을만합니다,"🤎Chococococonut Financier: It's a shame there's almost no coconut flavor, but it's worth eating."
방금 나온 따끈한 소금빵의 유혹을 이길 수 없어서 길빵을 해 버림.,"I couldn't resist the temptation of the warm salt bread that had just been served, so I made long bread."
화장실이 깔끔하다.,The bathroom is clean.
혼자 이용하기에도 좋고 리뷰이벤트도 있어서 좋은거같아요!,"It's good for solo use and there's a review event, too!"
창가쪽 자리에 앉아서 약간 바람 솔솔 들어오고 대화하기 좋은 카페였습니다!,"It was a great cafe to sit by the window, enjoy a bit of breeze, and chat!"
테이크아웃 전문이라 속도도 매우 빠르고 인테리어도 굉장하네요,"Since it specializes in takeout, the speed is very fast and the interior is amazing."
너무 추워서 들어간 카페에서 따뜻한 마쉬멜로 핫쵸코 잘 마셨습니다!,It was so cold that I went to the cafe and had some warm marshmallow hot chocolate!
개인적으로 갓 나온 소금빵보다 조금 시간이 지나고 먹는게 더 맛있었어요 !!,"Personally, it tasted better when I ate it after a while than when it was freshly made salt bread!!"
그리고 성수는 통창뷰가 너무 멋있어서 해질녘쯤 가서 밝은 모습과 해지는 모습을 함께 보면 그저 힐링이 따로 없는 곳입니다,"And Seongsu has a great view from the large windows, so going around sunset and seeing the bright and setting sun together is a truly healing place."
"지나가다가 냄새에 이끌려 웨이팅해서 먹었는데, 식어도 맛있네유 좀 짠감이 있지만 오히려 좋아~","I was passing by and was attracted by the smell, so I waited and ate it. It's delicious even when it's cold. It's a bit salty, but I actually like it."
"< 컴오프커피 콜롬비아 카투라 내추럴 안티오키아 로스 알페스 > 1. 플레이버 : 내추럴 특유의 묵직한 단맛, 레드?","< Come Off Coffee Colombia Caturra Natural Antioquia Los Alpes > 1. Flavor: Natural’s unique heavy sweetness, red?"
예쁘고 특이해서 가봤는데 너무 맛있어서 믹스까지 사왔어요!,"I went there because it was pretty and unique, and it was so delicious that I even bought a mix!"
가격 대비 뛰어난건 딱히 모르겠는데 그냥 소금빵입니다.,"I don't know if it's great for the price, but it's just salt bread."
줄서기 시작하면 외국인관광객들까지 몰려서 갑자기 줄이 확 길어져요,"When you start lining up, foreign tourists flock in and the line suddenly gets longer."
주변에서 버터 냄새가 풍기면서 확실히 성수점이 인기가 많더라고요,"With the smell of butter wafting around, the Seongsu branch was definitely popular."
"대기줄 서있다가 우연히 창문 틈이 보여서 보니, 주방안이더라구요.","While waiting in line, I happened to see a crack in the window and saw that it was inside the kitchen."
소금빵이 거기서거기지 왠줄을 저렇게서냐 라고 생각했던1인입니다,I am the one who thought that salt bread was there and why it was like that.
