Original_Review,측면 및 감성 추출,label
"내가 점심때 지나서 커피 마시러 가니 한적하고 좋았어요","커피음료(긍정), 혼잡도_웨이팅(긍정)",100000000001
"생일축하용 케이크하려고 서프라이즈했는데 너무 예뻐서 1차 감동 맛있어서 2차 감동해줘서 뿌듯했어요","케이크(긍정)",001000000000
"분위기 너무 미쳤구요 음료도 술도 진짜 레전드입니다.. 단골 확정..!!!!!!","커피음료(긍정), 분위기감성(긍정)",100000010000
"기념일 데이트를 위해 방문했는데 맛과분위기 모두만족했습니다.","분위기감성(긍정)",000000010000
"매장도 깔끔하고 커피, 빵 맛있어요","커피음료(긍정), 베이커리빵(긍정), 공간편의시설(긍정)",110000100000
"사진 찍기전에 먹어버린 쌀소금빵이랑, 흑임자크림소금빵. 흑임자크림 소금빵 샀는데, 계산하시는 분이 생크림으로 찍었네용. 흑임자크림소금빵 맛있지만 쌀소금빵을 더 강츄츄츄","베이커리빵(긍정), 서비스(부정)",010000002000
"레고도 잘 구비되어있고 매장도 청결하고... 가격도 합리적이라 여러모로 좋았습니다.","공간편의시설(긍정), 가격가성비(긍정)",000000100100
"맛있어요!!! 특히나 인테리어가 너무 예뻐요","분위기감성(긍정)",000000010000
"많이 달지 않고 너무 맛있어요","대상 모호(없음)",000000000000
"카피바라빵이 귀엽고 맛있어요!","베이커리빵(긍정)",010000000000
"케이크가 너무 귀엽고 맛있어요! 인테리어도 차분하고 예쁜 우드톤이고... 커피도 맛있었어요","커피음료(긍정), 케이크(긍정), 분위기감성(긍정)",101000010000
"인형 완전 귀여워요 아이스크림도 예상 못하게 맛있는 맛이에요! 친절하게 안내해 주셔서 감사합니다","기타디저트(긍정), 서비스(긍정)",000001001000
"종류도 많고 직원분도 친절하세요","서비스(긍정)",000000001000
"케이크가 정말 맛있고 매장분위기가좋아요","케이크(긍정), 분위기감성(긍정)",001000010000
"어니언스프 맛있어요. 바게트빵 맛집. 파스타 맛집","베이커리빵(긍정)",010000000000
"커피도 너무 맛있고 디저트도 너무 맛있어요!","커피음료(긍정), 기타디저트(긍정)",100001000000
"마늘빵베이컨(?)이 진짜 맛있어요! 베이글을 매장에서 먹고 가면 데워주시는데 약간 뜨듯하니 너무 맛있어요!!","베이커리빵(긍정), 서비스(긍정)",010000001000
"디저트 넘 예쁘고 맛있네욤 !! 내부가 편안한 분위기라 친구들과 수다떨며 놀기 좋습니다 재방문 의사 있습니다","기타디저트(긍정), 분위기감성(긍정)",000001010000
"올겨울은 요즘 핫한 성수 소금빵X붕어빵... 너무너무 맛있음","베이커리빵(긍정)",010000000000
"그냥 인별용 감성 느끼려고 가는 곳이다... 에어팟이 더 좋더라고요.","분위기감성(부정), 가격가성비(부정)",000000020200
"여유로운 시간을 즐기고싶다면... 예약 시 금액에 음료값이 포함되어있어서 좋았어요! 꽃도 가져갈 수 있고 오랜만에 연필로 끄적끄적해보고왔네요 햇볕이 드는 창가 앞에서 오래도록앉아있어서 뜨거워서 모자는 필수로 가져가면 좋을 것같아요 뒷자리에 앉으면 조금 덜하지만 앞자리가 뷰보기엔 최고! 잔잔한 음악과 푹신한 쿠션방석 덕분에 편하게 있다 가네요 처음이였는데 다음에 또 가보고싶은 곳이에요 가끔 복잡하거나 답답할 때 찾아갈 곳이 생긴 것같아 좋아요","커피음료(긍정), 공간편의시설(긍정), 분위기감성(긍정), 가격가성비(긍정)",100000110100
"넓어서 모임하기 좋고 시원하고 빵도 맛있어요","베이커리빵(긍정), 공간편의시설(긍정)",010000100000
"디저트 종류가 많아 좋았어요. 대기가 21팀이라 포기하고 포장하니 빠르네요. 친절해서 좋았습니다.","기타디저트(긍정), 서비스(긍정), 혼잡도_웨이팅(부정)",000001001002
"카운터 글귀 맘에 쏙 드네요 조용히 편안해서 대화하기 좋아요","분위기감성(긍정)",000000010000
"너무 맛있어요 특히 망고빙수!!!","빙수과일(긍정)",000010000000
"레터링케이크는 이제 좀 지겨워서 특별하고 이색적인 케이크 찾다가 발견했는데 맛도 맛있고 생일당사자도 너무 좋아햇우용","케이크(긍정)",001000000000
"수플레가 땡겨서 아무 정보도 없이 들어왔는데 분위기도 좋고 편안하게 즐길 수 있는 곳입니당 성수동에 유명한 커페 종종 가는데 커피도 괜찮고 디저트도 완전 맛도리여서 담에 또 오려구용!!!","기타디저트(긍정), 분위기감성(긍정)",000001010000
"매번 맛있게 먹고가요 ) 진짜 진짜 맛나요","대상 모호(없음)",000000000000
"언뜻 외관을 봤을 때 간판도 없는데 사람이 많아 궁금해서 방문했어요. 일단 저는 커피를 못어서 카페를 고를 때 커피 외 어떤 메뉴가 있는지 항상 보게 되는데, 밀크티가 있더라고요. 그래서 아메리카노5,500원, 애플시나몬밀크7,500원 주문! 사람이 워낙 많고 테이블이나 의자도 좁은 편이다보니 편안하게 대화하면서 있기가 힘들었어요.","커피음료(긍정), 공간편의시설(부정), 혼잡도_웨이팅(부정)",100000200002
"요즘 차 문화문화에 빠져서 집에서 주문해 먹다 티룸 방문했어요. 호지차라떼도 쑥 티라미수도 많이 달지 않아 좋았고 차와 잘 어울려요.","커피음료(긍정), 케이크(긍정)",101000000000
"대화하기 좋아요 ) 문쑴기록지","분위기감성(긍정)",000000010000
"바질토마토 에이드가 생각보다 너무 맛있었어요 디저트도 쫀맛 군고구마 바닐라이이스크림도 진짜 맛있으니끼 꼭!! 먹어야해요","커피음료(긍정), 기타디저트(긍정)",100001000000
"재방문 의사 있습니다!!!!!","대상 모호(없음)",000000000000
"넘넘 분위기가 좋아요..! 컨셉이 확실한 카페라 아주 만족합니다!","분위기감성(긍정)",000000010000
"직원 분들도 친절하시고 커피 원두도 맛있어요... 인테리어가 인상적입니다","커피음료(긍정), 분위기감성(긍정), 서비스(긍정)",100000011000
"음식도 맛있고 강아지도 동반되서 너무 좋아요","공간편의시설(긍정)",000000100000
"카페 분위기도 좋고 매장도 엄청 시원해요!! 디저트도 맛있는데 이뻐서 눈도 입도 행복해용 다음에 성수동 오면 또 여기 오려구요","기타디저트(긍정), 공간편의시설(긍정), 분위기감성(긍정)",000001110000
"좋은데 시간이 좀 모자라서 그래도 신선한 추억이었음","서비스(부정)",000000002000
"분위기가 정말 시원하고 쾌적해서 좋았어요 시원한 음료와 시그니처 디저트인 바스크 치즈케이크를 먹었는데, 모두 만족스러웠어요! 치즈케이크는 부드럽고 진한 풍미가 인상적이었고, 음료도 맛있고 깔끔해요. 혼자 와도 친구와 와도 편안한 분위기라 다음에도 또 오고 싶네요 덤으로 사진 스팟도 많아요!!! 너무 잘 꾸며져있는 카페","케이크(긍정), 공간편의시설(긍정), 분위기감성(긍정)",001000110000
"주말에 방문했을땐 줄이 너무 길어서... 평일에 방문하니 줄이 많이 길지않아 좋았어요!","베이커리빵(긍정), 혼잡도_웨이팅(중립)",010000000003
"대기줄 많지않았어요 소금빵 입짧은 동생도 좋아함","베이커리빵(긍정), 혼잡도_웨이팅(긍정)",010000000001
"원목의 따뜻한 느낌!!... 솔티드 버터 생식빵 맛났어요","베이커리빵(긍정), 분위기감성(긍정)",010000010000
"역시라떼 맛있어요... 다만 좌석 간격이 좁아서 대화시 집중이 잘안되는 단점이 있습니다.","커피음료(긍정), 공간편의시설(부정), 혼잡도_웨이팅(부정)",100000200002
"성수역 핫플 중에 딸기생크림케이크 맛집 소개받아 포장하여 집에서 맛나게 먹었네요. 동물성생크림이 신선한 딸기랑 잘 어울려서 딸기철 지나가는게 아쉽네요. 다음엔 망고생크림케이크 먹어보러 가렵니다.","케이크(긍정), 선물포장(긍정)",001000000010
"오리는 친절하고 커피는 맛있어요","커피음료(긍정), 서비스(긍정)",100000001000
"자리도 너무 불편하고... 일단 디저트가 너무 늦게 나와요... 개선바랍니다","공간편의시설(부정), 서비스(부정)",000000202000
"생각보다 공간이 넓고... 힐링이 되긴했습니다.","공간편의시설(긍정), 분위기감성(긍정)",000000110000
"추천받아소 왓는데 분위기도 좋네요..!","분위기감성(긍정)",000000010000
"맛있어요!!! 종류도 많아서 고르는 재미가 있습니다","대상 모호(없음)",000000000000
"프렌치 토스트 먹으러 왔어요 레몬딜 에이드 상큼하고 맛있어요","커피음료(긍정), 베이커리빵(긍정)",110000000000
"칭구 생일선물로 예약주문하였고 설향딸기케이크... 맛있었습니다","케이크(긍정), 선물포장(긍정)",001000000010
"음료가 굉장히 맛있고 사장님께서 굉장히 친절하게 맞이해 주셨어요!!","커피음료(긍정), 서비스(긍정)",100000001000
"매장이 넓진 않지만 깔끔하고 특별한 메뉴도 있고 맛있어요","공간편의시설(중립), 분위기감성(긍정)",000000310000
"원래부터 유명해서... 성수동에 매장이 있다고 해서 방문했습니다!","대상 모호(없음)",000000000000
"매장 내부가 의외로 넓고 특히 인테리어가 넘 예쁘고 느낌있더라구요 디저트들도 넘 맛있고 시그니처인 하이라인라떼 넘 예쁘고 달달해서 좋았어요. 다음에 또 다른 디저트들 먹으러 올게요","커피음료(긍정), 기타디저트(긍정), 공간편의시설(긍정), 분위기감성(긍정)",100001110000
"음식이 맛있고, 무엇보다 사진도 너무 예쁘게 나와요... 테라스에서 먹기 너무 좋아요","공간편의시설(긍정), 분위기감성(긍정)",000000110000
"평일 낮에 왔는데 사람 별로 없고 여유있고 좋아요... 커피랑 모찌디저트류도 다 맛있어요!!","커피음료(긍정), 기타디저트(긍정), 분위기감성(긍정), 혼잡도_웨이팅(긍정)",100001010001
"성동아트홀 공연보고 음료한잔 여운 즐기기에 좋아요","커피음료(긍정)",100000000000
"이색 카페 보다가 가봤는데 넘나 좋아써용!!! 커피도 맛있고 색칠하는것도 재밋구 남자친구가 그런걸 아예못해서 걱정했는데 가니까 저보다 잘하더라구용.. 손님들도 커플분들 많이 계셨는데 다들 부담없이 잘 하신고 같아요!! 주변에 소문 다내서 요번주 예약했대요 키키키 담에또갈게용","커피음료(긍정), 분위기감성(긍정)",100000010000
"커피랑 케익도 맛있구 너무 행복한 시간이였어요","커피음료(긍정), 케이크(긍정)",101000000000
"시즌메뉴 넘 맛있었어요!개인적으로는 블랙 글레이즈드 라떼가 더 맛있었어요 서울숲역점 매장은 건물외관과 내관모두 깔끔하고 예뻐요. 또한 직원분들이 방역 수칙을 철저히 지켜주셔서 안심되었습니다","커피음료(긍정), 공간편의시설(긍정), 분위기감성(긍정), 서비스(긍정)",100000111000
"크림라벨 케이크... 빵은 촉촉 생크림은 고소 딸기는 달콤 ! ! !","케이크(긍정)",001000000000
"빵을 화덕에 구워줘서 그런지 더 담백하고 쫀득하니 맛나요... 커피도 맛있네요.","커피음료(긍정), 베이커리빵(긍정)",110000000000
"날씨가 좋아서 야외 테이블에서 여유를 즐겼습니다. 아이스 아메리카노와 소금 버터 롤을 주문해서 맛있게 먹었어요!","커피음료(긍정), 베이커리빵(긍정), 공간편의시설(긍정)",110000100000
"친절하시고 빨리나와서 출근전에 항상 들려요","서비스(긍정)",000000001000
"직원 분도 너무 친절하시고 음료도 너무 맛있어서 다시 방문하려고요","커피음료(긍정), 서비스(긍정)",100000001000
"단호박당근수프, 아란치니, 삼치파스타 꼭 드셔보세요!","대상 모호(없음)",000000000000
"땅콩버터 고소하니 너무맛있고 음료도 바나나푸딩토스트도 맛있어요!!!","커피음료(긍정), 베이커리빵(긍정)",110000000000
"음료랑 브라우니 주문했는데 브라우니 맛있었어요)!","커피음료(긍정), 쿠키구움과자(긍정)",100100000000
"저렴한 가격으로 자주 찾는 곳입니다","가격가성비(긍정)",000000000100
"인테리어 자체가 힙하고... 딸기도 너무나 맛있어요","빙수과일(긍정), 분위기감성(긍정)",000010010000
"너무 맛있어서 항상 클라이밍 오면 꼭 먹어요!","대상 모호(없음)",000000000000
"주문하는 것 부터가 일입니다. 직원분이 계속 안오셔서... 청결해보이지 않아서 별로였습니다.","공간편의시설(부정), 서비스(부정)",000000202000
"생과일 자두가 그대로 올라가있고 망고케이크도... 시그니처 산타라떼도 맛있었습니당","커피음료(긍정), 케이크(긍정), 빙수과일(긍정)",101010000000
"맛난커피와 케잌, 그리고 재민 군의 멋진 얼굴까지 좋은 시간 보내고갑니다.","커피음료(긍정), 케이크(긍정)",101000000000
"분위기 좋아요 매우 친절하심","분위기감성(긍정), 서비스(긍정)",000000011000
"더운 날에 아이스크림 강추 드려요!! 매장 분위기도 잔잔하고 좋아서 아쿠아산타 성수 카페 추천 드려요","기타디저트(긍정), 분위기감성(긍정)",000001010000
"옥수수 라떼 맛있고 빵도 모두 맛있었어요!","커피음료(긍정), 베이커리빵(긍정)",110000000000
"분위기가 좋고 타르드 색감이 예뻐요!","케이크(긍정), 분위기감성(긍정)",001000010000
"맛은 있었지만 줄이 많다면 패스할 집입니다... 비싸다는 느낌","베이커리빵(긍정), 가격가성비(부정), 혼잡도_웨이팅(부정)",010000000202
"빵은 본노엘이 최고... 직원분들 열일하시며 친절하세요","베이커리빵(긍정), 서비스(긍정)",010000001000
"남자들은 알지 못하는 그 무언가 좋다니 됐다","대상 없음",000000000000
"친구가 유명하다고 해서 와봤어요... 솔티드 소금식빵 맛있다고... 매우 친절하세요!","베이커리빵(긍정), 서비스(긍정)",010000001000
"맛있어서 지도보고 찾아왔어요","대상 모호(없음)",000000000000
"공간 디자인 짱 감각 짱 센스 짱","분위기감성(긍정)",000000010000
"커피도 맛있고 공간이 너무 예뻐서 오래 머무르고 싶어요","커피음료(긍정), 분위기감성(긍정)",100000010000
"5만8천원.....커피 하나 마시자고 지불 하기에는 큰 돈일 수 있다... 가격 이상의 가치를 느끼게 해준다","커피음료(긍정), 가격가성비(중립)",100000000300
"오틀리랑 두유 옵션 있어서 좋아요!","커피음료(긍정)",100000000000
"잠봉뵈르랑 깜빠뉴 먹었는데... 무화과 깜빠뉴는 진짜 정말 넘 맛있어요","베이커리빵(긍정)",010000000000
"강아지 가방에 넣어서 들어왔어요 사람이 진짜 많은데... 케이크가 넘 예뻐요,,,","케이크(긍정), 공간편의시설(긍정), 혼잡도_웨이팅(부정)",001000100002
"카페 사진도 잘 나오고 커피도 맛있었습니다!! 진짜 성수 분좋카 인정합니다","커피음료(긍정), 분위기감성(긍정)",100000010000
"케이크 너무 맛있고 크리스마스 느낌 나서 좋았어용!! 분위기도 너무 좋았습니다","케이크(긍정), 분위기감성(긍정)",001000010000
"자극적이지 않고 맛있어요 가을밤게트 샌드위치 또 먹고 싶을만큼 맛있어요","베이커리빵(긍정)",010000000000
"최근 알게된 커피 맛집 그냥 커피에 진심이다... 맛, 가격, 분위기음악도 훨씬 앞서는 곳!","커피음료(긍정), 분위기감성(긍정), 가격가성비(긍정)",100000010100
"너무너무 와보고 싶었던 프롤라 오픈런으로 왔습니다!!... 커피가 진짜 인생커피!!","커피음료(긍정), 혼잡도_웨이팅(긍정)",100000000001
"달지않고 진한 초코맛 우유너무 맛나요.","커피음료(긍정)",100000000000
"접근성이 좋아서 부담 없이 들르기 편했습니다 생블루베리타르트를 먹었는데 크림과 블루베리 조화가 달콤하면서도 과하지 않았습니다 전체적으로 만족스러웠고 다음에 또 이용하고 싶습니다","케이크(긍정), 공간편의시설(긍정)",001000100000
"맛있고 독특해서 좋았어요! 조용해서 술마시기에도 좋았어요 다음에 또 방문하겠습니다","분위기감성(긍정)",000000010000
"사장님이 너무 친절하시고, 디저트랑 음료가 맛있어요","커피음료(긍정), 기타디저트(긍정), 서비스(긍정)",100001001000
"조용히 책읽기 좋은 공간입니다! 계단 이용하기가 조금 불편하지만 아늑하고 조용하고 직원분이 친절해서 좋아요","공간편의시설(부정), 분위기감성(긍정), 서비스(긍정)","000000211000"
"아늑하고 분위기 좋은 브런치카페입니다 서울숲 근처라 좋아요 브런치도 맛있어서 다음에 또 방문하려구요","베이커리빵(긍정), 분위기감성(긍정)","010000010000"
"맛있는 커피, 쇼콜라음료, 케익 등 가족과 함께 맛있게 먹고 갑니다","커피음료(긍정), 케이크(긍정)","101000000000"
"괜히 블루보틀 블루보틀 하는게 아니죠","커피음료(긍정)","100000000000"
"다 맛있지만 특히 아이스크림이 정말 맛잇어용","기타디저트(긍정)","000001000000"
"맛있고 직원분들이 친절해요!","서비스(긍정)","000000001000"
"베이글이 작고 귀여워서 눈으로도 맛으로도 먹게되용","베이커리빵(긍정)","010000000000"
"망고듬뿍 묵직함에 케잌 받을때부터 놀랬는데 맛도 진짜 최고였어요 또 구매 할게요","케이크(긍정)","001000000000"
"분위기좋고 금액이 저렴해요!","분위기감성(긍정), 가격가성비(긍정)","000000010100"
"깨끗하고 상냥하시네요 월요일 오전부터 이래 여러개포장해달래서 죄송했는데 상냥하게 웃어주셔서 편하게 사왓어요 리뉴얼해서 매장도 깨끗하고 포장해주는동안 앉아서 기다리기도 편했네요","공간편의시설(긍정), 서비스(긍정), 선물포장(긍정)","000000101010"
"반려동물 동반 되는 카페!! 발로나 초코칩 치즈케이크 꾸덕하니 적당히 달달해서 맛있고 에이드는 상큼하면서도 매실맛이 나서 어른들도 좋아하실거 같아요! 4층인데도 사람들이 많이 찾아오는 곳 ! 저녁시간에는 펍이라니 다음에 펍도 이용해봐야겠어용!","커피음료(긍정), 케이크(긍정), 공간편의시설(긍정)","101000100000"
"사장님 친절하시구 서비스로 쿠키 주셨는데 너무 맛있었어요!","쿠키구움과자(긍정), 서비스(긍정)","000100001000"
"성수동갈때마다 꼭 들리는 쿠키맛집! 날씨가 좋아서 스콘, 쿠키 포장해서 서울숲에서 먹었는데 덕분에 아주 행복한 산책타임이었어용","쿠키구움과자(긍정), 선물포장(긍정)","000100000010"
"망고빙수 시켰는데 생망고가 들어가서 맛있어요! 잘 익은 망고로 주셨고 빙수 얼음도 망고시럽? 뿌려주셔서 적당히 달고 맛있게 먹었습니다.","빙수과일(긍정)","000010000000"
"메뉴도 다양하고 맛있고 친절해요","서비스(긍정)","000000001000"
"디카페인 커피도 있고 꼬숩고 맛있네요","커피음료(긍정)","100000000000"
"비주얼 합격 맛도 맛있었어요!! 시원하게 너무 좋았습니다!!","분위기감성(긍정)","000000010000"
"자두가 통으로 들어가있어요!! 음료도 케잌도 너무 맛있어요","커피음료(긍정), 케이크(긍정)","101000000000"
"양이 혜자구요 전부다 깔끔하고 좋아요 친절하시고 가성비도 좋아요","공간편의시설(긍정), 서비스(긍정), 가격가성비(긍정)","000000101100"
"단팥빵이랑 소보루빵 생각날때 찾는 파리바게트","베이커리빵(긍정)","010000000000"
"서울숲에 이런곳이!! 인테리어 너무 멋져요. 비스코티, 하이라인라떼 크림찍어서 먹으니 너무 맛있어요. 다른곳에서 만나지못했던 단호박크림소금빵도 독특하네요. 넓고 조용해서 시간보내기 좋았어요. 재방문각!!!","커피음료(긍정), 베이커리빵(긍정), 쿠키구움과자(긍정), 공간편의시설(긍정), 분위기감성(긍정)","110100110000"
"커피맛도 좋고 밖에서 이야기하기 좋아요 추천해요","커피음료(긍정), 분위기감성(긍정)","100000010000"
"빙수집인데 분위기가 좋아요!","빙수과일(긍정), 분위기감성(긍정)","000010010000"
"커피, 디저트 정말 맛있어요. 치즈케이크는 꾸덕한 치즈 풍미 가득하고 레몬타르트는 레몬 많이 갈아넣어 상큼함이 남다르네요.","커피음료(긍정), 케이크(긍정)","101000000000"
"플랫화이트 마셨는데 맛있네요. 로스팅을 직접해서 그런지 커피가 신선한 맛이나요.","커피음료(긍정)","100000000000"
"친구가 너무 귀엽다고 좋아했어요","대상 모호(없음)","000000000000"
"라떼가 맛있는 블루보틀 뚝섬역 바로 앞이라 접근성도 좋아요","커피음료(긍정), 공간편의시설(긍정)","100000100000"
"텅 아메리카노.. 산미있는 맛 커피에서 메주맛 남 저도 알고싶지 않았어요 진짜 이상한 냄새나요 분명 커피 마셨는데 더 갈증남 플래닛 아메리카노 (너티)는 괜찮아요...","커피음료(중립)","300000000000"
"쫀득한 모찌 수제과일모찌 먹고싶어서 방문했는데, 지금날씨에 생딸기모찌가 있는데 상큼한 과일이 입맛없을때 먹기 좋을거 같아요 ) 주문한 과일들 다..퀄리티 너무 좋아서 과즙폭발에 개인적으로 파이네플이랑 딸기 이 두개가 너무 맛있어서 추천드려요!","기타디저트(긍정)","000001000000"
"여기 디저트가 맛있어 보여서 들어왔는데 생각보다 빙수가 비싸서 당황했지만 제철과일쥬스 키위라서 좋았어요 테라스 자리 풀밭뷰도 죠씁니당!","커피음료(긍정), 가격가성비(부정), 분위기감성(긍정)","100000010200"
"맛있는 디저트 때문에 다음에 또 방문하고 싶습니다!","기타디저트(긍정)","000001000000"
"새로 나온 시즌 메뉴 원터라떼 마셔봤는데 적당히 달고 맛있어요. 지하층이지만 층고가 높아 개방감도 있고 아늑해서 대화하기 좋아요","커피음료(긍정), 공간편의시설(긍정), 분위기감성(긍정)","100000110000"
"투썸플레이스의 아메리카노는 정말 특별한 맛을 자랑합니다... 매장 분위기도 아늑하고 편안하여 친구와의 대화나 혼자만의 시간을 즐기기에 적합합니다. 친절한 직원들의 서비스 또한 인상적이라, 언제든지 다시 찾고 싶은 곳입니다.","커피음료(긍정), 분위기감성(긍정), 서비스(긍정)","100000011000"
"날씨가 좋아서 테라스에 앉았는데 분위기도 좋고 음식이 너무 맛있어요! 특히 머쉬룸시저샐러드 소스가 너무너무 맛있어요!!!!!!","공간편의시설(긍정), 분위기감성(긍정)","000000110000"
"땅콩버터가 유명하다 해서 찾아왔는데 넘 친절하시고 맛도 기대돼요! 땅콩100퍼라고 합니다 갓 나온 것 처럼 버터병도 따뜻했어요!!!","서비스(긍정)","000000001000"
"저는 민트초코에 초코가 싫은 사람이라 초코 없는 민트가 너무 만족스럽습니다 여름 빙수로 최고","빙수과일(긍정)","000010000000"
"너무 더워서 힘들었는데 안에 너무 시원하고, 아이스크림, 음료 둘 다 너무 맛있어서 힐링 흑임자 맛집이네요 안에 좌석이 많지 않아서 저희 오고 금방 자리가 찼어요.","커피음료(긍정), 기타디저트(긍정), 공간편의시설(긍정), 혼잡도_웨이팅(부정)","100001100002"
"분위기 너무 좋아서 데이트 장소로도 완전 추천","분위기감성(긍정)","000000010000"
"사장님 엄청 친절하시고 디저트 맛있어요 굳굳 저번에도 왔었는데 진짜 맛있어요!! 성수오면 꼭 가보세용","기타디저트(긍정), 서비스(긍정)","000001001000"
"코끼리베이글 무화과콩포트 너무 사랑해서 맨날 무화과만 먹었는데 오늘 첨으로 생크림베이글 사먹어봤어요. 이것도 너무 맛있네요!","베이커리빵(긍정)","010000000000"
"치즈케이크 맛집이예요!!!... 인테리어 완전 내스탈!!!!!!!! 성수동 힙한 카페로 완전 추천해요!! 루프탑도 있고 갓벽한 카페임니둥","케이크(긍정), 공간편의시설(긍정), 분위기감성(긍정)","001000110000"
"상큼한 생과일 모찌가 디저트로 부담없이 먹기 너무 좋았어요 사장님도 친절하시고 디저트도 너무 맛있었어요","기타디저트(긍정), 서비스(긍정)","000001001000"
"뽑기 3등 당첨돼서 디저트 받았어여 테린느 말차 개맛있슨","기타디저트(긍정)","000001000000"
"케이크 맛집이라고 해서 찾아왔어요! 딸기도 싱싱하고 맛있어요!","케이크(긍정)","001000000000"
"두시간은 너무 짧았요 근데 이런 이색적인 데이트는 재밌네요","분위기감성(긍정)","000000010000"
"사람 별로 없는 타임에 딱 잘 가서 바람 솔솔 들어오는 자리에서 커피 한잔 서울숲뷰 초록초록하니 너무좋았고 갠적으로 아아보다 콜드브루가 더 맛있네요","커피음료(긍정), 분위기감성(긍정), 혼잡도_웨이팅(긍정)","100000010001"
"추석 연휴 전이라 사람없어 너무 좋네요 빵도 너무 귀여워서 선물용으로도 좋을거같아요! 핫플이라 꼭와보심이!!","베이커리빵(긍정), 선물포장(긍정), 혼잡도_웨이팅(긍정)","010000000011"
"인테리어 별로고 그냥 먹을만 해.","분위기감성(부정)","000000020000"
"빵이 만든지 오래된 느낌..딱딱하구.. 빵 고르면 접시에 담아주시는데 크림 만진 손으로 해주셨는지 접시에 크림이 묻어있었어요","베이커리빵(부정), 서비스(부정)","020000002000"
"칵테일 마시러 왔다가 에스프레소 마셨는데 너무 맛있어요 민트라떼는 민트가 강하지 않고 맛있다고 합니다 아페롤 스프리츠 달달하니 맛있습니다 분위기도 좋고 기분 좋은 성수 나들이","커피음료(긍정), 분위기감성(긍정)","100000010000"
"회사 근처라 자주오는데 모임이나 가볍게 오기 좋아요","분위기감성(긍정)","000000010000"
"성수갔다가 사봤는데 유명할만 합니다! 매장이 협소해서 4명 이상 입장이 안된다고 본거같아요 개인적으로 굿임 단점은 횡단보도인가 여튼 문앞에 사람이 짱많음","공간편의시설(부정), 혼잡도_웨이팅(부정)","000000200002"
"캘리포니아 감성 카페! 조금은 조용하고 한적한 느낌이라 자연스럽게 여유로운 마음이 생긴다 날 좋은 날 테라스에서 시간 보내도 좋을듯","분위기감성(긍정), 혼잡도_웨이팅(긍정)","000000010001"
"분위기도 좋고 음식도 너무 맛있어요 !","분위기감성(긍정)","000000010000"
"매장도 넓고 음료 베이커리도 맛나네요 굿굿!!!","커피음료(긍정), 베이커리빵(긍정), 공간편의시설(긍정)","110000100000"
"강아지랑 와서 맛있게 먹고가요","공간편의시설(긍정)","000000100000"
"넓은 매장과 맛있는 커피를 마실 수 있는 카페입니다. 다만 매장의 넓이에 미치지 못하는 적은 좌석들은 붐빌 때에는 대기할 수 밖에 없을 것 같아요. 놀라 플로트는 정말 맛있어요.","커피음료(긍정), 공간편의시설(부정), 혼잡도_웨이팅(부정)","100000200002"
"와인도 맛있구 여기 아이스크림, 노래 맛집이에요 사장님 플리 짱","기타디저트(긍정), 분위기감성(긍정)","000001010000"
"유명하다고 해서 왔는데 맛있게 잘 먹고갑니다!! 다음에 또 올게용!","대상 모호(없음)","000000000000"
"분위기도 너무 좋고 디저트류 츄로도넛 짱맛있어요!! 날씨 더운날 에어컨도 빵빵하게 틀어줘서 편하게 즐거운 시간 보냈어요","기타디저트(긍정), 공간편의시설(긍정), 분위기감성(긍정)","000001110000"
"왜 조각당 8천원인지 납득이 안감. 딸기랑 얼그레이 먹어보았는데 시트는 촉촉하나 크림도 겉돌고 케이크가 맛이 없음.","케이크(부정), 가격가성비(부정)","002000000200"
"무스케익 맛있어요. 피스타치오인데 느끼함 없이 산뜻하고 부드러워요! 디저트 종류가 다양하고 맛있어요. 친절하시고 메뉴 자리에 직접 가져다주세요.","케이크(긍정), 서비스(긍정)","001000001000"
"네이버 예약되어서 너무 편합니다. 가게 분위기도 너무 좋아서 성수 온 김에 친구들이랑 함께 즐기기 딱 좋은것 같아요!","공간편의시설(긍정), 분위기감성(긍정)","000000110000"
"브런치, 디저트, 음료 메뉴가 다양하고 상주견 하루가 정말 순하고 귀엽습니다. 좌석도 편하고 사장님들도 친절하셔서 편안한 시간 보냈습니다.","공간편의시설(긍정), 서비스(긍정)","000000101000"
"와 땅콩버터 나온거 따뜻해요!! 완전 신기합니다 바나나푸딩 토스트도 진짜 맛있어요!!!","베이커리빵(긍정)","010000000000"
"베이글 맛집이네요,,,,, 들어가자마자 직원분들이 밝게 인사해주셔서 기분 좋아졌어요! 버터소금라떼 짭짤하이 고소하이 부드럽고 너무 맛있었어요","커피음료(긍정), 베이커리빵(긍정), 서비스(긍정)","110000001000"
"아이가 빙수먹고 싶다고 해서... 사장님도 너무 친절하시고 생각보다 내부가 넓네요? 쾌적하고 느낌있는 카페에서 너무 맛있게 먹었어요. 커피 가격이 상대적으로 착한데 너무 맛있네요","커피음료(긍정), 빙수과일(긍정), 공간편의시설(긍정), 분위기감성(긍정), 서비스(긍정), 가격가성비(긍정)","100010111100"
"브런치 맛집이에요!!! 맛있오요","베이커리빵(긍정)","010000000000"
"커피가 너무 맛있어요 분위기도 아기자기 예쁘고요","커피음료(긍정), 분위기감성(긍정)","100000010000"
"네모네모 컨셉이 너무 기여워용 멀그레미케미크 얼그레이맛이 진하고 무화과도 많이 들어있어서 아쥬 맘에들었어용","케이크(긍정), 분위기감성(긍정)","001000010000"
"맛집!!! 좋았어요 다음에 또 갈 예정입니다","대상 모호(없음)","000000000000"
"우연히 지나가다가 들렸는데 디저트가 진짜 너무 예뻐요.. 가격은 조금 비싸다고 느껴질수도 있지만... 사장님도 너무 친절하시고 완젼 예쁘셨어여","기타디저트(긍정), 서비스(긍정), 가격가성비(중립)","000001001300"
"가게도이쁘고 스모어도 맛잇어용","기타디저트(긍정), 분위기감성(긍정)","000001010000"
"기념일이나, 간식 선물 사갈 때 자주 들리고 있어요!! 위치도 너무 좋고 다양한 종류의 베이글이 많아서 계속 먹어도 넘 좋아요!!","베이커리빵(긍정), 선물포장(긍정)","010000000010"
"올해 먹은 디저트 중 가장 맛있었어요! 위에 올라가는 머랭은 너무 달지 않고 조화로워서 즐거웠네요","기타디저트(긍정)","000001000000"
"아늑한 분위기고 커피 맛있어요!","커피음료(긍정), 분위기감성(긍정)","100000010000"
"비교적 한산한 시간대 6살 아이와 함께 매장을 방문했습니다... 1인 1메뉴 정책은 이해할 수 있으나, 상황에 따른 융통성 없이 기계적으로 대응하는 서비스는 매우 아쉬웠습니다.","서비스(부정), 혼잡도_웨이팅(긍정)","000000002001"
"엄마 생일이라 어썸스윗 성수에서 딸기케익 주문했어요... 요건 한 번에 먹기 적당한 사이즈라 굿굿 레터링도 새길수 있어 더욱 특별한 너낌 사장님도 친절하셔서 기분 좋게 들렀다 갑니당","케이크(긍정), 서비스(긍정)","001000001000"
"진짜 너무 아름다운 공간이었습니다! 비건떼랑 와인 마시면서 잘 놀았어요","커피음료(긍정), 분위기감성(긍정)","100000010000"
"메뉴도 다 건강한 느낌인데 무엇보다 맛있어요!! 성수놀러오면 또 올거 같아요","대상 모호(없음)","000000000000"
"펄수플레 너무 맛있어요! 다들 먹으러 오세요!!","기타디저트(긍정)","000001000000"
"까눌레가 비싸긴 하지만 맛있습니다","쿠키구움과자(긍정), 가격가성비(부정)","000100000200"
"집 근처인데 카페 규모도 크고 디저트도 여기서 직접 만드네요! 분위기 너무 좋고 다음에 또 와야겠어요!","기타디저트(긍정), 공간편의시설(긍정), 분위기감성(긍정)","000001110000"
"분위기 너무 좋고 사람도 없어서 친구랑 도란도란 이야기 하기 좋았어요","분위기감성(긍정), 혼잡도_웨이팅(긍정)","000000010001"
"주차못하고 주변에 공사하고 그냥그래요","공간편의시설(부정)","000000200000"
"치즈케잌이 특히 맛있어요! 모래 위에서 해주는 커피가 인상깊어요) 근처에 온다면 다시 들리고 싶습니다","커피음료(긍정), 케이크(긍정)","101000000000"
"팝업스토어 대기를 하다가... 매장도 엄청 넓고 케이크가 비주얼이 좋아서... 아이스 아메리카노도 진하고 고소에 가까운 커피여서 내 입맛에 딱 맞았고","커피음료(긍정), 케이크(긍정), 공간편의시설(긍정)","101000100000"
"급하게 생일파티 잡혀서 알아보다가 알게된 케익집 디자인도 너무 다양하게 많고 맛있어서 다음에 카페로 이용하려고여 여기 대박나야해요 감성 최고","케이크(긍정), 분위기감성(긍정)","001000010000"
"심플한 인테리어가 취향저격. 초콜릿 풍미 가득한 루프 라떼 맛있네요!","커피음료(긍정), 분위기감성(긍정)","100000010000"
"주차가 안되는게 아쉽지만 친절하고 맛있어요.","공간편의시설(부정), 서비스(긍정)","000000201000"
"오트허니씨쏠트라떼와 치즈케이크먹었습니다. 단짠단짠 좋아하시는 분들이라면 꼭 이 라떼드셔보세요!","커피음료(긍정), 케이크(긍정)","101000000000"
"근처에서 옥수수빵 먹고 들어와서 크림치즈 시켰는데 너무 맛있고 직원분이 너무 착하시고 빵이 너무맛있어요","베이커리빵(긍정), 서비스(긍정)","010000001000"
"디저트 다양하고 맛있어요. 다만 상이 낮아서 좀 불편해요","기타디저트(긍정), 공간편의시설(부정)","000001200000"
"친구를 만나러 가다가 우연히 들린 커피냅로스터스! 페스츄리가 정말 너무 맛있었고, 안에 필링도 심하게 달지 않고 부드러워서 좋았습니다!","베이커리빵(긍정)","010000000000"
"젤 좋아하는 무화과 깜빠뉴!! 진짜 맛남.. 무화과 덩어리가 굿굿","베이커리빵(긍정)","010000000000"
"젤라또 진짜 맛있어요 요거트 진하고 텁텁하지 않고 맛있어요. 커피도 고소하고 힙 한 곳 !!!","커피음료(긍정), 기타디저트(긍정), 분위기감성(긍정)","100001010000"
"이벤트로 우연히 들어왔는데 너무 맛있어요 또 올게여","대상 모호(없음)","000000000000"
"토끼떡 너무 귀엽고 종류가 많아요 다음에 또 올게요","기타디저트(긍정)","000001000000"
"너무 맛나용 여기 오면 스트레스 풀려요","대상 모호(없음)","000000000000"
"사장님 너무너무 친절하시고 크로플도 완전 맛있어요!!! 분위기도 너무좋고 최고임당","기타디저트(긍정), 분위기감성(긍정), 서비스(긍정)","000001011000"
"사과소르베 리코타치즈 아이스크림이 너무 맛있어영","기타디저트(긍정)",000001000000
"디저트 맛있고 인테리어도 이쁩니다분좋카 굿","기타디저트(긍정), 분위기감성(긍정)",000001010000
"소금빵 역시 완전 맛있어요!! 매장도 너무 예쁘고 넓어서 편하게 있다오기 좋구 명란 소금빵 처음 먹어봤는데 한번먹으면 자꾸생각날만 하더라구요 디저트 러버들에게 꼭 가볼만한 곳","베이커리빵(긍정), 공간편의시설(긍정), 분위기감성(긍정)","010000110000"
"커피도 너무 맛있고 안에 공간도 쾌적하고 넓어요! 간판이 예뻐서 들어왔는데 맛있고 내부도 좋아서 자주 올것같아요","커피음료(긍정), 공간편의시설(긍정), 분위기감성(긍정)","100000110000"
"진짜 맛있어요 ! 지난번 말차도 맛잇고 망고도 맛잇엇어요!","대상 모호(없음)",000000000000
"엄청 줄서있길래 기대를 많이했는데... 소금빵이라기보다는 기름진 모닝빵같은 느낌이에요","베이커리빵(부정), 혼잡도_웨이팅(부정)","020000000002"
"드디어 코끼리베이글을..! 저 크림 가득한 모습을 봐주세요! 기절","베이커리빵(긍정)",010000000000
"아메리카노가 고소하고 적당히 깊어서 맛있어요 기본 아메리카노가 맛있어서 그런지 천상가옥 시그니처 커피 꾸덕꾸덕하고 달달하니 꼬수워요! 완전 추천! 크림치즈 브라우니도 꾸덕꾸덕 진득하니 달달하고 생크림 스콘 담백한 단맛이라 좋았어요","커피음료(긍정), 쿠키구움과자(긍정)","100100000000"
"성수동 처음 와봤는데 사람들 많길래 들아와봤는데 매장 분위기도 따뜻하고 직원분들도 너무 친절하시네요. 베이글 맛있어요!! 가격은 합리적입니다","베이커리빵(긍정), 분위기감성(긍정), 서비스(긍정), 가격가성비(긍정), 혼잡도_웨이팅(부정)","010000011102"
"파머스 카페 벌써 세번째 방문이에요!! 커피랑 디저트도 맛있고 집중하기도 좋은 공간이라 넘 좋습니다아","커피음료(긍정), 기타디저트(긍정), 분위기감성(긍정)","100001010000"
"분위기도 좋고 음식도 다 맛있어요! 리조또 추천 서비스로 주신 단호박스프도 잘 먹었습니다 다음에 또 올게요","분위기감성(긍정), 서비스(긍정)","000000011000"
"옥수수 미쳤어요! 옥수수 크림라떼 옥수수 프렌치토스트 두번 세번 드세요... 사장님도 친절하시고 정성 이 느껴지는 맛입니다","커피음료(긍정), 베이커리빵(긍정), 기타디저트(긍정), 서비스(긍정)","110001001000"
"분위기 디저트 맛집입니다! 무화과 시즌이라 무화과 피스타치오 크로플이 나왔는데요...!! 존맛탱니에용 꼭 드시러가세요","기타디저트(긍정), 분위기감성(긍정)","000001010000"
"초코베리케익 너무 맛있어요!! 다들 굿굿이라고","케이크(긍정)",001000000000
"예약이 되어서 편한고요 기본에 충실한 맛이에요!","공간편의시설(긍정)",000000100000
"시댁아파트 바로 앞에 있는 맛있는 빵집. 설 연휴 30할인 좋다 앙버터랑 프레첼 구입!","베이커리빵(긍정), 가격가성비(긍정)","010000000100"
"분위기가 너무좋아요 노래도 좋고 한적한 골목가에있어서 조용하네요","분위기감성(긍정), 혼잡도_웨이팅(긍정)","000000010001"
"너무 맛나용 브라우니는 완전 우유랑 잘 어울리고 블루베리는 완전 쉬폰케이크 느낌이에요","케이크(긍정), 쿠키구움과자(긍정)","001100000000"
"맛있어요. 최고!! 분위기도 좋아요. 방문해보세요!!","분위기감성(긍정)",000000010000
"성수에서 잼 맛집 발견하고 들렀어요 식빵이랑 먹으니 과일맛이 진하게 났습니다 맛도 좋고 집에 가져갈 수 있어서 좋았습니다","베이커리빵(긍정), 선물포장(긍정)","010000000010"
"들어가자마자 버터향이 코를 찔러요소금빵 메뉴 정말 다양하고 치아바타랑 까눌레도 있어요 ) 빵투어 추천합니당","베이커리빵(긍정), 쿠키구움과자(긍정)","010100000000"
"주말엔 웨이팅이 있다고 해서 미리 예약하고 갔어요 10분정도 일찍 갔는데도 바로 입장 할 수 있어서 좋았어요!","공간편의시설(긍정), 혼잡도_웨이팅(중립)","000000100003"
"인스타보고 왔어요!! 분좋카","분위기감성(긍정)",000000010000
"쑥 향이 매력적인 투리 숲 크림라떼 짱이에욧","커피음료(긍정)",100000000000
"진한 라떼 맛은 좋고 카라멜크림이 들어간 맥코이커피는 꽤 달아요 시끄럽지 않고 차분한 분위기라 대화나누기 좋구요 직원 분은 불친절해서 주문할 때부터 분위기 다운됐어요","커피음료(긍정), 분위기감성(긍정), 서비스(부정)","100000012000"
"너무 맛있어서 또 왔어요! 특별한 에그타르트 였어요. 너무 맛나요","쿠키구움과자(긍정)",000100000000
"디저트가 맛집,,,진짜 최고,,,","기타디저트(긍정)",000001000000
"서울숲 바로 입구 일반주택 그대로 사용하는 카페에요.인기가 많아 자리잡기 어렵지만... 핸드드립 괜찮다고 추천해줘서 찾아갔는데 좋았어요.","커피음료(긍정), 공간편의시설(부정), 혼잡도_웨이팅(부정)","100000200002"
"성수에 이렇게 힙하고 분위기 좋은 카페바가 있다는 게 너무 행운이네요 위스키도 맛있고 음악, 분위기, 맛 어느 것 하나 빠지지 않는 완벽한 곳입니다!","커피음료(긍정), 분위기감성(긍정)","100000010000"
"시그니처 메뉴 먹어봤어요. 개인적으로 켈리콜드블루하고 허니마론 강추합니다","커피음료(긍정)",100000000000
"뉴믹스 화이팅!! 할매입맛이신 분들 볶은쌀맛 추천이요!!","대상 모호(없음)",000000000000
"점심먹고 지나가다가 키오스크로 주문하고 테이크아웃 해서 먹었어요 아.아는 가성비가 좋아요!","커피음료(긍정), 가격가성비(긍정)","100000000100"
"명성대로 넘 맛있구.. 보통 베이글집은 크림치즈가 맛이 없는데 여기는 넘 맛있어요!!!","베이커리빵(긍정)",010000000000
"맛있기로 유명한 노아베이커리 성수에 생겨서 너무 조아요 노세권","베이커리빵(긍정)",010000000000
"분위기도 좋고 크로플이 너무 맛있어요","기타디저트(긍정), 분위기감성(긍정)",000001010000
"복숭아 빙수 맛있어요! 복숭아도 많고 달아요","빙수과일(긍정)",000010000000
"성수에 자주 가는 곳이 생겼네요 아이스티 마시러 또 가고 싶은 카페","커피음료(긍정)",100000000000
"맛있어용 고소하고 중독적인 맛이에용","대상 모호(없음)",000000000000
"빵 진짜 맛있어요 갓 구운 빵으로 포장해주셨는데 진짜 맛있고 깔끔하게 만드시는 것 같아서 믿음가요!","베이커리빵(긍정), 선물포장(긍정)","010000000010"
"젤라또 맛있어요! 담에 또 방문할게요!","기타디저트(긍정)",000001000000
"친구와 핫하다는 성수에 와서 카페에 왔는데 선택 잘한거같아요","분위기감성(긍정)",000000010000
"먹어본 망고빙수 중 최고! 생망고가 한가득 우유빙수안에는 망고퓨레 와!정성가득한 감동의 맛","빙수과일(긍정)",000010000000
"너무 맛있어요 !! 성수 오면 꼭 먹는 마망이에요 매번 색다른 맛 먹는데 맛이 다 신선하고 맛있어요","기타디저트(긍정)",000001000000
"정말 과장 0.0000001도 없이 제가 인생에서 먹어본 치즈케이크 중 제일 맛있습니다! 밀가루가 안 들어간 케이크라는데, 맛이 정말 독특하고 맛있습니다.","케이크(긍정)",001000000000
"부드러운 유정란 에그타르트가 정말 맛있었어요 커피와 함께 먹으니 완벽한 조합이었어요","커피음료(긍정), 쿠키구움과자(긍정)","100100000000"
"저녁 늦게까지 하는 카페 얼마없는데 분위기도 좋고 커피도 맛있어요 천장이 높아서 쾌적하고 대화하기 좋아요","커피음료(긍정), 공간편의시설(긍정), 분위기감성(긍정)","100000110000"
"한참 기다려야 하지만 여기서만 맛볼 수 있는 거라 맛은 봐야했어요 아이가 원하니까! 매번 먹던 식빵과 색다른 맛에 맛있게 먹었습니다.","베이커리빵(긍정), 혼잡도_웨이팅(부정)","010000000002"
"지나가다가 냄새가 너무 좋고 맛있어보여서 들렸어요 황치즈랑 에그타르트 주문했는데 매장도 깔끔하고 맛있어보여요 !","쿠키구움과자(긍정), 공간편의시설(긍정)","000100100000"
"맛있고 분위기가 좋았어요! 자리도 넓고 다음엔 테라스석앉아보고싶어요)","공간편의시설(긍정), 분위기감성(긍정)","000000110000"
"메가박스 성수점과 같은 건물에 있어요","공간편의시설(긍정)",000000100000
"수박주스가 수박 100프로라구 해서 왓어용! 넘 마시싸용!!!","커피음료(긍정)",100000000000
"커피가 맛있고 내부가 쾌적하고 넓어요 디저트 메뉴도 맛있고 직원분들도 친절하세요","커피음료(긍정), 기타디저트(긍정), 공간편의시설(긍정), 서비스(긍정)","100001101000"
"인터넷에서 봐서 방문했는데 와보니 베이글들이 아기자기하고 너무 귀옆게 생겼어요!!","베이커리빵(긍정)",010000000000
"분위기 좋은 와인바 아이스크림 너무 맛있어요 잘 놀다갑니다 !","기타디저트(긍정), 분위기감성(긍정)","000001010000"
"성수를 가게되면 꼭 들리는 빵집이에요! 새로 재오픈하고선 새로운 빵종류가 생겼더라구요! 제 인생 식빵 맛집입니다","베이커리빵(긍정)",010000000000
"친구랑 같이 생일을 축하하기 위해 예약하고 분위기도 좋고 케이크도 맛있고요","케이크(긍정), 분위기감성(긍정)","001000010000"
"디저트 짱 맛있구 웨이팅도 치열하지 않아 빨리 들어왔어요. 디저트 짱맛! 친절하시고 채광이 좋아 사진도 잘 나와요.","기타디저트(긍정), 분위기감성(긍정), 서비스(긍정), 혼잡도_웨이팅(긍정)","000001011001"
"네이버 예약이 되는줄 모르고 토요일 낮에 한시간 십분 대기하고 들어갔어요.... 외국인들 진짜 많이 오더라구요","혼잡도_웨이팅(부정)",000000000002
"예약하고 바로 들어갔으나 대기줄이 길어 또 줄을 서서 기다려서 식빵을 샀어요... 주말이라 매우 붐볐어요","베이커리빵(긍정), 혼잡도_웨이팅(부정)","010000000002"
"맛있어요 종류도 많아요 근데 조금 비싸요 ! 성수동이라 그런가 다들 친절 핫세요","서비스(긍정), 가격가성비(부정)","000000001200"
"이렇게 맛있고 힙한분위기 넘나좋아요 딱 젊머니들이 좋아하는스타일이랄까요? 빵도너무나맛있구 제 최애는 초코","베이커리빵(긍정), 분위기감성(긍정)","010000010000"
"에스프레소 티라미수 너무 맛있어요!! 오픈샌드위치도 맛있게 잘 먹었습니다 분위기도 좋아요","베이커리빵(긍정), 케이크(긍정), 분위기감성(긍정)","011000010000"
"서울숲 옆 까페골목에서 구석진 곳 1.5층 작은 까페예요. 디카페인 커피와 얼그레이 밀크... 초코 마들렌과 아몬드 휘낭시에 맛있게 먹었어요 조용한 까페 원하시면 추천합니다.","커피음료(긍정), 쿠키구움과자(긍정), 분위기감성(긍정)","100100010000"
"카페도 메뉴도 다 너무 귀여워요","분위기감성(긍정)",000000010000
"조용하게, 아무 생각하지 않고 시간을 보낼 수 있어 좋았어요. 다만 제가 갔던 시간대가 햇볕이 좀 세더라구요.","공간편의시설(부정), 분위기감성(긍정)","000000210000"
"왕십리역 쪽에서 발견한 카페에요! 골목에 있어서 조용하고 디저트가 수제 느낌으로 고급진 맛이에요. 포장도 이뻐서 선물용으로 좋아요.","기타디저트(긍정), 선물포장(긍정)","000001000010"
"베이글 너무 예쁘고 맛있는 집 대기타고 있다가 먹었어요 딸이 한 번 먹고 계속 생각난다고 해서 자주 오는 곳","베이커리빵(긍정), 혼잡도_웨이팅(부정)","010000000002"
"딸기케이크를 빠르게 맛볼 수 있어서 좋아용 후추커피도 너무 신기한 맛이에용","커피음료(긍정), 케이크(긍정)","101000000000"
"진짜 맛있어요.. 그냥 다 맛있어요..","대상 모호(없음)",000000000000
"회사 근처라 점심 먹고 커피 마시러 들렀는데 진짜 숨겨진 보석이네요! 투리숲 크림라떼는 고소하고 부드러워요","커피음료(긍정)",100000000000
"소금에그타르트가 맛있다고 해서 방문했어요 따뜻할때 바로 먹었는데 커스터드가 부드럽고 파이지도 바삭해요.","쿠키구움과자(긍정)",000100000000
"진짜 맛있다! 킹왕짱 개존맛","대상 모호(없음)",000000000000
"분위기가 좋고 디저트도 괜찮아요","기타디저트(긍정), 분위기감성(긍정)",000001010000
"친절하시고 매장 분위기도 좋아요. 피넛버터도 너무 맛있구요","분위기감성(긍정), 서비스(긍정)","000000011000"
"이전에 친구들이랑 왔는데 맛있어서 남친이랑 같이 왔어요! 포장해서 와인이랑 마시려구요","선물포장(긍정)",000000000010
"매장이 넓고 조용해서 공부하기도 좋네여 !! 직원분들도 친절하시고 음료도 좋습니당","커피음료(긍정), 공간편의시설(긍정), 서비스(긍정)","100000101000"
"분위기가 좋고 고양이가 귀여워요!","분위기감성(긍정)",000000010000
"치킨 베이컨 샌드위치 너무 맛있어요!!","베이커리빵(긍정)",010000000000
"로얄밀크티쉐이크(R) 떠먹는 스트로베리초콜릿 너모너모 맛있어요","커피음료(긍정), 케이크(긍정)","101000000000"
"처음왔는데 양도 많고 맛있어요. 잘 먹고 갑니다.","가격가성비(긍정)",000000000100
"원두도 고를 수 있다는 점이 좋았고 커피도 올려진 크림도 엄청 맛있었습니다!!! 매장이 넓지는 않았지만 적당했어요","커피음료(긍정), 공간편의시설(긍정)","100000100000"
"키르쉬(블랙포레스트) 진짜 찐 맛집이에요 딸기케익보다 블포.. 차도 향긋하고 좋아요","커피음료(긍정), 케이크(긍정)","101000000000"
"매장이 넓고 대화하기 좋아요 곳곳에 사진스팟도 귀엽구 베이커리 메뉴가 특이해요","베이커리빵(긍정), 공간편의시설(긍정), 분위기감성(긍정)","010000110000"
"케이크랑 아이스크림 너무 맛있구 자리도 푹신해서 너무 마음에 들어요","케이크(긍정), 기타디저트(긍정), 공간편의시설(긍정)","001001100000"
"아메리카노는 과일향이 나는 b타입과 스모키한 향이 나는 a형이 있어서 고를 수 있어서 좋았어요. 마롱 타르트도 정말 맛있었습니다!","커피음료(긍정), 케이크(긍정)","101000000000"
"카페 분위기도 좋고 맛도 좋고! 추천입니다!","분위기감성(긍정)",000000010000
"코끼리베이글이 있다해서 가봤어요 매장이 정말 넓고 배이글 종류도 많아 괜찮았어요","베이커리빵(긍정), 공간편의시설(긍정)","010000100000"
"평일 오후에 가니 품절이 많아서 크림치즈 생크림 사왔어요","혼잡도_웨이팅(부정)",000000000002
"커피랑 음료(한라봉티), 디저트도 다 맛있고... 디저트 재료도 다 좋은 것들 쓰시는 것 같고 참 괜찮은 카페인 것 같습니다.","커피음료(긍정), 기타디저트(긍정)","100001000000"
"예약시간에 관계없이... 방문 픽업하면 되는 점이 편했어요. 근데 단점 때문에... 알바분이 대응을 너무 정신없게 해요. 봉투는 사정없이 구겨버리질 않나... 초는 또 안 넣어주셨네요?","케이크(긍정), 서비스(부정), 선물포장(부정)","001000002020"
"화덕에 구운 코끼리 베이글 !! 멋있어요!!","베이커리빵(긍정)",010000000000
"소금빵은 여기서만 먹어요 진짜 맛있어요","베이커리빵(긍정)",010000000000
"프렌치토스트 넘나 제 스탈.. 그리고 에그인헬 여기 숨어있는 맛메뉴에요 꼭 드셔보세요!","베이커리빵(긍정)",010000000000
"직원들은 친절하나 커피 맛은 평범","커피음료(중립), 서비스(긍정)","300000001000"
"아주 아주 만족스러워요 다양한 수제잼과 신선한 재료 굿입니당","대상 모호(없음)",000000000000
"디저트가 다양해서 재방문 했어요!","기타디저트(긍정)",000001000000
"멜론빵과 스콘을 구매했습니다 맛있습니다","베이커리빵(긍정), 쿠키구움과자(긍정)","010100000000"
"케익이 많이 달지 않고 고급지고 너무 맛있어요... 매장도 플로리스트를 하셨던 사장님의 분위기가 느껴져서 너무 좋았어요","케이크(긍정), 분위기감성(긍정)","001000010000"
"빙수 진짜 엄청 커요! 그리구 너무 맛있음","빙수과일(긍정)",000010000000
"인스타그램에서 보고 기대하고 갔는데 제가 생각했던 분위기랑은 다른 느낌이였습니다... 그래도 디저트는 너무너무 만족 했어요!","기타디저트(긍정), 분위기감성(부정)","000001020000"
"색다른 데이트를하기 좋았습니다","분위기감성(긍정)",000000010000
"디저트도 커피도 넘 맛있어요! 편안한 분위기에 직원분들도 친절하셔서 좋았습니다","커피음료(긍정), 기타디저트(긍정), 분위기감성(긍정), 서비스(긍정)",100001011000
"무조건 다시 갈예정 입니다!!!","대상 모호(없음)",000000000000
"아무래도 나중에 또 가봐야 할 것 같아요.. 메뉴가 진짜 많아서 고르기 넘 힘들었고... 캔디 베이컨... 맛은 있었지만 매우 딱딱해서 먹기가 불편했던 ..","베이커리빵(중립)",030000000000
"저번에 우연히 지나가다가 들렀는데... 지인한테 선물할려구 또 방문했는데 직원분도 너무 친절하시구 도넛이랑 타르트도 진짜 너무 맛있구","케이크(긍정), 기타디저트(긍정), 서비스(긍정), 선물포장(긍정)",001001001010
"사람 많은 성수를 떠돌다 겨우 들어온 한적하고 이쁜 카페입니다!!","분위기감성(긍정), 혼잡도_웨이팅(긍정)",000000010001
"뚝섬역 카페로 강추드려용!!... 특히 초콜릿우유가 시그니처메뉴인데 초콜릿 풍미가 진하고 맛있었답니다","커피음료(긍정), 분위기감성(긍정)",100000010000
"줄은 길지만 빵은 맛있어요 별 5개","베이커리빵(긍정), 혼잡도_웨이팅(부정)",010000000002
"친구랑 오랜만에 만나서 서울숲 나들이 나왔는데... 타르트 종류도 많고 맛있어요!!","기타디저트(긍정), 공간편의시설(긍정), 분위기감성(긍정)",000001110000
"디저트도 빵도 음료도 다 너무 맛있네요 비싸다고 느껴지지 않아요 오래 머무르기도 좋고 맛있게 잘 먹었어용","커피음료(긍정), 베이커리빵(긍정), 기타디저트(긍정), 공간편의시설(긍정), 가격가성비(긍정)",110001100100
"분위기도 좋고,음식도 맛있어요!!!","분위기감성(긍정)",000000010000
"무게는 좀 나가지만 색깔이랑 크기 넘나 맘에 들어요!","대상 없음(기타 굿즈)",000000000000
"올 여름 자주 오게 될 것 같아요. 쫀득쫀득해서 너무 맛있네요","대상 모호(없음)",000000000000
"분위기가 너무 멋져요 웨이팅 10분이내로 들어왔어요... 음식도 맛있고","분위기감성(긍정), 혼잡도_웨이팅(긍정)",000000010001
"아메리카노 고소 산미 완전 없어서 정말 좋아요... 4층까지 있고 자연속에 있는 기분이에요!","커피음료(긍정), 공간편의시설(긍정), 분위기감성(긍정)",100000110000
"날씨좋은날 테라스도 넘좋고 인테리어도 예쁘고 음식도맛있어요 추천드립니당!!","공간편의시설(긍정), 분위기감성(긍정)",000000110000
"서울숲에서 찾아낸 놀라운 발견!... 파리 블랑제리에서 먹던 갓구운 바게트를 서울하늘에서 먹게될줄 몰랐다.","베이커리빵(긍정)",010000000000
"냄새에 홀려서 들어간 소금빵 맛집! 너무 맛있어요","베이커리빵(긍정)",010000000000
"레몬파운드케이크 미니 크로와상 자망드 땅콩크림샌드 밀도는 식빵 말구. 그 외에 베이커리류들도 맛있어요!","베이커리빵(긍정), 쿠키구움과자(긍정)",010100000000
"에스프레소 소금빵 맛집입니다 실버 메탈 컨셉 인테리어도 너무 깔끔해요","커피음료(긍정), 베이커리빵(긍정), 분위기감성(긍정)",110000010000
"들어오자마자 인테리어가 아늑하면서 따스한 느낌이라 기분이 좋았어요 베이커리 종류가 많아서 너무 행복했습니다","베이커리빵(긍정), 분위기감성(긍정)",010000010000
"남친 생일이라 한입케이크 주문했어요!... 예약없이가도 매장에 준비되어있는 케이크가 많아서 급하게 필요할때에도 이용하기 좋을거같아용","케이크(긍정), 선물포장(긍정)",001000000010
"하늘뷰 존예쁘고 커피두맛있구...","커피음료(긍정), 분위기감성(긍정)",100000010000
"날씨가 더운데 너무 쾌적한 환경에서 완전 당보충하고 가요!","공간편의시설(긍정)",000000100000
"직원분도 친절하시고 커피도 맛있었어요","커피음료(긍정), 서비스(긍정)",100000001000
"크루키 너무 맛있어서 재방문했어요! 꼭 살짝 데워 드셔보세요..천상의 맛 그 자체에요","쿠키구움과자(긍정)",000100000000
"맛있고 인테리어가 예쁘고 친절해요","분위기감성(긍정), 서비스(긍정)",000000011000
"너무 예쁜데 맛도 쵝오! 인테리어도 예뻐요 직원분들도 짱 친절하셨습니다!","분위기감성(긍정), 서비스(긍정)",000000011000
"커피도 맛있고 분위기가 좋아요","커피음료(긍정), 분위기감성(긍정)",100000010000
"좋다는 말로는 다 표현되지 않는곳인것 같아요... 아늑한 분위기의 LP카페에서 달달한 디저트를 한입한입... 사장님의 따수운 미소도 한몫 한것같아요","기타디저트(긍정), 분위기감성(긍정), 서비스(긍정)",000001011000
"분위기좋고 사람많지않아요 작업하기조음","공간편의시설(긍정), 분위기감성(긍정), 혼잡도_웨이팅(긍정)",000000110001
"찐드하고 달달한 땅콩맛 커피 너티클라우드와... 빵도 모두다 맛있어요... 아침 출근길에 자주들러 아침도 해결!","커피음료(긍정), 베이커리빵(긍정), 분위기감성(긍정), 가격가성비(긍정)",110000010100
"개성주악이랑 약과가 있어서 부모님이랑 오기도 좋은 곳 같아요!! 자리도 넓직하고 좋아요 )","기타디저트(긍정), 공간편의시설(긍정)",000001100000
"망빙 먹었는데 돈안아깝구 정말 맛있어요 담에 복숭아빙수 먹으로 오고시퍼용","빙수과일(긍정), 가격가성비(긍정)",000010000100
"이 동네에서 되게 맛있다고 소문난 집이에요 )","대상 모호(없음)",000000000000
"피넛버터 너무너무 좋아하는데 취저 카페네요!!!","대상 모호(없음)",000000000000
"앙버터 맛집 낮에 오면 분위기 좋을듯","베이커리빵(긍정), 분위기감성(긍정)",010000010000
"테라스랑 매장 내부 인테리어 분위기 좋고 너무예뻐요! 커피도 마싯서요,,,,","커피음료(긍정), 공간편의시설(긍정), 분위기감성(긍정)",100000110000
"로얄밀크티쉐이크 맛있어요 짱짱","커피음료(긍정)",100000000000
"맛있어서 또 왔어용 크림 존맛탱","대상 모호(없음)",000000000000
"너무너무 맛있어요 입맛 까다로운 엄마도 달콤짭쪼름하니 맛있다구했어요","대상 모호(없음)",000000000000
"가보고싶어서 저장해둔 곳인데 드디어 옵니다! 베이글 맛집으로 자주자주 재방문하려구요!","베이커리빵(긍정)",010000000000
"성수에 찐 베이글 맛집이 생겼네요!! 오늘은 선물용으로 포장해가지만... 종류도 진짜 많고 너무 맛있어요","베이커리빵(긍정), 선물포장(긍정)",010000000010
"에이드 두잔 시켰다가 딸리우유가 시그니처 인거 알고 또 주문해서 먹었어요. 넓어서 좋았는데 음료는 맛있지는 않고 무난했습니다","커피음료(중립), 공간편의시설(긍정)",300000100000
"궁금했는데 드디어 와보게 되어 기뻐요 기대한것 이상으로 커피가 너무 맛있어요","커피음료(긍정)",100000000000
"디에그 에타는 그냥 진리입니다! 에타디에그 진짜 촉촉하고 담백하고 너무좋습니다","쿠키구움과자(긍정)",000100000000
"에스프레소 맛진하고 매장도 아담하고 분위기 좋아요 종류도 많고 맛있어요","커피음료(긍정), 공간편의시설(긍정), 분위기감성(긍정)",100000110000
"친구랑 점심 먹으러 왔는데 너무 맛있어요! 다음에 또 방문할래요","대상 모호(없음)",000000000000
"두번째 방문했는데 케이크도 너무 맛있고 공간도 너무 좋아요","케이크(긍정), 공간편의시설(긍정)",001000100000
"망고 빙수 먹으러왔는데 달달하고 맛있어요! 소금빵도 진짜 잘 먹었습니다 웨이팅이 좀 있는데 생각보다 회전율이 빨랐고 웨이팅 장소도 잘 되어있어요","베이커리빵(긍정), 빙수과일(긍정), 혼잡도_웨이팅(중립)",010010000003
"왜 그런곳 있잖아요. 앉아 있으면 기분 좋아지는 카페... 넓은 매장에 앉아 있으면 편안하고 거기에 커피와 케이크까지 맛있으면 너무 좋죠","커피음료(긍정), 케이크(긍정), 공간편의시설(긍정), 서비스(긍정)",101000101000
"분위기좋은 성수연방에서 맛있는 디저트 먹고 분위기 즐기다 갑니다","기타디저트(긍정), 분위기감성(긍정)",000001010000
"커피도 맛있고 까눌레칩도 맛있규 마들렌도 맛있네요","커피음료(긍정), 쿠키구움과자(긍정)",100100000000
"정말 즐거운 시간 보냈습니다) 특히 시그니처 라떼가 넘나넘나 맛있었어요!!!","커피음료(긍정)",100000000000
"커피 맛도 너무 맛있고 가게가 예뻐요... 직원 분들도 친절하시고 케이크도 맛있어요!","커피음료(긍정), 케이크(긍정), 분위기감성(긍정), 서비스(긍정)",101000011000
"개성주악파는곳!! 쫀득한식감이 대박","기타디저트(긍정)",000001000000
"직원분이 하나하나 다 챙겨주시고 친절하셨어요","서비스(긍정)",000000001000
"라떼존맛 창가뷰가 좋아요 )","커피음료(긍정), 분위기감성(긍정)",100000010000
"커피 너무 맛나구여 카페가 넘 이뻐서사진 찍기 딱이에요!!... 크로플도 넘 맛나요","커피음료(긍정), 기타디저트(긍정), 분위기감성(긍정)",100001010000
"도넛이 진짜 너무 맛있어서 흡입하고 왔어용... 봉땅 도넛이였다고 얘기할 것 같아요Good","기타디저트(긍정)",000001000000
"좋은 만남엔 분위기와 맛을 놓칠수 없죠 커피가 진짜 맛있어요 대화하기 좋아요","커피음료(긍정), 분위기감성(긍정)",100000010000
"사장님이 너무 친절하셔서 수업 정말 쉽고 재미있게 잘 했던 것 같아요. 데이트 코스로 추천합니다!","서비스(긍정)",000000001000
"공간이 넓고 좌석 구성이 다양해서 모임하기 좋아요","공간편의시설(긍정)",000000100000
"디저트 종류랑 유니크함은 좋은데.. 맛은 그닥?.. 이렇게 눅진한 패스츄리도 오랫만이라 당황스러웠다... 화장실도 휴지통이 애매한 위치에 있어서 깜짝 놀람","베이커리빵(부정), 공간편의시설(부정)",020000020000
"서울숲 지나가다 우연히 봤는데 빵집 맛집이예요.","베이커리빵(긍정)",010000000000
"제주 느낌 물씬 나는 타르트라 그런지 맛도 신선하고 좋더라고요... 재료에 신경 많이 쓴 게 느껴져서 만족스러웠어요!","기타디저트(긍정)",000001000000
"다양하게 볼거리도 많고 김치볶음밥도 맛있네요","대상 모호(식사류)",000000000000
"사진 찍을 곳도 많고 음료랑 디저트도 맛있어요","기타디저트(긍정), 분위기감성(긍정)",000001010000
"티라미수랑 음료 맛있어서 재방문했어요 인테리어도 예뻐요","커피음료(긍정), 케이크(긍정), 분위기감성(긍정)",101000010000
"삼치와 오일파스타 조합이 가장 궁금했어요. 너무 맛있어요! 라자냐도 깔끔하게 맛있었습니다. 테라스 공간이 너무 멋있네요 )","분위기감성(긍정)",000000010000
"거의 매일 가는 카페 중 하나 ! 직원분들 엄청 친절하시고 매장도 이쁩니당... 작업하러 많이 가는데 단골 될 거 같아요 )","공간편의시설(긍정), 분위기감성(긍정), 서비스(긍정)",000000111000
"평소 기념일같은 특별한 날에 자주 이용하는 동네 케이크샵입니다... 선물용으로도 최고!!","케이크(긍정), 선물포장(긍정)",001000000010
"프렌즈앤야드 다시 재뱅문 의사 100 입니다. 분위기와 맛 다 가졌어요!!","분위기감성(긍정)",000000010000
"시식 후 너무 맛있어서 큰 사이즈로 바로 구매해버렸어요... 분위기도 좋고 피버바스무디도 맛있어요","커피음료(긍정), 분위기감성(긍정)",100000010000
"버터좔좔 소금팥붕어빵! 아메랑 먹으면 목구멍에 수십개도 들어갈듯","커피음료(긍정), 베이커리빵(긍정)",110000000000
"겨울엔 딸기생크림케이크 딸기프레지아가 유명하다해서 방문해봤어요! 맛있고 사장님도 친절해요","케이크(긍정), 서비스(긍정)",001000001000
"지금까지 먹어본 망고 빙수 중에 제일 맛있어요 !!... 하지만 인기가 많아서 웨이팅은 조금 있는데 앉아서 기다릴 수 있어서 좋아요","빙수과일(긍정), 혼잡도_웨이팅(중립)",000010000003
"사람 엄청 많아요 주차 협소 케이크 크라상 맛있음","베이커리빵(긍정), 케이크(긍정), 공간편의시설(부정), 혼잡도_웨이팅(부정)",011000200002
"휘낭시에랑 까눌레가 너무 맛있고 디저트 선물용으로도 추천해요!... 포장 비용이 조금 비싸지만 선물 주기에는 너무 좋은 것 같아요","쿠키구움과자(긍정), 가격가성비(부정), 선물포장(긍정)",000100000210
"팥빙수 맛있어요. 성수동 붐빔.","빙수과일(긍정), 혼잡도_웨이팅(부정)",000010000002
"사장님도 친저롸시고 유쾌하시고 맛나요","서비스(긍정)",000000001000
"회사 근처라서 자주 오는 곳이에요 무엇보다 커피가 맛있고 테이크아웃은 천원할인이라 좋아요","커피음료(긍정), 가격가성비(긍정)",100000000100
"딸기케이크가 너무 달지 않고 맛있어요 커피도 맛집이네요 오트카페라떼 강추합니다","커피음료(긍정), 케이크(긍정)",101000000000
"성수오면 항상 이용하는 커피맛집... 파운드도 잇네요 쿠키도 넘 맛나요 굿 방문강추","커피음료(긍정), 쿠키구움과자(긍정)",100100000000
"오후에 갔더니 빵이 거의 팔려서 소금빵 한개 사봤어요 이때까지 먹어봤던 소금빵 중에 젤 맛있었어요","베이커리빵(긍정), 혼잡도_웨이팅(부정)",010000000002
"여친이랑 놀러왔는데 무화과빙수 넘예쁘고 맛있어요 빨리먹고싶네요 데이트 강추.","빙수과일(긍정), 분위기감성(긍정)",000010010000
"너무 귀여운 케이크에요! 쪼꼬만해서 부담도 더할니다! 치즈폰드, 곰돌이, 스몰트리 주문했는데 치즈폰드가 제일 취향이었어요!","케이크(긍정)",001000000000
"분의기 넘조하요! 아수쿠림도 맛도리예요!","기타디저트(긍정), 분위기감성(긍정)",000001010000
"브라우니바이트, 바나나머쉬룸머핀 모두 다 맛있어요!! 카카오 원두로 먹었는데 진하고 산미 없이 맛있어요","커피음료(긍정), 쿠키구움과자(긍정)",100100000000
"양도 많고 맛있어요 남은건 셀프 포장해옴","가격가성비(긍정), 선물포장(긍정)",000000000110
"종이가 너무 커서 포인트만 줘서 칠했어용!!","분위기감성(긍정)",000000010000
"크럼블치즈케이크가 정말 맛있구 인테리어가 외국 카페 같아요!! 2층 매장이어서 붐비지 않아서 더 좋았네용","케이크(긍정), 공간편의시설(긍정), 분위기감성(긍정), 혼잡도_웨이팅(긍정)",001000110001
"커피도 직접 로스팅하고 베이커리도 직접 하는 카페라 전부 맛있어요 좌석도 넉넉해서 좋아요","커피음료(긍정), 베이커리빵(긍정), 공간편의시설(긍정)",110000100000
"직원분들이 대형견 환영해주셔서 감사했어용) 반려동물 동반으로... 쿠이글이랑 꾸덕한 초코파운드케이크까지 다 존맛이용","케이크(긍정), 쿠키구움과자(긍정), 서비스(긍정)",001100001000
"완전 짱짱 맛있구 분위기도 좋아서 너무 좋았어요... 딸기케이크도 진짜 맛있구 파르페도 완전 맛있어요...","케이크(긍정), 기타디저트(긍정), 분위기감성(긍정), 서비스(긍정)",001001011000
"라떼 향이 진해서 한 모금 마실 때마다 행복해요 부드럽고 고소해요!","커피음료(긍정)",100000000000
"너무 맛있고 친절하세요 !!!","서비스(긍정)",000000001000
"좋은 경험이었습니다! 알쓰인 제게는... 아이스크림이었습니다! 레몬에이드도 너무 맛있었어요!","커피음료(긍정), 기타디저트(긍정)",100001000000
"서울숲에 벚꽃구경하러 온 사람들이 많아서 대기줄이 길었는데 생각보다 음료가 빨리 나와서 좋았어요","서비스(긍정), 혼잡도_웨이팅(부정)",000000001002
"오늘이 성수블렌드의 마지막날이네요. 산미 있는 커피를 항상 잘 마셔서 아쉬움이 남지만 새로운 원두도 기대됩니다","커피음료(긍정)",100000000000
"분위기가 색다르고 커피랑 디저트가 맛있어욘!","커피음료(긍정), 기타디저트(긍정), 분위기감성(긍정)",100001010000
"휴무라 평소 성수동을 관심있게 보다 플로라카페 커피맛이 너무 궁금하여 드디어 방문!! 애플파이 대박입니다 에스프레스 커피의 크림은 너무 부드럽고 맛있어요 다음에도 또 방문 예약합니다","커피음료(긍정), 베이커리빵(긍정)",110000000000
"뚝섬카페 쿠키 맛집이에요! 박세리픽으로 유명한 곳이여서 와보고 싶었는데 드디어 방문 완료! 귀엽고 맛있는 쿠키들이 가득했어요! 자리도 넓어서 대화하기 최고오","쿠키구움과자(긍정), 공간편의시설(긍정)",000100100000
"매장이 깨끗하고 조용하고 좋아요","공간편의시설(긍정), 분위기감성(긍정)",000000110000
"매장은 넓은데 좌석 배치가 좀 별로","공간편의시설(부정)",000000200000
"베이글 종류도 많고 맛있어요","베이커리빵(긍정)",010000000000
"친구 생일 선물로 준비했는데, 케이크 받자마자 너무 예쁘다고 감탄했어요! 레터링도 깔끔하고 감성 있는 색 조합이라 사진이 정말 잘 나왔어요 덕분에 좋은 추억 남길 수 있었어요","케이크(긍정), 선물포장(긍정)",001000000010
"치즈케이크 너무 맛있어요 서울숲 바로 앞에 있어서 들르기도 조아여!! 커피도 맛있어용","커피음료(긍정), 케이크(긍정), 공간편의시설(긍정)",101000100000
"맛있는 디저트 먹고싶어서 들린 레이더 성수 좌석 간격이 넓어서 혼자 작업하러 오기도 좋을 것 같고... 음료까지 그냥 새로 해주셔서 너무 감사했습니다","커피음료(긍정), 기타디저트(긍정), 공간편의시설(긍정), 서비스(긍정)",100001101000
"안 되는점들이 많은 커피숍 와이파이 안됨 컨센트 없음 주차 안됨 그렇다고 커피맛이 더 낫냐? 아닌거 같다. 그냥 거품의 마케팅인듯....","커피음료(부정), 공간편의시설(부정)",200000200000
"커피가 향긋하고 오미자차가 정말 맛있어요 여기 크림브륄레도 맛있는데... 고구마 티라미수도 부드럽고 매우 맛있습니다 ) 코지하면서 세련된곳","커피음료(긍정), 케이크(긍정), 기타디저트(긍정), 분위기감성(긍정)",101001010000
"카페가 너무 예쁘고 귀여워요 친구랑 재밌게 놀았어요","분위기감성(긍정)",000000010000
"둘이서 세개시켰는데 샐러드도 파스타도 양이 너무 흡족하게 많고... 인테리어도 좋고 삼치파스타 짱맛있어요. 커피도 디카페인인데도 맛잇어서 좋아요.","커피음료(긍정), 분위기감성(긍정), 가격가성비(긍정)",100000010100
"커피도 맛있고 소금빵이 진짜 쫀맛이네요!! 또 올게요!!","커피음료(긍정), 베이커리빵(긍정)",110000000000
"성수동에서 약속 있어 시간이 남아 방문해보았는데 혼자 책 읽기에 너무 좋은거같아요 !... 직원분도 너무 친절하시고 다정하십니다","분위기감성(긍정), 서비스(긍정)",000000011000
"인생 식빵인거 같아요 버터맛 미쳤는데 심지어 따뜻해 커피도 맛있어서 같이 먹으니까앉은자리에서 다 먹었음..","커피음료(긍정), 베이커리빵(긍정)",110000000000
"귀여운 쿠키가 가득한 카페 사장님도 친절하시고 맛있습니다","쿠키구움과자(긍정), 서비스(긍정)",000100001000
"줄이 길어서 이번에 처음으로 사봤네요! 매장에 최대 인원이 4명이라서 생각보다 금방 구매할 수 있었습니다 빵도 무난하니 맛있었습니다!","베이커리빵(긍정), 혼잡도_웨이팅(중립)",010000000003
"거의 오픈으로 와서 한적하고 좋았어요. 커피 맛있구 단호박스프가 완전 너무 맛있었습니다","커피음료(긍정), 베이커리빵(긍정), 혼잡도_웨이팅(긍정)",110000000001
"맛이 아주 특별하진 않았지만 뷰가 좋고, 건강한 식사를 팔아서 좋아요 키오스크 오류가 너무 많이나서 애당초 직원분이 주문 받아주시면 좋겠어요","서비스(부정), 분위기감성(긍정)",000000012000
"인절미가 쫄깃쫄깃 너무 맛있어용","기타디저트(긍정)",000001000000
"크랜배리 트리플치즈 베이글과 라떼 맛있었습니다","커피음료(긍정), 베이커리빵(긍정)",110000000000
"지인에게 이야기듣고 방문했는데 너 무 맛있어요 종류별로 다 먹고싶을만큼 만족합니다","대상 모호(없음)",000000000000
"3번째 방문합니다. 빙수도 달달하고 망고도 적당히 녹아서 맛있어요. 웨이팅 없이 늘 바로 앉을 수 있었어요","빙수과일(긍정), 혼잡도_웨이팅(긍정)",000010000001
"라떼가 정말 맛있어요. 다른 라떼들은 취향 아닌데, 여기는 너무 입에 맞아서 꾸준히 찾게 되는 거 같아요","커피음료(긍정)",100000000000
"성수동에서 점심시간에 웨이팅 없이 점심시간에 커피나 스프와 세트로 시키면 할인도 해주더라구요. 매장이 넓어서 좋았어요! 가격대가 좀 있는 편이지만 기분좋게 식사했습니당","베이커리빵(긍정), 공간편의시설(긍정), 가격가성비(부정), 혼잡도_웨이팅(긍정)",010000100201
"아이들이 좋아해서 성수 올때마다 방문해요 항상 친절하시고 맛있어요 또 올게요","서비스(긍정)",000000001000
"테라스가 좀 청소가 안돼서 지저분하긴해도... 가격은 엄청 비싼데 음료는 제대로 배우지 않은 분들이 만든 느낌..","커피음료(부정), 공간편의시설(부정), 가격가성비(부정)",200000200200
"죠리퐁라떼 처음 먹어봤는데 맛있어요 끼니가 되네요!","커피음료(긍정)",100000000000
"디저트도 커피도 다 맛있어요","커피음료(긍정), 기타디저트(긍정)",100001000000
"주차편하고 건강빵도 맛나고 좋아요 종종 이용할게요!","베이커리빵(긍정), 공간편의시설(긍정)",010000100000
"분위기도 좋고 재밌게 잘 즐기다가 갑니다!","분위기감성(긍정)",000000010000
"할로윈 느낌 뿜뿜 누텔라모카는 처음봐서 먹어본건데 그냥 그렇네요 ..","커피음료(중립), 분위기감성(긍정)",300000010000
"가게도 너무 예쁘고 분위기도 좋아용 빙수는 처음에 너무 비싼가 싶었는데 진짜 먹어본 빙수 중에 가장 맛있고 양도 엄청 많아요!!","빙수과일(긍정), 분위기감성(긍정), 가격가성비(중립)",000010010300
"성수에 항상 손님 많아요! 안국에 본점 있더라고요! 음료 맛있었어요! 프레즐 베스트로 먹어봤어요! 친구랑 이야기하기 좋아요!","커피음료(긍정), 베이커리빵(긍정), 분위기감성(긍정), 혼잡도_웨이팅(부정)",110000010002
"메뉴가 특이한 한식 퓨전이었는데... 식사 양은 바이다 보니 좀 적은 편이에요. 그리고 가격표 표시를 잘못하신거 같아요. 보는데 조금 햇갈렸어요.","서비스(부정), 가격가성비(부정)",000000002200
"크리스마스 분위기 낭낭하네요! 테이크아웃으로 라떼를 3000원 가성비에 즐길 수 있는 곳이에요","커피음료(긍정), 분위기감성(긍정), 가격가성비(긍정)",100000010100
"땅콩버터스프레드 사러 성수동 온 사람 나야나! 이전에 한 통 구매해서 먹고 있는데 다 먹어가서 사러왔어요 이번에 혜자스러운 용량과 금액이라 대용량으로 두 통 구매했어용!","베이커리빵(긍정), 가격가성비(긍정)",010000000100
"토요일 오전에 오픈라간 맞춰 왔어요 사람들 많이 없어서 조용하게 먹기 좋았고 금방 구운 베이글이랑 따뜻한 아메리카노랑 먹었더니 딱이었어요 포장해가도 넘 좋을 것 같아요! 그래도 가능하다면 매장에서 드시길","커피음료(긍정), 베이커리빵(긍정), 혼잡도_웨이팅(긍정)",110000000001
"오전 11시에도 사람이 거의 꽉 차있었었어요 산미없는 원두 골랐는데 요상하게 산미가 느껴졌어요","커피음료(부정), 혼잡도_웨이팅(부정)",200000000002
"아들 친구랑 갔다는데 무지 비싸군요","가격가성비(부정)",000000000200
"겉은 바삭하게 구워져 있고 속은 촉촉해서 딱 원하는 에그타르트 맛이에요. 사이즈도 큼직해서 다른 곳에서 먹던 것보다 훨씬 만족스러웠어요.","쿠키구움과자(긍정)",000100000000
"루프탑 분위기가 너무 좋네요 날씨도 선선해서 밖에서 마시는 딱이네요","공간편의시설(긍정), 분위기감성(긍정)",000000110000
"친절한 서비스와 맛있는 음료 덕분에 기분 좋은 하루였어요. 리얼 발로나 초코라떼를 마셨는데, 진짜 진하고 깊은 초코맛이라 행복했어요","커피음료(긍정), 서비스(긍정)",100000001000
"스프링어니언 치글 짱 맛있습니다 짱짱짱 !","베이커리빵(긍정)",010000000000
"분위기도 너무 좋고 너무 친절하세요 디저트 너무 맛있고 매장도 청결해요.","기타디저트(긍정), 공간편의시설(긍정), 분위기감성(긍정), 서비스(긍정)",000001111000
"메뉴가 다양해서 좋아요! 사장님도 친절하세요","서비스(긍정)",000000001000
"좋아요 분위기좋고 커피맛잇어요","커피음료(긍정), 분위기감성(긍정)",100000010000
"에스프레소 맛집 카페 바닐라 카페 오네로소 카페 피에노 카페 모카 다 너무너무 맛있다!!!","커피음료(긍정)",100000000000
"인생소금빵입니다 1개씩은 못 사고 무조건 4개씩 사야하지만 4개 살 가치 있어요... 테이크아웃전문이라 줄이 길어보여도 금방 빠져요","베이커리빵(긍정), 혼잡도_웨이팅(중립)",010000000003
"가게 내부가 작긴하지만 너무 맛있어서 괜찮아요 케이크 포장하러 와도좋을 것 같아요","케이크(긍정), 공간편의시설(부정), 선물포장(긍정)",001000200010
"고급스러운 감성에 디저트까지 섬세하게 준비된곳 눈과 입이 모두 행복해지는 경험이였어요","기타디저트(긍정), 분위기감성(긍정)",000001010000
"완전 카공을 위한 카페에요 초코우유 완전 찐해요..!","커피음료(긍정), 분위기감성(긍정)",100000010000
"인원이 셋이라... 직원분이 2인석자리 붙여 앉지 말라고 쌀쌀맞게 말하고 가시더라구요? 주문한 음료도 다 입맛에 안맞았으니 두 번 방문할 일은 없을거같아요.","커피음료(부정), 서비스(부정)",200000002000
"종류가 많고 가까워서 자주 이용해요!","공간편의시설(긍정)",000000100000
"먹어보니 왜 인기있는지 알겠네요. 크림치즈생크림 다 못먹을 줄 알았는데 순삭했어요","케이크(긍정)",001000000000
"인스타보고 2주동안 참고 드디어 왔는데 너무 맛있어요!!","대상 모호(없음)",000000000000
"새로 생겨서 한번 와봤는데, 세상에,,, 케익이 너무 맛있어요! 달콤하면서 빵은 촉촉하니 넘나 제 스타일이였어요!!","케이크(긍정)",001000000000
"가성비도 좋고 맛도 좋고 사장님도 착하세요!! 감사합니당","서비스(긍정), 가격가성비(긍정)",000000001100
"내부가 넓고 의자가 편해요!","공간편의시설(긍정)",000000100000
"자주와서 먹을수록 더 맛있는 베이글이에요","베이커리빵(긍정)",010000000000
"동네 원탑이에요 좋은 원두 쓰고 휘낭시에도 어지간한 베이커리집보다 훹씬 맛있네요","커피음료(긍정), 쿠키구움과자(긍정)",100100000000
"성수카페로 시그니처메뉴추천드리고, 내부도 너무 멋지고 편해요!","공간편의시설(긍정), 분위기감성(긍정)",000000110000
"인테리어, 음료, 분위기 모두 성공적..","커피음료(긍정), 분위기감성(긍정)",100000010000
"멋진 분위기 맛난 디저트 좋은 만남 행봌한 하루!","기타디저트(긍정), 분위기감성(긍정)",000001010000
"너무 맛있어요담에 또올거에요","대상 모호(없음)",000000000000
"채광이 잘 들어서 정말 좋은거 같아요! 사진 찍을 수 있는 거울 스팟도 있고 이야기 하기도 좋고 직원들도 친절해요... 반려동물도 데리고 올 수 있어서 좋은 거 겉아용 커피 존맛!","커피음료(긍정), 베이커리빵(긍정), 공간편의시설(긍정), 분위기감성(긍정), 서비스(긍정)",110000111000
"커피맛 좋아요 분위기도 좋고, 음악 볼륨도 적당하니 대화에 방해되지않고.","커피음료(긍정), 분위기감성(긍정)",100000010000
"이거 진짜 맛있었어요!! 아이스크림 자체가 맛있었고 에스프레소와 꿀이랑 같이 먹으니 진짜 환상적인 조합이었어요","커피음료(긍정), 기타디저트(긍정)",100001000000
"빙수양이 어마어마하네요 34명이서 먹어도 될듯하네요 맛도 좋고 망고도 큰거하나 다올라가네요","빙수과일(긍정), 가격가성비(긍정)",000010000100
"규모 큰 카페 중 하나... 옥상 테라스와 야장도 자리가 있어서 바깥 구경하면서 즐기시는 것도 가능! 먹기는 다소 불편하지만 로그번이 맛있어요","베이커리빵(긍정), 공간편의시설(긍정), 분위기감성(긍정)",010000110000
"분위기도 너무 좋고 시향이랑 책읽을 수 있는 분위기기 진짜 너무 좋았어요.","분위기감성(긍정)",000000010000
"허니버터 브레드랑 벨지안 초콜릿 우유 특히 추천해요! 맛있어요 고양이도 귀엽고 카페 분위기도 좋습니다","커피음료(긍정), 베이커리빵(긍정), 분위기감성(긍정)",110000010000
"복숭아 빙수 진짜 너무 맛있엇어요 ,,, 엄청 기다렸지만 기다린 보람이 있는 곳이었습니다 ,,, 다들 웨이팅 걸어놓으시고 주변에서 놀다가 꼭 방문하세요!","빙수과일(긍정), 혼잡도_웨이팅(중립)",000010000003
"맛있어요 후르츠크레이프랑 스콘이 맛있고 플레인스콘이 더 맛있어요 뭐 든 스콘은 다 안이 찐덕찐덕해서 별로예요","케이크(긍정), 쿠키구움과자(중립)",001300000000
"출근길에 커피한잔 너무좋아요","커피음료(긍정)",100000000000
"분위기가 괜찮고 수플레 양도 많고 맛있었습니다","기타디저트(긍정), 분위기감성(긍정)",000001010000
"제 최애 샌드위치집이에요 진짜 세상 사람 다 먹어봤우면!!!!!!!","베이커리빵(긍정)",010000000000
"자리가 협소하여 대기시간 사악함 망고빙수 굿... 맛있음!","빙수과일(긍정), 공간편의시설(부정), 혼잡도_웨이팅(부정)",000010200002
"봄이나 여름에는 카페 앞 테라스에 앉아서 커피를 즐기기에도 너무 좋고... 디저트도 다양한 종류별로 있는데 가격이 저렴하진 않은 편이에요.","커피음료(긍정), 기타디저트(긍정), 공간편의시설(긍정), 가격가성비(부정)",100001100200
"성수동 카페중에 자리가 널널한 편에 속하는 것 같아요. 여러층으로 되어있어서 자리가 꽤 많고 위에 포토존에서 사진을 찍을 수 있어요","공간편의시설(긍정), 분위기감성(긍정)",000000110000
"애정하는 카페....라떼가 진리!! 입니다.","커피음료(긍정)",100000000000
"무신사왔다가 맛있게 먹구가요","대상 모호(없음)",000000000000
"인테리어가 너무 좋고 위스키가 들어간 아이스크림은 처음 먹어보는데 특이하고 맛있어요! 그리고 선곡이 너무 좋네요 무드 굿","기타디저트(긍정), 분위기감성(긍정)",000001010000
"케이크 너무 귀엽고 디저트도 맛있어요","케이크(긍정), 기타디저트(긍정)",001001000000
"성수동 핫플레이스 빵도 정말 맛있어요","베이커리빵(긍정)",010000000000
"빨리 나와서 늘 넘 좋아요!!","서비스(긍정)",000000001000
"성수동 뷰 맛집 사진이 잘 나오는 카페입니다 독특한 음료가 많아서 좋았어요 디저트도 맛있어요","커피음료(긍정), 기타디저트(긍정), 분위기감성(긍정)",100001010000
"매장도 청결하고 좋아요 !!","공간편의시설(긍정)",000000100000
"메이왕에그타르트 성수핫플 사이즈가 기존 타르트보다 훨씬커요. 3구세트 2개 구입해서 1세트 언니 선물로 주고 갓나온 에그타르트 바로 먹으면 진짜 맛있답니다 다음에 성수가도 사올래요","쿠키구움과자(긍정), 선물포장(긍정)",000100000010
"디저트도 맛있고 커피도 너무 맛나요 걷다가 우연히 찾은 카페인데 럭키비키","커피음료(긍정), 기타디저트(긍정)",100001000000
"유기농 재료로 만들어서 그런지 잘 녹긴하지만 맛있어요!!","기타디저트(긍정)",000001000000
"서울숲서 주차를 해결하기 위해 최선의 식당인듯. 슈림프빵 맛있었음.","베이커리빵(긍정), 공간편의시설(긍정)",010000100000
"분위기 좋고 음료랑 디저트도 맛있어요","기타디저트(긍정), 분위기감성(긍정)",000001010000
"핫초코 맛있어용 분위기도 좋고 냥냥이두 넘 기여워요","커피음료(긍정), 분위기감성(긍정)",100000010000
"우연히 발견한 커피 맛집입니다!! 라떼 아트가 심상치 않았는데 역시나 세계 챔피언이시더라구요! 커피도 너무 맛있고 분위기도 좋고 사장님도 너무 친절하셔서 저만 알고 싶었지만 리뷰 남깁니다 성수동 오시면 꼭 한번 가보세요!","커피음료(긍정), 분위기감성(긍정), 서비스(긍정)",100000011000
"커피 주문번호때문에 전광판이 없어 확인하느라 너무 힘듬...","서비스(부정)",000000002000
"아무리봐도 베이글인데 하며 잘라보니 치즈케이크 솔티드 카라멜 치글 먹었는데 짭짤하면서 달달하니 너무 맛있어요!!!!!! 매장도 깔끔하고 사진이 너무 잘나오더라구요","케이크(긍정), 공간편의시설(긍정), 분위기감성(긍정)",001000110000
"쑥라떼는 너무 달고 스위트라떼는 맛있는데... 서울숲 나오면 바로라 그런지 맛대비 가격이 쎄네요","커피음료(중립), 공간편의시설(긍정), 가격가성비(부정)",300000100200
"쇼핑하다가 쉴 수 있는 디저트 맛집입니다. 케잌도 커피도 맛납니다","커피음료(긍정), 케이크(긍정)",101000000000
"맛있어서 그런지 또오게되네요","대상 모호(없음)",000000000000
"피넛버터 먹고싶을때마다 와서 사가요!! 존맛탱!!","베이커리빵(긍정)",010000000000
"신메뉴가 종종 나오고 이벤트도 해서 좋아요","서비스(긍정)",000000001000
"맛있네요 블루보틀 처음인데...","커피음료(긍정)",100000000000
"웨이팅이 길게 있길래 궁금해서 자세히 봤더니... 한 20분 정도?? 기다린 것 같아요 피스타치오 너무 맛있었어요","기타디저트(긍정), 혼잡도_웨이팅(중립)",000001000003
"늦게 가서 마롱미니식빵과 큐브소보로만 샀어요 엄청 부드럽고 맛있었어요","베이커리빵(긍정)",010000000000
"직원분들이 친절하시고 잘생기고 예쁘셔요","서비스(긍정)",000000001000
"매장은 좁디만,, 커피가 맛있어요","커피음료(긍정), 공간편의시설(부정)",100000200000
"솔드아웃된 메뉴가 있어서 아쉬웠지만 맛났어요!!","대상 모호(부정)",000000000000
"선물용 핫한 디저트 사러 성수 돌아다니다 다 실패... 시원하게 매실에이드 덜달게 주문했는데 상큼하구 딱 좋네요","커피음료(긍정), 선물포장(긍정), 혼잡도_웨이팅(부정)",100000000012
"친절친절친절라떼맛집 찾으시면 이리데센트무조건임!!!... 세상 너무 친절하신 직원분들까지..","커피음료(긍정), 서비스(긍정)",100000001000
"분위기가 넘 좋아요! 다양한 바게트를 먹는 재미가 있엉","베이커리빵(긍정), 분위기감성(긍정)",010000010000
"성수 올 때마다 들르는 곳입니다 땅콩버터 벌써 한 10통은 사다 먹은 것 같아요... 진짜 맛있어요","베이커리빵(긍정), 기타디저트(긍정)",010001000000
"비싸고 사람 많지만 구경하는 맛이 좋아요","분위기감성(긍정), 가격가성비(부정), 혼잡도_웨이팅(부정)",000000010202
"한 번 더 방문하고 싶을 만큼 좋았어요","대상 모호(없음)",000000000000
"본점을 사랑해서... 에스프레소 여전히 훌륭합니다 아인슈페너도 맛있어요 ) 본점보다 베이커리류가 풍성하네요!","커피음료(긍정), 베이커리빵(긍정)",110000000000
"넓고 분위기 좋아요 맛있어용","공간편의시설(긍정), 분위기감성(긍정)",000000110000
"토마토 타코파이 너무 맛있어요!!! 좋은 간식이에요!","베이커리빵(긍정)",010000000000
"저번에 왔을 때도 좋았던 기억이 있어서 또 왔습니다 메뉴들도 특별하고 맛있어요!","대상 모호(없음)",000000000000
"인테리어나 소품들이 더 예뻐지네요. 향수도 추가 된다니 좋습니다. 집중하고 싶을 때, 쉬고 싶을 때 편히 들렸다 가요.","공간편의시설(긍정), 분위기감성(긍정)",000000110000
"조용히 바깥보고 생각하기 좋은곳! 가끔 BGM이 이상해요!","분위기감성(중립)",000000030000
"성수에 이런 베이글 맛집이??!! 눈 돌아가는 베이글 너무 많고 다 맛있었어요","베이커리빵(긍정)",010000000000
"카페 찾아보다가 알게된 곳!! 소금빵 세상에 파묻히고 싶슴니다.. 맛있어요","베이커리빵(긍정)",010000000000
"너무 재밌는 체험이였어요!! 베이킹 처음하는데 휘낭시에가 맛있게 만들어져서 뿌듯했습니다","쿠키구움과자(긍정)",000100000000
"또 생각나서 먹으러 왔습니다..","대상 모호(없음)",000000000000
"공간이 넓어서 시원시원해서 좋았어요 음료랑 케이크 모두 맛있었어요 근데 가격이 너무 안학해요","케이크(긍정), 공간편의시설(긍정), 가격가성비(부정)",001000100200
"분위기고 좋고, 커피도 맛있습니다.","커피음료(긍정), 분위기감성(긍정)",100000010000
"고양이도 귀엽고 분위기도 정말 맘에 들어요!!","분위기감성(긍정)",000000010000
"진짜 너무 맛있어요 강추합니당!!!!","대상 모호(없음)",000000000000
"나무 문을 열고 들어가면 아담한 내부가 보입니다... 크로와상과 감태소금빵을 구매했어요. 크로와상. 정말 바삭하고 속은 쫀득합니다. 가격도 정말 착하고","베이커리빵(긍정), 공간편의시설(긍정), 가격가성비(긍정), 선물포장(긍정)",010000100110
"매번 성수 갈때마다 구매하는 소금빵 맛집","베이커리빵(긍정)",010000000000
"지금도 예쁘지만 창가에 은행나무가 있어서 가을에 오면 너무 예쁠것같은 곳이네요!","분위기감성(긍정)",000000010000
"인테리어 이쁘고 커피 맛있어요","커피음료(긍정), 분위기감성(긍정)",100000010000
"처음 와봤는데 직원분들이 친절하시고 대화하기 좋고 디저트도 너무 맛있어요!!","기타디저트(긍정), 서비스(긍정)",000001001000
"특이한 젤라또 맛이 많고 사장님이 너무 친절하세요 우유젤라또에 올라간 피칸정과가 진짜 맛있어요!!","기타디저트(긍정), 서비스(긍정)",000001001000
"늦게까지해서 좋네요 자리도 넓고","공간편의시설(긍정)",000000100000
"많이 시끄럽지 않고 좋아요!!! 고양이도 너무 귀엽구요...","분위기감성(긍정)",000000010000
"좌석이 편해요! 핫한 성수라서 그런지 외국인이랑 사람이 엄청 많아요","공간편의시설(긍정), 혼잡도_웨이팅(부정)",000000100002
"유럽감성 낭낭한 3층짜리 단독 카페예요... 카카오 원두 씁쓰리해서 쿠키랑 잘 어울리고 쿠키는 쫜득쫜득 맛있어요!","커피음료(긍정), 쿠키구움과자(긍정), 분위기감성(긍정)",100100010000
"빙수 좋아해서 자주 먹는데 신기한 메뉴도 많구 체리초코빙수에는 술이 들어가네요 ?!","빙수과일(긍정)",000010000000
"성수에서는 베통 소금빵 좋아하는데 품절이라 여기 소금빵... 4개 세트? 밖에 안 팔더라고요. 제 뒤에 사람이 없었는데도 너무 급하게 재촉하는 느낌 빵 크기 작고 맛은 무난","베이커리빵(중립), 서비스(부정)",030000002000
"빵이 맛있고 분위기 좋고 직원분들 친절해서 좋아요","베이커리빵(긍정), 분위기감성(긍정), 서비스(긍정)",010000011000
"2시간정도 웨이팅하고 들어왔습니다. 자리가 협소해서 회전율이 조금 느린데 그만큼 빙수는 맛있네요!","빙수과일(긍정), 공간편의시설(부정), 혼잡도_웨이팅(부정)",000010200002
"소금라떼, 큐브라떼 두 시그니처 메뉴 강추예요","커피음료(긍정)",100000000000
"착한 가격에 커피도 맛있네여","커피음료(긍정), 가격가성비(긍정)",100000000100
"나오자 마자 원샷하느라 사진을 찍지 못했네요 맛있어요","대상 모호(없음)",000000000000
"첫 베이킹인데 너무 아늑하고 좋은매장에서 배울수있어서 정말 좋았어요!","서비스(긍정), 분위기감성(긍정)",000000011000
"위치가 지하에 있어서 놀랐어요..! 힙하고 좋은 카페였습니다!","분위기감성(긍정)",000000010000
"분위기가 너무너무 좋아요! 데이트하기도 좋고 와인과 아이스크림이 잘 어울려서 재방문 의사 있습니다!최고!!","기타디저트(긍정), 분위기감성(긍정)",000001010000
"카페 인테리어도 분위기도 음악도 좋은데, 음식도 맛있어서 다시 또 오고 싶은 카페입니다","분위기감성(긍정)",000000010000
"다섯번째 방문입니다... 빵은 유럽에 살았을때의 추억이 떠오르는 훌륭한 맛이에요)","커피음료(긍정), 베이커리빵(긍정)",110000000000
"아이스크림 가격이 좀 비싼가? 했는데 아이스크림 종류에 맞는 키링도 함께 줘요!!","기타디저트(긍정), 가격가성비(긍정)",000001000100
"인테리어도 너무 이쁘고 빵 종류도 많아요!","베이커리빵(긍정), 분위기감성(긍정)",010000010000
"오후 늦게 간거라 베이글은 이미 없었고 무화과콩포트랑 어니언마요만 포장해서 먹었어요! 역시나 넘넘 맛있고","베이커리빵(긍정), 혼잡도_웨이팅(부정)",010000000002
"이렇게 귀여운 카페가 있다니 !!! 디저트 고르기도 어려워요 귀여움투성이","기타디저트(긍정), 분위기감성(긍정)",000001010000
"카공하기 좋고 가볍게 친구와 얘기하기도 좋아요! 음료 너무 맛있네용","커피음료(긍정), 공간편의시설(긍정)",100000100000
"예전에 롯데본점에 있을때 맛있게 먹었던 기억이 나서 찾아왔는데 역시 맛있어요!!","대상 모호(없음)",000000000000
"디저트들이 너무 귀여워서 먹어보고 싶었는데 배불러서 포기 음료가 너무 맛있는 걸 보니 디저트도 맛있을 것 같아요","커피음료(긍정)",100000000000
"브라우니랑. 아이슈패너맛있어요!","커피음료(긍정), 쿠키구움과자(긍정)",100100000000
"먹어본 베이글 샌드위치 중에 제일 맛있습니다... 매장도 생각보다 넓고 종류도 많습니다","베이커리빵(긍정), 공간편의시설(긍정)",010000100000
"커피를 안팔아서 좀 의아했어요. 과일컨셉이라 그러신거 같은데, 케잌도 맛있고 빙수도 맛있는데 따뜻한 커피와 먹고 싶었어요.","케이크(긍정), 빙수과일(긍정), 서비스(부정)",001010002000
"꿀녹차랑 디저트 둘다 정말 맛있어요! 다음에 또 오고 싶은곳이에요","커피음료(긍정), 기타디저트(긍정)",100001000000
"사무실 근처에 있는 공차에 방문했어요 자주 가곤하는데 펄이 갈때마다 차이가 커서 아쉬운것 같아요","커피음료(중립)",300000000000
"거게 인테리어가 따뜻하고 포근한 느낌이라 넘 맘에 들었어요! 편하게 지인들과 대화하기 좋은 공간입니다","공간편의시설(긍정), 분위기감성(긍정)",000000110000
"분위기도 좋구요 음료 종류도 다양해서 좋았어요!! 데이트코스로 추천드리는 곳이에요","커피음료(긍정), 분위기감성(긍정)",100000010000
"빵이 어마어마 하죠 커피도 테이크아웃이면 2천원할인 이만한 가성비가 더 있을까..?","커피음료(긍정), 베이커리빵(긍정), 가격가성비(긍정)",110000000100
"아메리카노랑 베이킹냄새가 죽여요","커피음료(긍정), 베이커리빵(긍정)",110000000000
"매장 자체도 넓고 컨셉츄얼하고 야외도 너무 잘 가꿔져있어 좋습니다. 브런치 메뉴도 특색있고 커피도 맛있어요","커피음료(긍정), 베이커리빵(긍정), 공간편의시설(긍정), 분위기감성(긍정)",110000110000
"성수 구경하다... 직접 로스팅한 원두라 확실히 첫모금 향이 달라요... 분위기도 좋고 음악도 좋은데","커피음료(긍정), 분위기감성(긍정)",100000010000
"비오는 날 감성있는 곳에서 밋있는 브런치 먹었네요 추석 전에 어머님과 좋은 추억 만들었어요","베이커리빵(긍정), 분위기감성(긍정)",010000010000
"처음 방문했는데 매장도 예쁘고 치즈베이글 맛있게 먹었어요!","베이커리빵(긍정), 분위기감성(긍정)",010000010000
"넘넘 분위기가 좋고 친절해요","분위기감성(긍정), 서비스(긍정)",000000011000
"디저트도 맛있고, 여기서 스트로베리 치즈 케이크 사갔는데 정말 맛있습니다!","케이크(긍정), 선물포장(긍정)",001000000010
"소금빵 맛있어요 포장도 귀여워요","베이커리빵(긍정), 선물포장(긍정)",010000000010
"커피는 맛있는데 지도만 보고 찾아가기엔 헤매는 신기한 이곳...","커피음료(긍정), 공간편의시설(부정)",100000200000
"찐맛집 많은이용부탁드립니다!!","대상 모호(없음)",000000000000
"핫한 성수동 카페 넘넘 맛있자나용 크레커 솔드아웃 실화? 담에 빨리와야겠어요","쿠키구움과자(긍정), 혼잡도_웨이팅(부정)",000100000002
"반 지하층에서 에그타르트를 만들고 있네요... 페스츄리라 겉은 정말 바삭하고 필링도 부드럽고 맛있네요.","쿠키구움과자(긍정), 공간편의시설(긍정), 선물포장(긍정)",000100100010
"맛있을 것 같아요. 행사 할 때 가 보세요.","대상 모호(없음)",000000000000
"베트남에서 먹은 망고랑 맛이 정말 흡사해요... 야쿠르트 슬러시도 넘 맛있었구 특히 빙수가 이 가격에 이런 맛은 정말 말도 안 될 정도로 놀라웠어요!!","커피음료(긍정), 빙수과일(긍정), 가격가성비(긍정)",100010000100
"우연히 들어갔는데 크로플도 도톰하니 맛있고 좌석도 편해요!","기타디저트(긍정), 공간편의시설(긍정)",000001100000
"뷰도 좋고 공간도 깔끔해서 대화 나누기도 조을 것 같습니당 복숭아빙수도 여름에 시원하게 먹기 딱 조은 것 같아요","빙수과일(긍정), 공간편의시설(긍정), 분위기감성(긍정)",000010110000
"매장이 넓고 쾌적해요! 내부에 화장실이 있어서 좋아요)","공간편의시설(긍정)",000000100000
"넘나 이쁜 뷰 라떼 맛도 비싼 만큼 맛나네요","커피음료(긍정), 분위기감성(긍정), 가격가성비(중립)",100000010300
"음료도 너무 마싯고 케이크도 너무 맛있어요!! 분위기나 색감도 너무 취향이라 좋은 시간 보내고 가요!!","커피음료(긍정), 케이크(긍정), 분위기감성(긍정)",101000010000
"분위기 좋고 커피도 맛있어요 가끔 원두도 사서먹어요","커피음료(긍정), 분위기감성(긍정)",100000010000
"잠봉뵈르 한입먹고 또 예약했어요. 진짜 인생 빵집","베이커리빵(긍정)",010000000000
"찾기가 쪼금 힘들었지만 소파 디저트 하나 보고 왔습니다... 귀여움과 맛이 비례해서 멀리서 찾아 온 보람이 있었습니다","기타디저트(긍정), 공간편의시설(부정)",000001200000
"라떼 고소하고 베이글이 맛있어요 공간이 쾌적하고 시원해서 좋아오","커피음료(긍정), 베이커리빵(긍정), 공간편의시설(긍정)",110000100000
"휴가나온 아들이 좋아해서... 넘 쫄깃하고 담백하니 한없이 먹을수 있는빵인데 멀어서 자주못와 아쉽지만","베이커리빵(긍정), 혼잡도_웨이팅(긍정)",010000000001
"주문시 여사장님 재촉하시는 말투 조금 무서웠어요","서비스(부정)",000000002000
"커피도 너무 맛있고 무엇보다 초코라떼 비주얼도 너무 예쁘고 달달하니 맛있어용! 베이글은 말모 입니당!!!!","커피음료(긍정), 베이커리빵(긍정)",110000000000
"분위기도 너무 좋고 가을에 데이트하기 너무 좋은 장소입니다!! 맛도 너무 좋아요","분위기감성(긍정)",000000010000
"너무너무 예쁜카페 잘 쉬다 갑니다","분위기감성(긍정)",000000010000
"사람이 늘 많아요. 북적북적","혼잡도_웨이팅(부정)",000000000002
"매장 사장님이 너무 친절하시고 모찌도 너무 맛있어서 여기밖에 안가는 것 같아요","기타디저트(긍정), 서비스(긍정)",000001001000
"딸기케이크를 먹고자 네모네를 찾았는데 맛있게 잘 먹었어요","케이크(긍정)",001000000000
"조용하고 분위기가 너무 좋아요 성수동에 시끄럽지 않고 답답하지 않은 커피 맛집을 찾으시면 추천해요!","커피음료(긍정), 분위기감성(긍정)",100000010000
"커피를 못마시는 바람에 시그니처들을 못마셔봐서 아쉬웠어요","대상 모호(없음)",000000000000
"꼬소한 원두 좋아하시는 분들 정말 강추해요... 성수 뚝섬 근방에서 탑쓰리안에 들어요","커피음료(긍정)",100000000000
"브런치로 먹기에 메뉴도 너무 좋고 분위기도 좋아서 앞으로 자주 올 것 같아요 음식도 너무 맛있고 음료도 찰떡으로 잘 어울려서 잘 먹었습니다","베이커리빵(긍정), 분위기감성(긍정)",010000010000
"피스타치오 크롸상, 캄빠뉴무화과 넘 맛있어요","베이커리빵(긍정)",010000000000
"포장 웨이팅 10분하고 주문하고 10분 더 기다렸어요 가게가 좁은데 비해 마땅히 기다릴 곳이 없어서 불편했습니다","공간편의시설(부정), 혼잡도_웨이팅(부정)",000000200002
"커피원두도 고를수있고 커피도맛있어요 디저트도맛있고 잔잔한노래도 너무좋네요 이쪽오면 또와봐야겠어요","커피음료(긍정), 기타디저트(긍정), 분위기감성(긍정)",100001010000
"성수나들이커피맛도 굿 분위기도 직원들도 너무 친절하셔서 즐거운시간 보내고 갑니다","커피음료(긍정), 분위기감성(긍정), 서비스(긍정)",100000011000
"시나몬페이스트리 맛있어요. 근데 포장이 너무 엉성해요. 재활용도 안되는 잉크 묻어나는 큰 종이봉투에 그냥 바로 빵하나 딱 넣어주는게 좋지 않았어요.","베이커리빵(긍정), 선물포장(부정)",010000000020
"말차카페에서 말차를 못먹어 봤네요 담번에는 꼭 슈퍼말차 도전 커피는 진하고 괜찮았어요","커피음료(긍정)",100000000000
"빵도 맛있고 커피도 선택 가능해서 좋아요 분위기도 좋고 2층 테라스도 있어서 좋아요","커피음료(긍정), 베이커리빵(긍정), 공간편의시설(긍정), 분위기감성(긍정)",110000110000
"빵 맛있고 직원이 친절해요 카페 분위기도좋아요","베이커리빵(긍정), 분위기감성(긍정), 서비스(긍정)",010000011000
"힐링공간.. 바람이 솨아아 불어서 나무가 흔들리는 장면이 기억에 남습니다. 다만 공간 내부에 함께 이용하시는 분 운이 잘 따라주면 더 좋은 경험 가능할 것 같아요!","분위기감성(긍정), 혼잡도_웨이팅(중립)",000000010003
"새로오픈햇다고 해서 와봤는데 분위기 좋고 깔끔해요! 땅콩잼 좋아해서 입맛에 잘 맞아요","베이커리빵(긍정), 분위기감성(긍정)",010000010000
"말차 쿠키랑 시나몬라떼, 얼그레이 밀크티 진짜 맛있어요","커피음료(긍정), 쿠키구움과자(긍정)",100100000000
"인테리어도 너무 깔끔하고 예뻐서 기억에 남았었는데 생각보다 빵들도 갈 때마다 다 맛있어서 성수 갈 일 있으면 자주 들립니다!","베이커리빵(긍정), 공간편의시설(긍정), 분위기감성(긍정)",010000110000
"분위기나 맛 다 좋았어요근데 너무 비싸긴해요가또쇼콜라 자그마한 케이크가 9천원..","케이크(긍정), 분위기감성(긍정), 가격가성비(부정)",001000010200
"엄청나게 큰 망고가 있고 너무 맛있게 먹었어요 더운날 빙수 맛집입니다","빙수과일(긍정)",000010000000
"고층에 도심속 차분한 노래가 흘러나와 조용하고 집중할수있는 분위기가 넘 좋았어요. 직원분들도 정말 친절하셨어요","분위기감성(긍정), 서비스(긍정)",000000011000
"맛도 좋고 날씨도 좋아서 테라스에서 먹는데 굿 오물렛 진짜 너무 맛있었어요 여행온 기분이였어요","베이커리빵(긍정), 분위기감성(긍정)",010000010000
"깻잎스무디가 신기해서 먹어봤는데 맛있었어요","커피음료(긍정)",100000000000
"바쁜 곳임에도 꽤 친절한 곳.","서비스(긍정), 혼잡도_웨이팅(부정)",000000001002
"너무 재밌게 잘 만들었습니다!! 친절하게 설명해주시고 만들기도 어렵지 않았어요.","서비스(긍정)",000000001000
"시그니처커피 양은 무지 적지만 맛있어요 상큼한데 커피랑 잘 어울리는게 묘한맛!! 이모지케이크 가격이 후덜덜 생일케잌으로 샀는데 맛은.. 진짜 진짜 맛있어요!!! 생크림과 딸기조합이 환상!! 케잌 상자가 엄청 단단하고 고급스러운데 그에비해 초는 작은거 하나 나무포크 나무칼을 주긴하지만 케잌에 비해 부실한느낌","커피음료(긍정), 케이크(긍정), 가격가성비(부정), 선물포장(중립)",101000000230
"일찍 오픈하셔서 브런치로 먹기 좋아요 더운 여름인데 매장이 시원합니다","공간편의시설(긍정)",000000100000
"인테리어 정말 예쁘고 데이트 코스로 추천합니다!","분위기감성(긍정)",000000010000
"너무 맛있어요!!!! 포장도 엄청 꼼꼼하게 잘해주셔서 녹지않고 잘 가져왔어요","기타디저트(긍정), 선물포장(긍정)",000001000010
"흑임자,쑥 고소한 빙수가 있어서 좋았구 가격도 합리적이라 다시 올 것 같아요!","빙수과일(긍정), 가격가성비(긍정)",000010000100
"빵도 맛있고 특별한 메뉴도 있고 인테리어도 멋지네요","베이커리빵(긍정), 분위기감성(긍정)",010000010000
"시나몬 향기에 이끌려 들어온곳 역시가 역시다 !!! 미니본 에그타르트 겟해서 서울숲으로 봄 만끽하러 갑니다","쿠키구움과자(긍정), 선물포장(긍정)",000100000010
"사장님 친절한 설명 와인도 맛있고 아이스크림도 너무 잘어울여요!!! 사진편하게 찍을수있게 조명이랑 조절해주시고","커피음료(긍정), 기타디저트(긍정), 분위기감성(긍정), 서비스(긍정)",100001011000
"직원분들도 엄청 친절하시고, 초코가 진짜 맛있는 것 같아요 !!","커피음료(긍정), 서비스(긍정)",100000001000
"프렌치 토스트가 진짜 퐁실퐁실해서 맛있어요 곁들인 바닐라 소스도 풍미가 있어서 잘 어울립니다!","베이커리빵(긍정)",010000000000
"인테리어 정말 예쁘고 디저트도 맛있어요! 강추!","기타디저트(긍정), 분위기감성(긍정)",000001010000
"커피랑 하이볼 같이 있어서 저녁시간에 방문하기 좋았어요! 바나나푸딩 사장님 추천으로 주문했는데 추천해주신 이유가 있네요","커피음료(긍정), 기타디저트(긍정)",100001000000
"매장은 넓고 쾌적한 편입니다. 디저트도 맛있고 커피도 깔끔하네요! 다만 직원분들이 그닥 친절하지는 않네요.","커피음료(긍정), 기타디저트(긍정), 공간편의시설(긍정), 서비스(부정)",100001102000
"이번엔 제가 지인 데리고 방문했는데 언제 와도 좋네요! 와서 대화하기도 좋고 작업하기도 나쁘지 않아요","분위기감성(긍정)",000000010000
"디저트는 딸기밀푀유디저트 종류가 다양하고 모임하기 좋은 곳 같아요","케이크(긍정), 공간편의시설(긍정)",001000100000
"좋아요 만족스러운 경험이었습니다","대상 모호(없음)",000000000000
"에스프레소 매니아는 행복한 종류별로 산택가능한 다양한 에스프레소와 함께 휴식을 취할수 있는 넓은 공간!","커피음료(긍정), 공간편의시설(긍정)",100000100000
"오전에 일찍가니 넓은 공간에 조용히 커피 음미하기에 좋았다. 건물 너무 이쁨.","커피음료(긍정), 공간편의시설(긍정), 분위기감성(긍정)",100000110000
"네모 라떼랑 버터 쿠키 샌드 먹었는데 진짜 맛있어요","커피음료(긍정), 쿠키구움과자(긍정)",100100000000
"커피점빵일때부터 원두 사서 먹었던 곳 스타일은 그대로네... 라떼를 시켰는데 내 스타일이 아니라서 좀 아쉬웠다","커피음료(중립)",300000000000
"밤라떼가 시중 페이스트 맛이랑 비슷한데 연했어요 밤맛우유","커피음료(중립)",300000000000
"솔티피칸도 맛있고 참외도 맛있고 내부는 아늑하지만 시원해서 좋았아요","기타디저트(긍정), 공간편의시설(긍정), 분위기감성(긍정)",000001110000
"분위기도 좋고 직접 갈아주는 피넛잼이라니 새롭네요. 직원분도 친절하시고 매장도 깔끔하고 분위기 좋네요.","베이커리빵(긍정), 분위기감성(긍정), 서비스(긍정)",010000011000
"모찌에 어울리는 생크림이랑 과일들과 같이 먹을 수 있어서 더 맛있어요... 4층을 사용해서 자리도 넉넉하고 창밖 뷰도 숲뷰라 넘 예쁘고 사진찍기도 좋아요","기타디저트(긍정), 공간편의시설(긍정), 분위기감성(긍정)",000001110000
"케익 맛집이라 일부러 찾아왔는데 진짜 맛있어요","케이크(긍정)",001000000000
"디저트가 맛있어요! 뷰도 너무 좋고 브런치로 아주 만족입니다!!!","베이커리빵(긍정), 기타디저트(긍정), 분위기감성(긍정)",010001010000
"너무너무 맛있고 예쁜 인테리어였어요!!!!","분위기감성(긍정)",000000010000
"가볍게 음료를 즐기에 좋아요","커피음료(긍정)",100000000000
"너무 맛있어요!!!!!! 파삭하고 맛있어서 맨날 생각나는 맛","대상 모호(없음)",000000000000
"연어 샌드위치 맛있어요!!! 음료 종류가 많았으면","커피음료(중립), 베이커리빵(긍정)",310000000000
"커피와 디저트가 맛있고 사장님이 정말 친절하셔서 좋았습니다","커피음료(긍정), 기타디저트(긍정), 서비스(긍정)",100001001000
"공간도 음악도 맛도 너무 좋아오","분위기감성(긍정)",000000010000
"매장 넘 크고 조아용 커피두 점심땐데 후다닥 빨리 나왔어요","커피음료(긍정), 공간편의시설(긍정), 서비스(긍정)",100000101000
"커피도 맛있고, 인테리어도 예뻐서 좋은 거 같아요! 직원분도 친절하셔서 되게되게 좋은 거 같습니다 )","커피음료(긍정), 분위기감성(긍정), 서비스(긍정)",100000011000
"맥주 맛있어요!! 그리고, 누뗄라도 넘 맛있어요","커피음료(긍정), 기타디저트(긍정)",100001000000
"좌석은 부족하고 불편하나 커피 맛집","커피음료(긍정), 공간편의시설(부정)",100000200000
"인테리어 너무 아기자기 하고 귀여워요!! 맛은 말해뭐해 너무너무 맛있었어요 특히 콘치즈스프? 존맛탱!!","베이커리빵(긍정), 분위기감성(긍정)",010000010000
"레몬케이크 넘 퐁신퐁신 달달하고 맛있어요!!! 커피도 연하지않구 진해요! 산미 하나도 없어서 맛있어용!!!!","커피음료(긍정), 케이크(긍정)",101000000000
"아빠 생신케이크로 당근케이크 주문했는데 비쥬얼도 맛도 최고였어요 ! 사장님도 엄청 친절하시고 매장도 깨끗해서","케이크(긍정), 공간편의시설(긍정), 서비스(긍정)",001000101000
"수건케이크랑 지크커피 먹고 왔어요 성수동 안에서 힙하고 분위기 좋은 카페입니다","커피음료(긍정), 케이크(긍정), 분위기감성(긍정)",101000010000
"매장이 아늑하고 음료와 디저트가 맛있었어요!! 바깥 풍경도 볼 수 있고 매장도 사진찍을 스팟이 많았어요","커피음료(긍정), 기타디저트(긍정), 분위기감성(긍정)",100001010000
"어니언은 커피도 맛있고 빵도 맛있고 샌드위치도 맛있어요. 개인적으로 성수점이 가장 좋습니다.","커피음료(긍정), 베이커리빵(긍정)",110000000000
"재밌었어요 다음 방문 땐 다른 그림도 그리고 싶은 욕심이 생기네요","분위기감성(긍정)",000000010000
"딸기라떼가 참 맛있어요. 인테리어가 고즈넉하니 참 예쁘요.","커피음료(긍정), 분위기감성(긍정)",100000010000
"모든 바리스타분들의 친절함과 절제된 동선 덕분에 편안했습니다. 설명해주신 컵노트까지 그대로 느껴져서 신기했구요!","커피음료(긍정), 서비스(긍정)",100000001000
"커피 맛있고 마들렌도 맛있어요!!!","커피음료(긍정), 쿠키구움과자(긍정)",100100000000
"존맛이에오 흑임자라떼 자허블치고","커피음료(긍정)",100000000000
"포틀랜드 감성의 예쁜 카페. 조용한 분위기가 좋고 커피, 디저트도 맛있습니다.","커피음료(긍정), 기타디저트(긍정), 분위기감성(긍정)",100001010000
"생망고 진짜 달아요...! 망고빙수 중 가성비도 좋고 맛도 맛있어요","빙수과일(긍정), 가격가성비(긍정)",000010000100
"애플망고빙수가 엄청 비싸서 놀랐지만 좋아하는 복숭아빙수 너무 맛있고 예쁘고 평일이라 사람도 없어서 너무 조용하고","빙수과일(긍정), 분위기감성(긍정), 가격가성비(부정), 혼잡도_웨이팅(긍정)",000010010201
"아이스크림 진짜 맛있고 절대 이 가격 퀄리티가 아닌 느낌이에요 와인도 다양하고 분위기 있어서 대화하기 좋아용","커피음료(긍정), 기타디저트(긍정), 분위기감성(긍정), 가격가성비(긍정)",100001010100
"커피맛집이네요 에그인힐 손대면 못끊는 맛 맛나요 9시오픈 입성입니다","커피음료(긍정), 베이커리빵(긍정), 혼잡도_웨이팅(긍정)",110000000001
"3층 짜리 매장 되게 넓고 사람도 많아요. 음료도 맛있고 금방금방 나왔어요. 뷰가 너무 좋고","커피음료(긍정), 공간편의시설(긍정), 분위기감성(긍정), 서비스(긍정), 혼잡도_웨이팅(부정)",100000111002
"너무 맛있어요. 분위기도 좋고 친절하셔요","분위기감성(긍정), 서비스(긍정)",000000011000
"카페 분위기 너무 조아용 ) 야외석 있어서 편하고 조으네요","공간편의시설(긍정), 분위기감성(긍정)",000000110000
"인테리어 너무 멋지고 공간도 넓어서 정신없지 않게 친구랑 얘기하기 좋았어요! 블루베리 밤 파이 진짜 너무 너무 맛있어요..","기타디저트(긍정), 공간편의시설(긍정), 분위기감성(긍정)",000001110000
"음료와 디저트로 힐링타임 했어요. 분위기도 좋고 맛도 좋고 친절하기까지 해서 대만족입니다.","커피음료(긍정), 기타디저트(긍정), 분위기감성(긍정), 서비스(긍정)",100001011000
"쿠팡이츠로만 먹다가 처음 와봤어요! 매장 예뻐요 맛은 말모! 맛있음","대상 모호(없음), 분위기감성(긍정)",000000010000
"커피가 맛있고 사장님이 친절해용 케이크도 너무 예뻐서 보는 재미가 있었어요","커피음료(긍정), 케이크(긍정), 서비스(긍정)",101000001000
"아인슈페너 좋아하는 남자친구가 만족했구... 딸기조각케이크!! 진짜 생크림은 덜달고 딸기가 달아서 커피에 먹기 딱 좋아요","커피음료(긍정), 케이크(긍정)",101000000000
"브런치도 맛있고 오렌지 당근 주스가 정말 맛있어요 직원분도 친절하셔서 기분 좋게 식사했습니다 )","커피음료(긍정), 베이커리빵(긍정), 서비스(긍정)",110000001000
"모처럼 아무 생각 없이 집중할 수 있어서 좋았습니다. 다만 도안이 크기 때문에, 기본 제공 시간이 좀 더 넉넉해진다던가, 도안이 좀 작아진다거나 했으면 좋겠어요! 즐거웠습니다","분위기감성(긍정), 서비스(부정)",000000012000
"N번째 방문인데 역시 맛있네용 식빵은 여기가 최고에옹","베이커리빵(긍정)",010000000000
"앞에 17잔 구매한 분 땜에 오래 걸렸지만 편 요","혼잡도_웨이팅(부정)",000000000002
"올리브 크로플 완전 제 취향이에요!!... 그리고 카페가 진짜 힙해서 좋네요","기타디저트(긍정), 분위기감성(긍정)",000001010000
"걷다가 다리가 아파서 들린 곳. 공부나 노트북이 불가한 곳이다보니 좌석이 있어서 다행이었습니다","공간편의시설(긍정)",000000100000
"깔끔하고 와이파이에 콘센트까지 있어서 업무 보면서 차마시기 좋았어요.","공간편의시설(긍정), 분위기감성(긍정)",000000110000
"성수에서 가성비 역시나 좋은 메가커피! 음료도 빠르게 나와요!!","커피음료(긍정), 서비스(긍정), 가격가성비(긍정)",100000001100
"베이글 종류도 많고 다른 베이글 집에 비해 가격대도 나름 괜찮았습니다! 갈릭퐁당 소스와 안에 든 필링이 너무 맛있었습니다!","베이커리빵(긍정), 가격가성비(긍정)",010000000100
"겉은 바삭하고 속은 촉촉한 것이, 매우 고소하고 맛있어요. 이런 타르트 처음 먹어봐요.","기타디저트(긍정)",000001000000
"스벅티라미수에 초 꽂았어요 스벅은 갈수록 케잌이 맛없어지는 느낌 제발 동물성생크림 비율 좀 높이고 덜달게 만들면 좋겠어요","케이크(부정)",002000000000
"케이크 너무 예쁘고 만족스러워요 담에 또 이용할게요!!","케이크(긍정)",001000000000
"깔끔한 커피와 맛있는 디저트가 많은 곳 재방문 의사 100","커피음료(긍정), 기타디저트(긍정)",100001000000
"테라스에서 맛있는 브런치를 즐길 수 있어요!","베이커리빵(긍정), 공간편의시설(긍정)",010000100000
"완존 맛있용 담엔 블루베리 먹을게용","대상 모호(없음)",000000000000
"다른 음료들도 맛있구 가게가 아늑하고 분위기 좋아요","커피음료(긍정), 분위기감성(긍정)",100000010000
"너무맛있고 좋았어요 행복합니다","대상 모호(없음)",000000000000
"케이크 받고 너무 예뻐서 광광 울었어요... 너무 예쁘고 맛있고 감동이구","케이크(긍정)",001000000000
"맘모스빵 시키삼. 두번 시키삼. 맛있음. 딸기크림 카우 브레드는 설명에는 크림이 쏟아진다고 하지만 전혀 그렇지 않았고 빵도 질겨요.","베이커리빵(중립)",030000000000
"케이크랑 커피가 맛있었고 시원하고 넓어서 좋았어요!","커피음료(긍정), 케이크(긍정), 공간편의시설(긍정)",101000100000
"역시 유명한건 잠봉뵈르고, 카운터에 있는분 응대는 쫌 불친절하네욯","베이커리빵(긍정), 서비스(부정)",010000002000
"빵이 다 맛있어보여서 포장까지 했더니 또 밥 보다 비싸짐 근데 진짜 너무 다 맛있고 분위기도 좋고 커피도 진하니 좋았어요) 서울숲 너무 멀지만 못먹은거 먹으러 또오고싶네요. 라우겐크로아상 꼭 드세요!!","커피음료(긍정), 베이커리빵(긍정), 분위기감성(긍정), 가격가성비(부정)",110000010200
"케이크가 맛있어요. 진짜 최고. 네모라떼는 달콩하고 커피도 나쁘지 않아요. 가격대는 좀 있지만 위치 생각하면 적당하고, 그 값을 해요","커피음료(긍정), 케이크(긍정), 가격가성비(중립)",101000000300
"가족과 함께 즐거운 시간 보냈어요. 곰돌이 케이크가 특히 인상적이었어요 개귀여움","케이크(긍정)",001000000000
"어떤 커피가 어떤 농장에서... 섬세하고 친절하게 설명해주신 도슨트님과 바리스타님께 감사드립니다 아 ! 체험중 내려주시는 커피도 정말 맛있게 먹었습니다","커피음료(긍정), 서비스(긍정)",100000001000
"갔을 때 만석일 정도로 사람이 많고... 수플레 말해 뭐합니까 비주얼부터 압권입니다... 분위기도 좋고 사진도 잘 나와서 좋습니다!!","기타디저트(긍정), 분위기감성(긍정), 혼잡도_웨이팅(중립)",000001010003
"커피도맛있고 분위기도좋고 친절해요","커피음료(긍정), 분위기감성(긍정), 서비스(긍정)",100000011000
"뵈르니 케이크 덕분에 행복한 기념일 보냈습니다! 정말 세상 화려하고 예뻐서 기념일뿐만 아니라 웨딩케익으로 써도 좋을 거 같아요.","케이크(긍정)",001000000000
"직원분도 너무 친절하시고 빵도 너무 맛있어요!! 다음에 또 올게요 감사합니다!!","베이커리빵(긍정), 서비스(긍정)",010000001000
"성수 브런치식당으로 탑인거 같아요 여기!!!... 음식 나오는 속도도 빠르고 좋았습니다 다만 가실땐 예약하고 가는걸 추천 드려요!! 그리고 이정도면 가성비도 착한거 같네요","베이커리빵(긍정), 서비스(긍정), 가격가성비(긍정), 혼잡도_웨이팅(중립)",010000001103
"유명한 소금빵 줄서서 샀어요. 바로 먹었는데. 바삭하지는 않고 버터가 많이 들어간 맛이네요.","베이커리빵(중립), 혼잡도_웨이팅(부정)",030000000002
"잘 마셨어용 크루키 맛있어요","쿠키구움과자(긍정)",000100000000
"커피람 디저트도 맛밌고 너무 귀며문 카페!","커피음료(긍정), 기타디저트(긍정), 분위기감성(긍정)",100001010000
"다 맛있어 보여서 다 사고싶었지만 예산 부족으로 기본 에그타르트... 페스츄리 같은 반죽이 먹기엔 좀 불편했어요 근데 맛은 부드럽고 기가막히네요!","쿠키구움과자(긍정), 가격가성비(부정), 선물포장(긍정)",000100000210
"항상줄서있는 식빵집 큰맘먹고 줄섰어요","베이커리빵(긍정), 혼잡도_웨이팅(부정)",010000000002
"딱 일본 현지의 맛있는 빵 맛이에요... 사장님이며 직원분들 다 너무 친절하시구... 주위 감사한 분들 선물하기에도 좋은 가격이고, 맛있는 만큼 또 빵들이 예뻐서 더 좋은 거 같아요.","베이커리빵(긍정), 서비스(긍정), 가격가성비(긍정), 선물포장(긍정)",010000001110
"분위기도 좋고 매장도 꽤 넓어용 데이트로 딱","공간편의시설(긍정), 분위기감성(긍정)",000000110000
"대기 13팀 있었는데 주변 둘러보고 오니까 금방 차례 왔어요 !!... 복숭아빙수 다른 곳에서도 복숭아빙수 먹어봤는데 여기가 훨씬 맛있는 것 같아요","빙수과일(긍정), 혼잡도_웨이팅(중립)",000010000003
"커피랑 허니브레드 먹는데 아!! 역시 밥 배랑 디저트 배가 따로 있구나를 느꼈어요!!... 커피랑 같이 먹으니깐 행복한 맛이에요","커피음료(긍정), 베이커리빵(긍정)",110000000000
"카페 분위기도 좋고 음악도 잔잔하니 연인이랑 대화하기 좋고 젤라또를 차가운 잔에 주는 디테일도 좋아요","기타디저트(긍정), 분위기감성(긍정)",000001010000
"아이맥 포토존도 신박하고... 무엇보다 딸기크럼블치즈케이크 이거 왜이렇게 맛있나요..?","케이크(긍정), 분위기감성(긍정)",001000010000
"Glen Orange 상큼한 오렌지에 위스키향이 은은하게 퍼지는 소르베. 도수는 있지만 부담 없이 즐길 수 있어요.","기타디저트(긍정), 분위기감성(긍정)",000001010000
"매장도 넓고 케이크랑 커피 다 맛있어요 다음에 또 올게요","커피음료(긍정), 케이크(긍정), 공간편의시설(긍정)",101000100000
"복숭아 생크림 케이크는 촉촉한 시트 사이에 달콤하고 상큼한 복숭아가 풍성하게 들어있어 입안 가득 여름이 퍼지는 느낌이었고... 아이스아메리카노는 산미와 고소함의 균형이 잘 잡혀 디저트와 궁합이 좋았고","커피음료(긍정), 케이크(긍정)",101000000000
"전체적으로 완전 만족 음식도 맛있고 분위기도 좋았어요. 최근 다요트 시작했는데 여기는 메뉴 구성이 좋더라고요.","베이커리빵(긍정), 분위기감성(긍정)",010000010000
"팥도 부드럽고 떡도 많이 들어있고 우유맛 진하게 나는 빙수도 너무 맛있었용!!","빙수과일(긍정)",000010000000
"식빵이 맛있어 보여 사러왔어요. 아침 일찍 문열어서 좋아요","베이커리빵(긍정), 서비스(긍정)",010000001000
"맛있어용 웨이팅 없이 들어와서 더위 식히기도 좋았어용","공간편의시설(긍정), 혼잡도_웨이팅(긍정)",000000100001
"친절하고 아늑한 느낌 좋아요","분위기감성(긍정), 서비스(긍정)",000000011000
"엄청 핫해서 찾아온 젤라또집인데요..와 진짜 맛있어여... 완전 강추!","기타디저트(긍정)",000001000000
"음료맛은 쏘쏘 구경할 게 많음","커피음료(중립), 분위기감성(긍정)",300000010000
"동네 카페맛집 인정입니다... 자주 이용해요","대상 모호(없음)",000000000000
"디저트가 정말 훌륭해요. 커피 원두도 산미가 적어서 디저트와 잘 어울리네요. 시그니처 케이크인 블랑 꼭 드세요","커피음료(긍정), 케이크(긍정)",101000000000
"차도 따뜻하니 좋고 어퍼룸밀크는 크림이 퐁실퐁실하니 맛있었어요 굳굳","커피음료(긍정)",100000000000
"커피맛이 너무 좋더라고요 브라우니도 넘 맛있고 베이글 수제크림치즈 최고에요... 사장님 잘생겼는데 친절하시고","커피음료(긍정), 베이커리빵(긍정), 쿠키구움과자(긍정), 서비스(긍정)",110100001000
"메론빵과 소라빵, 치즈타르트는 맛있었어요... 오사카 치즈케잌은 그냥 아무 맛도 없어서 별로였어요... 매장이 좁은 만큼 빵에 대한 위생을 생각하는 장치가 필요해보였습니다.","베이커리빵(긍정), 케이크(부정), 쿠키구움과자(긍정), 공간편의시설(부정), 서비스(부정), 가격가성비(부정)",012100202200
"분위기도 좋고 소금빵도 커피도 너무 맛있어요","커피음료(긍정), 베이커리빵(긍정), 분위기감성(긍정)",110000010000
"엄청커요 햄버거같음 하나먹으먄 배불러용 좀느끼해서 아아 필수","베이커리빵(긍정)",010000000000
"처음가봤는데 단체석 예약도 되고 좋아요!... 1인당 1음료 값만 지불하면 최대 3시간까지 단체석 이용비 없이 이용가능 하다는 점이 좋습니다!","공간편의시설(긍정), 가격가성비(긍정)",000000100100
"공간도 넓고 커피도 맛있어요","커피음료(긍정), 공간편의시설(긍정)",100000100000
"바질 크림치즈에 플레인 먹었는데 너무 맛있더라구요... 감자치즈 베이글도 안에 감자 샐러드 있어서 맛있게 먹었어요!","베이커리빵(긍정)",010000000000
"1박2일 천상가옥 시청하다 궁금해서 왔어요.. 커피 스콘 맛있어요","커피음료(긍정), 쿠키구움과자(긍정)",100100000000
"카페 분위기 너무 제가 좋아하는 스탈!!... 커피도 진짜 맛있어서 친구랑 또 오기로 했어요 흑임자 고소 그 자체","커피음료(긍정), 분위기감성(긍정)",100000010000
"앙버터 스콘도 너무 귀엽지만 다른 디저트들도 엄펑 먹음직스럽고 예뻤어요 내부 분위기도 좋아서 사진 찍을 때도 좋아요 !!","쿠키구움과자(긍정), 분위기감성(긍정)",000100010000
"이름답게 숲뷰가 이쁘네요 맛있는건 기본","분위기감성(긍정)",000000010000
"강남구청 본점 가다가 성수에 생겨서 왔는데 역시나 훌륭하네요 직원분이 친절 하십니다","서비스(긍정)",000000001000
"깔끔하고 좋았어요! 허니레몬티는 너무 레몬맛만 나고 꿀맛이 아예 안나서 조금 아쉬웠습니다","커피음료(중립), 공간편의시설(긍정)",300000100000
"달달한거 좋아해서 초콜릿밀크 시켰는데 너무 맛있고 사장님이 너무 친절하시고 자주 오고 있습니다!","커피음료(긍정), 서비스(긍정)",100000001000
"처음 방문해서 포장해서 먹었는데 너무 맛있어요, 두개만 산걸 후회하네요!","대상 모호(긍정), 선물포장(긍정)",000000000010
"군고구마 아이스크림 너무 맛있어요!!! 사장님이 맛있고 크로와상이 친절해요!!!!","베이커리빵(긍정), 기타디저트(긍정), 서비스(긍정)",010001001000
"아침인데 빵이 따뜻하지 않았어요.","베이커리빵(부정)",020000000000
"소문 대로 버터가 맛있군요. 택배가 되었음 합니다.","베이커리빵(긍정)",010000000000
"성수에서 더운날씨 때문에 갔는데...음....","공간편의시설(부정)",000000200000
"신랑과 함께 데이트옴 팬케이크 맛집이에요","베이커리빵(긍정)",010000000000
"초콜릿 우유가 찐으로 맛있어요. 그리고 시원해서 잘쉬다 갑니다.","커피음료(긍정), 공간편의시설(긍정)",100000100000
"입장할때 대기를 시킨다. 대기해서 들어갈 정도로 특별한 맛은 아님.","서비스(부정), 혼잡도_웨이팅(부정)",000000002002
"저녁 시간대에 자리 맡아두고 장시간 외출하시는 분들이 많아 앉을 자리를 찾기 힘들었어요 매장 좌석 관리에 신경 써 주시면 좋을 것 같아요.","공간편의시설(부정)",000000200000
"사장님이 정말 친절하시고 디저트 정말정말 맛있어요! 또가고싶네용","기타디저트(긍정), 서비스(긍정)",000001001000
"베이글이 쫄깃쫄깃해서 맛있어요!! 그린티라떼랑 자두에이드 먹었는데 음료 둘 다 맛있어서 놀랐어요!","커피음료(긍정), 베이커리빵(긍정)",110000000000
"넘 이쁘구 맛있어요! 귀엽고 아기자기해툐","분위기감성(긍정)",000000010000
"말차 자체는 맛있었어요 말차에스프레소는 맛이 없을 수 없는 조합인 것 같아요","커피음료(긍정)",100000000000
"실제 베어문듯한 복숭아맛이 나서 너무 좋았어요.","커피음료(긍정)",100000000000
"출근길에 기다리지 않고 가볍게 들려서 픽업하기 좋아요","서비스(긍정), 혼잡도_웨이팅(긍정)",000000001001
"맛은 제가 살면서 먹었던 소금빵 중에서 젤 맛있었용 버터향이 가득하고 쫄깃하니... 포장이라 그런지 생각보다 빨리 받을 수 있었어요","베이커리빵(긍정), 서비스(긍정), 선물포장(긍정)",010000001010
"맛, 분위기, 가격 모두 만족스럽습니다.","분위기감성(긍정), 가격가성비(긍정)",000000010100
"맛있어서 종종 찾는곳이예여 올때마다 너무 맛있구 이곳만한데가 없어염","대상 모호(긍정)",000000000000
"공간이 좋아서 힐링되는 곳입니다!! 너무 맛있고 친절하시셔서 다시 오고싶은 공간이에요!","공간편의시설(긍정), 분위기감성(긍정), 서비스(긍정)",000000111000
"음료는 말할것 없이 맛있었고 크로플 먹었는데 브라운치즈에 블루베리, 아이스크림 걍 미친 맛도리... 카페 자체가 너무너무 이뻐요..","커피음료(긍정), 기타디저트(긍정), 분위기감성(긍정)",100001010000
"음악 들으면서 힐링하고 싶어서 찾아왔어요! 선선한 날씨에 창가에 앉아있으니 너무 좋네요","분위기감성(긍정)",000000010000
"포장도 너무 예쁘고 먹기 아까울 정도로 예쁘고 맛있었음","대상 모호(긍정), 선물포장(긍정)",000000000010
"초코라떼 맛있고 옥수수 소금빵 미쳤어요","커피음료(긍정), 베이커리빵(긍정)",110000000000
"패스츄리가 정말 겹겹이 있고 맛있어요","베이커리빵(긍정)",010000000000
"진짜 너무 맛있었어요. 포장도 너무 귀엽고 여캐껏 먹어본 소금빵 중에 최고임..","베이커리빵(긍정), 선물포장(긍정)",010000000010
"땅콩향도 좋고 장소도 조용하면서 넉넉해서 좋아요","베이커리빵(긍정), 공간편의시설(긍정), 분위기감성(긍정)",010000110000
"분위기가 너무 좋고 작업하기에 좋아요 그리고 커피가 넘나 맛있습니당","커피음료(긍정), 분위기감성(긍정)",100000010000
"친구와 함께 왔는데 카페가 아담하니 예뻐요 소문대로 케이크도 맛있고 커피도 맛있어요","커피음료(긍정), 케이크(긍정), 분위기감성(긍정)",101000010000
"단일메뉴에 테이크아웃 이라서 금방금방 차례가 와서 기다릴만했어요 딱 소금빵의 정석 친환경적인 포장 넘 좋고","베이커리빵(긍정), 선물포장(긍정), 혼잡도_웨이팅(중립)",010000000013
"너무 맛있고 신기하네요. 상큼 달달하면서 깻잎향이 너무 잘어울려요.","커피음료(긍정)",100000000000
"고급스럽고 이국적인 분위기에 즐기기 좋습니다","분위기감성(긍정)",000000010000
"내부 층고가 높고 분위기가 조용해서 데이트하기 좋을 것 같아요... 디저트가 너무 맛있더라구요","기타디저트(긍정), 공간편의시설(긍정), 분위기감성(긍정)",000001110000
"컨셉에 충실한 멋있는 카페입니다 오전 오후 모두 즐길 수 있는 재밌는 곳이에요 !","분위기감성(긍정)",000000010000
"뷰가 좋고 말차라떼 맛잇네요","커피음료(긍정), 분위기감성(긍정)",100000010000
"쵸코 버터소금베이글 골랐었는데 맛있는 초코이고 중간중간 씹히는 소금이 밸런스가 좋아요!!","베이커리빵(긍정)",010000000000
"콜드브루 돌체라떼 맛있어요!!","커피음료(긍정)",100000000000
"그 풍부한 향과 깊은 맛은 커피 애호가들에게 권하고 싶습니다... 고요한 음악과 부드러운 조명은 편안한 분위기를 조성하며... 친절하고 프로페셔널한 스태프","커피음료(긍정), 분위기감성(긍정), 서비스(긍정)",100000011000
"너무 맛있어요! 베이글 댑악","베이커리빵(긍정)",010000000000
"분위기도 너무 좋고 음악도 좋고 커피도 너무 맛있어요! 무엇보다 직원분과 사장님이 너무 친절하시셔서 기분이 좋았어요!","커피음료(긍정), 분위기감성(긍정), 서비스(긍정)",100000011000
"시그니처라떼가 아주 맛있네요 황금이 올라간 아인슈페너도 맛있어요... 인테리어도 예쁘고","커피음료(긍정), 분위기감성(긍정)",100000010000
"크로와상 jmt 아늑하고 좋구여 디저트가 넘 마쉿는","베이커리빵(긍정), 기타디저트(긍정), 분위기감성(긍정)",010001010000
"크림이 진짜 일품입니당 가게가 작지만 대화하기 좋고 이뻐서 다시 또 가고싶어요!","커피음료(긍정), 공간편의시설(부정), 분위기감성(긍정)",100000210000
"아메리카노 가성비 좋아요 )","커피음료(긍정), 가격가성비(긍정)",100000000100
"쥬씨가 새로 생겨서... 아사히볼에 요거트 아이스크림까지 메뉴 다양성 무엇 새로 나온 수박 빙수도 먹어봤는데... jmt","빙수과일(긍정), 기타디저트(긍정)",000011000000
"종업원도 친절하고 무엇보다 커피랑 음식 맛나요","커피음료(긍정), 서비스(긍정)",100000001000
"베이글 쫄깃하고 맛있어요! 맥주 가격행사하고있어서 좋아요 한가지 아쉬운건 좌석이 더 많아졌으면 좋겠어요","커피음료(긍정), 베이커리빵(긍정), 공간편의시설(부정), 가격가성비(긍정)",110000200100
"가성비 좋고 커피맛도 좋아요","커피음료(긍정), 가격가성비(긍정)",100000000100
"일요일 저녁에 방문 했는데 분위기 너무 좋아요! 직원분들 응대가 친절합니다... 수제 아이스크림도 맛있어요!","기타디저트(긍정), 분위기감성(긍정), 서비스(긍정)",000001011000
"스윗산타라떼 달달해서 넘 맛있어요 케이크가 너무 달다싶었는데 딸기가 상큼해서 조합 괜찮았어요","커피음료(긍정), 케이크(긍정)",101000000000
"지나가나 예뻐서 들어왔는데 아인슈페너 맛있고 케이크가 진짜 대박이네요 비쥬얼도 너무 예쁘고","커피음료(긍정), 케이크(긍정), 분위기감성(긍정)",101000010000
"점원분들이 친절하시고 웃는 얼굴로 대해주십니다) 디카페인 아이스라떼 맛있어요!! 스콘이랑 같이 먹으면 찰떡이에요","커피음료(긍정), 쿠키구움과자(긍정), 서비스(긍정)",100100001000
"저스트 인스타 갬성 카페,,, 불편한 테이블 구성,, 사진 앞에 있는 테이블은 벽보고 마시는 구조 ,,,, 2층 너무 더워용","공간편의시설(부정), 분위기감성(중립)",000000230000
"후추커피 너무 독특하고 맛있었어요!!!! 크루키도 포장했는데 기대돼용","커피음료(긍정), 쿠키구움과자(긍정), 선물포장(긍정)",100100000010
"음식도 맛있고 아침 일찍 오픈해서 더 좋아요 여러 잼을 맛볼 수 있어서도 좋구요","베이커리빵(긍정), 서비스(긍정)",010000001000
"서울숲이랑 가까워서 피크닉갔다가 들르기 좋아요!! 빙수가 4종인데 지금은 제철인 딸기와 애플망고만 판매하신다고 합니다. 딸기빙수 사진보고 너무 맛있어보여서 방문했는데 예쁘고 맛도 있어서 좋았어요!!","빙수과일(긍정), 공간편의시설(긍정)",000010100000
"가격은 약간 비싸지만 맛있고 인테리어도 예뻐요.","분위기감성(긍정), 가격가성비(부정)",000000010200
"남이 사주면 먹을 맛. 너무 기대가 컸던 것인지... 실내자리는 간격이 좁고 시끄러워서 외부좌석을 이용했습니다.","커피음료(부정), 공간편의시설(부정), 분위기감성(긍정), 가격가성비(부정), 혼잡도_웨이팅(부정)",200000210202
"너무이쁜 타르트가게입니다. 너무 맛있습니다. 담엔 애플망고도 먹으로 갈게요!!","기타디저트(긍정), 분위기감성(긍정)",000001010000
"소금빵 너무 맛있는데 인당 5개 자주 올게요","베이커리빵(긍정), 서비스(중립)",010000003000
"지나가다 발견해서 먹었는데 인생 에그타르트집입니다 마싯어용","쿠키구움과자(긍정)",000100000000
"딸기모찌 파르페를 시겨보았어요. 크림이 진짜 맛있고 딸기랑 너무 잘 어울리네요. 두 번째 방문인데 서울숲이 잘 보이고 매장이 넓어서 넘 좋았어요.","기타디저트(긍정), 공간편의시설(긍정), 분위기감성(긍정)",000001110000
"파블로바 맛집이에용 많이 안달고 넘 맛있어요! 친절하신 사장님 덕분에 좋은시간 보내고 갑니다","기타디저트(긍정), 서비스(긍정)",000001001000
"직원분들 다들 엄청 친절하시고 소금빵 맛있어요","베이커리빵(긍정), 서비스(긍정)",010000001000
"시그니처 음료가 너무 맛있어요 유자 꿀 우유 빨대를 들면서 먹으라는직원의 말대로 하니 밑에서부터 순서대로 나오는게 정말 맛있어요","커피음료(긍정), 서비스(긍정)",100000001000
"피넛버터 사기위해 1n번 재방문 했습니다! 피넛버터 시중에 파는거 여러종류 먹어봤지만 여기가 1등입니다!!","베이커리빵(긍정)",010000000000
"우와 정신없고 무엇보다 커피나와서 부르는소리가 안들림","서비스(부정), 혼잡도_웨이팅(부정)",000000002002
"첫방문 차일디쉬 소금빵 붕어빵 음료 모두다 맛있었습니다 성수역 방문하시면 꼭 들려야하는 곳입니다","커피음료(긍정), 베이커리빵(긍정)",110000000000
"맛있구 직원분도 착하세요!!","서비스(긍정)",000000001000
"망고빙수 양 짱 많음 맛도리","빙수과일(긍정), 가격가성비(긍정)",000010000100
"아이스크림과 와인을 주문했는데... 너무 맛있어요 와인도 아이스크림과 페어링 하기 좋은 너무 무겁지 않은 와인이라... 꼭 예약하고 가세요!!","커피음료(긍정), 기타디저트(긍정), 공간편의시설(긍정), 분위기감성(긍정), 서비스(긍정)",100001111000
"성수에 가면 아이들이 매번 방문하는 방앗간","대상 모호(없음)",000000000000
"케이크는 정말 맛있어요! 다만 네이버예약으로... 20분이상 기다려서 좀 아쉬웠네요","케이크(긍정), 서비스(부정), 혼잡도_웨이팅(부정)",001000002002
"분위기가 너무 좋구 맛있어요 )","분위기감성(긍정)",000000010000
"토핑까지 얹으니 너무 예쁜 휘낭시에를 직접 만들 수 있어서 좋았습니다! 여자친구와 함께 방문했는데, 더운 여름에 데이트 코스로 추천합니다","쿠키구움과자(긍정), 서비스(긍정)",000100001000
"직원분이 친절하게 설명해주셔 메뉴 선택할 수 있었어요! 놀라 디카페인 오트밀로 변경 고소함이 매력있는 커피였답니다","커피음료(긍정), 서비스(긍정)",100000001000
"정말 깨끗하고 장소가 너무 이쁘네요 자주 이용하겠습니다. 강추입니다 . 초코우유 최고네요!","커피음료(긍정), 공간편의시설(긍정), 분위기감성(긍정)",100000110000
"매장이 넓고 야외좌석까지 있어 자리잡기는 쉬우나... 한명의 알바생이 포장포함 모든계산을 하다보니 베이글 픽업까지의 시간이 너무 오래 걸림","베이커리빵(긍정), 공간편의시설(부정), 서비스(부정), 혼잡도_웨이팅(부정)",010000202002
"코로나로 날짜 옮겨주셨는데 여기엔 잘못 올려져있네요?","서비스(부정)",000000002000
"커피가 정말 맛있어요! 카페가 미니멀하고... 디저트인 앙버터 빵 정말 맛있습니다","커피음료(긍정), 베이커리빵(긍정), 분위기감성(긍정)",110000010000
"시나몬 치글만 남아서 시켰는데 넘 맛있어요 촉촉 푹신 부드러운 치즈케이크! 크림에도 알갱이가 있는데 맛있습니다","베이커리빵(긍정), 공간편의시설(긍정), 분위기감성(긍정)",010000110000
"매장이 특색있고 트렌디함. 실내석, 야외정원 테이블, 옥상테이블 있어서 넓지만 그만큼 사람들도 많음. 화장실은 옛날건물이라 조금 무서움.","공간편의시설(부정), 분위기감성(긍정), 혼잡도_웨이팅(부정)",000000210002
"역시 빙수는 기댈빙! 정말 너무 맛있고 진짜 인생 빙수집... 떡꼬치도 너무 맛도링","빙수과일(긍정), 기타디저트(긍정)",000011000000
"빵도 맛있고 분위기도 괜찮고 만족합니다","베이커리빵(긍정), 분위기감성(긍정)",010000010000
"매장 쾌적하고 좋아요 식빵이랑 스프 맛있어요","베이커리빵(긍정), 공간편의시설(긍정)",010000100000
"옥수수 타르트 궁금해서 방문했어요! 여름이랑 넘 잘어울리는맛이에요 차갑게 먹으니 달지않으면서도 옥수수향이 가득해서 맛있어요","기타디저트(긍정)",000001000000
"소금빵도 맛있고 계산과 대기줄이 나눠져있어서 줄이 길어도 금방사서 좋았어요","베이커리빵(긍정), 서비스(긍정), 혼잡도_웨이팅(긍정)",010000001001
"소금빵 종류가 엄청 다양하고 다른 빵들도 종류가 다양하게 있어 고를 맛이 납니다! 음료들도 정말 다양하구요","커피음료(긍정), 베이커리빵(긍정)",110000000000
"서울숲 포레스트 이름이 특이해서 와봤는데 진짜여기 뷰 맛집, 빙수랑 커피 맛집이에요..!","커피음료(긍정), 빙수과일(긍정), 분위기감성(긍정)",100010010000
"너티클라우드가 맛있어요 제주에 있는 그린티 클라우드?가 없어서 아쉬워요","커피음료(긍정)",100000000000
"사장님도 친절하시고, 디저트도 맛있고 분위기도 좋아요!","기타디저트(긍정), 분위기감성(긍정), 서비스(긍정)",000001011000
"근처 쇼핑왔다가 우연히 들어왔는데 맛있는 베이글과 예쁜인테리어가 좋았습니다.","베이커리빵(긍정), 분위기감성(긍정)",010000010000
"라떼 넘 맛있어요!! 인테리어도 이쁘고 짱짱","커피음료(긍정), 분위기감성(긍정)",100000010000
"음료가 너무 달지 않고 맛있어요. 프렌치 토스트랑 핫케이크랑 같이 먹기 나쁘지 않았어요.","커피음료(긍정), 베이커리빵(긍정)",110000000000
"위스키와 디저트를 좋아한다면 한번은 방문해 봐야 할 곳... 아이스크림과 디저트 자체의 맛도 훌륭해서 재 방문 의사 10000입니다 )","기타디저트(긍정)",000001000000
"최고에요! 망고 좋아하신다면 추천","빙수과일(긍정)",000010000000
"크리스마스분위기도 너무좋구 음료도 맛있고 특히 치즈케잌이 꾸덕꾸덕 맛있어요오!!","커피음료(긍정), 케이크(긍정), 분위기감성(긍정)",101000010000
"커피맛도 괜찮고 디저트류도 다양하게 많아 좋았어요... 야외 테라스 좌석까지 있어서 성수 분위기 느끼기 좋은 곳이었어요","커피음료(긍정), 기타디저트(긍정), 공간편의시설(긍정), 분위기감성(긍정)",100001110000
"친구랑 오랜만에 디저트 카페 찾아왔는데 너무 맛있어용 마지막 남아 있던 스트로베리 꽈배기도 최궁..","기타디저트(긍정)",000001000000
"딸기우유가 맛있구 사장님두 친절하시구 카페 분위기두 너무 좋구..","커피음료(긍정), 분위기감성(긍정), 서비스(긍정)",100000011000
"주문받았던 사람이 불친절하고 그냥 그래요","서비스(부정)",000000002000
"커피가 정말 맛있어요매장이 넓진 않아서 많이 기다렸지만 커피 한모금 앙버터에 모든게 좋았어요","커피음료(긍정), 베이커리빵(긍정), 공간편의시설(부정), 혼잡도_웨이팅(부정)",110000200002
"사장님이 친절하시고 여기 오시면 티라미수 꼭 먹으세요!","케이크(긍정), 서비스(긍정)",001000001000
"바질유자소다 진짜 맛있어요 바질맛가득 상큼","커피음료(긍정)",100000000000
"청귤에이드랑 옥수수소금빵 붕냥이빵 먹었는데 전부 맛있네요 새로 오픈해서 그러지 매장도 깔끔하고 분위기도 좋았어요!","커피음료(긍정), 베이커리빵(긍정), 공간편의시설(긍정), 분위기감성(긍정)",110000110000
"넘 맛있고 공간 멋있어요! 천고 높아서 사람 많아도 안시끄럽고 죠아요!","공간편의시설(긍정), 분위기감성(긍정), 혼잡도_웨이팅(긍정)",000000110001
"빙수 전문 가게라 그런지 커피는 그냥 그래요.","커피음료(중립)",300000000000
"커피도 디저트도 맛있고 잔도 티슈도 뭐 하나 안 귀여운게 없넴 1층엔 자리가 꽉 차서 지하로 갔는데 또 다른 분위기더라구요.","커피음료(긍정), 기타디저트(긍정), 분위기감성(긍정)",100001010000
"오랜만에 먹으니 더 맛나네용 근데 가격 오름.. 7300 !!","가격가성비(부정)",000000000200
"베이글 종류가 정말 많고 맛잇어요!","베이커리빵(긍정)",010000000000
"데이트팝에서 보고 분위기가 좋아보여 방문했습니다 실제로도 너무맛있고 커피도 너무 훌륭했습니다!!!","커피음료(긍정), 분위기감성(긍정)",100000010000
"딸기빙수를 못 먹어 아쉽지만 다른 케이크도 맛있어요","케이크(긍정), 빙수과일(부정)",001020000000
"분위기도 좋고 편안한 분위기에서 베이글 커피도 맛있었어요","커피음료(긍정), 베이커리빵(긍정), 분위기감성(긍정)",110000010000
"선물용으로 땅콩버터 주문하고 픽업갔어요. ) 좋아요.","베이커리빵(긍정), 선물포장(긍정)",010000000010
"케이터링 서비스에 반하고 갑니다 커피 음료 맛있는 건 물론이고 브랜딩 굿즈 다 미쳤어요","커피음료(긍정), 분위기감성(긍정)",100000010000
"오 성수동 숨겨진 핫프레이스인듯","분위기감성(긍정)",000000010000
"저는 산미 없는 아메리카노를 좋아하는 고소하게 잘 타주시고... 이빨까지 시릴 정도로 시원하게 해주셔서 너무 맛있게 잘먹었답니다!!","커피음료(긍정), 서비스(긍정)",100000001000
"자몽허니블랙티..달달새콤 맛있어요..","커피음료(긍정)",100000000000
"테이크아웃 20프로 할인 좋은거같용 맛있게 잘 마셨습니다 !!","커피음료(긍정), 가격가성비(긍정), 선물포장(긍정)",100000000110
"나들이가는길에 쿠키와 커피 포장했습니다! 테이크아웃해서 들고 서울숲 접근하기 가까운 위치에 있고 쑥떡쿠키 쫄깃한게 넘 맛있었어요!","커피음료(긍정), 쿠키구움과자(긍정), 선물포장(긍정)",100100000010
"맛있고 너무 친절해서 또 방문 할거 같아요!!","서비스(긍정)",000000001000
"깔끔하고 친절하시어서 넘 좋네요... 자두 에이드 완전 추천합니다 !!!","커피음료(긍정), 공간편의시설(긍정), 서비스(긍정)",100000101000
"우선 케이크 반입이 되는곳이라... 아이스크림도 맛있고 분위기도 좋아서 다음에도 재방문 하려구요!!","기타디저트(긍정), 공간편의시설(긍정), 분위기감성(긍정)",000001110000
"개예쁘긔윤!!!!!!! 음료도마싯어요","커피음료(긍정), 분위기감성(긍정)",100000010000
"몇번 방문하는건지 두바이찹쌀떡 너무 맛있구요 계속 사먹고싶어요!!!","기타디저트(긍정)",000001000000
"초코민토 요리모 초코민토 !!","대상 모호(없음)",000000000000
"분위기 좋아보여 들어왔어요 인테리어도 노래도 힙하네요 커피맛있게 잘먹고갑니다","커피음료(긍정), 분위기감성(긍정)",100000010000
"서울숲 근처 네모네 카페는 공간이 감성적이고 조용해서 혼카페하기도 좋아요","분위기감성(긍정)",000000010000
"베이커리 종류가 많고 커피가 진 짜 맛있어요 공간도 쾌적하고 가성비도 좋네요","커피음료(긍정), 베이커리빵(긍정), 공간편의시설(긍정), 가격가성비(긍정)",110000100100
"맛있어요!! 일단 매장이 넓어서 좋아요","공간편의시설(긍정)",000000100000
"매장 들어오면 네모네답게 이 전부 으로 되어있는데 되게 귀여워요! 그리고 케이크랑 에이드 둘 다 너무 맛있슴다","커피음료(긍정), 케이크(긍정), 분위기감성(긍정)",101000010000
"아침부터 든든히 먹을수 있어서 좋습니다","대상 모호(없음)",000000000000
"매장 인테리어도 예쁘고 음향도 너무 좋아요 푸딩 넘 여움","기타디저트(긍정), 분위기감성(긍정)",000001010000
"바쁜 출근시간 빠르게 음료를 받을수있어 좋습니다","서비스(긍정), 혼잡도_웨이팅(긍정)",000000001001
"디저트가 너무 예뻐요..음료도 맛있어서 성수 최애 카페 바뀔 거 같아요!!!!!","커피음료(긍정), 기타디저트(긍정)",100001000000
"넓고 쾌적해요. 패션후르츠 과육이 많이 씹혀요. 딥 초코 이름값해서 아주 맘에드네요.","커피음료(긍정), 공간편의시설(긍정)",100000100000
"성수에서 넓고 큰 카페와 맛있는곳을 찾는다면 여기!! 테이블간 간격도 넓고 조용해요","공간편의시설(긍정), 분위기감성(긍정)",000000110000
"성수에 이런 특별한 분위기의 카페가 있다니... 영화 촬영장같은 분위기의 카페였습니다","분위기감성(긍정)",000000010000
"100 땅콩인데 너무 부드럽고 맛있어요 항상 사먹고, 선물도 자주 하는데 다 좋아해요! 추천합니다","베이커리빵(긍정), 선물포장(긍정)",010000000010
"너무 예쁘고 큐키 맛집 카페입니다 너무어무 마음에 들어요","쿠키구움과자(긍정), 분위기감성(긍정)",000100010000
"카페가 아기자기하니 너무 귀여워요!!그리고 무화과랑 피스타치오 조합이라니,,미쳤어요","기타디저트(긍정), 분위기감성(긍정)",000001010000
"매장이 예쁘고 젤라또도 너무 맛있어요 또 빙문하려고 해요","기타디저트(긍정), 분위기감성(긍정)",000001010000
"가게 내부도 넓고 분위기도 너무 좋은 곳입니다. 직원분들도 너무 친절하시어서 최고예요.","공간편의시설(긍정), 분위기감성(긍정), 서비스(긍정)",000000111000
"직원분들도 친절하시고 쾌적하고 좋았습니다.","공간편의시설(긍정), 서비스(긍정)",000000101000
"성수역에 위치한 분위기도 좋고 케익과 음료가 모두 맛난 카페!... 흑임자 먹었는데 적당히 달달하며 매우 맛있다","커피음료(긍정), 케이크(긍정)",101000000000
"전체적으로 덜 달아서 좋았어요 기대를 너무해서 그런가 빵 시트나 크림이 좀 덜 부드러워서 아쉬웠어요","베이커리빵(부정)",020000000000
"종류도 다양하고 맛있어요!!","대상 모호(없음)",000000000000
"어니언 스프는 양도 좋고 맛이 진해서 좋았습니다. 냉음료 보다 따듯한 음료로 추천드려요","커피음료(중립), 베이커리빵(긍정), 공간편의시설(부정)",310000200000
"성수동에서 사람들이 여기 상자를 많이 들고 다니더라구요... 비쥬얼도 예쁘고 맛도 좋아요!","대상 모호(긍정), 분위기감성(긍정)",000000010000
"나들이 하는겸 와봤는데 벌써 유명해져서 사람들이 꽤 많이 찾더라고용... 가격이 싸진 않았는데 재료 생각하면 괜찮은 편이었어요","베이커리빵(긍정), 가격가성비(중립), 혼잡도_웨이팅(부정)",010000000302
"젤라또가 정말 진하고 쫀쫀해요! 매장 분위기도 넘 아늑하고 편안해서 다음엔 저녁에 오려구요","기타디저트(긍정), 분위기감성(긍정)",000001010000
"매장 넓고 깔끔햐서 너무 좋아요!!","공간편의시설(긍정)",000000100000
"바케트 잠봉뵈르 퀸아망 너무 맛있어요","베이커리빵(긍정)",010000000000
"성수에 무난한카페. 시그니처 커피는 맛있음","커피음료(긍정)",100000000000
"빨미깔레가 좀 눅눅함! 초코가 더 맛나요! 케익류는 환경부담금이 부담됨 (1,000원)","케이크(긍정), 쿠키구움과자(부정), 가격가성비(부정)",001200000200
"앤티크해리포터따뜻한 크리스마스 느낌이 가득한 브루크 들어가자마자 인테리어가 너무 아늑하고 예뻐서 우와! 소리가 절로 나왔어요 호그와트 기숙사에서 크리스마스를 맞는 느낌이랄까요 친절하신 사장님이 직접 만들어주시는 브루크와 티라미수, 크림 얼그레이 밀크티까지 갓벽! 특히 티라미수랑 브루크 크림이 정말 미쳤습니다 콜드브루 베이스라 콜드브루 좋아하신다면 추천드려요! 얼그레이 밀크티도 부드럽고 너무 달지 않아 제 입맛에 딱이였어요 몽실몽실 크림 맛보러 전 또 이번 겨울에 재방문 예정입니다아","커피음료(긍정), 케이크(긍정), 분위기감성(긍정), 서비스(긍정)",101000011000
"굳이굳이 찾아가서 먹어야할 찐맛집 진짜 미쳤다 치즈케이크 신세계가 펼쳐질 거예요. 아이스크림도 존맛탱구리","케이크(긍정), 기타디저트(긍정)",001001000000
"2층 창가 뷰는 좋아요. 음료 맛도 준수하나 아쉬운 점을 적어볼게요 1. 따뜻한 물 한잔을 부탁드렸는데 gs칼테일 로고가 새겨진 종이컵으로 주세요. 거기서 가게의 서비스 완성도가 떨어진다고 느껴졌어요. 2. 에이드는 맛있었으나 시럽이 가장 밑층에 깔려 섞이지 않는 상태로 제공되어 이쪽 일해본 사람으로서 아쉬웠고 빨대는 논플라스틱 수지가 아닌 일반 빨대 같았어요. 2. 2층 문이 살짝 덜 닫기거나 아님 밑에가 단단히 고정되어 잘 안 열리기도 해요. 게다가 손잡이 가죽 포인트가 사람이 서 있을 때 편한 곳이 아닌 가장 상단에 고정되어 있는데 그곳을 잡고 열 때 자꾸 손가락이 부딪혀 아파요. 애인이 여는데 불편하다고 하더라고요. 그것 말곤 좋았어요. 가을 서울숲을 볼 수 있는 카페라 좋아요.","커피음료(중립), 공간편의시설(부정), 분위기감성(긍정), 서비스(부정)",300000212000
"위스키 아이스크림이란 메뉴가 궁금해서 방문했는데 기대 이상으로 좋았습니다... 메뉴 설명도 친절하게 해주십니다!","기타디저트(긍정), 서비스(긍정)",000001001000
"레모네이드 맛있어요! 카페도 너무 이뻐요 그리고 밖에 너무 더운데 카페 진짜 시원해서 좋아요,,","커피음료(긍정), 공간편의시설(긍정), 분위기감성(긍정)",100000110000
"매장이 너무 예쁘고 베이글 종류도 다양해요 처음 와봤는데 단골될 것 같아용","베이커리빵(긍정), 분위기감성(긍정)",010000010000
"공간이 예쁜 곳이에요 흑임자도 맛나요","분위기감성(긍정)",000000010000
"망고케이크 픽업 하러 왔다가 넘 예뻐서 사진을 안 찍을수가 없었던... 쿠키도 못참고 먹었는데 넘 맛나고 예뻐요","케이크(긍정), 쿠키구움과자(긍정), 분위기감성(긍정), 선물포장(긍정)",001100010010
"커피사피엔스 성수더스페이스점은 땡모반 맛집입니다! 생수박주스가 너무 시원 달콤 상큼해요... 사장님이 너어어무 친절하셔서 기분이 더 좋아졌어요!!!!","커피음료(긍정), 서비스(긍정)",100000001000
"커피도 맛있고 분위기도 너무 좋아요 )","커피음료(긍정), 분위기감성(긍정)",100000010000
"커피 메뉴가 칵테일처럼 특이하고 맛있어요 매장도 넓어요","커피음료(긍정), 공간편의시설(긍정)",100000100000
"항상 자리 없어서 못 갔는데 운 좋게 한 테이블 나가는 타이밍 잡아서 들어갔어용! 디저트가 다 예쁘고 맛있어서 순삭했네용!","기타디저트(긍정), 혼잡도_웨이팅(중립)",000001000003
"방문할때마다 한결같은 맛과 퀄리티로 정성껏 빵들을 만드시니 기분좋게 만족스럽게 빵들을 즐길 수 있었네요","베이커리빵(긍정)",010000000000
"소금베이글 데워주셔서 맛있게 먹었어요 근데 2층은 관리가 안되는건지 테이블이 더러워서 좀 그랬어요... 음료 두잔 나오는데 엄청 오래걸려서 그게 좀 아쉬웠네요","커피음료(중립), 베이커리빵(긍정), 쿠키구움과자(부정), 공간편의시설(부정), 서비스(부정)",310200202000
"매장 내 분위기랑 타르트 향이 너무 좋아요! 특히 사장님께서 너무 친절히 설명해주셔서 감사했습니다!","기타디저트(긍정), 분위기감성(긍정), 서비스(긍정), 선물포장(긍정)",000001011010
"소금빵 맛나요. 바게트느낌 약간 있음.. 바삭바삭한 느낌? 저녁늦게 가면 줄 안서고 살수 있어요.","베이커리빵(긍정), 혼잡도_웨이팅(긍정)",010000000001
"에이드 정말 맛있고요, 블루베리 크럼블 치즈케이크 시켰는데 케이크도 맛있어요! 매장은 아늑하지만 자리는 생각보다 많고","커피음료(긍정), 케이크(긍정), 공간편의시설(긍정), 분위기감성(긍정)",101000110000
"커피가 맛있어요!! 플랫화이트 너무 고소해요 카페 음악이 조금 조용하면 더 좋을거같아요","커피음료(긍정), 분위기감성(중립)",100000030000
"진짜 여기 타르트 순삭할맛이라 다이어트중이라 자제하는중","기타디저트(긍정)",000001000000
"워낙 인기가 많아서 늦은 시간 방문하니 빵이 다 품절 !! 빨리 와서 사드세영","베이커리빵(부정), 혼잡도_웨이팅(부정)",020000000002
"성수동 3대 식빵 맛집입니다! 강추합니다","베이커리빵(긍정)",010000000000
"꽈배기 종류가 다양해서 너무 좋아요 처음 방문이라 대표로 먹어봤지만 다른 맛도 궁금해요!!","기타디저트(긍정)",000001000000
"성수 브런치 맛집 메이플탑 양도 많고 테라스 좌석이 있어 오후에 여유부리기 딱 좋은 브런치집이에요!... 프렌치 토스트가 특히 맛있어요","베이커리빵(긍정), 공간편의시설(긍정), 가격가성비(긍정)",010000100100
"망고 빙수가 정말 맛있었어요! 양도 많고 생망고도 올라가 있어서 정말 만족했습니다!","빙수과일(긍정), 가격가성비(긍정)",000010000100
"굳.. 포장이 좀 허술해서 트리 케이크가 쉽게 잘 쓰러짐 혹시 포장하시면 조심해서 가지고 다녀야함","케이크(긍정), 선물포장(부정)",001000000020
"망고치즈케이크하고 플랫화이트 같이 먹었는데 엄청 맛있었어요!! 인테리어도 분위기도 좋아서","커피음료(긍정), 케이크(긍정), 분위기감성(긍정)",101000010000
"12시쯤 가서인지 거의 빵이 없어서 기본베이글들을 살수가 없었어요... 직원들의 안내가 부족하고 베이글도 무슨 베이글인지 보기가 어렵게 진열을 해놓았어요.","베이커리빵(부정), 서비스(부정), 혼잡도_웨이팅(부정)",020000002002
"쫄깃하고 맛있어요!!! 베이글 종류도 많아서 하나씩 다 먹어볼게요","베이커리빵(긍정)",010000000000
"디저트도 커피도 다 너무 맛있어요 ) 카페 자리도 많고 성수카페로 강츄","커피음료(긍정), 기타디저트(긍정), 공간편의시설(긍정)",100001100000
"딱 출출할때 작은 베이글 먹기 좋아요","베이커리빵(긍정)",010000000000
"커피랑 베이글 넘 맛있게 잘 먹었어요! 멍푸치노도 진짜 예쁘게 나와서 깜짝 놀랬어요","커피음료(긍정), 베이커리빵(긍정)",110000000000
"되게 조용하고 작은공간일줄 알았는데 안이 뭔자 북적하고 좀 왠지모를 시끄러움이 느껴져서 좀 당황했지만 음료는 좋았고 디저트를 못먹어봐아쉬워용","커피음료(긍정), 분위기감성(부정)",100000020000
"노찬영 바리스타님은 굉장히 친절하셨고 커피도 너무 만족스러웠습니다. 그러나 여자 바리스타분은 딱히.. 친절하다는 느낌은 못 받았습니다.","커피음료(긍정), 서비스(중립)",100000003000
"커피 너무 맛있어요! 그리고 처음 먹어 보는 디저트인데, 맛있게 잘 먹었습니다! 사장님 엄청 친절하세요 )","커피음료(긍정), 기타디저트(긍정), 서비스(긍정)",100001001000
"사람이 많아도 주문 처리가 타지점에 비해서 빠릅니다.","서비스(긍정), 혼잡도_웨이팅(긍정)",000000001001
"분위기도 좋고 맛있는 것도 많아요 !! 추천합니다","분위기감성(긍정)",000000010000
"넘넘 맛있는 대크베 . 버터플레즐.소금빵 넘넘 굿이에요","베이커리빵(긍정)",010000000000
"보통 디카페인 커피는 탄 맛이 많이 나서 잘 안먹게 되는데 여기는 디카페인도 향긋하고 맛있어요 티라미수도 보드라워요","커피음료(긍정), 케이크(긍정)",101000000000
"깔끔하고 맛있이요!! 특히 쑥맛 진짜 진해요 대박","대상 모호(긍정), 공간편의시설(긍정)",000000100000
"빵사면 바디미스트도 주셔서 너무 좋았어요","서비스(긍정)",000000001000
"놀라 플로트 커피 너무 부드럽고 아이스크림이랑 조화가 잘맞아 정말 맛있네용... 지브랄타는 커알못들이 먹기엔 좀 진해요 그래도 부드럽고 꿀맛도리","커피음료(긍정)",100000000000
"샐러드랑 샌드위치 먹을거 가기 좋아요 야채들도 신선하고 맛있어서 건강하게 먹기 넘 좋네요","베이커리빵(긍정)",010000000000
"처음 방문했는데 분위기도 너무 좋고 티라미수도 완전 맛있어요!!! 날씨도 좋아서 테라스가 딱이네여","케이크(긍정), 공간편의시설(긍정), 분위기감성(긍정)",001000110000
"선물 겸 포장해서 가족들이랑 나눠먹었는데 맛있었습니다! 모양도 이쁘고 해서 다들 만족하네요","대상 모호(긍정), 선물포장(긍정)",000000000010
"사람이 너무 많아서 정신이 없어요 음료맛은 그냥 그랬어요","커피음료(중립), 혼잡도_웨이팅(부정)",300000000002
"숨겨두고 혼자만 가고 싶은곳 , 호텔 디져트 맛, 커피도 고퀄입니다 . 직원분등 서비스 마인드 제품 퀄리티 전부 굿 .","커피음료(긍정), 기타디저트(긍정), 서비스(긍정)",100001001000
"분위기 좋은 곳에서 커피 한 잔 하고 왔어요. 인테리어 취향 저격 당했네요, 맘에 들어요!","커피음료(긍정), 분위기감성(긍정)",100000010000
"붕어빵이랑 빙수 둘 다 너무 맛있어요 가까이 있으면 매일 오고싶을 정도에요","베이커리빵(긍정), 빙수과일(긍정)",010010000000
"에그타르트는 덜익은 계란찜 식감 (홍콩식)이 아니라 찐 바닐라빈 잔뜩 들어간 푸딩맛... 여기가 바삭하고 기름지지 않아서 물리지 않아요","쿠키구움과자(긍정)",000100000000
"플레이트랑 어니언수프 하나씩 시켰는데, 둘 다 너무 맛있고 너무 만족했어요","베이커리빵(긍정)",010000000000
"초코우유에 초코 함유량이 퍼센트 별로 나눠져있는게 좋았어요! 찐하고 맛있게 먹었습니다 토스트도 굿!","커피음료(긍정), 베이커리빵(긍정)",110000000000
"평일 오후에 방문했는데 사람이 적어서 좋았어요 에그타르트가 크고 맛있네요!","쿠키구움과자(긍정), 혼잡도_웨이팅(긍정)",000100000001
"케이크도 직접 만드는걸 볼 수 있고해서 블루베리 케이크와 커피 시켜서 먹었네요. 카페가 넓직해서 눈이 시원해요... 단점은 화장실이 좀 더럽고 벌레가 많네요","커피음료(긍정), 케이크(긍정), 공간편의시설(부정)",101000200000
"하드바게트라 딱딱하지만 맛있었어요","베이커리빵(긍정)",010000000000
"뉴올리언스(귀리우유), 드립커피(Costa Rica Tarra), 스콘 먹었어요. 블루보틀 워낙 좋아합니다.","커피음료(긍정), 쿠키구움과자(긍정)",100100000000
"케익 너무 맘게 들게 잘 나왔고 친구 생일 기념해서 산건데 친구가 너무 좋아할것같습니다!","케이크(긍정), 선물포장(긍정)",001000000010
"당일케이크 예약도 가능하고 디자인도 많아서 좋아요!","케이크(긍정), 서비스(긍정)",001000001000
"에스프레소 의 맛도 밸런스가 좋고 우유가 고급진 우유라서 라떼의 조화가 좋습니다! 감각적인 인테리어도 기분을 좋게 만들고요!","커피음료(긍정), 분위기감성(긍정)",100000010000
"프레지애 케이크랑 커피랑 너무 잘 어울려요. 맛있네요","커피음료(긍정), 케이크(긍정)",101000000000
"진짜 너무 맛나용 성수올때마다 옵니다","대상 모호(긍정)",000000000000
"유명세 치고는 커피맛이 그리 뛰어나지는 않는듯 합니다... 인테리어가 심플하고 깔끔했는데, 그에 비해 손님들 앉는 좌석쪽이 편하지는 않았습니다.","커피음료(중립), 공간편의시설(부정), 분위기감성(긍정)",300000210000
"그린티 클라우드라는 메뉴도 생겨 먹어봤습니다! 부드러운 크림과 쌉쌀한 그린티라떼가 잘 어울려요! 너티클라우드도 고소한 크림과 라떼의 조화가 좋아요!","커피음료(긍정)",100000000000
"쾌적합니다. 많은 lp들이 정리 안된 상태로 있어서... 좀 아쉬웠어요. 장르별로라도 구분되어 있었으면","공간편의시설(중립), 분위기감성(긍정)",000000310000
"커피랑 디저트 전부 맛있었어요","커피음료(긍정), 기타디저트(긍정)",100001000000
"really delicious dessert n coffee","커피음료(긍정), 기타디저트(긍정)",100001000000
"커피도 예쁘게 나와요 플랫화이트와 구테로이테 먹었는데 너무 부드럽고 좋아요","커피음료(긍정)",100000000000
"커피 맛있어요 디저트도 눈에보여서 이것저것 담아봤어요","커피음료(긍정), 기타디저트(긍정)",100001000000
"분위기도 좋고 음료나 디저트도 맛있어요!","커피음료(긍정), 기타디저트(긍정), 분위기감성(긍정)",100001010000
"갑자기 찾았지만 너무 만족합니다. 붕어빵 음료 모두 맛있어요!!!","커피음료(긍정), 베이커리빵(긍정)",110000000000
"라떼가 특히 정말 맛있었어요! 폼이 쫀쫀!","커피음료(긍정)",100000000000
"베이글이 엄청 신기하게 생겼서요.. 맛있습니다!","베이커리빵(긍정)",010000000000
"에이드도 맛있고 매장도 4층까지 있어서 너무 좋아요! 빙수도 맛있어보여요","커피음료(긍정), 공간편의시설(긍정)",100000100000
"테이크아웃잔을 원햇는데 아쉽게도 말차는 생각보다 평범했습니다!","커피음료(중립)",300000000000
"오랜만에 갔는데 여전히 맛있네요","대상 모호(긍정)",000000000000
"라벤더 피스타치오맛 건강한 맛인지는 안 느껴짐... 젤라또 같은 꾸덕함 딱히 모르겠음","기타디저트(중립), 혼잡도_웨이팅(부정)",000003000002
"첫 방문이었는데 분위기도 디저트 맛도 좋었어요! 특히 타르트","기타디저트(긍정), 분위기감성(긍정)",000001010000
"매장이 예쁘고 따뜻하고 아늑하고 메뉴가 다양해서 좋아요","공간편의시설(긍정), 분위기감성(긍정)",000000110000
"비주얼 맛집이에요 대박 너무 맛있어요","대상 모호(긍정), 분위기감성(긍정)",000000010000
"인테리어가 넓고 대화하기 좋아요! 말차라떼도 맛있고 베이글도 크지않아서 디저트로 딱 좋습니다","커피음료(긍정), 베이커리빵(긍정), 공간편의시설(긍정), 분위기감성(긍정)",110000110000
"분위기도 좋고 빵도 맛있어용!!! 진짜 즐겁게 시간 보내고 가용 특히 커피가 향이 좋아용","커피음료(긍정), 베이커리빵(긍정), 분위기감성(긍정)",110000010000
"평일 낮에도 사람 음청 많아요 꼭 예약하고 오세용! 단호박 스프도 꼭 챙기시긔","베이커리빵(긍정), 혼잡도_웨이팅(부정)",010000000002
"브레드푸딩이 맛있고 내부인테리어어가 예뻐요","기타디저트(긍정), 분위기감성(긍정)",000001010000
"인테리어가 넘 멋잇은데 아이스초코 2번드세요. 3번드세요","커피음료(긍정), 분위기감성(긍정)",100000010000
"빵이 이쁜데 맛있고 멋져요! 인테리어도 너무 이쁘네요!!","베이커리빵(긍정), 분위기감성(긍정)",010000010000
"릴스 떠서 왔는데 너무 맜있어요! 나중에 또 올것 같아욤","대상 모호(긍정)",000000000000
"치케는 너무 맛있었지만, 카페에 와이파이가 없는 건 좀 놀랐네요하나 달아주시면 좋을 것 같아요","케이크(긍정), 공간편의시설(부정)",001000200000
"땅콩버터가 굉장히 고소해서 맛있었어요! 피버바 스무디 스위트 추천해요!!","커피음료(긍정), 베이커리빵(긍정)",110000000000
"라떼아트 챔피언 커피는 어떨까 하고 궁금해서 방문했는데 너무 맛있었어요... 에쏘 메뉴도 하나 더 마셨는데... 너무 맛있었네요","커피음료(긍정)",100000000000
"너무 마싯고 분위기 짱 좋아요.. 힐링하다 갑니당","분위기감성(긍정)",000000010000
"아늑한 카페에요 케잌 넘 맛있어요!","케이크(긍정), 분위기감성(긍정)",001000010000
"술 진탕먹고 해장하러 아아마시러갔다가 속풀려서 케이크도 먹고왔어욬 완전 맛있게 편하게 잘먹고 잘있다갑니다","커피음료(긍정), 케이크(긍정)",101000000000
"케익에 딸기가 왕 많아요! 커피도 맛있습니다","커피음료(긍정), 케이크(긍정)",101000000000
"디져트 들이 모두 맛있어 보여서 뭐를 고를지 고민 많이했어요.","기타디저트(긍정)",000001000000
"빵도 맛있고, 오늘의커피도 맛있어요","커피음료(긍정), 베이커리빵(긍정)",110000000000
"아늑한 분위기에 맛있는 커피와 디저트! 시그니처 메뉴인 초코우유 테이크아웃 했는데, 정말 진하고 달아요.","커피음료(긍정), 기타디저트(긍정), 분위기감성(긍정), 선물포장(긍정)",100001010010
"너어어어무 맛있고 베이글 작아서 너무 좋아요!!!!","베이커리빵(긍정)",010000000000"
"딸기케익 우리아이가 2개 다먹을 정도로 맛나요 사진찍기전에..다먹음","케이크(긍정)",001000000000
"연남동에서 디저트 맛집으로 유명한 작당모의가 성수에 오픈했다고 해서 온 보람이 있습니다. 상큼한 디저트와 맛있는 커피에 감각적인 인테리어까지 어우러진 서울숲 최고의 카페가 될 것 같네요bb","커피음료(긍정), 기타디저트(긍정), 분위기감성(긍정)",100001010000
"위치도 좋고 매장 분위기도 좋아요","공간편의시설(긍정), 분위기감성(긍정)",000000110000
"다쿠아즈 쫀득하고 맛있어요! 카라멜 다쿠아즈는 달고나 맛인데 필링이 진하고 쫀득한 식감이 좋았어요. 딸기레몬맛은 너무 새콤해서 안 어울리는 느낌이었고, 쿠키는 저한테 너무 달아서 별로였어요. 레드벨벳 쿠키는 안에 화이트초콜릿이 너무 많아서 그냥 엄청 단 화이트초코쿠키 맛이에요.","쿠키구움과자(중립), 기타디저트(중립)",000303000000
"저는 이번에 커피 한잔만 했지만 디저트들도 맛있어보여서 또 방문하려구요 데이트코스로 넘 좋아용","커피음료(긍정), 기타디저트(긍정), 분위기감성(긍정)",100001010000
"제가 너무 좋아하는 성수 엘피카페입니다 분위기도 너무 좋은데 이 가격에 엘피랑 청음실까지... 꼭 와보세요!!! 바나나푸딩도 진짜 맛있어요","기타디저트(긍정), 공간편의시설(긍정), 분위기감성(긍정), 가격가성비(긍정)",000001110100
"초콜릿 음료를 전문적으로 판매하는 점이 인상적이에요. 맛있었어요!","커피음료(긍정)",100000000000
"제가 정말 좋아하는 휘낭시에 맛집이에요 성수 오시면 꼭 방문해보세요!!","쿠키구움과자(긍정)",000100000000
"케이크 쇼케이스에서 포인트가 확! 느껴지는 카페에요 레이더 만의 분위기가 있고 인센트가 카페 내외부에 피워져 있어 은은한 향이 계속 납니다 케이크 종류는 다양하게 있어서 취향껏 먹기 좋아요! 음료 종류도 많고 2층에도 좌석이 있습니다. 디카페인커피는 따로 없었지만 커피 원두자체는 신선한 제품으로 쓰시는것 같아요! 편하게 대화하다가 가기 좋고 조용한 분위기라 더 좋았어요","커피음료(긍정), 케이크(긍정), 공간편의시설(긍정), 분위기감성(긍정)",101000110000
"디저트가 넘 이쁘고 맛있어용","기타디저트(긍정)",000001000000
"반려동물과 함께 갈 수 있는 카페!!... 당근케이크를 추가로 시켰었는데 당근 케이크가 젤루 맛있었다! 근데 전체적으로 가격은 약간 비싼 느낌이 들었다. 루프탑 궁금해서 올라가보고 싶었는데 계단 가는 길 옆 통로가 막혀있어서 구경할 순 없어서 아쉬웠다","케이크(긍정), 공간편의시설(부정), 가격가성비(부정)",001000200200
"분위기도 좋고 도너츠 종류도 많아서 너무 마음에 드네요 디저트가 전부 예뻐서 포장 선물해도 딱 좋을 것 같아요 음료도 다 잘해서 정말 마음에 드는 카페를 찾아서 기분이 좋네요 )","커피음료(긍정), 기타디저트(긍정), 분위기감성(긍정), 선물포장(긍정)",100001010010
"엄마가 매우 맛있다고 하네욧!","대상 모호(긍정)",000000000000
"딸기 종류 케이크 맛있어요. 사람 많아용","케이크(긍정), 혼잡도_웨이팅(부정)",001000000002
"컨셉 독특하고 화려해서 재밌어요 음식도 맛있고 애플망고소다 너모 맛있어요","커피음료(긍정), 분위기감성(긍정)",100000010000
"땅콩샌드사먹었는데 너무맛있오요","베이커리빵(긍정)",010000000000
"너무너무 귀여운 소품들이 반겨주고 의자도 있어서 편하고 좋아요","공간편의시설(긍정), 분위기감성(긍정)",000000110000
"프렌치토스트 진짜 퀄리티 미쳤네요. 크림브륄레처럼 겉면이 파삭해서 기분 좋고 속은 촉촉해요 글구 단호박스프 이거 완전 요물!! 와 이렇게 퀄 좋은 단호박스프를 카페에서 먹는게 말이 돼?! 진짜 여기 요리 잘하는 듯","베이커리빵(긍정)",010000000000
"잼 종류도 너무 다양하고 빵도 맜있어요 서울숲에 브런치 먹으러 온다면 추천이용","베이커리빵(긍정)",010000000000
"매장 깨끗하고 직원분들도 친절하고 화장실은 지하1층에 있어서 2층에서 움직이기 번거롭기는 해요.","공간편의시설(부정), 서비스(긍정)",000000201000
"블루보틀 이용하고 싶어서 가봤어요. 앉을자리가 없어서 아쉬웠지만 매장은 느낌있고 좋았어요.","공간편의시설(부정), 분위기감성(긍정), 혼잡도_웨이팅(부정)",000000210002
"츄러스와 아이스크림 조합이 일품이예요.","기타디저트(긍정)",000001000000
"정말 맛있고 선물하기도 정말 좋아요!! 포장도 너무 귀여워요","대상 모호(긍정), 선물포장(긍정)",000000000010
"한번쯤가볼만한 곳입니다 추천해요","대상 모호(긍정)",000000000000
"너무 정성스럽게 만들어주셔서 감사합니다 엄청 친절하시고 커피도 맛있게 먹었습니다","커피음료(긍정), 서비스(긍정)",100000001000
"아인슈페너 크림 진짜 맛있었어요. 크로플은 따뜻해서 좋았고 프레지에 정말 굳! 달지 않고 커피와 정말 잘 어울렸습니다.","커피음료(긍정), 케이크(긍정), 기타디저트(긍정)",101001000000
"타르트 성수 타르트 천국 맛집이에요!!!","기타디저트(긍정)",000001000000
"많이 붐비지 않아서 좋아요 !!","혼잡도_웨이팅(긍정)",000000000001
"봄 시즌 새 디저트가 나와서 구매했습니다! 치즈를 별로 좋아하지 않는데 레몬 유자 맛이 상큼하게 나서 잘 먹었습니다 ) 저번 시즌 초코 타르트도 맛있게 먹었는데 매번 선물용이나 가족끼리 먹기 너무 좋네요!","기타디저트(긍정), 선물포장(긍정)",000001000010
"메뉴와 분위기 모두 묘사서울만의 색깔이 확실해서 좋은 것 같아요 넘 귀여운 원숭이모나카","기타디저트(긍정), 분위기감성(긍정)",000001010000
"초코바나나가 맛잇어요 사람이 넘 마나서 분위기를 즐기기 힘들엇네요","기타디저트(긍정), 혼잡도_웨이팅(부정)",000001000002
"크로플 먹고싶어서 갔는데 제가 먹었던 크로플 중에 단연컨대 여기가 젤 맛있어요 ... 무엇보다 내부가 청결해서 좋았어용","기타디저트(긍정), 공간편의시설(긍정)",000001100000
"분위기 좋아요 애견 동반 식당이라 더 좋았습니다","공간편의시설(긍정), 분위기감성(긍정)",000000110000
"왜인지 사람이 많은데 많이 웅웅 거리지 않아 좋고 빵도 베이글을 작게, 한입용으로 해두어 가격은 착한편은 아니나 다양하게 먹어보기 좋아 4개나 주문했네요 음료도 좋았고요 분위기도 이뻐 데이트 코스로 추천합니다","커피음료(긍정), 베이커리빵(긍정), 분위기감성(긍정), 가격가성비(부정), 혼잡도_웨이팅(긍정)",110000010201
"매장이 너무 청결해서 믿음이 가는 곳이에요 사장님도 친절하고, 이번에 소세지 샀는데 다음엔 무화과 먹어보려고요","베이커리빵(긍정), 공간편의시설(긍정), 서비스(긍정)",010000101000
"남편이 가고싶다고해서 방문했습니다. 에스프레소 추가주문했는데 너무 맛있어요. 스푼이 이뻐서 사버렸어요!","커피음료(긍정)",100000000000
"키오스크가 하나인줄 알았는데 두개네영 매장넓어서 좋아요","공간편의시설(긍정)",000000100000
"매장에 거미줄... 손님 가시면 테이블 정리 필요할듯요.. 저녁에 가서 그런건가...","공간편의시설(부정)",000000200000
"성수동에서 가장 맛난 버터소금베이글이라길래 바로 줄 서서 들어왔는데 가장 맛난거 인정합니다,, 크림치즈 안 먹으려다가 허니바질 먹어봤는데 대존맛 진짜 미쳤어요,,!!!!","베이커리빵(긍정), 혼잡도_웨이팅(부정)",010000000002
"베이글을 좋아해서 유명한 베이글집이라고해서 아이들과 왔어요. 종류도 많고 베이글 맛집이네요.","베이커리빵(긍정)",010000000000
"들어가는 입구부터 고상한 느낌이 나는 카페네여 1층 2층으로 되어있고 인테리어 너무 이쁘네여 혼자서 라떼 한잔 시켜서 마시는데 커피도 맛있어요 !","커피음료(긍정), 분위기감성(긍정)",100000010000
"매장 내 분위기 좋고 디저트케익 종류가 다른 곳이랑 다른 메뉴가 몇 가지 있어서 좋았어요. 치즈브라우니 맛있었는데 커피는 좀 심심한 맛이었어요","커피음료(중립), 케이크(긍정), 분위기감성(긍정)",301000010000
"서울여행으로 방문! 블루보틀 처음 왔는데 너무 좋네요 커피도 음료도 맛있어요! 뚝섬 성수 쪽 놀러오면 블루보틀 추천!","커피음료(긍정)",100000000000
"두번째 방문이에요 공간 예쁘고 시그니처 메뉴있어서 좋아요","공간편의시설(긍정), 분위기감성(긍정)",000000110000
"캠핑장 같은 느낌으로 생각보다 되게 아늑했어요! 벨지안 초콜릿 우유는 당도 선택 가능했는데 달달한게 먹고 싶어서 57 선택했고요","커피음료(긍정), 분위기감성(긍정)",100000010000
"인테리어도 너무 이쁘고 빵맛집 인정해요 토마토바질식빵이랑 토스트 넘 맛있게 먹었어요 트러플스프도 주문하셔서 찍어드세용","베이커리빵(긍정), 분위기감성(긍정)",010000010000
"베이글 새로나와서 먹었는데 맛있어요","베이커리빵(긍정)",010000000000
"분위기도 부담스럽지않고 좋습니다 또 올듯","분위기감성(긍정)",000000010000
"성수에 분위기 좋은 와인바입니다. 아이스크림 가격도 괜찮고, 특히 크림블루치즈 아이스크림이 되게 색다르게 맛있습니다. 루프탑도 있어서 선선한 날씨에 방문하기 좋을 것 같습니다.","기타디저트(긍정), 공간편의시설(긍정), 분위기감성(긍정), 가격가성비(긍정)",000001110100
"너무 맛있거 예뻐요 데이트 하기 너무 좋은 곳입니다","분위기감성(긍정)",000000010000
"일하다가 포장해 와 커피마셨네요. 시원해서 더 좋았어요.","커피음료(긍정), 선물포장(긍정)",100000000010
"나만 알고 싶은 아지트 같은 공간 러프 포레스트 말차초코 음료인데... 러프라떼 (아인슈페너) 크림이 쫀쫀하고 달달합니다. 커피도 너무 쓰지 않고 맛있어요!!... 치즈케이크 꾸덕하니 맛있어요... 무엇보다도 친절하셔서 좋아요!!! 서비스 최고","커피음료(긍정), 케이크(긍정), 공간편의시설(긍정), 분위기감성(긍정), 서비스(긍정)",101000111000
"지하에 있어요 분위기는 조용해서 대화하기 좋았어요","분위기감성(긍정), 혼잡도_웨이팅(긍정)",000000010001
"맛있고 공간도 이쁘고 베이커리 저렴한 것만 더 메뉴에 추가되면 좋을 거 같아요","베이커리빵(중립), 공간편의시설(긍정), 분위기감성(긍정)",030000110000
"언제나 와도 항상 너무너무 맛있어요... 망고빙수도 도른맛","빙수과일(긍정), 혼잡도_웨이팅(부정)",000010000002
"쑥 스콘 진짜 꼬소해요 꼬숩달달 환장하는데 진짜 맛있아요 여기는 타르트도 맛있는데 베이커리까지 맛있어서 큰일.","베이커리빵(긍정), 쿠키구움과자(긍정), 기타디저트(긍정)",010101000000
"좋아요 넓어서 자리가 여유가 있어좋네요","공간편의시설(긍정), 혼잡도_웨이팅(긍정)",000000100001
"탐앤탐스! 십여년만인가요... 24시였네요 여행 예약해야 되는데 집에선 계속 딴짓해서 늦게 나와서 잘하고 갑니다","공간편의시설(긍정)",000000100000
"크리스마스 때 오고 너무 맛있어서 또 왔어요 여전히 맛있습니당 다음에도 올게요 홍홍홍","대상 모호(긍정)",000000000000
"잼 넘 맛있어요 달달하면서도 과일 특유의 상큼함이 살아있어서 빵에 발라 먹기 좋아요 가게도 깔끔해서 기분 좋게 구매했습니다","베이커리빵(긍정), 공간편의시설(긍정)",010000100000
"분위기도 너무 좋고 가격도 좋고 사장님도 친절하시고 커피랑 밀크티도 맛있고,..... 하 리뷰 안 쓰고 싶은데 양심에 찔려서 씁니다 시간대 다양하게 가세요 몰리면 제가 못 감","커피음료(긍정), 서비스(긍정), 가격가성비(긍정), 혼잡도_웨이팅(부정)",100000001102
"분위기도 좋고 파스타도 맛있었어요! 로제 파스타가 최애예용","분위기감성(긍정)",000000010000
"가격도 착한편 종류도많은데 우선 몇가지 소금빵담백 무화과캄파뉴치아바타 다 맛있다... 건너편건물카페에서 시식할때 1000원할인도해준답니다","베이커리빵(긍정), 가격가성비(긍정)",010000000100
"굉장히 친절하시고 유니크한 메뉴가 많았어요! 생과일 타르트류가 많고 신선해보여요. 4개 박스도 준비되어 있고 선물용으로도 좋겠어요 )","기타디저트(긍정), 서비스(긍정), 선물포장(긍정)",000001001010
"점심엔 커피가1000원할인됩니다. 빵종류가많아서좋아요","커피음료(긍정), 베이커리빵(긍정), 가격가성비(긍정)",110000000100
"줄 서 있어서 궁금해서 먹어봤어요! 맛있네요 )","대상 모호(긍정), 혼잡도_웨이팅(부정)",000000000002
"커피맛 너무 좋아요 분위기 굿!","커피음료(긍정), 분위기감성(긍정)",100000010000
"에그타르트 좋아하는데 가성비 있는 팩이있어서 사러왔어요 너무 맛있어요 추천!","쿠키구움과자(긍정), 가격가성비(긍정)",000100000100
"작은 사이즈의 베이글이라 여러 종류를 먹을 수 있다는게 좋았어요 !","베이커리빵(긍정)",010000000000
"모카베이글 촉촉하고 너무 맛있어요! 버터소금라떼도 위에 크림이 적당히 달달하고 부드러워서 맛있습니당 매장도 깔끔하니 대회하기 좋아요!","커피음료(긍정), 베이커리빵(긍정), 공간편의시설(긍정)",110000100000
"귀염뽀짝한 미니케이크 귀엽고 맛있어요! 딸기 상태도 좋고 재료 좋은 거 쓰는 게 느껴지더라고요! 도시락 케이크 너무 귀여움","케이크(긍정)",001000000000
"디저트 뜨시게 데워주어서 조아요 ,,","기타디저트(긍정), 서비스(긍정)",000001001000
"가나슈 케이크 달달하니 괜찮았어요. 아메리카노랑 잘 어울려요 오랜만에 집중할 일이 있어 들렸는데 무난했습니다","커피음료(긍정), 케이크(긍정), 분위기감성(긍정)",101000010000
"커피가 너무 맛있어여 인테리어도 멋지고 분위가 좋아요","커피음료(긍정), 분위기감성(긍정)",100000010000
"인테리어 좋고 음식 맛있어요","분위기감성(긍정)",000000010000
"매장이 아늑하고 예뻐요. 굉장히 유니크해서 방문하시는걸 추천합니다 !!","분위기감성(긍정)",000000010000
"평일에 가서 사람도 없었고 조용해서 좋았어요!","혼잡도_웨이팅(긍정)",000000000001
"후추소금빵 그리고 다른 빵들도 다 맛있어요. 친절하고 좋아요!","베이커리빵(긍정), 서비스(긍정)",010000001000
"분위기가 좋고 커피랑 크로플도 맛있어여) 또올게요용","커피음료(긍정), 기타디저트(긍정), 분위기감성(긍정)",100001010000
"추워서 예쁜 카페 찾다가 우연히 들어왔는데 깔끔하고 메뉴들도 너무 맛있고 예뻤어요","분위기감성(긍정)",000000010000
"야외 테라스만 예뻐요. 커피맛은..","커피음료(부정), 분위기감성(긍정)",200000010000
"오믈렛이랑 팬케이크 맛잇엇습니당","베이커리빵(긍정)",010000000000
"성수역 바로 아래있어서 접근성좋고 잠시 커피한잔하기도 좋아요.","커피음료(긍정), 공간편의시설(긍정)",100000100000
"맛잇엇어요! 부드롭고. 선물용으로 주문하려고 다시 왓어용","대상 모호(긍정), 선물포장(긍정)",000000000010
"너무 기대돼요 인스타에서만 보던 버터 쿠키..","쿠키구움과자(긍정)",000100000000
"직원분들도 친절하시고 좋은 경험이었어요!!","서비스(긍정)",000000001000
"오늘 급히 친구들만나서 맛있는 브레드와 커피를 마시고 싶어서 왔어요... 빵 맛이 너무 맛있어요몽블랑도 맛있고","커피음료(긍정), 베이커리빵(긍정)",110000000000
"당일에 만든 빵 너무 맛있어요. 좋은 재료 맛도 느껴지고 가격도 최고.. 소금빵, 바게트, 치아바타, 잠봉뵈르 추천해요!!","베이커리빵(긍정), 가격가성비(긍정)",010000000100
"지나가다가 예뻐보여서 들렸는데 컨셉이 너무 확실하고 예쁜 카페였어요!! 딸기티라미수 최고,, 안에 셀프스튜디오도 있는데 센스 최고","케이크(긍정), 분위기감성(긍정)",001000010000
"가봤던 성수 카페 중 가장 트렌디한 카페,, 말차라떼 생각보다 진해서 너무 맛있었음","커피음료(긍정), 분위기감성(긍정)",100000010000
"인테리어도 깔끔하고 너무 맛있어요!","분위기감성(긍정)",000000010000
"불고기 베이글, 쪽파 베이글, 갈릭 베이글이 최애에요! 인테리어도 예쁘고 빵도 맛있어서 성수 오면 꼭 들리는 곳입니다!","베이커리빵(긍정), 분위기감성(긍정)",010000010000
"분위기 좋네요. 같이 오는 분도 특별한 인연이 되고 초코푸딩 너무 맛있어요","기타디저트(긍정), 분위기감성(긍정)",000001010000
"성수 사는 친구의 추천으로 온 카페인데, 분위기도 너무 좋고 넓어서 소음도 크지않아 좋아요 디저트는 다 넘 기여워요..","기타디저트(긍정), 공간편의시설(긍정), 분위기감성(긍정), 혼잡도_웨이팅(긍정)",000001110001
"커피도 마시고 강아지들 구경하는 소소한 재미도 있어요","커피음료(긍정)",100000000000
"성수동 베이커리 찐 맛집입니다!! 진짜 추천드려용 특히 크렘뷔렐레 치즈파이 최고임!","기타디저트(긍정)",000001000000
"서울숲에서 데이트 후 찾은 카페 정말 만족했어요 라떼도 맛있고 분위기도 좋아요","커피음료(긍정), 분위기감성(긍정)",100000010000
"츄러스 도넛 처음먹어보는는데 너무 맛있어요! 크리스마스 트리도 예뻐요!!","기타디저트(긍정), 분위기감성(긍정)",000001010000
"건너편 무모카페 가려다가 웨이팅 너무 심해서 들어왔는데 갤러리카페 너무 좋은데여...?","분위기감성(긍정), 혼잡도_웨이팅(긍정)",000000010001
"진짜 아인슈페너 맛집이에요 딸기 케익도 엄청 맛있고 아늑하고 분위기...","커피음료(긍정), 케이크(긍정), 분위기감성(긍정)",101000010000
"맛있어요 사람도 많고 못 먹어본 맛은 다음에 와서 또 먹어보고 싶어요!","대상 모호(긍정), 혼잡도_웨이팅(부정)",000000000002
"잼을 활용한 음식들이 다 너무 제 취향이었어요 또올게요!","대상 모호(긍정)",000000000000
"다양한 맛을 조금씩 다 맛볼 수 있도록 찹쌀떡 크기로 만든 베이글의 아이디어도 좋고 가격도 덜 부담되어서 좋은 것 같아요. 에브리띵 베이글 좋아하는데 살짝 간이 있지만 쫀득하고 깔끔한 식감이 맛있네요.","베이커리빵(긍정), 가격가성비(긍정)",010000000100
"오랜만에 성수 와서 디저트가 먹고싶어서 찾다가 방문한 네모네 진짜 그냥 모든게 네모에요 근데 다저트랑 음료 맛은 당연히 너무 맛있고 왜 항상 사람들이 많이 오는지 알겠어요","커피음료(긍정), 기타디저트(긍정), 분위기감성(긍정), 혼잡도_웨이팅(부정)",100001010002
"가격이 조금 높긴 하지만 간만에 편하게 쉴수 있는 공간이었네요.","공간편의시설(긍정), 가격가성비(부정)",000000100200
"친구들이랑 놀러 왔습니당. 서울숲이랑 가깝고 주변에 볼거리도 많아용. 카페안에 넓고 쾌적합니다","공간편의시설(긍정)",000000100000
"케이크 종류도 많고 커피 원두 종류도 고를 수 있어서 좋네용 ! 자리도 생각보다 많았어용 !!","커피음료(긍정), 케이크(긍정), 공간편의시설(긍정)",101000100000
"디올 건물뷰 볼 수 있어요 내부 깔끔했어요 화장지 다 떨어져서 아쉬웠어요 달라 하니 티슈 세 조각 주시는 게 아쉬웠어요","공간편의시설(부정), 분위기감성(긍정), 서비스(부정)",000000212000
"대로변에서 우연히 보고 들어왔는데 비밀스럽고 아늑해요. 커피도 쿠키도 다 맛있네요","커피음료(긍정), 쿠키구움과자(긍정), 분위기감성(긍정)",100100010000
"어두운 분위기에 조명과 모니터 장식등을 활용한 인테리어 센스가 멋져서 좋았어요... 자두밀크티가 정말 새로웠어요 내부가 넓진 않은데 사진도 예쁘게 나오고","커피음료(긍정), 공간편의시설(중립), 분위기감성(긍정)",100000310000
"분위기 아늑하고 애기하기 좋고 인테리어 고즈넉한데 디저트까지 맛있어요","기타디저트(긍정), 분위기감성(긍정)",000001010000
"자리마다 콘센트도 있고, 12인용 책상도 많이 구비되어있어 일하고 공부하기 좋을거같요! 그라니따 먹었는데 레몬 샤베트에 에스프레소 조합이 넘나 맛있었용!","커피음료(긍정), 공간편의시설(긍정)",100000100000
"콜드브루 맛있어요 ) 자주 방문하는 곳이에요... 조금 음료가 늦게 나온 것 같다고 디저트 챙겨주시는 섬세함 공간이 주는 매력도 짱이에요!","커피음료(긍정), 기타디저트(긍정), 공간편의시설(긍정), 서비스(긍정)",100001101000
"아사이볼이 먹고싶어서 방문했는데 맛있어요!","기타디저트(긍정)",000001000000
"역시나 맛있고 분위기 좋아요. 화장실은 같은 건물 2층에 있는데... 화장실 가는길이 맞나 긴가민가했습니다","커피음료(긍정), 공간편의시설(부정), 분위기감성(긍정)",100000210000
"너무 더워서 돌아다니다가 들어왔는데 너무 쾌적하고 음식도 빨리나오고 넓고 좋았습니다!","공간편의시설(긍정), 서비스(긍정)",000000101000
"천상가옥 시그니처 커피랑 녹차크림라떼에 레몬파운드 시켰는데... 파운드 케이크도 크기가 커서 둘이서 하나만 시켜도 충분할 것 같습니다 안에 좌석도 많아서","커피음료(긍정), 쿠키구움과자(긍정), 공간편의시설(긍정), 분위기감성(긍정)",100100110000
"좋아요 또 이용할께요 너무 분위기가 좋고 맛있어여","분위기감성(긍정)",000000010000
"작고 귀여운, 일본 분위기가 물씬 풍기는 베이커리예요. 특히 치즈타르트가 좋았어요!","기타디저트(긍정), 분위기감성(긍정)",000001010000
"특히 아메리카노 맛이 좋다고 하셨고, 베베 복숭아 케이크가 예쁘고 맛있어서 만족하셨네요.","커피음료(긍정), 케이크(긍정), 분위기감성(긍정)",101000010000
"음료도 맛있고 디저트 티라미수도 진짜 맛있어용! 게다가 분위기는 덤.. 매장내부가 넓은편은 아니지만 좌석간 거리가 있어서 대화하기 좋았습니다","커피음료(긍정), 케이크(긍정), 공간편의시설(긍정), 분위기감성(긍정)",101000110000
"케이크랑 커피가 맛있었어요!! 자리는 좁다고 느낄 수 있지먼 아늑했어요","커피음료(긍정), 케이크(긍정), 공간편의시설(부정), 분위기감성(긍정)",101000210000
"커피랑 샌드위치가 맛있었어요 ! 인테리어가 전시회온거 같아요","커피음료(긍정), 베이커리빵(긍정), 분위기감성(긍정)",110000010000
"매장이 넓고 직원들이 친절해요","공간편의시설(긍정), 서비스(긍정)",000000101000
"크리스마스 Mood 한가득 분위기도 좋은 커피도 맛있어요 포토존도 많고 사진도 잘 나와서 좋아요)","커피음료(긍정), 분위기감성(긍정)",100000010000
"바삭바삭하면서 은은하게 달고 고소하고 중독성 있는 맛... 커피도 코넛아인슈패너 크림라떼 둘다 맛있고 인생라떼!","커피음료(긍정), 베이커리빵(긍정)",110000000000
"탄맛과 신맛 여러 맛이 나네요","커피음료(중립)",300000000000
"항상 맛있어요 그리고 카페 분위기도 너무 좋습니다","분위기감성(긍정)",000000010000
"한판 뚝딱햇어요 딸기가 기가막히게 맛나요!","케이크(긍정)",001000000000
"카페 분위기가 넘 좋고 직원분들도 친절하세요 음료도 가성비 좋고 달달했어요","커피음료(긍정), 분위기감성(긍정), 서비스(긍정), 가격가성비(긍정)",100000011100
"커피도 너무 향이 좋고 디저트케잌도 이쁘고 너무 맛있어요","커피음료(긍정), 케이크(긍정)",101000000000
"너어어어어어어무 맛있어요! 과일이랑 찹쌀떡이랑 너무 잘어울렸어요 굿굿!!","기타디저트(긍정), 가격가성비(중립)",000001000300
"다른 곳에서 볼수 없는 메뉴들이 있어요. 근데 좀 많이 달았어요.. 고구마파니니 고구마 통으로 들어가요. 저희는 파니니보다 샌드위치가 나았던것 같아요.","베이커리빵(중립)",030000000000
"디저트맛집이에요! 와보고싶었던곳 와서 넘좋아요 매장도넓어요","기타디저트(긍정), 공간편의시설(긍정)",000001100000
"음료도 맛있고 디저트도 맛있어요","커피음료(긍정), 기타디저트(긍정)",100001000000
"생각없이 들어왔는데 너무 맛있고 다시방문할정도로 아이들도 좋아해요 굿굿","대상 모호(긍정)",000000000000
"위스키가 들어간 아이스크림 너무 신기해요. 어른이 된 느낌 최고! 분위기도 너무 좋아요!","기타디저트(긍정), 분위기감성(긍정)",000001010000
"커피맛 좋아요 비싼 이유가 있나봐요","커피음료(긍정), 가격가성비(중립)",100000000300
"인테리어 이쁘고 깔끔해요 빵도맛있어료 )","베이커리빵(긍정), 분위기감성(긍정)",010000010000
"다양하게 커피를 즐길 수 있어써 좋았네요","커피음료(긍정)",100000000000
"망고 빙수 양도 많고 너무 맛있었용 커피랑 티 음료도 깔끔하고 공간도 쾌적하고 좋습니당","커피음료(긍정), 빙수과일(긍정), 공간편의시설(긍정)",100010100000
"케이크가 맛있고 커피도 맛있어용","커피음료(긍정), 케이크(긍정)",101000000000
"딱 한 숟가락 뜨자마자 느껴지는 쫀득함 . . . 솔티 밀크 위에 피칸도 올려주셔서 씹는 맛도 좋구 발로나 초코 완전 찐하구.. 레몬 소르베로 향긋하구","기타디저트(긍정)",000001000000
"뷰 때문에 한 번 가보면 재밌어요 생각하시는 시내뷰 커피맛은 평범했어요 다소 진해요 커피가 커피보다는 뷰","커피음료(중립), 분위기감성(긍정)",300000010000
"공간멋지구 여유넘구 서비스조콩","공간편의시설(긍정), 서비스(긍정)",000000101000
"들어갔을 때 소품도 많고 아기자기하게 잘 되어있어서 찍기 좋았어요!! 그리고 직원분들도 친절하게 잘 설명해주셔서","분위기감성(긍정), 서비스(긍정)",000000011000
"비싸고 작지만 맛있어요. 딸기가 가득 들어있고 많이 달지 않아서 좋아요.","케이크(긍정), 가격가성비(부정)",001000000200
"뭐야 왤케 맛있어 알베르토 고마워요 그대의 추첨으로 옴","대상 모호(긍정)",000000000000
"술 들어가서 되게 특이한데 맛있어요!","기타디저트(긍정)",000001000000
"다먹어갈때쯤 샌드위치에 파스타건더기좀 넣어서 먹으면 짱맛이었어요... 파스타에같이있던 식빵두조각도 먹어보니 우유맛도느껴지는거보니 그냥식빵사도 맛있을거같아요!","베이커리빵(긍정)",010000000000
"가성비중하 맛어스프레소 추천 장소몇개 테이블 없음 재방문굳이","커피음료(긍정), 공간편의시설(부정), 가격가성비(부정)",100000200200
"우유 생크림이 제일 맛있어요!","대상 모호(긍정)",000000000000
"무화과 크림치즈 바게트 맛 잊지못해 겨우 겟 했는데 아니 애플파이가 도른놈이었음..","베이커리빵(긍정)",010000000000
"인테리어도 예쁘고 무엇보다 맛이 너무 좋음. 통유리창 창가자리 햇살맛집... 다양한 과일잼 컴포트도 판매하고 있어서","베이커리빵(긍정), 분위기감성(긍정)",010000010000
"베이글 맛집이라고 해서 왔어요! 직원분들 친절하시고 매장도 깨끗해용","베이커리빵(긍정), 공간편의시설(긍정), 서비스(긍정)",010000101000
"뷰가 좋고 커피가 크로아상 맛있어요!!","커피음료(긍정), 베이커리빵(긍정), 분위기감성(긍정)",110000010000
"인스타 갬성 카페에요! 넓어서 좋고 케이크도 맛있어요!","케이크(긍정), 공간편의시설(긍정), 분위기감성(긍정)",001000110000
"두시간이 너무 짧긴 해도 재밌어요","분위기감성(긍정)",000000010000
"한입 뜨고 감동 넘 맛있어요!! 모든 메뉴가 맛이 좋아보여서 또 재방문할게요","대상 모호(긍정)",000000000000
"메뉴가 엄청 다양하고 인테리어도 깔끔하게 잘 되어있어요!","분위기감성(긍정)",000000010000
"도넛 너무맛있구! 커피도맛있어요 라즈베리도넛최애!!!","커피음료(긍정), 기타디저트(긍정)",100001000000
"성수동 왔는데 유명하다길래 들렀어요!!! 맛있네요","대상 모호(긍정)",000000000000
"코베 흥해랏! 맛있고 일찍열어서 좋아요.","베이커리빵(긍정), 서비스(긍정)",010000001000
"직원이 제 이름을 확인하더니 이름이 비슷해 헷갈렸다며 앞 손님을 불러 케이크를 돌려받아 곧바로 저한테 건네주시더라구요. 실물 확인이나 재포장 없이 그대로 전달주시는게.. 많이 실망스러웠습니다.","서비스(부정)",000000002000
"직원분 친절하시고 분위기도 좋고 디저트도 맛있고 커피도 맛있어요)","커피음료(긍정), 기타디저트(긍정), 분위기감성(긍정), 서비스(긍정)",100001011000
"이번이 두 번째 방문이에요! 항상 맛있어요!","대상 모호(긍정)",000000000000
"바노피파이 좋아하는데 있는 줄 모르고 방문했어서 서프라이즈였습니당 피버바 스무디는 당도를 뺄 수 있어서 좋았고 카페가 조명이 살짝 어두운 점도 좋았어용","커피음료(긍정), 케이크(긍정), 분위기감성(긍정)",101000010000
"매장 너무 예쁘고 음료 맛있어요 굿굿","커피음료(긍정), 분위기감성(긍정)",100000010000
"환경을 생각하는 마음으로... 아주 저렴한 가격에 퀄리티 좋은 커피를 맛볼 수 있어서 좋았음. 특히 문이 없어 개방감이 일품이며... 멍 때리기 좋은 곳임.","커피음료(긍정), 공간편의시설(긍정), 분위기감성(긍정), 가격가성비(긍정)",100000110100
"너무 시끄럽고 사람많아서 커피를 즐길환경이 안되요","혼잡도_웨이팅(부정)",000000000002
"커피두 맛있고 분위기도 조아욤 또 오고싶어요","커피음료(긍정), 분위기감성(긍정)",100000010000
"여기 크로플 너무 맛있어요 오늘 빼빼로데이라 사장님이 서비스로 주심 또올게요!","기타디저트(긍정), 서비스(긍정)",000001001000
"디저트가 너무 예쁘고 무엇보다 맛있네용","기타디저트(긍정)",000001000000
"Nola Float , 아이스 아메리카노 주문했어요! 아메리카노는 무난하고 아이스크림커피는 콜드브루라떼도 맛있고 위에 있는 아이스크림도 맛있어요!","커피음료(긍정), 기타디저트(긍정)",100001000000
"상상이상으로 맛이 없어요. 케이크 2개 주문했는데 커피도 강제로 1인1잔을 하라고 하더라고요... 동물성 생크림이 맞나여? 전체적으로 느끼함이 너무 강해서...","커피음료(부정), 케이크(부정), 서비스(부정)",202000002000
"너무 맛있어요 퐁신퐁신 구름 위를 걷는 것 같은 식감이에요! 다음에 또 먹으러 올게요","대상 모호(긍정)",000000000000
"애플망고 러버인데 양도 많이 주고 좋아여 자리도 넉넉히 있고 크로플도 있어서 좋았어영","기타디저트(긍정), 빙수과일(긍정), 공간편의시설(긍정)",000011100000
"서울숲 겔러리아포레 일층에 위치한 브런치카페. 맛 괜찮고 애견동반 가능.","베이커리빵(긍정), 공간편의시설(긍정)",010000100000
"두 번째 방문! 와인에 잘 페어링되는 아이스크림도 최고에요!","기타디저트(긍정)",000001000000
"구경거리 많고 커피 맛있어요","커피음료(긍정), 분위기감성(긍정)",100000010000
"에스프레소 콤파냐 달다아아알하구 맛있습니다.","커피음료(긍정)",100000000000
"성수 방문할 때마다 들리는 좋아하는 카페 다양한 라떼 맛도 다 취향저격이고... 특히 말차라떼는 진하고 고소해서 마음에 들어요","커피음료(긍정)",100000000000
"여기 진짜 라떼맛집이에요! 초당 옥수수 라떼가 정말 특이한데 맛있네요 소금빵도 겉바속촉으로 맛있어요! 인테리어도 힙하고 분위기 정말 멋진 곳이에요!","커피음료(긍정), 베이커리빵(긍정), 분위기감성(긍정)",110000010000
"맛이 보통. 그냥 먹기만해요","대상 모호(중립)",000000000000
"케이크가 맛있어용 딸기라떼도 넘 마싯어용","커피음료(긍정), 케이크(긍정)",101000000000
"망고 빙수 양 엄청 많고 맛있어요!! 진짜 네명이서 먹어도 될 정도..!!","빙수과일(긍정), 가격가성비(긍정)",000010000100
"디저트 맛나요 평일 낮에도 사람 많아요","기타디저트(긍정), 혼잡도_웨이팅(부정)",000001000002
"바질 비게트가 정말 맛있어요! 차 종류도 따라마시게 나와서 좋았습니다","커피음료(긍정), 베이커리빵(긍정)",110000000000
"계절 과일 디저트를 찾아 왔어요! 1층과 지하로 된 매장이라서... 지하 공간에서도 빛이 내려오는 야외테라스가 있어서 분위기 있고 쾌적하게 이용할 수 있었습니다","기타디저트(긍정), 공간편의시설(긍정), 분위기감성(긍정)",000001110000
"미국 현지의 브런치를 가성비좋게 분이기는 더 좋게 먹을수 있는곳","베이커리빵(긍정), 분위기감성(긍정), 가격가성비(긍정)",010000010100
"바리스타님들이 매번 커피를 너무 맛있게 내려주셔서 제 미뢰가 아주 행복한 요즘입니다.","커피음료(긍정), 서비스(긍정)",100000001000
"근처 최애 빵집 중 하나입니다! 빵이 되게 맛있어요!! 모든 빵이 다 맛있지만 저는 소금빵이 최애입니다!","베이커리빵(긍정)",010000000000
"장난스럽게 지은 카페명에 그렇지 못한 고퀄 음식들","대상 모호(긍정)",000000000000
"평일인데도 불구하고 사람 진짜 많았습니다!!! 직원분들 다 너무 친절하시고 베이글 종류도 정말 많아서 놀랬고","베이커리빵(긍정), 서비스(긍정), 혼잡도_웨이팅(부정)",010000001002
"대화와 차 마시기에 매우 좋은 공간입니다.","커피음료(긍정), 분위기감성(긍정)",100000010000
"초코소금빵?이 제 취향을 저격했어요 다른 빵들도 맛있고 친절하시고 좋아요","베이커리빵(긍정), 서비스(긍정)",010000001000
"망고랑 복숭아 셔벗 주문했는데 진짜 너무 맛있었어요! 양도 넉넉하고 비주얼도 예뻐서 기분까지 좋아졌어요.","기타디저트(긍정), 분위기감성(긍정), 가격가성비(긍정)",000001010100
"기념일이면 앞으로 여기서 케이크 주문 하려고요. 크리스마스 케이크 주문했는데 너무 예뻐서 기분이 절로 좋아지네요.","케이크(긍정), 분위기감성(긍정)",001000010000
"에어컨 안틀어서 그런지 들어올때 공기도 탁하고, 후끈했어요,,, 특히 공기순환 안되서 그런지 안좋은 냄새가 문열자마자 훅 났어요,,,","공간편의시설(부정)",000000200000
"디저트와 음료가 예쁘고 맛있어용","커피음료(긍정), 기타디저트(긍정), 분위기감성(긍정)",100001010000
"애견동반도 되고 분위기가 너무 좋아요","공간편의시설(긍정), 분위기감성(긍정)",000000110000
"너무 맛있게 잘 먹었습니다! 주문 받아주신 분도 너무 유쾌하셔서 카페에 있는동안 너무 행복한 시간을 보냈습니다!","서비스(긍정), 분위기감성(긍정)",000000011000
"혼잡히 책보고 시간 보내기는 좋을 것 같아요... 입구가 찾기 어려웠어요... 사장님께서 친절하게 알려 주시었네요... 리뷰 이벤트로 빵도 챙겨 주셨네요","베이커리빵(긍정), 공간편의시설(부정), 서비스(긍정)",010000201000
"인테리어도 너무 예쁘고 음료도 맛있고 디저트도 대박이에요..!!","커피음료(긍정), 기타디저트(긍정), 분위기감성(긍정)",100001010000
"아기랑 같이 다녀왔어요 예쁜 칫솔 득템했네요","대상 없음(기타 굿즈)",000000000000
"베이글의 크기가 크고 떼깔이 미쳤어요,,! 바질토마토 베이글 추천해요... 인테리어가 깔끔하고 이뻐서 보는 눈이 행복합니다!","베이커리빵(긍정), 분위기감성(긍정)",010000010000
"매장도 넓고 깔금해서 좋았고 직원분도 친절해서 좋았숩니다","공간편의시설(긍정), 서비스(긍정)",000000101000
"북카페라서 독서에 집중할수 있어서 너무 좋네요) 성수동에 이런곳이 있을줄은 생각도 못했는데","공간편의시설(긍정), 분위기감성(긍정)",000000110000
"커알못이라 산미있는 커피라 슬프네요. 그래도 분위기나 직원분들도 너무친절해요.","커피음료(부정), 분위기감성(긍정), 서비스(긍정)",200000011000
"조명도 좋고 음악 선곡도 딱 대화하는데 방해 안될정도로 좋았습니다! 디저트랑 커피도 맛있어요!","커피음료(긍정), 기타디저트(긍정), 분위기감성(긍정)",100001010000
"6시 넘어서 왔는데 메뉴 몇개 품절되어 있긴 했지만 맛있습니다!!","대상 모호(긍정), 혼잡도_웨이팅(부정)",000000000002
"이색 데이트 너무 좋았어요 사장님도 친절하시고 직접 만든 휘낭시에도 넘 맛있어요!!!!","쿠키구움과자(긍정), 서비스(긍정)",000100001000
"여기 진짜 예쁘고 멋있어요... 진짜 감성 젤라또 집","기타디저트(긍정), 분위기감성(긍정)",000001010000
"오랜만에 다시 왔는데 메뉴도 더 다양해지고 음료도 맛있었습니다! 실내외 조경이 너무 예뻐서","커피음료(긍정), 분위기감성(긍정)",100000010000
"좌석도 많고 무엇보다 커피 디저트 둘 다 맛있어서 재방문하고싶은 곳이에요!","커피음료(긍정), 기타디저트(긍정), 공간편의시설(긍정)",100001100000
"크로플 달달하고 맛있어요맛있는 커피랑 달달한 디저트덕에 힐링하고갑니당","커피음료(긍정), 기타디저트(긍정)",100001000000
"넓고 쾌적해서 좋았습니다. 평일 오후에 방문했는데 사람이 엄청 많지 않아서 작업 하시는 분들도 있었고, 매장 내부에 큰 식물들이 있어 좋았어요.","공간편의시설(긍정), 혼잡도_웨이팅(긍정)",000000100001
"자리마다 넓직하게 되어있어서 좋아요!! 창문도 통유리로 되어있어서 탁 트인 느낌... 커피도 맛있고","커피음료(긍정), 공간편의시설(긍정), 분위기감성(긍정)",100000110000
"프렌즈크로크마담(?)을 먹었는데 진짜 진짜 맛있더라구요! 또 공간도 너무 예쁘고 직원분들도 너무 친절했어요!","베이커리빵(긍정), 분위기감성(긍정), 서비스(긍정)",010000011000
"디저트 귀여운거 많고 커피 너무 맛있어요!! 매장도 꽤 넓고 힙해서 맘에 드네용","커피음료(긍정), 기타디저트(긍정), 공간편의시설(긍정), 분위기감성(긍정)",100001110000
"커피맛이 좋고 분위기도 아주 좋았습니다.","커피음료(긍정), 분위기감성(긍정)",100000010000
"바게트 너무 맛있네요 굿 재방문 의사 100퍼","베이커리빵(긍정)",010000000000
"성수에서 딸기케이크 진짜맛있는곳커피도 맛있네용","커피음료(긍정), 케이크(긍정)",101000000000
"커피도 맛있고 망고빙수도 맛있어요 스콘도 예쁘게 생겨서 궁금하고","커피음료(긍정), 쿠키구움과자(긍정), 빙수과일(긍정)",100110000000
"분위기가 좋고 역이랑도 가까워서 좋았습니다!","공간편의시설(긍정), 분위기감성(긍정)",000000110000
"빵도 너무 이쁘고 인테리어도 맘에 들어요","베이커리빵(긍정), 분위기감성(긍정)",010000010000
"최근 먹은 소금빵 중 가장 맛있어요.","베이커리빵(긍정)",010000000000
"분위기 좋고 장소가 큰 카페에요","공간편의시설(긍정), 분위기감성(긍정)",000000110000
"통창이라 분위기 너무 좋고, 직원분들도 엄청 친절하세요... 테이블이 좀 낮고, 매장이 큰 편은 아니라서 간단한 작업 정도만 가능할 것 같습니다.","공간편의시설(부정), 분위기감성(긍정), 서비스(긍정)",000000211000
"깻잎향이 이렇게 상큼할 수 있다니... 주인분과 알바생도 친절하시고요","커피음료(긍정), 서비스(긍정)",100000001000
"카페 너무 분위기 있어요!! 음악도 좋고 이야기 하기 좋아요! 빙수도 너무 예쁘고 맛있습니다!","빙수과일(긍정), 분위기감성(긍정)",000010010000
"더운 날 망고빙수 시원하게 잘 먹었습니다 망고가 쫀득해서 식감이 재밌었어요","빙수과일(긍정)",000010000000
"말차푸딩, 오리지널 푸딩 둘 다 너무 맛있는 푸딩 맛집입니다아","기타디저트(긍정)",000001000000
"음악과 인테리어 분위기에 매료되었습니다. 커피랑 디저트도 너무 맛있었고요. 직원분들도 친절하게 안내해주셔서","커피음료(긍정), 기타디저트(긍정), 분위기감성(긍정), 서비스(긍정)",100001011000
"친절하고 좋습니다 ) 주문이 많아도 빨리 만들어주시는 편!","서비스(긍정), 혼잡도_웨이팅(긍정)",000000001001
"선물로 주문을 한건데... 직원분 진짜 너무 친절하세요","서비스(긍정), 선물포장(긍정)",000000001010
"베이글이 다 너무 귀엽고 맛있어요!!","베이커리빵(긍정)",010000000000
"재방문이었는데 이번엔 그림 완성해서 좋네요. 직원분들 친절하십니다.","분위기감성(긍정), 서비스(긍정)",000000011000
"빵 종류도 많고 맛있어요 음료도 맛있구요 좌석도 많아 웨이팅없이 이용할 수 있어서 좋아요","커피음료(긍정), 베이커리빵(긍정), 공간편의시설(긍정), 혼잡도_웨이팅(긍정)",110000100001
"가격도 착한데 케이크가 너무 맛있고... 아메리카노 써서 잘 못 마셨는데 여긴 딱 적당해서 좋았어용 !... 사장님께서 정말 친절하셔서","커피음료(긍정), 케이크(긍정), 서비스(긍정), 가격가성비(긍정)",101000001100
"베이글 종류도 다양해서 고민 엄청 했어용 다 맛나 보이는 베이글입니다!!","베이커리빵(긍정)",010000000000
"이제는 중국인 관광객이 점령한 곳 빵 종류가 많던데... 맛있는 지는 모르겠는 곳 생각보다 라뗴는 맛있어서","커피음료(긍정), 베이커리빵(중립), 혼잡도_웨이팅(부정)",130000000002
"크로아상도 종류가 다양했고 다양한 종류에 비해 맛이 다 좋아요... 인테리어도 너무 좋고 뷰도 너무 좋고","베이커리빵(긍정), 분위기감성(긍정)",010000010000
"저번에 먹고 맛있어서 다른커피먹으러 또 왔어요 맛있습니다","커피음료(긍정)",100000000000
"내부는 넓지 않은데 커피는 맛있어요","커피음료(긍정), 공간편의시설(부정)",100000200000
"수플레케이크 맛집입니다","기타디저트(긍정)",000001000000
"어우 퀸아망 미쳤어요 진짜 와악 시나몬맛 엄청 나고 너무 바삭하고","베이커리빵(긍정)",010000000000
"시설 깨끗하고 디저트가 맛있어요","기타디저트(긍정), 공간편의시설(긍정)",000001100000
"언제나 만족해요 양도많고 맛있구요 배달로도 즐기고 있습니다","가격가성비(긍정)",000000000100
"종종 낮시간에 저녁시간 보다 사람 적어서 좋고, 점원분들도 친절하세요!","서비스(긍정), 혼잡도_웨이팅(긍정)",000000001001
"지나가다가 꼬수운 냄새에 덜컥 들어와서 사가요 !! 진짜 맛있어보이고 진짜 바삭해보이고","베이커리빵(긍정), 선물포장(긍정)",010000000010
"자두주스 맛있읍니다. 커피는 글쎄요.","커피음료(중립)",300000000000
"밀도 시그니쳐 식빵 구매했어요! 주말이라 사람이 많았네요. 510정도 대기했습니다.","베이커리빵(긍정), 혼잡도_웨이팅(중립)",010000000003
"넓어서 좋고 3층 뷰도 좋아요 엘베도 있음","공간편의시설(긍정), 분위기감성(긍정)",000000110000
"분위기도 너무 좋고 젤라또도 너무 맛있었습니다! 음악도 너무 좋아요!","기타디저트(긍정), 분위기감성(긍정), 서비스(긍정)",000001011000
"커피 맛있어요. 빵 굽는 커피숍이에요","커피음료(긍정), 베이커리빵(긍정)",110000000000
"카페 인테리어가 너무 예쁘고 케잌도 맛있어요","케이크(긍정), 분위기감성(긍정)",001000010000
"포르투갈 벨렘빵집보다 맛있어요","베이커리빵(긍정)",010000000000
"웨이팅은 있었지만 금방 사람 빠지고 친절하시고 맛있어요!!","서비스(긍정), 혼잡도_웨이팅(중립)",000000001003
"크리미한 라떼 맛있었어요 사람이 너무 많아서 시끄럽긴하지만 친절하게 대해주셨습니다","커피음료(긍정), 서비스(긍정), 혼잡도_웨이팅(부정)",100000001002
"솔티드피칸이랑 참외백후추 먹었어요! 맛있습니다","기타디저트(긍정)",000001000000
"미국 가정식 브랙퍼스트랑 오믈렛 양도 푸짐하구요 맛도 일품이네요... 내국인보다 외국인이 많아 미국에 온 것 같았어요","베이커리빵(긍정), 가격가성비(긍정), 혼잡도_웨이팅(부정)",010000000102
"내부도 넓고 케이크랑 곰돌이로고 너무 귀여워요","케이크(긍정), 공간편의시설(긍정), 분위기감성(긍정)",001000110000
"쿠키는 딱딱해서 전자레인지에 돌려먹었고 아기자기한게 많았습니다... 화장실도 2층에 있었습니다","쿠키구움과자(중립), 공간편의시설(긍정), 분위기감성(긍정)",000300110000
"커피가 완전 맛있고 젤라또도 맛있어 보여요","커피음료(긍정), 기타디저트(긍정)",100001000000
"성수 그 자체같은 곳 평일이라 사람이 없어서 조용히 이야기하고 놀기 좋았어용","분위기감성(긍정), 혼잡도_웨이팅(긍정)",000000010001
"디저트는 물론이고 커피까지 진짜 맛있어요... 디저트 종류도 많아서 연말 선물로 좋을 거 같음!","커피음료(긍정), 기타디저트(긍정), 선물포장(긍정)",100001000010
"너어어어어어어무 맛있어용 딸케,,,","케이크(긍정)",001000000000
"예전부터 와보고싶었던 젤라또집이라 방문하게되었습니다!... 맛도 다양해서 넘넘 좋았습니다","기타디저트(긍정)",000001000000
"포장지부터 너무 예쁘고 대왕딸기 반가르자마자 딸기향이 퐝 튀어나와서 놀라고 달달한 딸기에 떡이 얇아서 잘어울림","기타디저트(긍정), 선물포장(긍정)",000001000010
"단독주택 개조카페 서울숲 뷰가 멋지다 빙수가격이 좀비싸나 맛나다","빙수과일(긍정), 분위기감성(긍정), 가격가성비(부정)",000010010200
"커피가 너무 맛있고 분위기도 좋고 힐링되는 곳이에요!","커피음료(긍정), 분위기감성(긍정)",100000010000
"성수,건대 망고빙수 맛집이에요 진짜 너무 맛있어요","빙수과일(긍정)",000010000000
"가장 예쁘고 큰 카페로 찾아서왔어요 일단 너무 친절하시고 카페가 환해서 이쁘더라구요","공간편의시설(긍정), 분위기감성(긍정), 서비스(긍정)",000000111000
"맛있고 가성비 좋은 디저트집이에요","기타디저트(긍정), 가격가성비(긍정)",000001000100
"외국인들은 직접 주문 받으면서 정작 국내 사람들은 테이블에 있는 큐알로 주문하라 하고... 1시간 기다려서 들어갔더니 주문 후 조리하는데 또 20분.","서비스(부정), 혼잡도_웨이팅(부정)",000000002002
"인테리어 멋져요! 말차빙수 사진하고 정말 똑같고 토핑 가득합니다아. 정말정말 맛있어요","빙수과일(긍정), 분위기감성(긍정)",000010010000
"커피가 너무 맛있어요! 초록 앞치마 직원분 너무 착하네요!!","커피음료(긍정), 서비스(긍정)",100000001000
"에스프레소에 초코파우더가 돼서 나와서 조금 놀랐습니다. 매장인테리어도 이뿌고 매장도 넓어서 좋아요","커피음료(중립), 공간편의시설(긍정), 분위기감성(긍정)",300000110000
"도넛 종류도 많고 특히 버터샌드 진짜 강추입니다","쿠키구움과자(긍정), 기타디저트(긍정)",000101000000
"커피 원두 별로 골라서 먹을 수 있어요... 커피에 대해서 친절히 설명해주셨어요 ) 원테이블이라 단체는 힘들 거 같아요.","커피음료(긍정), 공간편의시설(부정), 서비스(긍정)",100000201000
"자주 오는 곳이에요!!! 멋진 공간 맛난 커피 늘 좋아요!!","커피음료(긍정), 분위기감성(긍정)",100000010000
"케이크 너무 맛있고 아늑하고 그릇들도 너무 예뻐요","케이크(긍정), 분위기감성(긍정)",001000010000
"라떼도 맛있는데 라떼아트 너무 귀엽고 신기해요!","커피음료(긍정)",100000000000
"매장 넓고 이뻐요 화장실도 넘 예쁨..","공간편의시설(긍정), 분위기감성(긍정)",000000110000
"디저트 너무 맛있어요!!!!","기타디저트(긍정)",000001000000
"브런치도 되고 와인도 되고 그냥 가볍게 오기 좋은 것 같아요 풍경도 탁 트여서 너무 예뻐요","베이커리빵(긍정), 분위기감성(긍정), 서비스(긍정)",010000011000
"매장이 넓고 앉을 공간이 많이 있더라구요... 중간중간 의자가 좀 망가진게 있더라구요..주의해야할거 같아요..!","공간편의시설(중립)",000000300000
"초코케이크 미쳤음 역대급 카페임 담에 또 가고싶음","케이크(긍정)",001000000000
"케이크도 맛있고 커피도 진하고 맛있어요","커피음료(긍정), 케이크(긍정)",101000000000
"이번엔 소금빵과 애플 페스츄리 샀어요... 역시 여기의 근본은 페스츄리임","베이커리빵(긍정)",010000000000
"대화하기에 분위기가 좋고, 주문한 아이스크림 전부 실패없이 맛있었어요!","기타디저트(긍정), 분위기감성(긍정)",000001010000
"딸기핀 안에 딸기 크림 듬뿍 상큼 달달 베이커리 종류 많고 다 비주얼 굿... 항상 사람이 많아서 좋은 자리는 하늘에 별따기","베이커리빵(긍정), 혼잡도_웨이팅(부정)",010000000002
"조용하고 창가쪽에 앉아서 밖 구경하는 재미도 있네요 커피는 물론이고 디저트도 맛있어요","커피음료(긍정), 기타디저트(긍정), 분위기감성(긍정)",100001010000
"넘 쾌적하고 맛있는 케이크가 많아용","케이크(긍정), 공간편의시설(긍정)",001000100000
"아침부터 사람 많고 자리가 없지만 포장하기 좋아용","선물포장(긍정), 혼잡도_웨이팅(부정)",000000000012
"사장님 친절하시고, 인테리어도 예쁜데 무엇보다 케익이 진짜진짜 맛있음!","케이크(긍정), 분위기감성(긍정), 서비스(긍정)",001000011000
"빵도 맛있고 분위기도 좋아요","베이커리빵(긍정), 분위기감성(긍정)",010000010000
"시간이 지나도 계속 맛있네요!","베이커리빵(긍정)",010000000000
"카페 분위기 좋네요, 와플도 너무 맛있어요","기타디저트(긍정), 분위기감성(긍정)",000001010000
"아이스크림이랑 가볍게 마시기 딱이에요!","커피음료(긍정), 기타디저트(긍정)",100001000000
"음료 특이하고 맛있음 공간도 특이","커피음료(긍정), 공간편의시설(긍정)",100000100000
"여기 쿠키 쫀맛탱이에요!! 역시 인생 쿠키집 맛있어용","쿠키구움과자(긍정)",000100000000
"팬케이크 예쁘고 음료가 마싯어효","베이커리빵(긍정), 커피음료(긍정)",110000000000
"빵도 맛있고 음료가 특히 더 맛있네요! 내부 인테리어도 좋고 매장도 넓어요.","커피음료(긍정), 베이커리빵(긍정), 공간편의시설(긍정), 분위기감성(긍정)",110000110000
"퀄리티도 너무 좋고, 사장님이 친절하십니다. ... 무엇보다 케이크가 너무 마음에 들어요!!","케이크(긍정), 서비스(긍정)",001000001000
"다양한 종류의 베이커리들이 많고 두바이 초콜렛 푸딩은 생각보다 달지 않고 식감이 너무 좋았어요!","베이커리빵(긍정), 기타디저트(긍정), 공간편의시설(긍정)",010001100000
"좌석이 많은 편이라 편하게 먹었어요.","공간편의시설(긍정)",000000100000
"음료를 가져 갈 쟁반도 없고, 와이파이도 안되고...콘센트도 없고...조금은 불편함을 감수해야하는 블루보틀","공간편의시설(부정), 서비스(부정)",000000202000
"사장님이 너무너무 친절하셔서 너무 좋았구요 디저트가 정말 맛있어요.. 음료도 너무 맛있고","커피음료(긍정), 기타디저트(긍정), 서비스(긍정), 분위기감성(긍정)",100001011000
"오랜만에 왔는데 여전히 앉을자리는 없네요 ... 매장이 지하라 좀 아쉽","공간편의시설(부정), 혼잡도_웨이팅(부정)",000000200002
"매장 분위기 너무 좋고 인생샷 찍을곳 넘 많아요 디저트들도 너무 맛있어요!!!!! 비건케이크로 소화도 잘되서 좋습니다아!!","케이크(긍정), 분위기감성(긍정)",001000010000
"귀여운 곳이에요 선물용으로 구움과자 여러개 샀어요!","쿠키구움과자(긍정), 선물포장(긍정)",000100000010
"재밌었어요 ! 2시간은 좀 짧았어서 넘 아쉬워요","서비스(부정)",000000002000
"프랑스산 밀가루로 만든 빵은 풍미가 예술이고, 스페셜티 커피와의 조합도 환상적입니다. 루프탑 분위기도 최고라","커피음료(긍정), 베이커리빵(긍정), 분위기감성(긍정)",110000010000
"너무 친절하고 분위기도 좋습니당 !","분위기감성(긍정), 서비스(긍정)",000000011000
"대관 금액이 만원밖에 안 하는데 가격에 상관없이 음료를 선택해서 마실 수 있는 것도 좋았어요. ... 화장실 쫌 중요하게 생각하는데... 건물 안에 있긴하지만 카페 바깥에 있어서 별 하나만 뺄게요","커피음료(긍정), 공간편의시설(부정), 가격가성비(긍정)",100000200100
"겨울 분위기 카페에요 여유있으면 2층 룸 예약해서 또 가고싶긴해요","분위기감성(긍정)",000000010000
"남자친구랑 방문했는데 너무 좋아요 다음에 또 오고싶어요","대상 모호(긍정)",000000000000
"김치볶음밥이 기대이상으로 맛있네요 항정살 포케도 특이하고 괜찮았습니다.","대상 모호(식사류)",000000000000
"특이하고 예뻤어요 디저트도 예쁘고 커피도 맛있었어요","커피음료(긍정), 기타디저트(긍정), 분위기감성(긍정)",100001010000
"분위기도 모던하고 조용해서 대화하기 좋았어용!! 케이크도 맛있고 지크커피는 크림완전 맛있어용","커피음료(긍정), 케이크(긍정), 분위기감성(긍정)",101000010000
"메이플탑 남친과 데이트 브런치 맛나게 배불리 잘 먹었어요","베이커리빵(긍정)",010000000000
"항상 근처오면 들리는데 매번 맛있어요!","대상 모호(긍정)",000000000000
"당일예약도 가능하고 너무 좋아요! ... 초코 시트 같은데 초코맛은 하나도 안났고 크림치즈 맛이 강한거 같아요!","케이크(중립), 서비스(긍정)",003000001000
"빵이 맛있네요 아침 9시에 갔는데도 줄서서 구매했어요","베이커리빵(긍정), 혼잡도_웨이팅(부정)",010000000002
"굿즈존, 포토존 나뉘어 있어 좋았어요 직원분들 친절하시고... 전반적으로 가격대 나쁘지 않았어요","분위기감성(긍정), 서비스(긍정), 가격가성비(긍정)",000000011100
"베이글 종류도 정말 많고 매장도 넓어서 쾌적하게 먹을 수 있겠어요 물론 저는 포장해서","베이커리빵(긍정), 공간편의시설(긍정), 선물포장(긍정)",010000100010
"친구랑 성수 왔다가 친구가 커피 맛있다고 해서 왔어요 디저트도 맛있고 커피도 맛있어요","커피음료(긍정), 기타디저트(긍정)",100001000000
"주말에 데이트로 오기 딱 좋은 곳입니다. 맛있는 음식 분위기 좋은 장소를 즐기다 가세요","분위기감성(긍정)",000000010000
"버터솔트가 최애인데 버터 양이 전에 비해 좀 적어진 거 같지만 그래도 맛있었어용.!","베이커리빵(긍정)",010000000000
"시그니처라는 쑥라떼 진짜 맛있어요 ) ... 큐브 양갱하고 붕어모나카까지 쫀맛!! ... 분위기도 좋고 인테리어 예뻐서","커피음료(긍정), 기타디저트(긍정), 분위기감성(긍정)",100001010000
"쿠키 종류가 많고 케이크가 맛있어요!","케이크(긍정), 쿠키구움과자(긍정)",001100000000
"스몰 트리 케이크 화이트 초콜릿이 너무 맛있어서 감동받았어요!!!","케이크(긍정)",001000000000
"젠젠브런치 수플레 팬케잌 푸짐하고 너무 맛있네요 입에서 살살 녹아요","베이커리빵(긍정)",010000000000
"아기자기하고 귀여운 카페! 의자가 작아서 신기했어요!","분위기감성(긍정), 공간편의시설(중립)",000000310000
"케이크 맛있다고 유명해서 픽업왔어요 매장도 깔끔하고 좋아요","케이크(긍정), 공간편의시설(긍정)",001000100000
"진한듯 밍밍해서 신기한 맛,,,","대상 모호(중립)",000000000000
"가게도 예쁘고 타르트 넘 맛있어보여요! 사장님도 친절하셔서 다음에 또 오겠습니다","기타디저트(긍정), 분위기감성(긍정), 서비스(긍정)",000001011000
"평타이상.가격은 조금 쎈편임","가격가성비(부정)",000000000200
"커피맛은 좋으나 입구들어가자마자 시골 할머니집 냄새가나서 불쾌했어요","커피음료(긍정), 분위기감성(부정)",100000020000
"특히 사진 찍기 좋은 무채색 계열의 카페라 더욱 좋았어요 !","분위기감성(긍정)",000000010000
"연유라떼 맛있어요! 주변에서 그나마 늦게까지해서 좋아요","커피음료(긍정), 서비스(긍정)",100000001000
"넓고 천장이 높아서 좋아요 친절해요","공간편의시설(긍정), 서비스(긍정)",000000101000
"익 !! 맛있어용 맛도 다양하고 또 오고 시퍼요 힝 죤맛","대상 모호(긍정)",000000000000
"맛있어여. 본점만 가봤는데 성수도 좋아요. 단 주차는 .....","공간편의시설(부정)",000000200000
"최근 먹어본 디저트중 최고에요 .. 강아지 물도 챙겨주셔서 감사합니다 !","기타디저트(긍정), 서비스(긍정)",000001001000
"카운터가 너무 지저분합니다 비닐장갑을 낀 손으로 빵도 썰고 다른것도만지시고.. 위생은 안좋아 보입니다","서비스(부정)",000000002000
"얼그레이 밀크티 스프레드 미쵸써요...... 넘 맛있다 브리오슈 먹고 싶었는데 없어서 속상","베이커리빵(긍정)",010000000000
"버터소금베이글 너무 맛있어요! 소금빵에 미쳐있는자로써 완전 강추 !!","베이커리빵(긍정)",010000000000
"아담한 앤틱 분위기의 카페. 휘낭시에 종류도 다양하고 맛도 있네요.","쿠키구움과자(긍정), 분위기감성(긍정)",000100010000
"배불러서 아이스크림 생각없었는데 키링에 홀려서 먹게됐어요 아이스크림도 특색있고 맛있어요!","기타디저트(긍정)",000001000000
"양이 너무 많고 너무 맛있어요!","가격가성비(긍정)",000000000100
"훈제연어가 정말 맛있어요!!","베이커리빵(긍정)",010000000000
"커피 아인슈페너 스타일인데 너무 맛있어요. 티라미수도 굿!","커피음료(긍정), 케이크(긍정), 분위기감성(긍정)",101000010000
"바질아이스크림이라니...! 생각보다 맛있어서 놀랐습니다","기타디저트(긍정)",000001000000
"이쁘기도 했지만 너무 맛있어서 다들 어디서 샀냐고 사장님도 너무 친절하셨습니다","케이크(긍정), 서비스(긍정)",001000001000
"피스타치오 치즈케이크 존맛....... 취향저격 당했습니다","케이크(긍정)",001000000000
"공장이었던 공간을 이렇게 이쁘게 변신시켰다니... 맛있고 신선한 베이커리와 담배한 커피는 저희 일행의 만족도를 높여주었네요","커피음료(긍정), 베이커리빵(긍정), 분위기감성(긍정), 서비스(긍정)",110000011000
"바게트 맛집이에요 가격도 넘 착해","베이커리빵(긍정), 가격가성비(긍정)",010000000100
"카페 분위기도 너무 좋고 사장님도 친절하셔요 디저트도 귀엽고 커피 맛도 좋습니다!","커피음료(긍정), 기타디저트(긍정), 분위기감성(긍정), 서비스(긍정)",100001011000
"달지 않고 말차 본연의 맛이 느꺼져서 좋아요","커피음료(긍정)",100000000000
"출입구 앞의 관리되지 않은 공간을 애견 동반 좌석으로 제공하는지 궁금하네요. ... 녹슨 테이블 위에 올려놓고 먹어야 한다는 게 불쾌했습니다.","공간편의시설(부정)",000000200000
"망고말차라떼 맛있네요. 다소 가격이 부담될 수는 있지만 프리미엄 과일있어서 가치 있는것 같네요. 뷰는 힐링됩니다","커피음료(긍정), 분위기감성(긍정), 가격가성비(중립)",100000010300
"처음 방문했는데 분위기도 좋고 케이크도 맛있어요","케이크(긍정), 분위기감성(긍정)",001000010000
"사장님이 훈남에 왕친절하시구 커피 진짜 고소해용 라즈베리 스콘 꼭 드세오!!!!","커피음료(긍정), 쿠키구움과자(긍정), 서비스(긍정)",100100001000
"장소도 좋구...베이글도 맛있어요오늘 만나는 친구에게 주려구 2개씩 구입","베이커리빵(긍정), 공간편의시설(긍정), 선물포장(긍정)",010000100010
". 콜롬비아 게이샤 드립 바닐라라떼","커피음료(긍정)",100000000000
"부드러운 커피와 독특한 분위기 덕분에 편안한 시간 보냈습니다. 넓은 공간 대비 테이블 간격도 넓은 편이라 대화하기 편했어요.","커피음료(긍정), 공간편의시설(긍정), 분위기감성(긍정)",100000110000
"베이글이 쫀득하고 너무 맛있어요","베이커리빵(긍정)",010000000000
"디저트도 정말 맛있고 카페 내부 분위기도 너무 좋아요","기타디저트(긍정), 분위기감성(긍정)",000001010000
"좋은 분위기에서 여유롭게 있다는 것이 좋았어요. 다만 그림도 그리고 편지도 쓰고 차도 마시는 등 하나하나 제대로 느끼기엔 한시간이 모자라 아쉬운 마음이 있었네요","커피음료(긍정), 분위기감성(긍정), 서비스(부정)",100000012000
"카페 분위기가 너무 좋고 사람이 많지가 않아 여유롭고 힐링하니 좋네요! 인테리어도 우드 우드해서 감성있고 마음에 들어요!","공간편의시설(긍정), 분위기감성(긍정), 혼잡도_웨이팅(긍정)",000000110001
"직원 너무 싸가지없어요 일하기 싫으면 하지마세요 커피마시러 온 사람 기분 잡치게하지말고","서비스(부정)",000000002000
"디저트가 너무 맛있고 분위기가 좋아요. 2차로 오면 딱인 걱 같아요.","기타디저트(긍정), 분위기감성(긍정)",000001010000
"서울숲 근처에 있는 펫 프렌들리카페!! 루프탑도 좋아요!!","공간편의시설(긍정)",000000100000
"꿀자몽 자몽요거트cup은 입안에서 맨도는 생과일이 씹히면서... 아이스크림 도 이뻐요!","기타디저트(긍정)",000001000000
"유명하다고해서 갔는데 생각보다., 아쉬웠어요","대상 모호(부정)",000000000000
"분위기 진짜 최고 아스크림이랑 와인의 조합 진짜 조씁니당","기타디저트(긍정), 분위기감성(긍정)",000001010000
"분위기도 좋고 깨끗하고 친절했어요. 다음에 또 방문하겠습니다.","공간편의시설(긍정), 분위기감성(긍정), 서비스(긍정)",000000111000
"중앙홀 바깥 공간에 자리잡았는데 넓은 창으로 볕이 스며들어... 커피와 디저트 너무 맛나요! ... 8층에서 바라보는 시티뷰는 밤에오면 더 멋져 보일듯해요","커피음료(긍정), 기타디저트(긍정), 공간편의시설(긍정), 분위기감성(긍정)",100001110000
"아메리카노 진하고 맛있어요 아인슈페너는 얼그레이 향이 납니다","커피음료(긍정)",100000000000
"맛있어요 커피도 맛있고 예뻐요","커피음료(긍정), 분위기감성(긍정)",100000010000
"오랜만에 왔는데 너무 맛있게 먹고 갑니다 매장이 엄청 힙해요 !","기타디저트(긍정), 분위기감성(긍정)",000001010000
"주문 누락되서 한참 안나오고 ... 사과도 없음.. 퀄리티 대비 비쌈 재방문 의사 없음..","서비스(부정), 가격가성비(부정)",000000002200
"카페가 넓고 완전 느좋입니담 친절하시고 음료가 빨리 나와서 너무 좋앗아용","공간편의시설(긍정), 서비스(긍정)",000000101000
"당일 빵을 먹을 수 있다니 넘 좋은 것 같아요!! 출근길 힐링입니다","베이커리빵(긍정)",010000000000
"콜드브루 커피도 맛있고 라떼도 맛있어요 ... 티라미수도 위에 견과류가 잔뜩 뿌려져서 고소하고 식감도 좋았어요 ... 인테리어는 앤틱 분위기라서 아늑하고","커피음료(긍정), 케이크(긍정), 분위기감성(긍정)",101000010000
"채광이 좋아서 어디서 사진을 찍어도 정말 잘나오네요! 디저트들도 너무 귀엽구 맛도 좋아요!","기타디저트(긍정), 분위기감성(긍정)",000001010000
"생각모다 매장이 넓네요 사람도 많아요 음료도 맛있어요!","커피음료(긍정), 공간편의시설(긍정), 혼잡도_웨이팅(부정)",100000100002
"로봇이 만들어주는게 너무 신기하고 재미있어요 커피도 맛있고 24시간 무인카페여서 편하게 이용하다 갑니다","커피음료(긍정), 서비스(긍정)",100000001000
"저번에 먹고 맛있어서 이번엔 포장하러 왔어요. 다음에 또 올게요","대상 모호(긍정), 선물포장(긍정)",000000000010
"검색해서 찾아간 만큼 맛난 아인슈페너 크림이 진짜 쫀득해요","커피음료(긍정)",100000000000
"디저트도 너무 맛있고 직원분들도 넘 친절해요! 사진 찍기 넘 이쁘구","기타디저트(긍정), 분위기감성(긍정), 서비스(긍정)",000001011000
"위스키로 만든 아이스크림이라 홀린듯이 시켰습니다","기타디저트(긍정)",000001000000
"평일에도 사람이 북적북적 많네요.","혼잡도_웨이팅(부정)",000000000002
"산미가 있는 편이지만 가성비 좋고 인테리어나 디자인에 신경 많이 쓰신거 같아요","커피음료(중립), 분위기감성(긍정), 가격가성비(긍정)",300000010100
"인테리어랑 음악 다 너뮤 좋아요 사장님도 너무 친절하셔요 코넛 파이 먹어봤는데 넘 맛있어서","기타디저트(긍정), 분위기감성(긍정), 서비스(긍정)",000001011000
"인테리어가 너무 예뻐서 들어가자마자 기분좋아지더라구요 시그니처 커피는 꼭 드셔보세요!","커피음료(긍정), 분위기감성(긍정)",100000010000
"잠시 앉았다가 갔어요 좋아요 평일에도 사람이 꽤 많음","혼잡도_웨이팅(중립)",000000000003
"타르트 맛있어용!! 티라미슈랑 돼지바 타르트에요 마롱 타르트도 맛있어용 커피도 맛있어용. 인기가 많아서 주말에 자리가 없는날도 많아용 새로생겨서 더 깔끔하고 좋아용. 화장실이 남녀 공용인점은 좀 아쉬워용","커피음료(긍정), 기타디저트(긍정), 공간편의시설(중립), 혼잡도_웨이팅(부정)",100001300002
"너무 친절하시고 분위기 좋아요!","분위기감성(긍정), 서비스(긍정)",000000011000
"성수 컨셉에 어울리는 인더스트리얼 느낌. 지속적으로 확장이 가능할까?","분위기감성(긍정)",000000010000
"성수대형카페 분위기 좋고 커피와 디저트도 맛있어요","커피음료(긍정), 기타디저트(긍정), 분위기감성(긍정)",100001010000
"매장이 넓고 분위기도 좋아요! 커피도 맛있어오","커피음료(긍정), 공간편의시설(긍정), 분위기감성(긍정)",100000110000
"분위기 좋고 아늑한 곳이에요! 사장님도 친절하시입니다","분위기감성(긍정), 서비스(긍정)",000000011000
"너무 맛있어서 사진 찍는 것도 까먹었어요 히히","대상 모호(긍정)",000000000000
"성수역 3번출구 스타벅스 성수점입니다... 사람은 거의 붐비는 편입니다. 아침 일찍 자리를 맡아야 해요. 화장실도 깔끔합니다)","공간편의시설(긍정), 혼잡도_웨이팅(부정)",000000100002
"맛 소소 가격 소소 분위기 소소","분위기감성(중립), 가격가성비(중립)",000000030300
"분위기 최고 크리스마스처럼 꾸며놔서 너무 예뻐요!! 매장도 넓고... 커피도 맛있고 최고","커피음료(긍정), 공간편의시설(긍정), 분위기감성(긍정)",100000110000
"베이글 종류도 많고 너무 맛있어요 분위기도 좋고 앉아서 먹을수있어서 너무 좋아용","베이커리빵(긍정), 공간편의시설(긍정), 분위기감성(긍정)",010000110000
"버터소금베이글이랑 모굴 크림치즈 진짜 맛있어요 음료도 맛있고 인테리어도 멋있고 친절하고 좋아요","커피음료(긍정), 베이커리빵(긍정), 분위기감성(긍정), 서비스(긍정)",110000011000
"평이 좋아 방문해봤는데 차분한 분위기에 음식도 너무 맛있었어요! 사진엔 없지만 레드체리 치킨 샌드위치 정말 맛있어요","베이커리빵(긍정), 분위기감성(긍정)",010000010000
"사장님 너무 친절하시고 모찌들도 나무너므 맛있어요!! 뚝섬역이랑 가까우니까","기타디저트(긍정), 서비스(긍정)",000001001000
"티그레 맛집이라는 후기만 보고 찾아왔는데 매장이 넓으면서 간격이 있어서 쾌적하게 즐기기 좋았어요! 커피도 디저트도 맛있었습니다","커피음료(긍정), 쿠키구움과자(긍정), 공간편의시설(긍정)",100100100000
"퐁신하고 달달한 도넛과 아아 조합은 최고 친절하시고 공간 아늑해 좋았어요)","커피음료(긍정), 기타디저트(긍정), 공간편의시설(긍정), 서비스(긍정)",100001101000
"카페가 4층까지 루프탑으로 자리가 많고 빵종류도 다양해서 좋아요 라떼가 진짜 맛있어요! 주말에 사람많아서 2층화장실 물이 넘치던데요","커피음료(긍정), 베이커리빵(긍정), 공간편의시설(중립), 혼잡도_웨이팅(부정)",110000300002
"특이하지만 맛은 그냥 그랬어요","대상 모호(중립)",000000000000
"제가 애정하는 에이치 항상 가도 반갑게 맞이해주셔서 감사합니다! 항상 맛있는 커피 제공해주셔서 감사합니다!","커피음료(긍정), 서비스(긍정)",100000001000
"소금붕어빵 맛보러왔어요!! 찾아와서 먹을만큼 맛있어용","베이커리빵(긍정)",010000000000
"완두콩 후무스는 너무 맛있고... 그릭요거트 샤인 머스켓 타르트와 치즈 케이크는 정말 환상 입니다. 그리고 애견 동반도 되고 가게도 널찍 널찍하고 안에 화장실도 깨끗해서","케이크(긍정), 기타디저트(긍정), 공간편의시설(긍정)",001001100000
"종류가 너무 많아 고민되요 그래서 2개를 샀는데 다른것도 먹고 싶네요","대상 모호(긍정)",000000000000
"꽈배기들 너무맛있어요! 주변에서 일하면 음료 30퍼센트 할인이라 가성비 좋아요 분위기 굿 공간 굿이용","커피음료(긍정), 기타디저트(긍정), 공간편의시설(긍정), 분위기감성(긍정), 가격가성비(긍정)",100001110100
"시그너처 디저트 두 가지가 정말 너무너무 맛있어요!! ... 피버바크림라떼의 크림도 너무 환상적이에요 땅콩버터와 바나나의 조화는 뭐 말모","커피음료(긍정), 기타디저트(긍정), 분위기감성(긍정)",100001010000
"2호점 갔는데 주말이라 웨이팅9팀 있어서 테잌아웃 했는데 다음엔 매장에서 먹어보고싶어요 굿굿","혼잡도_웨이팅(부정)",000000000002
"제 최애 소금빵 맛집이에요 겉바속촉 바게트 식감 정말 최고에요","베이커리빵(긍정)",010000000000
"빵종류가 정말 많아요! 초당옥수수라떼 맛있습니다)","커피음료(긍정), 베이커리빵(긍정)",110000000000
"제과명장님 사진이 있길래 지나가다 들어왔는데 맛있어요! 음료도 상큼하고 맛있습니다 매장도 쾌적해요","커피음료(긍정), 베이커리빵(긍정), 공간편의시설(긍정)",110000100000
"귯귯 서울숲쪽으로 이전하여 멀어졌지만, 더더 잘되는 것 같아 보기 좋아요","대상 모호(긍정)",000000000000
"친절하고 케잌이 맛있어서 또 찾았어요!","케이크(긍정), 서비스(긍정)",001000001000
"플레이리스트도 완벽하고 데이트하기 좋아요","분위기감성(긍정)",000000010000
"프렌치토스트 기대해서 10분정도 기다렸다가 들어갔어요... 특이한 잼이 많앗고 티슈식빵 구매해왔급미다","베이커리빵(긍정), 혼잡도_웨이팅(중립)",010000000003
"분위기 맛집 행복한 조합 덕분에 남편과 행복한 생일보냈어요 맛있어요","분위기감성(긍정)",000000010000
"집중하기에 너무 좋아요 짱짱","분위기감성(긍정)",000000010000
"오픈된공간이라 분위기가 좋아요. 음식도 맛있어요.날씨좋은날 추천드려요.","분위기감성(긍정)",000000010000
"눕는자리 너무 좋아여......","공간편의시설(긍정)",000000100000
"수플레가 너모 먹고 싶었는데 갓벽한 비주얼이네오!","기타디저트(긍정), 분위기감성(긍정)",000001010000
"진짜 너무너무 맛있어요..!!!","대상 모호(긍정)",000000000000
"디저트가 바삭하고 맛있어요! 버터 카라멜 크림이랑 잘 어울려용","기타디저트(긍정)",000001000000
"슈퍼말차 맛있네요옿 깊은 녹차라떼","커피음료(긍정)",100000000000
"소금에그타르트라길래 신기해서 한번 사서 먹었는데 취저 맛있움!!","쿠키구움과자(긍정)",000100000000
"음식도 빨리 나오고 메뉴도 다 맛있어요 직원분듀 친절하시고 서울숲 뷰 보면서 먹으니 너무 좋아요","분위기감성(긍정), 서비스(긍정)",000000011000
"쉽게 접할 수 없는 디저트를 성수동에서 먹게되어 기쁩니다 친구와 재방문 의사가 있습니다","기타디저트(긍정)",000001000000
"블루보틀은 일본여행을 생각나게 해주는 곳 한정판 배지 구매!","분위기감성(긍정)",000000010000
"음료도 빵도 다 맛있어요! 직원 분들 너무 친절하셔서 좋아요","커피음료(긍정), 베이커리빵(긍정), 서비스(긍정)",110000001000
"915까지만 판매되는 생무화과 샌드위치 먹으러 오세요!!","베이커리빵(긍정)",010000000000
"뷰도 분위기도 좋고 단란한 느낌이 포근해요 디저트도 맛나요 !","기타디저트(긍정), 분위기감성(긍정)",000001010000
"색다른 경험과 맛을 느낄수 있어 좋았습니다! 정말 값진 하루였습니다!","분위기감성(긍정)",000000010000
"레몬케이크 상큼하고 맛있습니다 !!","케이크(긍정)",001000000000
"성수동갈때 꼭 언니 커피 꼭 너무 맛이 좋고 계속 생각 나요","커피음료(긍정)",100000000000
"펭귄이 엄청 많아서 너무 좋았어요","분위기감성(긍정)",000000010000
"새로운 메뉴가 꾸준히 나오는것 같아서 궁금해서 자주 오게 되는것 같아요 !! 매장도 넓고 역 근처에 있어서 좋아뇬","공간편의시설(긍정), 서비스(긍정)",000000101000
"자연도소금빵 연남에 생겨서 줄서서 먹어봤어여 가격도 착하고 퀄리티도 괜찮아서 또사먹을것같아여","베이커리빵(긍정), 가격가성비(긍정), 혼잡도_웨이팅(부정)",010000000102
"분위기도 좋구 커피도 맛있어요!!!","커피음료(긍정), 분위기감성(긍정)",100000010000
"아이스티 안달고 맛있어요. 테이블 잡기가 꽤 힘들었어요","커피음료(긍정), 혼잡도_웨이팅(부정)",100000000002
"생일이라 샀어요 맛은 못봤네요","대상 모호(없음)",000000000000
"성수에서 가성비 좋고 얘기하기 좋은 곳이에요","분위기감성(긍정), 가격가성비(긍정)",000000010100
"인절미와플 흑임자와플 세트 짱이예요","기타디저트(긍정)",000001000000
"손잡이 없는 종이백을 20원 받는곳은 난생 첨. 청담동도 압구정도 종이봉투엔 담아주는데? 요즘은 이런건가?","선물포장(부정)",000000000020
"커피가 너무 맛있고 분위기 최고입니다!!","커피음료(긍정), 분위기감성(긍정)",100000010000
"주말 저녁 대기 없이 들어갈 수 있었어요0 과일타르트가 진짜 짱맛","기타디저트(긍정), 혼잡도_웨이팅(긍정)",000001000001
"친구가 수플레이 푹 빠져서 찾다가 발견했는데 너무 맛있어요!!","기타디저트(긍정)",000001000000
"리뷰이벤트로 아아하나더 추가 최곱니다. 조용하고 여유롭고 더운날씨에 잠시 휴식 좋으네요","커피음료(긍정), 분위기감성(긍정), 서비스(긍정)",100000011000
"모나카가 귀여워요 테이블이 좀 낮은 편이라 오래있으면 불편할 수도 있을듯","기타디저트(긍정), 공간편의시설(부정)",000001200000
"시간가는줄 모를정도로 재밌고 힐링하고 온 기분이에요","분위기감성(긍정)",000000010000
"커피가 맛있고 크림이 부드럽습니다. 재방문의사가 있습니다.","커피음료(긍정)",100000000000
"라떼 1000원 이벤트 좋아요","커피음료(긍정), 가격가성비(긍정)",100000000100
"에스프레소 파는 곳을 찾다 오게 되었는데... 시그니처인 에스프레소 티라미수가 독특하고 맛있네요! ... 오리지널 티라미수도 진하고 맛있어요.","커피음료(긍정), 케이크(긍정), 서비스(긍정)",101000001000
"인테리어도 예쁘고 일단 치즈케이크가 너무 맛있어요!! 꾸덕꾸덕한 치즈 케이쿠 좋아하시면 강추합니다bb","케이크(긍정), 분위기감성(긍정)",001000010000
"앨리웨이 오면 리치식빵 꼭 사가요","베이커리빵(긍정)",010000000000
"맛 없어용!! 비싸기만 하네요!","대상 모호(부정), 가격가성비(부정)",000000000200
"맛잇어요. 대신 오래 걸려요","대상 모호(긍정), 서비스(부정)",000000002000
"성수 느좋 카페를 찾았어요!!!! 저녁엔 위스키 펍으로 바뀌는데 커피 음료도 마실 수 있어서 좋았어요.","커피음료(긍정), 분위기감성(긍정)",100000010000
"한적한 곳에 예쁜 카페가 생겨서 좋아요!","분위기감성(긍정), 혼잡도_웨이팅(긍정)",000000010001
"커피와 음료수가 맛있고 분위기가 편안해요","커피음료(긍정), 분위기감성(긍정)",100000010000
"간만에 정말 따듯하고 힐링되는 시간이었어요 다음에 요가 클래스도 참여해보고싶어요","분위기감성(긍정)",000000010000
"기대했던 만큼은 아니었지만 맛있었어요 인테리어는 귀욥","대상 모호(중립), 분위기감성(긍정)",000000010000
"지난번에 맛있게 먹어서 성수에 팝업 방문했다가 포장해감 맛있어!!!","대상 모호(긍정), 선물포장(긍정)",000000000010
"마지막날 갔더니 굿즈가 텅텅 살게 없어서 아쉬웠고 카페 인데 음료 마실 자리가 전혀 없어서 아쉬웠음","공간편의시설(부정)",000000200000
"넓은 공간에 라운지 느낌의 카페라 좋아요!","공간편의시설(긍정), 분위기감성(긍정)",000000110000
"이물질이 있어서 당연히... 전혀 사과 안했어요. ... 그렇게 맛있는것도 아니고... 인사성은 없는게 기본이고 홀도 비위생적인듯.","대상 모호(부정), 공간편의시설(부정), 서비스(부정)",000000202000
"카페 인테리어가 너무 예쁘고 분위기가 좋았어요! 라떼도 정말 맛있어용","커피음료(긍정), 분위기감성(긍정)",100000010000
"베이글 맛있고 가격도 착해서 좋습니다","베이커리빵(긍정), 가격가성비(긍정)",010000000100
"아이스크림이랑 와인 조합이 엄청나네요..까망베르, 리코타, 딥카카오코코넛 아이스크림 너무너무 맛있었어요... 가게 분위기가 너무 예쁘고 좋아요","커피음료(긍정), 기타디저트(긍정), 분위기감성(긍정)",100001010000
"친절하시고 디저트가 맛있어요 화이트 인테리어라 사진도 잘 나옴!","기타디저트(긍정), 분위기감성(긍정), 서비스(긍정)",000001011000
"조용한 분위기에 퐁실한 수플레 브런치로 먹기 딱이에요!","기타디저트(긍정), 분위기감성(긍정)",000001010000
"크로플이 바삭바삭하고 달달해서 너무 맛있었어요 특히 크림이랑 조화가 되게 좋은 것 같아요!","기타디저트(긍정)",000001000000
"소세지가 짜지 않고 육즙이 팡팡","베이커리빵(긍정)",010000000000
"쫀득쫀득하니 맛있음. 특히 마늘 듬뿍 젤맛남","베이커리빵(긍정)",010000000000
"기댈빙 유명해서 와보고 싶었는데 너무너무 맛있고 케이크를 먹는 기분이에요!","빙수과일(긍정)",000010000000
"예전부터 오고싶었던 곳이라 예약하고 방문했어요! 너무 이쁘고 맛있어요","대상 모호(긍정), 분위기감성(긍정)",000000010000
"공간도 너무 멋지고 루프탑이 있어서 날씨가 좋으면 너무 예뻐요!","공간편의시설(긍정), 분위기감성(긍정)",000000110000
"프롤라에서 시그니처 및 라떼 메뉴 주문했습니다. 제조하시는 분이 외국인이라 이색적이었습니다","커피음료(긍정), 분위기감성(긍정)",100000010000
"너무 분위기 좋고 잼 고르는 재미도 쏠쏠 좋은뷰는 덤이네요","베이커리빵(긍정), 분위기감성(긍정)",010000010000
"저번에왔다가 좋아서 또 방문했어요. 매장도 넓고 넘 좋아요!!","공간편의시설(긍정)",000000100000
"들어가자마자 자리부터 잡으셔야 합니다 간신히 자리 잡고 앉았는데 생각보다 분위기도 좋고 쾌적해요","공간편의시설(긍정), 분위기감성(긍정), 혼잡도_웨이팅(부정)",000000110002
"알록달록 가구와 오브제들이 취향을 저격! 음료와 귀여운 디저트들 맛있어요","커피음료(긍정), 기타디저트(긍정), 분위기감성(긍정)",100001010000
"빵 종류가 많고 다 맛있어요 건강빵도 많구요 음료도 맛있어서 자주 가요","커피음료(긍정), 베이커리빵(긍정)",110000000000
"새로오픈한곳이라 깔끔하고 너무 잘꾸며져있어요!! 빵종류도 다양하고 유기농 밀가루라 건강에 좋아요!!!","베이커리빵(긍정), 공간편의시설(긍정), 분위기감성(긍정)",010000110000
"쏘베 탈탈 털어왔습니다!! 언제가도 항상 보장된 맛과 서비스... 각 제품마다 먹는법도 상세히 알려주시고","대상 모호(긍정), 서비스(긍정)",000000001000
"여기 파니니가 너무 맛있고 에스프레소도 너무 깔끔하고 맛있네요!!","커피음료(긍정), 베이커리빵(긍정)",110000000000
"다른 도넛도 맛있는데 피스타치오 라즈베리 도넛이 찐이에요... 엘더플라워 에이드도 맛있었습니다! 제 기준 비싼 편이긴한데","커피음료(긍정), 기타디저트(긍정), 가격가성비(부정)",100001000200
"다양한간식이 진열되어 있어서 아이가 좋아해요.","기타디저트(긍정)",000001000000
"우유얼음이라 더 맛있어요!! 망고도 생망고인 것 같구 빙수, 시럽은 리필도되니","빙수과일(긍정)",000010000000
"황금이 올라간 골든아인슈페너 완전 맛있어요!! 크림이 쫀쫀하고 커피랑 잘 어울려요 !... 엔틱한 분위기에서 공주왕관 쓰고 사진도 찍을 수 있구용","커피음료(긍정), 분위기감성(긍정)",100000010000
"딸기음료가 공차보다 맛있대요. 가격은 비싸요. 하지만 땅값이 비싸니 이해한답니다 달고 쫀쫀한 느낌의 쿡희예요","커피음료(긍정), 쿠키구움과자(긍정), 가격가성비(중립)",100100000300
"베이글 맛있고 분위기 좋습니다 !","베이커리빵(긍정), 분위기감성(긍정)",010000010000
"예전에 너무 맛있게 먹었던 기억이 있어서 오늘도 방문하게 되었어용 여전히 넘 맛있네요","대상 모호(긍정)",000000000000
"시그니쳐메뉴가 쏘 큐티하고 로맨틱해요오... 알바생이 잘생기심..","분위기감성(긍정), 서비스(긍정)",000000011000
"메론 빙수가 맛있다고 해서 와봤는데 제가 기대했던 것보다도 너무 맛있어요","빙수과일(긍정)",000010000000
"커피는 기본적으로 고소한데 은은하게 산미가 느껴지는 맛이었고 아이스크림은 상하목장꺼 쓰셔서 실패 없는 맛입니다! 체리타르트는 비주얼만큼이나 훌륭한 맛사장님 너무 친절하셔서","커피음료(긍정), 기타디저트(긍정), 서비스(긍정)",100001001000
"분위기도 좋고 맛도 최고예영.. 다음에는 더 달게해서 먹어보겠슴당","분위기감성(긍정)",000000010000
"여기 케이크는 항상 너무 맛있어요! 들어오자마자 풍기는 버터향이 너무 향긋합니다","케이크(긍정)",001000000000
"초코소금빵 너무 맛있어요! 다 제가 담아와써요","베이커리빵(긍정)",010000000000
"수플레 엄청 부드럽고 입에서 녹네요 허니크림도 같이 올려먹으니 맛있어요 매장안에 들어오니 분위기도 좋고 매장도 넓어요.","기타디저트(긍정), 공간편의시설(긍정), 분위기감성(긍정)",000001110000
"케이크가너무귀엽고 전날에도 예약할 수 있어서 너무 좋아요!!!","케이크(긍정), 서비스(긍정)",001000001000
"아늑한 다락방 감성 성수 데이트 코스로 딱 좋아용... 군고구마 시키면 위에 아이스크림도 올라가있어서 더 맛있어요 노래도 좋고 음료도 맛있어서","커피음료(긍정), 기타디저트(긍정), 분위기감성(긍정)",100001010000
"다른빵도 맛있지만 진짜 특히!!! 프랑스전텅바게트는 계속 생각 나는 맛이예요","베이커리빵(긍정)",010000000000
"비싸기만 비싸고 진짜 맛없어요 무엇보다 종업원들 직원들 태도가 진짜 기분 나쁠정도로 싸가지없어요... 기분도 엄청 상했어요... 다시는 여기 올일은 없겠내요","케이크(부정), 서비스(부정), 가격가성비(부정)",002000002200
"조용하고 아늑한 분위기에서 디저트를 즐길 수 있는 성수 카페예요.맛있고 달지 않아 계속 손이 가요.","기타디저트(긍정), 분위기감성(긍정), 혼잡도_웨이팅(긍정)",000001010001
"가게는 작지만 커피는 맛있어요","커피음료(긍정), 공간편의시설(부정)",100000200000
"생망고 젛아요 네모네모 컨셉도 기여워요","빙수과일(긍정), 분위기감성(긍정)",000010010000
"분위기넘좋네요 바다에온듯해요","분위기감성(긍정)",000000010000
"이른 아침에 방문했는데도 모든 타르트가 신선하고 예쁘게 준비되어있었습니다... 사장님도 너무 친절하십니다","기타디저트(긍정), 서비스(긍정)",000001001000
"소금붕어빵(타이야끼) 너무 맛있어요!... 커피도 고소하고 맛있었습니다)","커피음료(긍정), 베이커리빵(긍정)",110000000000
"파니니랑 커피 먹으러 갔다가 사라다번이 새로 보이길래 추가. 부드럽고 맛있다 매장도 넓어서 쉬다 오기 좋다","커피음료(긍정), 베이커리빵(긍정), 공간편의시설(긍정)",110000100000
"도너츠 아 ,,퀄리티 무엇,,, 개맛있어요진짜 엄청 친절하시어서 100","기타디저트(긍정), 서비스(긍정)",000001001000
"망고빙수 냉동아니라서 맛있고 물렁해요! 직원분들 친절하시구 성수동치고 가격도 안 비싸서 좋아요!!","빙수과일(긍정), 서비스(긍정), 가격가성비(긍정)",000010001100
"디저트가 엄청 이쁘고 고급집니다.","기타디저트(긍정)",000001000000
"회사 근처 카페인데 분위기도 좋고 좌석도 넓고 좋아요 음료도 다양해요","커피음료(긍정), 공간편의시설(긍정), 분위기감성(긍정)",100000110000
"커피 맛있고 분위기도 좋아요!! 친절하시어서 또 오고싶어요","커피음료(긍정), 분위기감성(긍정), 서비스(긍정)",100000011000
"베이킹 클래스는 처음이라 걱정했는데, 너무 친절하시고 좋았어요!! ... 초코 추천드립니다! 다음에 또 올게요","쿠키구움과자(긍정), 서비스(긍정)",000100001000
"소금빵맛집 베통에 다녀왔어요... 블루베리소금빵을 먹고 너무 맛있어서 찐눈물을 흘렸거든요... 인기많은건 알겠지만 물량을 좀 더 많이 만들어서 1인6개까지 구매가능하게해주시면 안될까여","베이커리빵(긍정), 혼잡도_웨이팅(부정)",010000000002
"이거먹으러 대구에서부터 왔어요 티그레 먹어본 곳 중 1등 ..","쿠키구움과자(긍정)",000100000000
"새로운 메뉴들과 분위기가 너무 좋아오","분위기감성(긍정)",000000010000
"쿠키랑 커피랑 너므너무 맛있어요!! 성수오면 또 올거같아요!","커피음료(긍정), 쿠키구움과자(긍정)",100100000000
"음료, 수플레 모두 맛있고 가게 분위기도 너무 좋아요! 재방문 의사 있습니다!","커피음료(긍정), 기타디저트(긍정), 분위기감성(긍정)",100001010000
"오퍼레이션이 아쉽습니다 먼저 와서 기다렸는데 뒤에 사람들 먼저 주문 받아주셔서 케익은 비싼만큼 맛있어요","케이크(긍정), 서비스(부정), 가격가성비(중립)",001000002300
"크림이 딸기랑 너무 잘어울려서 흡입하고 왔어요","대상 모호(긍정)",000000000000
"카페 넘 예뻐요 입구부터 느낌있어요 흑임자 라떼 고소하고 맛있어요","커피음료(긍정), 분위기감성(긍정)",100000010000
"보들보들 치아바타, 풍미 넘치는 바질페스토 크림치즈 바게트, 발효종 반죽으로 구운 깜빠뉴 모두 아주 맛있어요!","베이커리빵(긍정)",010000000000
"타코파이 좀 생소하지만 맛은 특별합니다! 애플파이 토마토파이 라따뚜이 3종세트로 구매했고 하나하나 다 맛나요","베이커리빵(긍정)",010000000000
"늘 지나가다 먹어보고싶어서 방문했는데 빵종류가 엄청많고 맛나보여요!!","베이커리빵(긍정)",010000000000
"좌석 간 간격도 넓고 커피 원두도 맛잇어요.","커피음료(긍정), 공간편의시설(긍정)",100000100000
"커피. 티슈식빵, 트러플양송이스프, 프렌치토스트 모두 다 맛있어요. 조경도 예쁘고 음악도 좋아요","커피음료(긍정), 베이커리빵(긍정), 분위기감성(긍정)",110000010000
"장소도 쾌적하고 디저트도 맛있습니다!","기타디저트(긍정), 공간편의시설(긍정)",000001100000
"매장 분위기도 좋고 음식도 생각보다 더 맛있네요! 까다로운 엄마 입맛에도 잘 맞았습니다! 커피두 맛있어요!","커피음료(긍정), 분위기감성(긍정)",100000010000
"쟤 왜 바지 벗고있는지 ... 아는분.. 설명 필요함 딸기를 굉장히 기대하고 먹었는데 생각외로 아몬드 초코가 진짜 맛있었어요 !!","기타디저트(긍정), 분위기감성(중립)",000001030000
"인테리어도 진자 너무 멋잇고 커피랑 디저트도 너무 맛있어요 또 오도싶어요","커피음료(긍정), 기타디저트(긍정), 분위기감성(긍정)",100001010000
"인테리어도 너무 멋지고 친절합니다 라떼좋아하는데 커피도 너무 맛있어요! 이색적인 음료도 많아요!","커피음료(긍정), 분위기감성(긍정), 서비스(긍정)",100000011000
"연무장플랫은 강릉 초당커피랑 약간 비슷하고 핸드드립도 좋아요. 향부터 산미가 제대로입니다.","커피음료(긍정)",100000000000
"서울 놀라와서 우연히 들른 카페인데 직원분들도 친절하시고 커피랑 디저트도 너무 맛있네요","커피음료(긍정), 기타디저트(긍정), 서비스(긍정)",100001001000
"생각보다 안쪽 매장 엄청 넓고 좌석도 넓어요 빵이랑 케이크 음료 다 맛있어보여요!","커피음료(긍정), 베이커리빵(긍정), 케이크(긍정), 공간편의시설(긍정)",111000100000
"커피도 맛있고 특히 저 당근파운드가 정말 맛있어서 깜짝 놀랐네요","커피음료(긍정), 쿠키구움과자(긍정)",100100000000
"인테리어가 예쁘고 매장이 넓고 자리도 앉기 편해요. ... 치글 시그니처 메뉴에 치즈, 얼그레이 크림 라떼 시키고 고민했던 아이스크림도 영수증 리뷰 이벤트 참여해서 받았습니다! 연말에 분위기 있는 카페에서 맛있는 디저트 먹기 좋은 것 같아요 추천합니다","커피음료(긍정), 베이커리빵(긍정), 공간편의시설(긍정), 분위기감성(긍정)",110000110000
"처음에는 커피만 계산해서 먹다가 디저트도 시켰는데 디저트도 맛 있어요!","커피음료(긍정), 기타디저트(긍정)",100001000000
"인테리어가 매우 예뻐요 작업하시는 분들도 많이 보이시네요 그래서 맘놓소 수다떨기 조금 눈치보이긴했어요","공간편의시설(긍정), 분위기감성(긍정), 혼잡도_웨이팅(중립)",000000110003
"가방너무예쁘고 키링도 좋아요","대상 없음(기타 굿즈)",000000000000
"카페 분위기 너무 좋고 디저트가 너무너무 이쁘고 맛있어요! 사장님 친절하시고 충전도 할 수 있고 의자도 너무 편해서 쉬고 가기 넘 좋습니다","기타디저트(긍정), 공간편의시설(긍정), 분위기감성(긍정), 서비스(긍정)",000001111000
"팥빙 망빙 거기에 메론 프로슈토 빙수까지?? ... 와 너무 맛있어요!!!! ... 게다가 너무너무 친절하세요 다해먹네요..","빙수과일(긍정), 서비스(긍정)",000010001000
"너무 맛있어서 먹다가 찍네요 성수에서 최고 카페입니다","대상 모호(긍정)",000000000000
"음료제조 공간이 뻥뚫려있고 카운터가 낮은 가구를 활용하여 만들어진 매우 특이한 매장. 좌석은 많이없고 커피는 평타.","커피음료(중립), 공간편의시설(부정), 분위기감성(긍정)",300000210000
"성수동 숨은 디저트 맛집! 모든 메뉴 도전해볼만큼 맛있어요 분위기도 조용하고 넘 좋아요","기타디저트(긍정), 분위기감성(긍정), 혼잡도_웨이팅(긍정)",000001010001
"매일 아침 한잔, 커피 맛있어요","커피음료(긍정)",100000000000
"분위기도 너무 좋은데 커피 맛집에 크로플 맛집입니다 우드톤의 인테리어로 아늑한 느낌이예요 직원분들 친절하시어 기분좋게 있다갑니다)","커피음료(긍정), 기타디저트(긍정), 분위기감성(긍정), 서비스(긍정)",100001011000
"크로플 완전 맛있고 커피 너무 맛있어요 자리도 넓직 넓직하고 분위기 너무 좋아요... 사장님 너무 친절하시고 착하신거같아요","커피음료(긍정), 기타디저트(긍정), 공간편의시설(긍정), 분위기감성(긍정), 서비스(긍정)",100001111000
"티라미수랑 다쿠아즈 꼭 드세요 내부 외부 인테리어모두 너무 예쁜 사진 핫스팟이고... 직원분들이랑 사장님이 매우 친절해요","케이크(긍정), 기타디저트(긍정), 분위기감성(긍정), 서비스(긍정)",001001011000
"늦게 갔더니 많이 옶었는데 빵이 맛있어요","베이커리빵(긍정), 혼잡도_웨이팅(부정)",010000000002
"너무 더웠는데 시원하게 망고빙수 맛있게 먹었습니다! 양도 많았고 친절하시어 너무 좋았어요!","빙수과일(긍정), 서비스(긍정)",000010001000
"부모님이랑 같이 와서 먹었는데 정말 만족스러웠습니다! 분위기도 좋고 음료도 새로운 맛이라서... 직원들도 너무 친절하시어","커피음료(긍정), 분위기감성(긍정), 서비스(긍정)",100000011000
"음식도 맛있고 테라스 자리도 너무 분위기 좋네요. 자주 오고 싶은 곳입니다.","베이커리빵(긍정), 공간편의시설(긍정), 분위기감성(긍정)",010000110000
"채광이 좋고 매장이 넓어서 좋았어요 돼지바 스콘이랑 구욱희씨 라떼 맛있네요!!","커피음료(긍정), 쿠키구움과자(긍정), 공간편의시설(긍정)",100100100000
"야외공간에 개아들과 함께할 수 있어 좋았고! 소문으로만 듣던 베이글 맛집이라 그런지... 주문한 음식이 빨리 나와서 좋았어요!","베이커리빵(긍정), 공간편의시설(긍정), 서비스(긍정)",010000101000
"카페가 넓고 야외좌석에서 햇볕쐬기가 좋아서 요즘 자주 들르는 곳입니다.","공간편의시설(긍정)",000000100000
"섬타르 서울숲은 성수동에서 제주 감성을 느낄 수 있는 곳이라... 디저트와 공간 모두 만족스러웠습니다.","기타디저트(긍정), 공간편의시설(긍정), 분위기감성(긍정)",000001110000
"맛있고 매우 가성비 좋은집을 찾았어요","가격가성비(긍정)",000000000100
"맛있어요! 공짜로 주셔서 한입 먹고 바로 샀습니다!","대상 모호(긍정)",000000000000
"카페 너무 이쁘고 소금빵 완정 맛있어요!!! 대기시간이 조금있을 수 있어요!! 품절된게있어서 아쉬워요","베이커리빵(긍정), 분위기감성(긍정), 혼잡도_웨이팅(중립)",010000010003
"너무 귀여워서 발길이 떼지지 않아 구입해버렸어요 빵이 태어난거라고 표현하신 사장님 귀욥..","베이커리빵(긍정), 서비스(긍정)",010000001000
"디자인이 특별해서 받은 사람이 너무 좋아했습니다. 진주 펄이 기본으로 몇 개 들어가는 줄 알았는데 모두 선택해야 하는 거였네요. 하지만 진주 없어도 충분히 예쁘고 멋있습니다.","케이크(긍정), 서비스(중립), 선물포장(긍정)",001000003010
"바닐라라떼 너무 달아서 조절필요","커피음료(중립)",300000000000
"너무 예쁜 곳이에요 음료도 맛있어용","커피음료(긍정), 분위기감성(긍정)",100000010000
"커피가 없어서 아쉽지만 과일이 신선하고 맛있아요","빙수과일(긍정), 커피음료(부정)",200010000000
"딸기 초코 부쉬 ! ... 어피스앤드피넛 , 복숭아보리, 쪽파 스콘까지 야무지게 먹어치웠어요! ... 케이크도 맛있고 음료도 맛있어서","커피음료(긍정), 케이크(긍정), 쿠키구움과자(긍정)",101100000000
"베이글이 다양하고 쫠깃쫠깃 넘 맛있어요 매장도 넓어서 편하게 앉아있을 수 있어서 좋았어용","베이커리빵(긍정), 공간편의시설(긍정)",010000100000
"우선 매장이 넓어서 쾌적했어요) 깨끗하고 다양한 메뉴들있어서 고르기 좋아요)","공간편의시설(긍정)",000000100000
"초콜렛음료가 맛있고 허니브레드도 맛있었어요!","커피음료(긍정), 베이커리빵(긍정)",110000000000
"카페가 넓고 분위기도 좋아요! 대화하기도 좋고 공부나 과제하러 오기도 좋을 거 같아요... 친절하십니당","공간편의시설(긍정), 분위기감성(긍정), 서비스(긍정)",000000111000
"너무 맛있어요! 부드럽고 에그타르트는 여기만 찾을 것 같아요!","쿠키구움과자(긍정)",000100000000
"유니크한 인테리어의 카페를 우연히 찾았어요! 디저트도 맛있었습니다 곳곳 포토스팟이 신기했어요","기타디저트(긍정), 분위기감성(긍정)",000001010000
"음료도 맛있고 인테리어랑 분위기 진짜 예쁘고 좋은데 사람들이 넘 많아서 사진 찍기는 힘들어요","커피음료(긍정), 분위기감성(긍정), 혼잡도_웨이팅(부정)",100000010002
"커피 진짜 맛있어요 두바이아이슈페너도 맛있구 스윗산타라떼는 적당히 맛있게 달아서 더 좋았습니다","커피음료(긍정)",100000000000
"성수동 빵집느낌일거라 생각했는데 동네 오랜된 빵집이더라구요. 소금빵은 제겐 다른곳보다 딱딱하고 아쉬웠어요","베이커리빵(부정), 분위기감성(중립)",020000030000
"여기 베이글짱맛입니다..모두들 베이글랜드하세요 특흐 체다치즈할라피뇨..개굳","베이커리빵(긍정)",010000000000
"분위기 좋지만 사람 너무 많음..","분위기감성(긍정), 혼잡도_웨이팅(부정)",000000010002
"슈크림빵 맛있어요 또 사먹을께요","베이커리빵(긍정)",010000000000
"맛있어서 1시간 걸려서 일부러 찾아와요 짱임","대상 모호(긍정)",000000000000
"체리쥬빌레 너무 맛있고 커피도 맛나요 또 방문할게요!","커피음료(긍정), 케이크(긍정)",101000000000
"커피도 맛나고 분위기 좋아요","커피음료(긍정), 분위기감성(긍정)",100000010000
"날이 너무 더워서 근처에 빙수 팔길래 들어왔는데 너무 시원하고 빙수도 너무 맛있었어요","빙수과일(긍정), 공간편의시설(긍정)",000010100000
"미술에 관심이 없는 저도 너무너무 재밌게 했어용!","분위기감성(긍정)",000000010000
"아인슈페너도 기본적으로 너무 맛있고 인테리어가 너무 예뻐요... 수박주스 강추 모든 메뉴 추천드려요...","커피음료(긍정), 기타디저트(긍정), 분위기감성(긍정), 서비스(긍정)",100001011000
"해례커피 정말 맛있네요. 커피 맛도 좋고... 가게가 넓어서 좋아요!!","커피음료(긍정), 공간편의시설(긍정)",100000100000
"왠만한 백화점꺼보다 맛있습니다. 그리고 타르트가 다른곳보다 커요.","기타디저트(긍정), 가격가성비(긍정)",000001000100
"언니랑동생이랑놀러와서 맛있는커피한잔 좋은추억만들고갑니다","커피음료(긍정)",100000000000
"분위기 너무 좋고 아이스크림도 너무 맛있어용!!","기타디저트(긍정), 분위기감성(긍정)",000001010000
"두번째 방문이에요 정말 재미있어요!!","대상 모호(긍정)",000000000000
"망고빙수가 유명한 것 같았지만, 티라미수랑 얼그레이밀크티, 아메리카노를 시켜봤어요! 티라미수 넘넘 맛있었고, 인테리어가 멋있었어요!","커피음료(긍정), 케이크(긍정), 분위기감성(긍정)",101000010000
"인테리어도 예쁘고 커피맛이 진짜 좋아요 소금방도 인기 있는지 오전인데도 많이 사가셔서 저도 구매해봤어요","커피음료(긍정), 베이커리빵(긍정), 분위기감성(긍정)",110000010000
"공간이 넘 근사하고 좋아요 예약후 이용하시는거 추천드려요!!! 웨이팅이 있더라구요","공간편의시설(긍정), 혼잡도_웨이팅(부정)",000000100002
"뷰가 너무 좋고 빵이 너무 예쁘고 가게가 맛있어요 최고쵝오","베이커리빵(긍정), 분위기감성(긍정)",010000010000
"공간도 넓고 의자도 편해서 좋았어요 ) 빵도 맛있고 괜찮습니다","베이커리빵(긍정), 공간편의시설(긍정)",010000100000
"청포도맛 나는 시원한 아이스크림이에요! 밑에는 투명한 펄(?) 같은게 들어있어서 식감을 더해줘서 좋았어요.","기타디저트(긍정)",000001000000
"매장 넓고 공간 다양해요. ... 유자파운드 맛있고 크렘 마리아주는 적당하네요.","커피음료(중립), 쿠키구움과자(긍정), 공간편의시설(긍정), 혼잡도_웨이팅(부정)",300100100002
"맛있어요!! 타르트가 넘넘예뻐요","기타디저트(긍정), 분위기감성(긍정)",000001010000
"초코푸딩도 맛있고 특히나 오트라떼가 고소해서 맛있어요!","커피음료(긍정), 기타디저트(긍정), 분위기감성(긍정)",100001010000
"바브카 맛 괜찮네요 디카페인 아메리카노는 비추합니다","커피음료(부정), 베이커리빵(긍정)",210000000000
"오늘도 너무 멋진 공간이네요) 커피도 맛있구요","커피음료(긍정), 분위기감성(긍정)",100000010000
"마망젤라또 줄 서있어서 들어왔어요 피스타치오 맛 시켰는데 정말 맛있어요!!","기타디저트(긍정), 혼잡도_웨이팅(부정)",000001000002
"색다른 체험이었어요! 데이트 코스로 추천합니다... 평일 방문 추천드려요!","분위기감성(긍정), 혼잡도_웨이팅(중립)",000000010003
"맛도 좋고 친절하고 분위기도 끝내줍니당","분위기감성(긍정), 서비스(긍정)",000000011000
"공간도 되게 아늑하고 따뜻한 분위기라서 대화하기도 좋고... 남친이 여기 스콘 넘 맛있다면 다음에 또 오자 햇던 곳","쿠키구움과자(긍정), 공간편의시설(긍정), 분위기감성(긍정)",000100110000
"진짜 분위기 너무 이뻐요 또 올게요","분위기감성(긍정)",000000010000
"빙수가 진짜 찐이에요!! 우유얼음에 팥이 엄청 올라가 있고 송편도 이쁘고 너무 맛있어요!!","빙수과일(긍정), 기타디저트(긍정)",000011000000
"이쁜 타르트와 유정란으로 만든 에그타르트와 에그커피 너무 맛있어요. 카페 분위기도 좋고 타르트는 맛도 좋아서 선물용으로도 좋아요","커피음료(긍정), 쿠키구움과자(긍정), 기타디저트(긍정), 분위기감성(긍정), 선물포장(긍정)",100101010010
"수플레가 먹고싶긴했지만 혼자 먹기에 양이 많을까봐 크림치즈말차만 먹었어요...","커피음료(긍정)",100000000000
"바게트 종류가 정말 클래식하고 맛있어요. ... 개인적으로는 잠봉뵈르가 가격대비 만족도 제일 높네요.","베이커리빵(긍정), 가격가성비(긍정)",010000000100
"재방문 또 먹을 것 같아요 자꾸 생각나는 잠봉뵈르","베이커리빵(긍정)",010000000000
"제주 유정란 타르트와 블루베리타르트 왕큰소금빵 가격도 착하고 커피도 맛있었어요","커피음료(긍정), 베이커리빵(긍정), 쿠키구움과자(긍정), 기타디저트(긍정), 가격가성비(긍정)",110101000100
"망고 냉동으로 바뀌었다는데 그래도 너무 맛있었어요! 양도 많고 최곱니당","빙수과일(긍정)",000010000000
"눈오는 날 오니 뷰가 장난 아니네요 커피도 괜찮아요","커피음료(긍정), 분위기감성(긍정)",100000010000
"2번째 방문이에요 디저트 정말 맛있고 머메이드 에디션 정말정말 이뻐용","대상 모호(긍정), 분위기감성(긍정)",000000010000
"디저트도 다양하게 많고, 커피랑 음료 맛도 괜찮아요. 아쉬운건 디저트류가 오픈되어있어서 위생도 그렇지만.. 크림이나 빵이 말라서 막 땡기지 않아서 아쉬네요.","커피음료(긍정), 베이커리빵(부정), 기타디저트(부정), 서비스(부정)",120002002000
"민트초코덕후들은 꼭 가봐야하는 카페 입니다. ... 달달하고 초코도 찐하고 민트초코라떼 맛있어요!","커피음료(긍정), 분위기감성(긍정)",100000010000
"소금빵붕어빵 소붕빵!! 겁나맛있습니다!","베이커리빵(긍정)",010000000000
"인테리어가 깔끔하고 집중해서 노트북 하기 좋은 곳!!!! 마카다미아 크림 라떼는 고소하고 달콤해서 추천합니다!!","커피음료(긍정), 공간편의시설(긍정), 분위기감성(긍정)",100000110000
"여기 흑임자오레오아이스크림은 제 인생아이스크림입니당 흑임자 쫀맛탱","기타디저트(긍정)",000001000000
"소금 붕어빵 너무 맛있어요 !!","베이커리빵(긍정)",010000000000
"다양한 베이글이 있어서 좋아요 매장도 깔끔해요!!","베이커리빵(긍정), 공간편의시설(긍정)",010000100000
"직원분이 나오셔서 포장줄, 좌석줄 안내해주시고 빵특징까지 간략하게 설명해줘서 좋았습니다. 빵이 탄탄촘촘(?)하고 쫄깃 부드러운 식감이었어요.","베이커리빵(긍정), 서비스(긍정)",010000001000
"모수 출신 쉐프가 운영하는... 소시지 번이 유명해서 식사 대용으로 좋다. ... 커피, 맥주도 판매해서 같이 먹기 좋을 듯 하다.","커피음료(긍정), 베이커리빵(긍정)",110000000000
"직원분들이 친절하게 추천도 해주셔서... 카라멜마키아토 달콤하니 기분 전환으로 딱이고 맛있어요","커피음료(긍정), 서비스(긍정)",100000001000
"카운터에서 오래 기다렸어요... 그 시간 안에 그림을 끝내는 게 거의 불가능하다는 점... 암튼 가성비는 그닥","서비스(부정), 가격가성비(부정), 혼잡도_웨이팅(부정)",000000002202
"커피가 진짜 맛있어용 라떼가 넘 꼬숩고 맛나니깐 꼭 드셔보세용,,,","커피음료(긍정), 분위기감성(긍정)",100000010000
"분위기 넘 좋네요 커피는 말해모해 또 방문하고파요 !","커피음료(긍정), 분위기감성(긍정)",100000010000
"드립커피를 마셨는데 너무 맛있었어요!","커피음료(긍정)",100000000000
"네모네모한 컨셉이 귀여워서 찾아왔는데 케이크도 맛있어서 더더 맘에 들었어요!","케이크(긍정), 분위기감성(긍정)",001000010000
"빙수집이 많은데 가성비도 좋고 맛도 좋아요. 친절하시구요","빙수과일(긍정), 서비스(긍정), 가격가성비(긍정)",000010001100
"청양애플브리바게트 맛있는데 포만감이 덜해요!","베이커리빵(긍정), 가격가성비(중립)",010000000300
"가게가 정말 넓어서 편하게 대화할 수 있습니다! 음료 종류도 많고, 디저트도 다양해요! 귀여운 곰돌이 모양 마들렌도 있습니다","커피음료(긍정), 쿠키구움과자(긍정), 공간편의시설(긍정)",100100100000
"신선한 과일을 사용했어요. 근데 케이크는 5시에 다 품절했어요","케이크(부정), 빙수과일(긍정)",002010000000
"이렇게 맛없는 크로와상은 정말 처음이예요 속은 덜 익고 암튼 최악이네요","베이커리빵(부정)",020000000000
"도너츠 종류도 많고 기대한만큼 맛있어요!","기타디저트(긍정)",000001000000
"오늘 커피도 맛있었어요 항상 편안한 곳이어서 좋아요","커피음료(긍정), 분위기감성(긍정)",100000010000
"커피가 너무너무 맛있고 고양이가 귀여워요!!!","커피음료(긍정), 분위기감성(긍정)",100000010000
"너무 매장이 이쁘고 맛있어요","분위기감성(긍정)",000000010000
"직원분들이 매우 친절하시고 카페도 깔끔하고 좋습니다! 추천!!","공간편의시설(긍정), 서비스(긍정)",000000101000
"디저트 종류도 다양하고 이쁜데 맛도 미쳤어요.. 없어지는게 아쉬울 정도에요 딸기라떼 역대급으로 맛있습니다","커피음료(긍정), 기타디저트(긍정), 공간편의시설(긍정)",100001100000
"분위기가 너무 좋고 커피도 맛있고 케이크는 대박입니다","커피음료(긍정), 케이크(긍정), 분위기감성(긍정)",101000010000
"이만큼 촉촉한 치아바타 찾기가 어려워요!! 진짜 너무 맛있구 여기 앙버터도 많이 유명하니까 앙버터도 꼭 드셔보세요","베이커리빵(긍정)",010000000000
"분위기도 너무 좋고 직원분들이 너무 친절해서 좋았어용","분위기감성(긍정), 서비스(긍정)",000000011000
"빵이 맛있어서 자주 갑니다.","베이커리빵(긍정)",010000000000
"분위기만큼 음식도 진짜 맛이써요... 커피는 꼭 시켜드세요!! 다른 카페랑 비교가 안되게 맛이써요","커피음료(긍정), 베이커리빵(긍정), 분위기감성(긍정)",110000010000
"버터바는 시키지 마세요.. 너무 딱딱하고 건조해요 어디서 떼오시는 거 같은데 진짜 좀 별로..","쿠키구움과자(부정), 가격가성비(부정)",000200000200
"초코 70가 단거 안좋아하는사람도 괜찮은듯!","커피음료(긍정)",100000000000
"카페디자인은 좋은데 넘 시끄러요","분위기감성(긍정), 혼잡도_웨이팅(부정)",000000010002
"아직 안먹어봤지만 너무너무 기대돼요 !! 고소할거 같습니다아아아","대상 모호(없음)",000000000000
"점말예쁜 카페에요 꼭 와보도록 하세요","분위기감성(긍정)",000000010000
"메뉴도 너무 재밌고 뷰도 좋아서 완전 만족하구 가요!!!","기타디저트(긍정), 분위기감성(긍정)",000001010000
"수플레 팬케이크 처음 먹어봤는데 너무 부드러워요 샐러드도 싱싱하고 맛있어요","베이커리빵(긍정), 기타디저트(긍정)",010001000000
"수플레가 진짜 맛있네요. 과일도 신선하고 아메리카노도 고소하고 맛있어요.","커피음료(긍정), 기타디저트(긍정)",100001000000
"청포도에이드 맛있어요!! 지나가다 가게가 예뻐서 들었는데 분위기도 좋고 만족스러웠습니당!!","커피음료(긍정), 분위기감성(긍정)",100000010000
"스토어 왔는데 시원하고 새로워요","공간편의시설(긍정)",000000100000
"리치 식빵 주문했고 여전히 맛있었어요.","베이커리빵(긍정)",010000000000
"평일 12시30분쯤에 가서 조금 줄섰어요 품절이 많았어요 내부는 좁아서 테이블이 많지가 않았어요 젤라또는 맛이 있었어요","기타디저트(긍정), 공간편의시설(부정), 혼잡도_웨이팅(부정)",000001200002
"디저트 특색있고 귀여워요 3만원이상 구매하면 카와이 리유저블백 공짜입니당 !","기타디저트(긍정), 가격가성비(긍정)",000001000100
"나만.가고.싶어요. 나만. 알고. 싶어요.","대상 모호(긍정)",000000000000
"점심시간이 겹쳐서 그런가... 1층에 주문하는사람, 메뉴기다리는 사람 복잡했어요... 바닐라라떼 맛있게 마시고 갑니당","커피음료(긍정), 혼잡도_웨이팅(부정)",100000000002
"베이글 미니미니한 아가들로 종류 엄청 다양하고 가격도 부담스럽지 않아요! ... 반려견 동반시 야외좌석 이용 가능해요!","베이커리빵(긍정), 공간편의시설(긍정), 가격가성비(긍정)",010000100100
"아메리카노랑 밤티라미수 케이크 먹었는데 디저트 맛있어요! 양도 많아서 배부르네요 커피맛은 좀 아쉬워요","커피음료(부정), 케이크(긍정)",201000000000
"매장이 넓고 깔끔하고 시원해요! 사진이 잘나오고 커피도 엄청 맛있어요!","커피음료(긍정), 공간편의시설(긍정), 분위기감성(긍정)",100000110000
"인테리어가 정말 예쁘고 시그니처는 태블릿으로 보고 고를 수 있어서 좋아요.","분위기감성(긍정), 서비스(긍정)",000000011000
"케이크가 너무 귀엽고 분위기도 좋아요! 레드벨벳케이크 넘 기요움","케이크(긍정), 분위기감성(긍정)",001000010000
"왕귀여운 카비바라 입양하러 왔습당","대상 모호(긍정)",000000000000
"케이크 디자인색감맛 모두 완벽했어요","케이크(긍정)",001000000000
"100 땅콩버터 !! 두눈으로 직접 보고 담아서 믿고 먹을 수 있어요... 당장 뛰어가세용","베이커리빵(긍정), 서비스(긍정)",010000001000
"성수동에 오면 들리는 카페입니다.","대상 모호(긍정)",000000000000
"사람은 많았지만 날씨 좋을때오면 더 좋을거같아요 맛있었습니당","혼잡도_웨이팅(부정)",000000000002
"자리도 편하고 야외도 잇어서 좋아요 커피랑 디저트도 굿입니당","커피음료(긍정), 기타디저트(긍정), 공간편의시설(긍정)",100001100000
"인테리어도 좋고 파랑파랑하니 예뻐요 커피 맛도 좋고 늦은 시간까지 영업해서 좋아요!","커피음료(긍정), 공간편의시설(긍정), 분위기감성(긍정)",100000110000
"다양한 과일 베이스 음료들이 있어서 산뜻하게 보낼 수 있었어요! ... 노트북 하기 좋은 적당한 테이블도 있어서...","커피음료(긍정), 공간편의시설(긍정), 분위기감성(긍정)",100000110000
"메뉴판이 와인 고르기도 쉽게 돼있어서 편하고 분위기도 좋아용 아이스크림 너무 맛있어서 와인보다 더 먹게 돼요!!","커피음료(긍정), 기타디저트(긍정), 분위기감성(긍정), 서비스(긍정)",100001011000
"매장인데 일회용컵에 주셔서 나가기는 좋았네여 직원분들이 약간 무뚝뚝해서 불편했어용 하지만 디저트는 맛있었습니당","기타디저트(긍정), 서비스(부정)",000001002000
"아몬드랑 피넛 100여서 너무 고소하고 앞에서 즉석으로 만들어줘서 신선할거같애요!","베이커리빵(긍정), 서비스(긍정)",010000001000
"시그니처 음료도 많고 에어컨 빵빵하구 사람 많지 않아서 좋았어요!","커피음료(긍정), 공간편의시설(긍정), 혼잡도_웨이팅(긍정)",100000100001
"아이스크림들이 독특하고 와인 셀렉션이 다양해요. ... 이제 자주 올것같아요 근데 저녁에는 웨이팅이 꽤 있으니까","커피음료(긍정), 기타디저트(긍정), 가격가성비(긍정), 혼잡도_웨이팅(부정)",100001000102
"지나가다 우연히 들린곳 ! 맛있는지 베이글 많이 없던데 그중에서도 있는것도 맛나요","베이커리빵(긍정), 혼잡도_웨이팅(부정)",010000000002
"소금빵 엄청 맛있어요 직원분들도 엄청 친절합니다!","베이커리빵(긍정), 서비스(긍정)",010000001000
"낮엔 커피, 저녁엔 펍으로 분위기 완전 좋아요 러브데이에이드가 유명해서 주문했는데 넘 이뻐요","커피음료(긍정), 분위기감성(긍정)",100000010000
"초코케이크 헤이즐넛향나서 넘 맛있어용 과하지않고 크기도 딱 적당한거같아요","케이크(긍정)",001000000000
"부모님 생신이셔서 갔는데 너무 맛있다고 좋아하셨어요. 크림도 일반 빵집 케이크랑 정말 다르고 너무 부드럽네요","케이크(긍정)",001000000000
"친구와 함께 방문했어요!! 컨셉 너무 독특하고좋아요","분위기감성(긍정)",000000010000
"스프레드 종류가 진짜 다양해서 좋아요!! 다 너무 맛있는데 솔티드 카라멜이 달달한게 담백한 식빵하고 잘어울려서 제일 맛있어요... 웨이팅은 좀 있긴해요","베이커리빵(긍정), 혼잡도_웨이팅(부정)",010000000002
"빵실빵실 수플레는 40분 걸려서 먹었지만 맛있었다..효횰 커피도 그렇구 맛있었댬","커피음료(긍정), 기타디저트(긍정), 서비스(부정)",100001002000
"버터솔트 너무 맛있었어요! 쫀득하고!","베이커리빵(긍정)",010000000000
"비싼데 맛있어요!!! 물론 베리베리랑 커피스무디밖에 안먹어봣지만 ,,,,","커피음료(긍정), 가격가성비(부정)",100000000200
"편흔 분위기로 음료도 맛있고 좋아여","커피음료(긍정), 분위기감성(긍정)",100000010000
"아몬드 버터와 땅콩버터 시식도 해볼수있고 다양한 독특한 디저트들도 있고 가게도 넓고 분위기도 좋네요","베이커리빵(긍정), 공간편의시설(긍정), 분위기감성(긍정)",010000110000
"소문대로 망고 빙수 크기도 어마어마 하고 진짜 너무 맛있네요!!! 망고 진짜 원없이 먹었어요!!! 여사장님도 너무 친절하시고!!","빙수과일(긍정), 서비스(긍정)",000010001000
"티라미수랑 시그니처커피 시켰는데 둘다 맛있어서 잘 골랐다는 생각이 들었답니다 직원분들도 왕 친절하시고","커피음료(긍정), 케이크(긍정), 서비스(긍정)",101000001000
"맛있아요 에그타르트하면 바로 생각나는 곳!!","쿠키구움과자(긍정)",000100000000
"빵 종류도 엄청 많고 자리도 많아서 짱이에요!! 커피랑 빵도 맛있고... 넓찍한 카페는 사람많은 성수에 한줄기의 빛..","커피음료(긍정), 베이커리빵(긍정), 공간편의시설(긍정)",110000100000
"제가 살면서 먹은 피넛버터 중에 제일 맛있어요!!! 재구매 하러 왔습니다","베이커리빵(긍정)",010000000000
"수플레 맛있어요. 매장은 좀 시끄러워요.","기타디저트(긍정), 혼잡도_웨이팅(부정)",000001000002
"베이글 샌드위치가 너무 맛있고 소금베이글도 넘넘 맛있어요","베이커리빵(긍정)",010000000000
"디저트와 음료가 아주 맛있어요 빙수도 진짜 맛나요","커피음료(긍정), 빙수과일(긍정), 기타디저트(긍정)",100011000000
"테라스에 앉으면 숲 입구가 보여요. 빙수는 가격대비 조금 작은편이지만 토핑이 맛있는 무화과였어요..!","빙수과일(긍정), 공간편의시설(긍정), 분위기감성(긍정), 가격가성비(부정)",000010110200
"지나가다 카페 외관이 너무 이뻐서 무작정 들어갔는데 웨이팅도 없고 실내가 이쁘네요 커피도 맛있고 빵도 맛있어용!!!!!!","커피음료(긍정), 베이커리빵(긍정), 공간편의시설(긍정), 분위기감성(긍정), 혼잡도_웨이팅(긍정)",110000110001
"유명해서 와봤는데 맛있어요!","대상 모호(긍정)",000000000000
"빵이 전반적으로 사진보다 작네요 아기자기,,","베이커리빵(중립), 가격가성비(부정)",030000000200
"혼자 앉아서 아메리카노에 꽈배기 주문시켜서 편하게 쉬다가 갑니다! 꽈배기 너무 맛잇어여","커피음료(긍정), 기타디저트(긍정), 공간편의시설(긍정)",100001100000
"처음 왔는데 음료도 맛있고 케이크도 맛있어요","커피음료(긍정), 케이크(긍정)",101000000000
"에그타르트 감별사인데 너무 맛있습니다!! 성수 오시면 추천드립니다!!","쿠키구움과자(긍정)",000100000000
"맛있어요!!! 클래식에 시나몬가루 뿌리면 별미입니다!","쿠키구움과자(긍정)",000100000000
"먹어본 젤라또 중에 제일 쫀쫀하고 감칠맛 나요 진짜 요즘 같은 날씨에 무조건 !!!! 사장님이 너무 친절하고","기타디저트(긍정), 서비스(긍정)",000001001000
"케이크는 다 나가서 못먹어봤어요... 대신에 라임 마들렌 시켜봤는데 맛있네요! 자몽 에이드랑 커피도 괜찮아용","커피음료(긍정), 쿠키구움과자(긍정), 혼잡도_웨이팅(부정)",100100000002
"지나치게 붐비지 않아서 분위기를 즐기기가 좋아요 다른 카페보다 독특한 메뉴가 많아서 참신했어요","분위기감성(긍정), 혼잡도_웨이팅(긍정)",000000010001
"휘낭시에 보니까 마음두 따뜻해져요! ... 친절하신 쌤과 쉽고 재밌게 베이킹 체험하구 가요","쿠키구움과자(긍정), 서비스(긍정)",000100001000
"커피 맛있어요 다만 손님이 오면 빨리 좀 카운터로 와서 주문을 받았으면 좋겠어요... 서있다가 카운터로 오는걸 기다렸네요...","커피음료(긍정), 서비스(부정)",100000002000
"노렸던 베이글이 아쉬워서 조금 아쉬웠습니다.","베이커리빵(부정)",020000000000
"잠봉뵈르 맛있음 단 개인적으로는 버터가 좀 덜들어가고 햄이 좀 더 있었으면 좋겠음","베이커리빵(중립)",030000000000
"빵맛집이에요 커피도 맛있다능..","커피음료(긍정), 베이커리빵(긍정)",110000000000
"인테리어 너무 예뿌공 커피도 맛있오요... 리뷰 적으시면 한입 쏙쏙 디저트도 드실 수 있습니다!","커피음료(긍정), 기타디저트(긍정), 분위기감성(긍정)",100001010000
"사장님도 진짜 친절하시고, 디저트류가 정말 맛있었어요! ... 제 최고는 빅토리아케이크였습니다. ... 예약석이라고 따로 빼주신거 너무 감동이었어요","케이크(긍정), 서비스(긍정)",001000001000
"합리적인 가격대에 커피 퀄리티가 좋아서 매우 만족했습니다... 티라미수는 숙성이 덜된건지... 마스카포네 질감이 썩 맘에들지않아서 아쉬웠습니다","커피음료(긍정), 케이크(부정), 가격가성비(긍정)",102000000100
"진짜 애정하는 곳이예요꼭 한번 들려보세요! 가성비 퀄리티 최고요","가격가성비(긍정)",000000000100
"특히 마들렌이 은은한 버터향에 촉촉한 식감이 정말 좋았어요. 선물용 포장도 예쁘게 잘 되어 있어서","쿠키구움과자(긍정), 선물포장(긍정)",000100000010
"분위기도 너무 좋고 친절하시고 무엇보다 음료와 커피가 너무 맛있습니다!","커피음료(긍정), 분위기감성(긍정), 서비스(긍정)",100000011000
"넓직한 자리 배치와 매력적인 공간 구성이 좋았습니다. ... 젤라또와 무화과는 딱 좋은 선택이었네요.","기타디저트(긍정), 공간편의시설(긍정), 분위기감성(긍정)",000001110000
"음식도 금방 나오고 각각의 메뉴가 각자의 맛과 특색이 있어서... 연어스테이크플레터가 제일 맛있던거 같아요!","베이커리빵(긍정), 서비스(긍정)",010000001000
"피버바 스무디 고소하고 짱맛입니댱,, 여기오면 꼭꼭 드세요 카페도 아늑하고 좋아용","커피음료(긍정), 분위기감성(긍정)",100000010000
"성수동 핫플 모찌 맛집... 매장도 예쁘고, 직원분들도 친절하시고, 포장지도 예뻐... 모찌가 꽤나 물렁해졌고, 생딸기의 팥앙금 맛이 낯설어 아쉬웠어요. 떡이 조금 두꺼워","기타디저트(부정), 분위기감성(긍정), 서비스(긍정), 선물포장(긍정)",000002011010
"원두 고소하고 맛있어요 주말이라 사람 많아서 자리 맡기 힘들었지만 커피맛있어서 좋습니다!","커피음료(긍정), 혼잡도_웨이팅(부정)",100000000002
"아이스크림도 맛있고 키링도 받을 수 있다는게 너무 좋아요 !!!!","기타디저트(긍정)",000001000000
"공간이 넓찍해서 좋아요 소파도 너무 편안해서 지인과 이야기할때 오기 너무 좋았어요","공간편의시설(긍정), 분위기감성(긍정)",000000110000
"꽈배기 도대체 안먹고 못먹을 비주얼.. 넌커피 음료수도 넘 맛나요","커피음료(긍정), 기타디저트(긍정)",100001000000
"항상 커피도 맛있고 친절해서 자주 방문하고 싶은 곳이에요! 할로윈 기념으로 젤리도 제공해주시고","커피음료(긍정), 서비스(긍정)",100000001000
"매장도 시원하고 데이트하기 좋네요 케잌들도 이쁘구 마음에 드는 카페에요 )","케이크(긍정), 공간편의시설(긍정), 분위기감성(긍정)",001000110000
"순간이 지나갈 정도로 집중이 잘되는 공간이었고, 색다른 재미를 즐길수 있어서 아주 좋았습니다","공간편의시설(긍정), 분위기감성(긍정)",000000110000
"버터 소금 베이글 진짜 맛있네요 스프레드 없이도 너무 맛있어요","베이커리빵(긍정)",010000000000
"다른 곳에서 볼수 없는 신기한 베이글사구 가요!! 공간이 널찍해서 베이글 구경하고 식사하고 가기 좋아요","베이커리빵(긍정), 공간편의시설(긍정)",010000100000
"사무실 근처라 자주가는데 커피 맛있어요","커피음료(긍정)",100000000000
"아샷추 최고 친절하신 사장님 최고","커피음료(긍정), 서비스(긍정)",100000001000
"빵도 부드럽고 맛있어요! 한번 들려서 먹어볼만한 맛!!","베이커리빵(긍정)",010000000000
"분위기 좋고 케이크랑 음료도 너무 맛있습니당","커피음료(긍정), 케이크(긍정), 분위기감성(긍정)",101000010000
"뷰가 너무 좋아요! 서울숲 정말 잘 보이고 얼그레이티도 맛있어요!","커피음료(긍정), 분위기감성(긍정)",100000010000
"원두를 고를 수 있는데 사장님께서 친절히 설명해 주셔서... 날 풀리면 테라스에 앉아 즐겨도 좋을 것 같아요","커피음료(긍정), 분위기감성(긍정), 서비스(긍정)",100000011000
"소금빵 맛나요. 하지만 무조건 4개 한세트 판매는 아쉬워요. 가격대비 크기도 좀 작고","베이커리빵(긍정), 가격가성비(부정)",010000000200
"처음먹어봤는데!! 맛있어용!!!!! 시원하구 달달하네용!","대상 모호(긍정)",000000000000
"사장님도 친절하시고 음식도 양도 많고 맛있었습니다 전에도 왔었는데 이제야 첫리뷰 쓰네여 강추","서비스(긍정), 가격가성비(긍정)",000000001100
"망고빙수 완전 맛있어요 진짜!!!","빙수과일(긍정)",000010000000
"빵이 맛있어서 줄서서 구입해요","베이커리빵(긍정), 혼잡도_웨이팅(부정)",010000000002
"매장이 넓고 분위기 좋아요.","공간편의시설(긍정), 분위기감성(긍정)",000000110000
"오로라 케익 샀어요 케이크가 너무 이쁘네요 매장 직원분들도 친절해요 여기서 초도 준비해줘용","케이크(긍정), 서비스(긍정), 선물포장(긍정)",001000001010
"분위기가 아기자기 하고, 가운데 난로가 있어서 따듯하고 좋아요! ... 밀크티 너무 맛있게 먹었습니다!","커피음료(긍정), 분위기감성(긍정)",100000010000
"소금빵은 퍽퍽하고 수분이 다 빠진 느낌이었는데 시그니처인 크로와상은 진짜 맛있네요! 근데 포장에 대한 환경부담금이 타카페에 비해서 너무 비싸요.","베이커리빵(중립), 가격가성비(부정), 선물포장(부정)",030000000220
"분위기 맛집 성수 핫플입니다. 데이트 코스 카페 걱정이시다면 추천 할게여..!!!!","분위기감성(긍정)",000000010000
"음료는 진짜 맛있는데 매장에서 먹을공간은 부족하고 테라스는 여름에는 최악이라서 테이크아웃 용으로 좋습니다","커피음료(긍정), 공간편의시설(부정)",100000200000
"매장도 깨끗하고 빵이 정말 맛있습니다. 그리고 커피도 정말 맛있었어요 또 올 예정입니다!!","커피음료(긍정), 베이커리빵(긍정), 공간편의시설(긍정)",110000100000
"젤라또 여기 진짜 맛집입니다 사장님 감사합니다 초코 최고","기타디저트(긍정), 서비스(긍정)",000001001000
"피넛버터 좋아하시면 좋아하실 것 같아요... 매장도 깔끔하고 분위기도 좋았어요 키오스크 주문 할 때 옆에 있는 진동벨 번호를 보고 적어야 해요.","베이커리빵(긍정), 공간편의시설(긍정), 분위기감성(긍정), 서비스(중립)",010000113000
"잠봉뵈르 맛집이지만이라 방문했지만 깜빠뉴종류 모두 우월한맛이에요!!!","베이커리빵(긍정)",010000000000
"위스키가 감미된 아이스크림이에요 아포카토처럼 섞어놓은거 아님! 신기해요","기타디저트(긍정)",000001000000
"맛있었습니다분위기도 좋아서 모임하기 좋을것 같아요!","분위기감성(긍정)",000000010000
"커피도 맛있지만 생화를 배치하는 센스에 박수","커피음료(긍정), 분위기감성(긍정)",100000010000
"맛있고 친절하세요 인테리어도 예뻐요","분위기감성(긍정), 서비스(긍정)",000000011000
"달달한 벨지안 초코우유 마시면서 허니브레드 한 입 먹어주니 그야말로 마음이 포근하게 위로가 되더라구요. ... 카페 내부 인테리어도 정말 포근하고 편안한 좌석이 많아서","커피음료(긍정), 베이커리빵(긍정), 공간편의시설(긍정), 분위기감성(긍정)",110000110000
"베이글 종류가 다양하고 맛있어요! ... 다음엔 다른 종류 먹어보고 싶어요)","베이커리빵(긍정)",010000000000
"아기자기 인테리어가 너무 예뻐요 복숭아빙수 맛있을거 같아요 앞으로 자주 올듯","빙수과일(긍정), 분위기감성(긍정)",000010010000
"짱빨리 나오는데 퀄리티도 좋아요!! 속도 존경합니다.","서비스(긍정)",000000001000
"갸또인데 꾸덕하지 않고 파운드케이크같아서 아쉬웠어요","케이크(부정)",002000000000
"잠봉뵈르 맛있었어요! 호밀무화과는 한번쯤은 드셔보세요!","베이커리빵(긍정)",010000000000
"빙수도 맛있고 포토존도예뻐요 직원분들도 친절하고.... 메론빙수 존맛!!!!","빙수과일(긍정), 분위기감성(긍정), 서비스(긍정)",000010011000
"기본에 충실한 빵같아요 맛있음","베이커리빵(긍정)",010000000000
"요즘은 평일에 가면 조금(1020분)만 기다려도 됩니다. 드립커피가 가장 유명해요! ... 성수동 핫플 추천합니다","커피음료(긍정), 혼잡도_웨이팅(중립)",100000000003
"사장님이 미쳤어요. 너무 맛있습니다. 진짜 이렇게 맛있는 빵 우리나라에서 처음 먹어 봅니다.","베이커리빵(긍정), 서비스(긍정)",010000001000
"가격대는 있지만 라떼맛있네요.. 디저트는 별루...","커피음료(긍정), 기타디저트(부정), 가격가성비(부정)",100002000200
"너무 맛있고 분위기가 좋아요","분위기감성(긍정)",000000010000
"인스타에서 여친이 보구 가고싶다구 졸라러 왔는데 분위리 지리네여... 커피들도 이색적이여서 맘에들어요","커피음료(긍정), 분위기감성(긍정)",100000010000
"저번에 왔다가 맛있어서 또 왔는데 여전히 맛있어요","대상 모호(긍정)",000000000000
"다양하고 새로운 맛을 경험할수있어서 좋았어요. 쑥 젤라또가 강력해서 먀니아층이 있을듯","기타디저트(긍정)",000001000000
"커피도 라떼도 만족했습니다 주택 개조라 3층을 독차지했네요","커피음료(긍정), 공간편의시설(긍정)",100000100000
"잼 종류가 다양해서 너무 좋았어요!","베이커리빵(긍정)",010000000000
"크리스마스 분위기 나게 너무 예쁘게 꾸며져 있어요 꽈배기도 크고 맛있어요","기타디저트(긍정), 분위기감성(긍정)",000001010000
"제가 여길 지금까지 왜 안왔는지 모르겠네요 진짜 단골디저트집 등록 각","기타디저트(긍정)",000001000000
"와.진짜 흑임자 미쳤어요 도른맛 핵맛있어요 진짜 사랑에 빠진것같아요 ... 특히나 라떼랑 크로플은 꼭먹기,,","커피음료(긍정), 기타디저트(긍정)",100001000000
"가게 예쁘고 도넛도 맛있어요","기타디저트(긍정), 분위기감성(긍정)",000001010000
"키링이 너무 귀엽고 특이한 아이스크림이 있어서 추억으로 좋아요!!","기타디저트(긍정)",000001000000
"직원 분들도 다 친절하시고 커피도 좋아요. ... 자리가 없는 듯 하면서도... 510분 정도면 꼭 자리가 생기긴 하니","커피음료(긍정), 서비스(긍정), 혼잡도_웨이팅(중립)",100000001003
"지나치게 달지 않은 도넛이라 넘 좋았어요!! 피스타치오 맛나요","기타디저트(긍정)",000001000000
"성수동 카페거리에 있고 넓고 빈티지한 인테리어가 인상깊고 루프탑도 있어 시원한 뷰도 좋네요.","공간편의시설(긍정), 분위기감성(긍정)",000000110000
"귀여운 강아지가 있는 메이플탑!!! 음식도 괜찮았어요!!","대상 모호(긍정), 분위기감성(긍정)",000000010000
"수플레케이크 좋아해서 성수 온 김에 먹으러왔슴니당 역시 언제 먹어도 맛있어요... 매장이 넓어서 앉을 자리는 충분했습니다","기타디저트(긍정), 공간편의시설(긍정), 혼잡도_웨이팅(긍정)",000001100001
"인테리어가 너무 예뻐고 커피가 너무 맛있어요 !","커피음료(긍정), 분위기감성(긍정)",100000010000
"완전 비주얼 짱이에요망고가 엄청 말랑하고 달콤해요!","빙수과일(긍정)",000010000000
"매장이 넓고 쾌적해요.. 귀여운 디저트도 많아서 좋아용","기타디저트(긍정), 공간편의시설(긍정)",000001100000
"고소해요.... 푸딩이 생각보다 더 맛있어서 자꾸 자꾸 퍼먹어요 메뉴가 특색있고 맛있어요","기타디저트(긍정)",000001000000
"카모플라쥬의 모카의 초코맛은 진하고 풍미가 있어서 단맛이 많이 나도 맛있었고 고급스러웠습니다","커피음료(긍정)",100000000000
"유튜브 보고 가고싶었은데 와서 넘 좋랐아요 푸딩도 완전 맛있고 인테리어도 깔끔해서 예뻐요!!","기타디저트(긍정), 분위기감성(긍정)",000001010000
"뷰도 좋고 커피도 샌드위치도 맛있었어요","커피음료(긍정), 베이커리빵(긍정), 분위기감성(긍정)",110000010000
"카페 넘 예쁘고 음료 디저트 다 맛있네요","커피음료(긍정), 기타디저트(긍정), 분위기감성(긍정)",100001010000
"크럼블 치즈 케이크가 너무 맛있어요! 아이스크림 필수 입니다","케이크(긍정), 기타디저트(긍정)",001001000000
"엄청 간단하고 금방 만들 수 있었어요! 즐거운 시간 보내기 좋아요","서비스(긍정)",000000001000
"재방문했는데 여기가 진짜 망고빙수 고트입니다 꼭 가세요... 제가 먹은 망고 빙수 중에 제일 맛있어요","빙수과일(긍정)",000010000000
"수플레가 너무 맛있고 인테리어 분위기가 너무 좋아서 더 감성적인 것 같아요","기타디저트(긍정), 분위기감성(긍정)",000001010000
"직원분들이 친절하셨어요!!!","서비스(긍정)",000000001000
"장소랑 커피 빵 삼박자가 너무 좋아요","커피음료(긍정), 베이커리빵(긍정), 공간편의시설(긍정)",110000100000
"이렇게 푸짐한 양의 망고 빙수는 처음이에요... 다행히 앉은 자리에서 싹싹 잘 먹었습니다","빙수과일(긍정), 가격가성비(긍정)",000010000100
"파운드케잌을 같이 시켰는데 포크 요청했더니... 없답니다... 아메리카노도 라떼도 전부 밍숭맹숭...직원들도 우왕좌왕... 동네주민이지만 단골돼진않을것같아요","커피음료(부정), 쿠키구움과자(긍정), 서비스(부정)",200100002000
"카페 분위기가 너무 좋고 커피랑 디저트 종류가 정말 맛있어요 특히 빵종류가 예쁘고 맛도 좋아요!!","커피음료(긍정), 베이커리빵(긍정), 기타디저트(긍정), 분위기감성(긍정)",110001010000
"지나다 입구가 워낙 특이해서 홀린 듯 들어갔는데 커피 너무 맛있어서 깜짝 놀람... 선곡이 훌륭해서 음악 듣기도 좋아요. 젊은 사장님도 넘 친절하시고","커피음료(긍정), 분위기감성(긍정), 서비스(긍정)",100000011000
"프렌치토스트가 맛있다고해서 찾아왔는데 소문대로 완전맛있어요! 커피도 맛있습니다!","커피음료(긍정), 베이커리빵(긍정)",110000000000
"채광이 진짜 좋고 의자도 편해서 풍경보면서 푹 쉬기 최고의 카페입니당. ... 근데 무엇보다 커피가 진짜 맛있어요!","커피음료(긍정), 공간편의시설(긍정), 분위기감성(긍정)",100000110000
"맛잇고 친절하시구..분위기도 조아요 브런치 먹기에 딱!","분위기감성(긍정), 서비스(긍정)",000000011000
"잼뷔페 특이하고 신기했어요!! 빵도 커피도 맛있고 종종 이용할게요!!","커피음료(긍정), 베이커리빵(긍정), 분위기감성(긍정)",110000010000
"세상에 바닐라빈밀크 미쳐요 그동안 뭘 먹고 산거지 여기 좋아요!","커피음료(긍정)",100000000000
"위스키는 진짜 향이 강해서... 아이스크림은 달달하고 부드러워서 위스키랑 찰떡 조합이에요!!! 스모어는 말해 뭐해... 분위기도넘조아요","기타디저트(긍정), 분위기감성(긍정)",000001010000
"베이글이 진짜 맛있어요. 모임하기 좋네요. 자주 올게요.","베이커리빵(긍정), 공간편의시설(긍정)",010000100000
"디저트 맛집 카페. 바나나초콜릿케이크와 카페라떼를 먹었는데, 너무 달콤하고 맛있었어요.","커피음료(긍정), 케이크(긍정)",101000000000
"갈 때마다 너무 친절하신 사장님 맛있게 잘 먹었어요!!","서비스(긍정)",000000001000
"분위기가 좋아서 대화하기 좋네요! 커피도 맛있어요","커피음료(긍정), 분위기감성(긍정)",100000010000
"매장 넓고 인테리어가 깔끔해서 좋아요. 고소하면서 초콜릿 맛이 살짝나는 커피 맛이 좋아요","커피음료(긍정), 공간편의시설(긍정), 분위기감성(긍정)",100000110000
"개인적으로 말차 맛이 쬐끔 더 강했으면 좋겠지만 깔끔하고 예쁘고 맛있어서 추천합니다!!","커피음료(긍정), 분위기감성(긍정)",100000010000
"케이크 맛있었어요근데 지금 T할인되는데 직원분이 우주패스만 할인된다해서 안되는줄 알았는데... 낼가서 다시 계산해달라고 해야겠어요","케이크(긍정), 서비스(부정)",001000002000
"기다린만큼 맛있었어용 ! 크리스마스 인테리어도 넘 옘뻐요 !","분위기감성(긍정), 혼잡도_웨이팅(중립)",000000010003
"케이크 진짜 맛있어요. 크림도 너무 부드럽고 비싸지만 가격값해요. 매장 넓어요.","케이크(긍정), 공간편의시설(긍정), 가격가성비(중립)",001000100300
"신기한 비쥬얼의 아이스크림과 위스키에요! 맛있게 먹고 가요","기타디저트(긍정)",000001000000
"커피 너무 맛있고 디저트도 맛있어요!!","커피음료(긍정), 기타디저트(긍정)",100001000000
"빵도 맛있고 친절하시고 또 빵 사러 갈게요!","베이커리빵(긍정), 서비스(긍정)",010000001000
"베이글이 많이 빠졌지만 구입해서 만족 계산해 주시는 직원분 친절해용","베이커리빵(긍정), 서비스(긍정)",010000001000
"분위기도 좋고 커피도 너무 맛있어요 크로넛도 진짜 담에 또 올게요!!","커피음료(긍정), 기타디저트(긍정), 분위기감성(긍정)",100001010000
"커피 주문 시 원두 선택이 가능하고... 직원분도 친절하시구 좋았어요 (계산 후 영수증 확인을 못했는데 나중에 확인해보니500원이 더 결제... 더 좋을 거 같아요)","커피음료(긍정), 서비스(중립)",100000003000
"이 동네에 이런 규모의 카페가 생기다니!! 공간만 넓은게 아니고 커피와 디저트도 맛있네요... 음악들도 다 좋네요.","커피음료(긍정), 기타디저트(긍정), 공간편의시설(긍정), 분위기감성(긍정)",100001110000
"비주얼부터 맛까지 말모말모 오픈한지 얼마 안됐는데도... 빵이 엄청 빨리빠져요 다음엔 오픈런해서 소금빵도 도전해봐야겠어요","베이커리빵(긍정), 혼잡도_웨이팅(부정)",010000000002
"크리스마스 연말 분위기가 너무 좋아여 이쁘게 꾸며놓은것도 너무 좋아요","분위기감성(긍정)",000000010000
"소금빵이랑 그 외 빵들도 종류가 다양하고 또 오고 싶을 정도로 맛있어요!","베이커리빵(긍정)",010000000000
"건강해질것만 같은 느낌이네요","베이커리빵(긍정)",010000000000
"성수동 놀러 왔다 시원한 음로 마시러 들어왔어요 음료도 맛있고 깔끔하고 예쁘네요","커피음료(긍정), 분위기감성(긍정)",100000010000
"소금빵 맛집이라고 해서 왔어용 소금빵 너무 맛잇어요","베이커리빵(긍정)",010000000000
"지하 좌석 많아요. 붙어있지만 울리지않고 좌석도 편하고 대화하기 좋아요","공간편의시설(긍정), 분위기감성(긍정)",000000110000
"넓고 조용한 분위기에 직원분도 엄청 친절하셨어요. 매실이 들어간 러프데이에이드랑 디저트가 엄청 맛있어요","커피음료(긍정), 기타디저트(긍정), 서비스(긍정), 혼잡도_웨이팅(긍정)",100001001001
"디저트가 맛있고, 제철 과일까지 아낌없이 쓰는 맛집입니다!! 루프탑도 있고 야외 좌석이 많아서 아늑해요","기타디저트(긍정), 공간편의시설(긍정), 분위기감성(긍정)",000001110000
"저는 여름 신메뉴인 모모디치 먹었어요... 다만 바게트가 너무 딱딱한?! 빠작한 느낌이라 먹기 힘들었어요","베이커리빵(중립)",030000000000
"타사보다 짭짭하고 버터가 마니 들어가 기름이 많긴하지만 맛있어요. 1개 이상은 먹기 힘들긴합니다","베이커리빵(중립)",030000000000
"소금빵 맛집답게 종류도 많고 맛있우용!! 커피도 향좋고 맛나용... 청결도 유지 잘해주시고 친절해서 쨩쨩","커피음료(긍정), 베이커리빵(긍정), 공간편의시설(긍정), 서비스(긍정)",110000101000
"가격살벌하네요..16500샌드위치는 엄두못내겠고 소금빵 시나몬롤 빼고 5천이하 없네요. 맛은 있는데 특별하진 않아요.","베이커리빵(중립), 가격가성비(부정)",030000000200
"에스프레소 전문집이네요.. 서서 먹기는 하지만 좋습니다.","커피음료(긍정), 공간편의시설(부정)",100000200000
"숨겨진 드립커피 맛집... 원두 교체되기 전에 매주 방문해야겠어요 말렌카 케이크도... 꾸덕하고 맛있었어요","커피음료(긍정), 케이크(긍정)",101000000000
"매장 분위기도 너무 좋고... 디저트들도 너무 맛있어서 다음에 또 오고싶은 맛이에요...","기타디저트(긍정), 분위기감성(긍정)",000001010000
"커피가 맛있고 디저트도 맛있습니다! 분위기도 좋아서 다음에 또 올 것 같아요","커피음료(긍정), 기타디저트(긍정), 분위기감성(긍정)",100001010000
"무화과 빙수도 먹으러 왔어용 역시다 맛있었고 무화과가 신선해서 더 맛잇어용 !! 분위기도 좋고 사장님께서도 친절하셔서","빙수과일(긍정), 분위기감성(긍정), 서비스(긍정)",000010011000
"올리브스틱이랑 치즈스틱은 정말독보적인 맛이에요... 길빵하는맛","베이커리빵(긍정)",010000000000
"소금빵 붕어빵이 맛있다고해서 근처 온김에 들렀는데 향부터 너무 고소하고 맛있어요. 직원분들도 친절하고","베이커리빵(긍정), 서비스(긍정), 혼잡도_웨이팅(긍정)",010000001001
"맛었어요. 가족이랑 같이 맛있네요.","대상 모호(긍정)",000000000000
"넛모스피어 커피 진짜 완전 꼬숩고 달달하니 핵맛있음! ... 카페안에 사진관도 따로있어서 친구랑 우정샷 남기기도 좋음!","커피음료(긍정), 분위기감성(긍정)",100000010000
"쿠키가 쫀득쫀득해서 너무 맛있고 케이크 크림도 맛있어요!","케이크(긍정), 쿠키구움과자(긍정)",001100000000
"딸기쨈이 완전 맛있어서 하나 더 샀어요 계속 생각날 것 같은 맛이에요","베이커리빵(긍정), 서비스(긍정)",010000001000
"케이크 이번에포장을 했는데 역시나 명물허전 존맛입니다.. 보장합니다 믿고 사세요","케이크(긍정), 선물포장(긍정)",001000000010
"성수에 보기 드문 작업하기 좋은 카페... 자리가 넉넉하고 콘센트도 많아서... 냐옹이가 종종 출몰해서...힐링","공간편의시설(긍정), 분위기감성(긍정)",000000110000
"커피 맛있어요 가격도 좋고 위치도 좋아요","커피음료(긍정), 공간편의시설(긍정), 가격가성비(긍정)",100000100100
"저녁시간 많이 시끄러웠어요. 그리고 화장실 청소가 너무 안되어있었네요...","공간편의시설(부정), 혼잡도_웨이팅(부정)",000000200002
"바나나푸딩 너무 맛있어요! 분위기도 좋고 친절하세요","기타디저트(긍정), 분위기감성(긍정), 서비스(긍정)",000001011000
"종류도 다양하고 맛있고 늦게까지 해서 좋아요!","대상 모호(긍정), 공간편의시설(긍정)",000000100000
"여기 딸기프레지에 진짜 맛있어서 올때마다 먹었습니당 근데 여기 가게 조금 작아거 자리가 항상 부족해서 아쉬워요","케이크(긍정), 공간편의시설(부정), 혼잡도_웨이팅(부정)",001000200002
"사진 찍기도 좋고 여성분들 취저네요. ... 디저트 완전 독특하고 맛나요","기타디저트(긍정), 분위기감성(긍정)",000001010000
"세번째 방문이예요 말차가 특히 맛있어요!","커피음료(긍정)",100000000000
"다크체리쇼콜라케이크, 아이스아메, 딸기라떼","커피음료(긍정), 케이크(긍정)",101000000000
"흑임자빙수 먹으러 왔어요. 깔끔한 우유빙수 넘 맛있고... 조용한 분위기라 대화 나누기에도 딱!","빙수과일(긍정), 분위기감성(긍정), 혼잡도_웨이팅(긍정)",000010010001
"맛있는데 로봇이 해주는게 신기해서 계속 보게 돼요","커피음료(긍정), 분위기감성(긍정)",100000010000
"브라우니 꾸덕하고 찐하니 맛있고 커피도... 깔끔하고 맛있습니다. 좌석도 지하부터 2층까지라 원하는 분위기의 자리에 골라앉을 수 있어서 좋았어요.","커피음료(긍정), 쿠키구움과자(긍정), 공간편의시설(긍정), 분위기감성(긍정)",100100110000
"빵도 맛있었구 커피도 맛있었어요.","커피음료(긍정), 베이커리빵(긍정)",110000000000
"인테리어도 너무 독특하고 멋있었어요. 직원분들도 너무 친절하시고 일단 커피가 맛있어요","커피음료(긍정), 분위기감성(긍정), 서비스(긍정)",100000011000
"해외에서 가보고 서울숲에도 생겼길레 와봤는데 인테리어 넘 이뻐요 그런데 커피 맛은 그냥 그래요...","커피음료(중립), 분위기감성(긍정)",300000010000
"에스프레소 굿굿, 분위기도 너무 예뻐요","커피음료(긍정), 분위기감성(긍정)",100000010000
"완전 달달하고 맛있어요 과일이 신선한게 느껴지고 사장님이 완전 친절하셨어용","대상 모호(긍정), 서비스(긍정)",000000001000
"주변 직장인은 행복 그 잡채","대상 없음",000000000000
"피스타치오 소프트바 넘넘넘 내스타일!! ... 단점이라면 티스푼... 개별 포장 되어 있음 좋겠네요 다들 만지며 골라가는 느낌이라 찝찝!!","기타디저트(긍정), 서비스(부정)",000001002000
"딸기케이크는 3종류 맛인데, 피스타치오 크림맛 강추입니다!! ... 커피는 쓰지 않고 차를 마시는 듯한 맛이에요... 인테리어도 노란조명에 아늑하구요","커피음료(긍정), 케이크(긍정), 분위기감성(긍정)",101000010000
"밀도 빵은 항상 믿고 먹어요","베이커리빵(긍정)",010000000000
"맛있어서 자주와요! 소금빵 말고 치아바타도 맛있어요 또 올게요","베이커리빵(긍정)",010000000000
"에어프라이어에 데워서 먹으니 아침빵처럼 맛있어요 매일 아침을 깨우는 맛! 느무 좋아요","베이커리빵(긍정)",010000000000
"내부깔끔하고 디자인도 예뻐요. 커피도 맛있었어요!","커피음료(긍정), 공간편의시설(긍정), 분위기감성(긍정)",100000110000
"소금빵은 언제나 먹어도 맛있는 것 같아요... 치즈 소금빵... 크림 소금빵 추천합니다","베이커리빵(긍정)",010000000000
"분위기 좋고 조용해서 좋아요!","분위기감성(긍정), 혼잡도_웨이팅(긍정)",000000010001
"예쁘고 맛있었어요! 다음에 또 올게요","대상 모호(긍정)",000000000000
"베이글이 질기지 않고 쫄깃한 식감을 가지고 있어서 너무너무 맛있게 잘 먹었어요!","베이커리빵(긍정)",010000000000
"오랜만에 성수나왔는데 베이글이 먹고싶어서 왔아요! 역시 너무 맛있고 직원분들도 친절하시네요","베이커리빵(긍정), 서비스(긍정)",010000001000
"동생 생일이라 구입했는데 너무 예뻐요 덕분에 즐거운 생파 보낼것 같아요!","케이크(긍정), 선물포장(긍정)",001000000010
"피스타치오 맛 찐하고 좋은데 가격대비 크기 너무 작음","기타디저트(긍정), 가격가성비(부정)",000001000200
"피카피 핔 피카핏 피카피피 핔카퍜피캬 핔","대상 없음",000000000000
"개취로는 노티트 도넛보다 오버도즈를 좋아하는 나 제 단골집입니다... 아몬드초콜릿 크림브릴뤠 최고 (아바라도 파우더리한 맛이라 맛있답니다!)","커피음료(긍정), 기타디저트(긍정)","100001000000"
"계절과일 수플레 팬케이크는 꼭 드셔보세요... 식감이 정말 퐁실퐁실 미쳤어요... 딸기라떼와 허니크림 아인슈페너도 달달하니... 매장 조명이 따뜻하고 인테리어가 코지해서...","커피음료(긍정), 기타디저트(긍정), 공간편의시설(긍정), 분위기감성(긍정)","100001110000"
"좌석 배치가 넓직해서 편안하고 수플레에 과일이 푸짐해서 너무 좋았어요 그리고 수플레가 기분 좋아지는 부드러움이에요","기타디저트(긍정), 공간편의시설(긍정)","000001100000"
"디저트 맛집이라고 왔는데 많이들 나갔더라구요 커피는 맛있었구요 카페가 의외로 많이 크지 않아서 놀랐어요","커피음료(긍정), 공간편의시설(부정), 혼잡도_웨이팅(부정)","100000200002"
"식사를 하고 오는 바람에 빵은 먹지 못했네요 커피는 맛있습니다... 2층 뷰가 거리뷰이긴 하지만 뛰어납니다.","커피음료(긍정), 분위기감성(긍정)","100000010000"
"티룸 넘 좋은것같아요! 티도 맛있고 굿입니다","커피음료(긍정), 분위기감성(긍정)","100000010000"
"선물받은 아메리카노 맛있게 먹을께요 감사합니다 예쁜목소리가 계속해서 들리네요","커피음료(긍정), 서비스(긍정)","100000001000"
"사람이 진짜 많았어요!! 역시 소금빵이 맛있어요!!","베이커리빵(긍정), 혼잡도_웨이팅(부정)","010000000002"
"실내 분위기도 좋고 맛있어요 재료가 신선하고 메뉴도 다양해 고르는 맛이 있었습니다","분위기감성(긍정)","000000010000"
"딸기타르트는 신선하고 상큼했습니다. 보기에도 화려했습니다.","기타디저트(긍정)","000001000000"
"유령의 집 컨셉으로 되어있는데 귀여운 유령그림들이 가득... 마시맬로 케이크 요즘 유행하는 것 같던데... 휘낭시에는 최근 먹어본 것 중에 가장 맛이 좋았습니다!","케이크(긍정), 쿠키구움과자(긍정), 분위기감성(긍정)","001100010000"
"초코랑 패딩턴 샀어요... 이건 빵이 밀도있는거같요 커피는쓰지않고 보리커피같아요... 친절하고 안내잘해주셔서좋아요! 화장실은 이층에 남녀각각있어여","커피음료(긍정), 베이커리빵(긍정), 공간편의시설(긍정), 서비스(긍정)","110000101000"
"약간 외진 곳이라 감성류(?) 카페가 없었는데 아즈니섬 생겨서 좋아요. 늦게가면 품절되는 성수동 핫한 디저트를 떼어다 팔아주는 부분도 만족","기타디저트(긍정), 분위기감성(긍정)","000001010000"
"집에서 가까워서 자주가는 단골가게에요! 마살라짜이티 최고","커피음료(긍정)","100000000000"
"빙수가 너뮤 맛있어요 과일도 직접 싱싱하고 맛난걸로 가져오셔서 너무 맛나요! ... 커피가 2,500원인데도 너무 맛있어요","커피음료(긍정), 빙수과일(긍정), 서비스(긍정), 가격가성비(긍정)","100010001100"
"Unreasonable requirement to force customer to order drink eventhough 2 person we ordered 1 cake and 1 drink is not acceptable.","서비스(부정)","000000002000"
"커피 한잔에 한시간을 기다려야 되는건 정말 화가 나네요.. 두번은 못갈 것 같습니다","서비스(부정), 혼잡도_웨이팅(부정)","000000002002"
"밤빵이랑 올리브치아바타 자주 구매하고 있어요 짱맛","베이커리빵(긍정)","010000000000"
"베이글 종류도 많고 너무너무 맛있어요","베이커리빵(긍정)","010000000000"
"예쁜 인테리어에, 특별한 메뉴까지 너무 좋네요","분위기감성(긍정)","000000010000"
"디저트가 독특해서 궁금해서 와봤는데 가게 인테리어도 고즈넉한 느낌이고 탁 트여서 답답하지 않고 분위기가 좋아요!","분위기감성(긍정)","000000010000"
"지인들과 얘기하면서 티타임 하기 좋은 곳","분위기감성(긍정)","000000010000"
"사장님도 친절하시고 요거트도 너무 맛있고 골라먹는 재미도 있어서 식사대용으로도 좋아요!","기타디저트(긍정), 서비스(긍정)","000001001000"
"생일이라 근처에서 놀다가 들렀는데. 곰돌이 케이크랑 음료도 너무 맛있어서 덕분에 행복한 생일이었네요.","커피음료(긍정), 케이크(긍정)","101000000000"
"바로 짱콩을 갈아주는게 신기하고 재밌어요 방문 추천","베이커리빵(긍정)","010000000000"
"브레첼 맛집이에요! ... 2층에 공간이 넓어서 대화하기 좋아요.","베이커리빵(긍정), 공간편의시설(긍정)","010000100000"
"커피가 맛있습니다. 디저트도 맛있어요.","커피음료(긍정), 기타디저트(긍정)","100001000000"
"사이즈가 다른곳보다 크더라구요? 겉바속촉 장난아니고 소금에르타르트먹었는데 단짠단짠","쿠키구움과자(긍정), 가격가성비(긍정)","000100000100"
"커피 맛있고 쿠키도 맛있고 무엇보다 조용해요!","커피음료(긍정), 쿠키구움과자(긍정), 혼잡도_웨이팅(긍정)","100100000001"
"주말에만 열어서 다소 아쉽지만.. ( 그래도 빵이 맛있어서 좋아요 특히 버터 프레즐 진짜 맛있습니다","베이커리빵(긍정), 서비스(부정)","010000002000"
"케이크 넘 맛있어요 커피도 고소하니 맛있네요!","커피음료(긍정), 케이크(긍정)","101000000000"
"달지 않고 건강한 맛이라서 좋아요!","대상 모호(긍정)","000000000000"
"커피도 맛있고 귀여운 디저트가 있어요","커피음료(긍정), 기타디저트(긍정)","100001000000"
"성수에 이런 분위기를 가진 카페가 있다니? 좋네요!","분위기감성(긍정)","000000010000"
"커피 맛있었어요! 쑥라떼는 정말 달달했습니다. 빵도 괜춘 )","커피음료(긍정), 베이커리빵(긍정)","110000000000"
"피스타치오 와다다닥 붙어있는 아이스크림 맛있긴한데... 슬러쉬같은게 신기방기... 성수 근처에서 입가심하기 좋은곳!","기타디저트(긍정)","000001000000"
"성수에서 발견한 보물같은 카페에요 음료도 맛있고 인테리어도 너무 예쁘네요!!!","커피음료(긍정), 분위기감성(긍정)","100000010000"
"나에게 오롯이 집중할 수 았고 공간에서 나는 향과 분위기 모두 좋아요","분위기감성(긍정)","000000010000"
"너무 맛있어요 티라미수, 모찌 맛집 인정... 날씨도 좋아서 테라스에서 먹어도 좋을 것 같네요","케이크(긍정), 기타디저트(긍정), 공간편의시설(긍정)","001001100000"
"짱 예뻐요!!! 동료 생일로 준비했어요. 여긴 레터링이 진짜진짜 깔끔해요!","케이크(긍정), 서비스(긍정)","001000001000"
"말차라떼가 아주 진하고 맛있어서 이너피스가 와요","커피음료(긍정)","100000000000"
"디카페인도 추가금 없고 라떼에 기본으로 락토프리 우유 사용하는것도 너무 좋아요","커피음료(긍정), 가격가성비(긍정)","100000000100"
"맛있습니다. 매장도 쾌적하고 직원 응대도 친절해요.","공간편의시설(긍정), 서비스(긍정)","000000101000"
"분위기가 너무 좋아요 음료와 디저트는 soso","커피음료(중립), 기타디저트(중립), 분위기감성(긍정)","300003010000"
"너무재밌었어요 2시간은 부족하지만","분위기감성(긍정)","000000010000"
"루프탑에서 자리 잡고 웨이팅 없이 들어오고 빙수 티라미수 시켜서 넷이서 먹기엔 딱 좋아!","케이크(긍정), 빙수과일(긍정), 공간편의시설(긍정), 혼잡도_웨이팅(긍정)","001010100001"
"케이크가 많이 달지 않고 담백하게 맛있어요 그리고 네모네모 컨셉이 귀여워요","케이크(긍정), 분위기감성(긍정)","001000010000"
"커피두 맛있고, 매장에서 흘러나오는 재즈음악이 너무 좋아요 .. 카공하기 좋은 카페로 추천드립니다","커피음료(긍정), 분위기감성(긍정), 공간편의시설(긍정)","100000110000"
"퀘스토젤라또 여기가 원탑이 됐습니다! ... 피스타치오, 토마토, 참외, 키위 진짜진짜 맛있습니다!","기타디저트(긍정), 분위기감성(긍정)","000001010000"
"달달하고 맛잇었습니다 커피맛집이에요","커피음료(긍정)","100000000000"
"디저트 맛집인 줄 알았는데 커피도 넘 맛있어요. 분위기도 좋고 친절하십니다","커피음료(긍정), 기타디저트(긍정), 분위기감성(긍정), 서비스(긍정)","100001011000"
"맛은 무난했고 2명이 먹기에 좀 애매한 양이었어요... 커피리필은 맘에 들었어요","커피음료(긍정), 가격가성비(부정)","100000000200"
"조용하고 대화하기 좋아요 빵도 맛있어요","베이커리빵(긍정), 혼잡도_웨이팅(긍정)","010000000001"
"크로플도 너무 맛있구 커피 깔끔하고 너무 맛있어요!!! 무엇보다 분위기도 너무 좋네요","커피음료(긍정), 기타디저트(긍정), 분위기감성(긍정)","100001010000"
"너무너무 맛있어요 음료도 너무 맛있구 붕어빵듀 존맛입니다..","커피음료(긍정), 베이커리빵(긍정)","110000000000"
"오호 빵이 쫄깃쫄깃 넘 맛있네요 ... 의외로 저렴한 아이스아메리카노도 향고 좋고 맛있었습니다","커피음료(긍정), 베이커리빵(긍정), 가격가성비(긍정)","110000000100"
"딸기빙수 원탑이에요! 기본에 충실한 맛이고 카페 내부도 청결하고 조아요","빙수과일(긍정), 공간편의시설(긍정)","000010100000"
"너무 좋았어요 두시간이 좀 부족했지만 다음에 또 오고싶어용","분위기감성(긍정)","000000010000"
"성수동 바게트빵 맛집이예요. 넘 맛있어요.","베이커리빵(긍정)","010000000000"
"가성비가 미친 커피에 마음까지 훔쳐버린 장소였습니다... 사람들도 많이 방문하는 것 같고 분위기도 꽤 좋았어서","커피음료(긍정), 분위기감성(긍정), 가격가성비(긍정)","100000010100"
"귀엽고 예쁜 치즈케이크 비주얼 음료도 독특하니 달달해서 당충전하기 좋아요! ... 채광 잘 드는 날 셀카 맛집입니다","커피음료(긍정), 케이크(긍정), 분위기감성(긍정)","101000010000"
"역시 맛있어요 소금빵 맛집 입니다 친절하셨어요","베이커리빵(긍정), 서비스(긍정)","010000001000"
"넓고 쾌적해요! 작업하시는 분들도 많은 듯 합니다 ) 편하게 쉬다 갈 수 있는 분위기라","공간편의시설(긍정), 분위기감성(긍정)","000000110000"
"분위기 맛 다잡는 뚝섬역 카페 최고에용","분위기감성(긍정)","000000010000"
"성수동 오랫만에 왔는데 분위기 좋구 친절하세요 맛있게 잘 먹었어요","분위기감성(긍정), 서비스(긍정)","000000011000"
"늦은 시간까지 운영해서 좋아요","서비스(긍정)","000000001000"
"너무 예쁘고 유니크한 카페라서 인상깊어요!","분위기감성(긍정)","000000010000"
"평일에 오니 한가하고... 제주도 만큼은 아니지만 너티클라우드는 맛있었어요.","커피음료(긍정), 혼잡도_웨이팅(긍정)","100000000001"
"추천해주신 러프포레스트 신메뉴 마셔봤는데! 단짠단짠 자꾸 생각나요오... 딸기크럼블치즈케이크는 어쩜 그렇게 꾸덕한건지!!!","커피음료(긍정), 케이크(긍정), 분위기감성(긍정)","101000010000"
"티라미수나 푸딩 둘 다 추천 메뉴라 시켰고 단거 잘 못 먹는 저도 1인 1티라미수 1푸딩 쌉가능한 맛이었어요!","케이크(긍정), 기타디저트(긍정)","001001000000"
"다양한 과일을 사용한 디저트가 하나같이 너무 예뻤고, 커피도 맛있었어요!","커피음료(긍정), 기타디저트(긍정)","100001000000"
"메론빙수 먹고 왔어요... 반려동물 동반도 가능한 곳이라 넘 좋았어요! ... 사장님과 직원분들이 모두 너무 친절하세요","빙수과일(긍정), 공간편의시설(긍정), 서비스(긍정)","000010101000"
"생망고도 너무 맛있었고 빙수양도 많고 맛있어요. ... 특히 소금빵x붕어빵 바삭하고 단짠단짠한데 너무 취향이었어요 커피도... 맛있게 마셨어요!","커피음료(긍정), 베이커리빵(긍정), 빙수과일(긍정), 서비스(긍정), 혼잡도_웨이팅(중립)","110010001003"
"두바이베이글은 꼭 드세요!! 너무 더웠는데 시원하게 매장에서 먹었어요","베이커리빵(긍정), 공간편의시설(긍정)","010000100000"
"공간이 너무 이쁘고 좋아요 ! 커피도 맛있고, 케익도 너무 이뻐요!!!","커피음료(긍정), 케이크(긍정), 분위기감성(긍정)","101000010000"
"소금빵 맛집. 웨이팅 엄청 나요..","베이커리빵(긍정), 혼잡도_웨이팅(부정)","010000000002"
"수플레케이크 먹고 싶으나 배가 부르고 혼자먹기에 많아서 레몬머틀 차 마셨어요... 근처에 서울 숲이 있어서 차분한 느낌이에요","커피음료(긍정), 분위기감성(긍정), 서비스(긍정)","100000011000"
"디저트 솔직히 기대 안 했는데 완전 맛있어요!!!! 카페 분위기도 정말 좋아요","기타디저트(긍정), 분위기감성(긍정)","000001010000"
"미니 사이즈 4만원이면 조금 비싸보이긴 하지만 너무 값어치 있어요!! ... 너무너무 맛있러료!!!","케이크(긍정), 가격가성비(중립)","001000000300"
"팬케이크 위에 올라간 얼그레이 크림이 킥이에요 넘 맛있음 수플레도 비리지도 않고 퐁신퐁신 최고","기타디저트(긍정)","000001000000"
"아이스크림은 괜찮았으나 직원이 불친절","기타디저트(긍정), 서비스(부정)","000001002000"
"웨이팅 등록 후 근처에서 놀다가 방문했는데 너무 맛있어요 특히 기본 도넛을 강추합니다!","기타디저트(긍정), 혼잡도_웨이팅(중립)","000001000003"
"스트라파차또와 솔티카라멜에스프레소가 맛있어요. ... 늘 친절하게 맞아주셔서 기분 좋게 마시고 나와요!","커피음료(긍정), 서비스(긍정)","100000001000"
"치즈 타르트 정말 맛있습니다)","기타디저트(긍정)","000001000000"
"기장쌀 깜빠뉴는 처음 구매해봤는데... 정말 고소하고 맛있어요. 무화과 깜빠뉴는... 간식으로 좋고, 기장쌀 깜빠뉴는 밥대신 먹기 훌륭해요.","베이커리빵(긍정)","010000000000"
"양이 적지만 커피가 맛잇어요","커피음료(긍정), 가격가성비(부정)","100000000200"
"우연히 들어왔는데 아이스티 주문해써요 맛있고 깔끔네요","커피음료(긍정)","100000000000"
"쿠키 반죽이 너무 훌륭하더라구요... 정말 맛있었어요 직원분들도 너무 밝고 친절하셔서 기분 좋은 방문이었습니다.","쿠키구움과자(긍정), 서비스(긍정)","000100001000"
"아인슈페너 .한라봉에이드 플레인 크로플 주문했어요... 여자들 취향저격카페 예요 아인슈페너맛집","커피음료(긍정), 기타디저트(긍정), 분위기감성(긍정)","100001010000"
"내부인테리어가 너무 이쁘고 사진도 잘나와서 좋았습니다 사장님이 친절하시고 커피랑 티라미수 넘 맛있었어요","커피음료(긍정), 케이크(긍정), 분위기감성(긍정), 서비스(긍정)","101000011000"
"수플레 맛집이예요 부드럽고 폭신하니 너무 맛있어요 늦게까지 해서 더좋아요","기타디저트(긍정), 서비스(긍정)","000001001000"
"애플파이 바삭하고 너무 맛있어요! 직원분들도 친절함","베이커리빵(긍정), 서비스(긍정)","010000001000"
"친구랑 데이트하기 너무 좋았어요 소중한 추억 하나 만들고 갑니다","분위기감성(긍정)","000000010000"
"책을 읽다보니 생각보다 시간이 짧았어요 명상도 하고싶었는데!","서비스(부정)","000000002000"
"지나가다 들렸는데 너무 바삭해서 맛있어요 코코넛 크림 진짜 존맛 .. 그리고 엄청 친절해서 기분 좋았어요!!","기타디저트(긍정), 서비스(긍정)","000001001000"
"분위기좋아요 11시까지 영업해서 좋아요","분위기감성(긍정), 서비스(긍정)","000000011000"
"개성이고 깔끔한 공간이 좋아요. 커피, 치즈케이크 무난하게 맛있어요. 루프탑 높고 탁 트여서 좋아요","커피음료(긍정), 케이크(긍정), 공간편의시설(긍정), 분위기감성(긍정)","101000110000"
"피넛버터 구매하러 갔는데 진짜 대애박... 가격도 250g에 9500원 제 생각보다 저렴했구요! 선물용으로도 좋을거같아요!?","베이커리빵(긍정), 가격가성비(긍정), 선물포장(긍정)","010000000110"
"커피하고 빵 맛있어요. 여러번 방문했는데 또 갈거임","커피음료(긍정), 베이커리빵(긍정)","110000000000"
"카페크레마 부드럽고 맛있어요 ... 콘판나케이크는 입안에서 사르르 녹으며 단맛이 혀를 휘감네요","커피음료(긍정), 케이크(긍정)","101000000000"
"카페가 이쁘고 좋아요!! 아담해서 지인 선물할때도 좋은거 같아요!!","공간편의시설(부정), 분위기감성(긍정), 선물포장(긍정)",000000210010
"얼린 망고가 아니라 생망고라 좋아요!! 소금빵도 속이 쫀득하니 맛있어요","베이커리빵(긍정), 빙수과일(긍정)",010010000000
"케이크에 크림이 듬뿍 있었는데 크림이 되게 부드럽도 맛있었고, 딸기도 상큼했어용!... 캐릭터가 네모여서 보는 재미도 있었구 인테리어도 예뻤어용!","커피음료(긍정), 케이크(긍정), 분위기감성(긍정), 혼잡도_웨이팅(중립)",101000010003
"커피 비싸지만 맛있어요. 그러나 매장 내 트레이가 없어서 그냥 컵을 들고 가래요.","커피음료(긍정), 공간편의시설(부정), 가격가성비(부정)",100000200200
"케이크가 너무 맛있어요 ! 운 좋게 대기도 없이 들어왔답니다아","케이크(긍정), 혼잡도_웨이팅(긍정)",001000000001
"밀크티도 많이 안달아서 케익과 먹기 넘 좋았구요. 직원분들도 친절하시고 잘 쉬다 갑니다","커피음료(긍정), 케이크(긍정), 서비스(긍정)",101000001000
"누텔라 마시멜로 너무맛있어요","기타디저트(긍정)",000001000000
"프레지에 넘 맛있어요... 여기 프레지에 먹으면 딴 곳에서 못 먹어요!","케이크(긍정)",001000000000
"이렇게 맛있는 소금빵 처음 먹어봐요... 겉은 바삭 속은 부드럽고 촉촉하고... 바닥부분은 크런치하고... 재방문의사 200 !!","베이커리빵(긍정), 혼잡도_웨이팅(긍정)",010000000001
"개성주악 제 취저네용 달달해요","기타디저트(긍정)",000001000000
"수업전 피곤함을 달래줄 티나 커피를 구입하곤 해요. 테이크아웃만 해서 테이블이 있는 2층과 3층이 어떤지 모르겠어요.","커피음료(긍정)",100000000000
"늦게 먹었지만 하나도 눅눅하지 않은 바삭한 바게트를 먹을수 있었어요","베이커리빵(긍정)",010000000000
"친구 추천으로 왔는데 분위기도 좋고 맛있어용)","분위기감성(긍정)",000000010000
"땅콩러버에겐 최고의 카페!! 토스트 한번씩 먹어보세요","베이커리빵(긍정)",010000000000
"매장도 예쁘고 쿠키도 다양하고 예뻐요 구욱희씨만의 특별한 쿠키가 많은 것 같아요","쿠키구움과자(긍정), 분위기감성(긍정)",000100010000
"고양이도 귀엽고 너무 아름다운 공간입니다 직원분들도 친절하시고 내부가 아늑해서... 커피 맛도 좋아요","커피음료(긍정), 공간편의시설(긍정), 분위기감성(긍정), 서비스(긍정)",100000111000
"치즈 플래터는 친구 추천으로 먹었는데 푸짐하고 넘 맛있어요!!! 일단 와인이 넘 저렴....","기타디저트(긍정), 가격가성비(긍정)",000001000100
"쌀알모양, 도토리 모양도 너무 귀여운데... 너무 맛있어요 발로나 초코!!","커피음료(긍정), 기타디저트(긍정), 서비스(긍정)",100001001000
"성수오면 꼭 오는 카페이고 케익 먹으러 또 오는 곳이에요 )","케이크(긍정)",001000000000
"커피도 토스트도 너무 맛있어요!!! 쾌적하고 분위기도 좋아용 사장님도 친절하세여","커피음료(긍정), 베이커리빵(긍정), 공간편의시설(긍정), 분위기감성(긍정), 서비스(긍정)",110000111000
"하이라인라떼랑 비스코티세트 먹었는데... 엄청난 커피맛집은 아니지만 감각적인 느낌으로 즐기기에 충분히 좋았습니다","커피음료(긍정), 쿠키구움과자(긍정), 분위기감성(긍정)",100100010000
"위스키아이스크림 색다른 경험! 너무 맛있습니다.","기타디저트(긍정)",000001000000
"붕어빵소금빵 너무 먹고 싶었는데 맛있네요! 망고빙수도 최고입니다 성수에서 핫플 맛집입니다!","베이커리빵(긍정), 빙수과일(긍정)",010010000000
"일일일 스벅방문 스타벅스 친절하고 맛도 좋아요","커피음료(긍정), 서비스(긍정)",100000001000
"친절하시구 휘낭시에도 너무 맛있어요","쿠키구움과자(긍정), 서비스(긍정)",000100001000
"매장 분위기 너무 좋아요... 피치라떼 완전 맛있어용 아메리카노도 맛있고 원두가 좋은 원두 같아용","커피음료(긍정), 분위기감성(긍정)",100000010000
"조명이예쁘고 사진도잘나오고 커피도 맛있어요 분위기도 좋구요 실내내부가 조금 더운것 같아요","커피음료(긍정), 공간편의시설(부정), 분위기감성(긍정)",100000210000
"아이스라떼는 고소하고 진한맛으로 왜 시그니처음료인지 알 수 있었어요 놀라플로트는... 위에 올려진 아이스크림이 정말 맛있었고","커피음료(긍정), 기타디저트(긍정)",100001000000
"해방촌 커피 마셨는데 넘나 귀엽고 맛있었어요!","커피음료(긍정)",100000000000
"딸기 크루와상이랑 초코 카눌레 먹었는데 둘 다 진짜 너무 맛있었어요! ... 주말엔 북적북적합니다.","베이커리빵(긍정), 쿠키구움과자(긍정), 혼잡도_웨이팅(부정)",010100000002
"예전부터 와보규 싶었던 곳인데 커피가 맛있어요!! 2층 뷰도 좋고 분위기도 좋았어요!!","커피음료(긍정), 분위기감성(긍정)",100000010000
"와 레드벨벳 케익 꼭 드셔보세요!!! 역대급 좐맛","케이크(긍정)",001000000000
"케이크 사러 들렀는데 너뮤 예뻐요 !! 다음에와서 과일케이크 먹어야겠습니다 !","케이크(긍정), 분위기감성(긍정)",001000010000
"오믈렛이랑 베이컨 진짜 맛있었음","베이커리빵(긍정)",010000000000
"사장님도 굉장히 친절하시고... 바닐라 커스터드 프렌치 토스트 진짜진짜진짜 맛있어요 입에서 살살 녹습니다","베이커리빵(긍정), 서비스(긍정)",010000001000
"저번엔 망고 이번엔 복숭아로 사가요","기타디저트(긍정), 선물포장(긍정)",000001000010
"츄로넛이 쫀득하고 맛있어요 !","기타디저트(긍정)",000001000000
"망고빙수 존맛탱 너무더웠는데 너무짜증났는데 바로 사르르!!!","빙수과일(긍정)",000010000000
"친절했던 블루보틀 오랜만에 맛있었어요!!","서비스(긍정)",000000001000
"비오는 날 맛있는 커피와 빵 2층 창가에 앉으니 좋았어요","커피음료(긍정), 베이커리빵(긍정), 공간편의시설(긍정)",110000100000
"레몬티를 마셨는데 다른카페보다 진하네요","커피음료(긍정)",100000000000
"독보적으로 버터가 가득한 !!! 맛이예요 소금빵 정말 많이 먹었지만 이렇게 빠삭하고 버터많은건...","베이커리빵(긍정)",010000000000
"콘센트 및 와이파이정도는 기본적으로 지원이 되어야하는데 되는게 하나도 없습니다. ... 커피 및 베이커리는 그냥 평범한 수준입니다. 직원들도 불친절하며","커피음료(중립), 베이커리빵(중립), 공간편의시설(부정), 서비스(부정)",330000202000
"남자친구랑 왔는뎅 분위기 넘 조으네요","분위기감성(긍정)",000000010000
"개성주악에 대해 설명해줘서 흥미를 갖고 들어가보았어요. 인테리어도 예쁘고 디저트도 너무 예쁘네요.","기타디저트(긍정), 분위기감성(긍정)",000001010000
"디저트가 맛있고 화이트 인테리어라 이쁘네요!! 음료는 쏘쏘 테린느 기대하고왔는데 맛있네요!!","커피음료(중립), 기타디저트(긍정), 분위기감성(긍정)",300001010000
"분위기도 예쁘고 수플레 맛집","기타디저트(긍정), 분위기감성(긍정)",000001010000
"우드쿠키를 이틀 연속으로 먹어보게 되었습니다... 발로나 초콜릿으로 만들었다고 나와있네요... 부담없이 즐기실 수 있을거에요.","쿠키구움과자(긍정)",000100000000
"수플레 팬케이크가 넘 먹고 싶다고 해서 방문했는데... 저는 특히 홍차 아인슈페너가 너무너무 맛있었어요!","커피음료(긍정), 기타디저트(긍정)",100001000000
"깜빠뉴는 서울에서 젤로 맛있습니다!!","베이커리빵(긍정)",010000000000
"비즈니스 미팅에 딱입니다. 감미로운 음악과 함께 잘 이용했어요","공간편의시설(긍정), 분위기감성(긍정)",000000110000
"카페도 예쁘고 커피도 독특하구 맛있어요 소품이 하나하나 멋져서 사진 맛집입니다","커피음료(긍정), 분위기감성(긍정)",100000010000
"뚝섬역 케이크 카페 네모네 인테리어도 귀엽고 딸기케미크 맛있어욤","케이크(긍정), 분위기감성(긍정)",001000010000
"빵은 카라멜 바나나슈 빵이 너무 달아요. 메뉴를 잘 골라야 할듯해요.","베이커리빵(중립)",030000000000
"맥코이 라테... . 주기적으로 수혈해줘야 해요 진하고 맛있슴돠. ... 아침에 일찍 오픈해서 조용히 마시다 가기도 좋음","커피음료(긍정), 서비스(긍정), 혼잡도_웨이팅(긍정)",100000001001
"아메리카노는 진하게 내려져... 향이 좋았습니다. 작당모의 티라미수는... 부드러운 생크림 맛이 두드러졌고... 자몽베리에이드는 과하게 달지 않아... 테이블에서 행주 냄새가 조금 나서 아쉬웠습니다.","커피음료(긍정), 케이크(긍정), 공간편의시설(부정), 분위기감성(긍정)",101000210000
"바삭바삭 맛있어요 성수 맛집","대상 모호(긍정)",000000000000
"명절때 두고드고 먹을 베이글 사왔어요","베이커리빵(긍정), 선물포장(긍정)",010000000010
"새 물감에, 재료도 충분하고 깔끔한 시설과 너무 모든게 잘 되어있어서 재밌게 놀다갑니당) 재료도 새거구 이정도면 가성비 짱인거같아용!!!","공간편의시설(긍정), 가격가성비(긍정)",000000100100
"얼그레이크림 너무 맛잇네요! 휘낭시에도 버터맛 좔좔","쿠키구움과자(긍정), 기타디저트(긍정)",000101000000
"처음먹어봤는데 전병 풍미가 대단하네요","쿠키구움과자(긍정)",000100000000
"공간 자체가 엄청 힙하고 멋있어서 놀랐네요 근데 기대했던 것 보다는 약간 끝맛이 조금 텁텁해서 아쉬웠어요... 얼음이 조금 많아유...","커피음료(중립), 공간편의시설(긍정), 분위기감성(긍정)",300000110000
"커피 맛도 좋고! 소금빵도 갓나올때 먹으니 넘 맛있엇어요! 평일에 한적해서 좋아요","커피음료(긍정), 베이커리빵(긍정), 혼잡도_웨이팅(긍정)",110000000001
"디저트가 너무 맛있어서 사진찍을겨를도없이 흡입했어요 사장님도 너무너무너무 친절하시구용","기타디저트(긍정), 서비스(긍정)",000001001000
"2층은 무척 조용한데 1층은 시끌벅적했어요 일찍가면 빵 종류도 많아서 좋네요.","베이커리빵(긍정), 공간편의시설(중립), 혼잡도_웨이팅(부정)",010000300002
"티라미수랑 민트아이슈페너 맛있어요. 다음에는 푸딩 먹으려고요.","커피음료(긍정), 케이크(긍정)",101000000000
"얼그레이케이크가 너무너무 마싯고 공간도 딱 적당해서 친구들이랑 다같이 와서 수다 떨기도 좋앗어요","케이크(긍정), 공간편의시설(긍정)",001000100000
"망고빙수랑 수박주스 먹었는데 너무 맛있어요","커피음료(긍정), 빙수과일(긍정)",100010000000
"물감으로 그림그리고 붓질하는거라 다만 음료가 많이 늦었고 스탭들이 바쁘신게 단점","커피음료(중립), 서비스(부정)",300000002000
"매장 넓고 잠시 쉬어가기 좋아요","공간편의시설(긍정)",000000100000
"분위기 너무좋고 메뉴도 다양해서 좋아요 처음먹어보는 조합이라 궁금했는데","분위기감성(긍정)",000000010000
"커피도 맛있고, 최애 얼그레이무화과가 너무 맛있어요","커피음료(긍정), 기타디저트(긍정)",100001000000
"단백질 베이글은... 단백질파우더맛이 아주 강해서 놀랐습니다... 할미 케이크는... 하나도! 안 다니까 참고해주세요... 커피는 원두를 고를 수 있는데 산미있는 원두도 씁쓸함이 같이 느껴져요.","커피음료(중립), 베이커리빵(중립), 케이크(중립)",333000000000
"매장이 넘 귀엽고 예뻐요 빙수도 맛있어요!! 대기는 많은데 안오시는 분들도 많아서 금방금방 빠져요!","빙수과일(긍정), 분위기감성(긍정), 혼잡도_웨이팅(중립)",000010010003
"여기만 있는 포레누아 빙수 강추합니다!!!","빙수과일(긍정)",000010000000
"식사류에 포함되는 샐러드나 브런치류 같이 시키면 실내에서 취식 가능해서 좋네요.","베이커리빵(긍정), 공간편의시설(긍정)",010000100000
"한번쯤 가볼만한... 그렇다고 막 특별하진 않아요!","대상 모호(중립)",000000000000
"딸기케이크랑 밀크레이프 너무 맛있어요... 이메리카노는 진하게 해도 많이 안 쓰고 조았어욤","커피음료(긍정), 케이크(긍정)",101000000000
"라떼 맛집이라 해서 들렀어요. 원두도 선택 가능해요! 우유 온도도 적당하고 폼도 부드러워서 맛있었어요","커피음료(긍정)",100000000000
"오믈렛하고 요거트 보울이 제일 맛있어요!!","베이커리빵(긍정), 기타디저트(긍정)",010001000000
"맛있는 망고 빙수 맛집 찾아 먹으러 온 곳 소금빵은 개수제한 있고 포장 할수 있어요 내부 인테리어 구성이 좋아서 더 맘에 들어용","베이커리빵(긍정), 빙수과일(긍정), 분위기감성(긍정), 선물포장(긍정)",010010010010
"그라니따 엄청 맛있어요!! 직원분들이 친절하셔서 좋았네요 매장이 예뻐서 사진찍기도 좋은거 같아용","커피음료(긍정), 분위기감성(긍정), 서비스(긍정)",100000011000
"맛있지만, 네개는 많을때가 있어요. 두개정도씩도 판매했으면 좋겠어요.","베이커리빵(긍정), 가격가성비(부정)",010000000200
"프롤라 시그니처 에스프레소 티라미수 먹었는데... 마스카포네 치즈 크림 쌱올려 먹으니 이곳이 무릉도원이 아니겠어요?! 심지어 한 개 더 리필도 해주시고","커피음료(긍정), 케이크(긍정), 서비스(긍정)",101000001000
"따뜻한 아메리카노가 맛잇었구요 다양한 분야의 도서들이 있어서 선택의 폭이 넓었고 분위기가 차분해서 좋아요","커피음료(긍정), 분위기감성(긍정)",100000010000
"토스트가 피넛버터가 이렇게 꾸덕하게 발려있는데 이 가격이라니..!!! 인스타보고 혹해서 처음 와 봤는데 너무 맛있어요!!","베이커리빵(긍정), 가격가성비(긍정)",010000000100
"휘낭시에 너무 달지도않고 너무 맛있어요!! 100개도 들어갈 것 같아요 푸딩도 진짜 맛있어용 최고","쿠키구움과자(긍정), 기타디저트(긍정)",000101000000
"대만친구가 가고 싶어서 왔는데 네모라때랑 피스터치오 케이크 재미있어했어요!!","커피음료(긍정), 케이크(긍정)",101000000000
"겹이 잘 느껴지고 너무 맛있게 잘 먹었습니다!","대상 모호(긍정)",000000000000
"언제나 와도 편안하고 맛나요)","대상 모호(긍정)",000000000000
"미국이랑 일본에서 먹었던 맛이랑은 조금 다르네요 우유는 상하목장이라 좋았습니다","커피음료(중립)",300000000000
"소금빵이 맛잇고 밝고 화려햐요! 커피는 나쁘지않은데 초코쪽은 시럽맛.","커피음료(중립), 베이커리빵(긍정), 분위기감성(긍정)",310000010000
"빵이 맛있고 쫀득해요... 자두에이드도 상쿰하게 맛있네용!!","커피음료(긍정), 베이커리빵(긍정)",110000000000
"매장 자리 여유있고 케이크도 맛있게 먹었어요 화장실도 깨끗했구요!","케이크(긍정), 공간편의시설(긍정)",001000100000
"개성주악 중독성 있고 맛있어요!","기타디저트(긍정)",000001000000
"동네아지트너낌. 커피도맛있고. 친절하시고.","커피음료(긍정), 서비스(긍정)",100000001000
"한식 디저트 카페가 있다니 진짜 신기했고 이색 카페로 자주오고 싶어요!","기타디저트(긍정), 분위기감성(긍정)",000001010000
"만들어주신분이 손흥민 닮으셔서 깜놀했어요 엄청 친절하시고 좋았습니다","서비스(긍정)",000000001000
"메뉴가 빨리나와서 좋았습니다","서비스(긍정)",000000001000
"손님이 많아서 자리잡기 힘들지만 맛있어요 생일선물로 커피도구들 사기 좋아요","대상 모호(긍정), 혼잡도_웨이팅(부정)",000000000002
"울적해서 마실나왔는데 친절한응닥에 기분이 업되었어요 감사해요","서비스(긍정)",000000001000
"입구부터 카페의 컨셉이 독특해서 좋았어요 디저트도 다양하고 진철하고 너무 좋았아요","기타디저트(긍정), 분위기감성(긍정), 서비스(긍정)",000001011000
"요새 커피 종류별로 먹어보는데 다 맛있어요","커피음료(긍정)",100000000000
"딸기연유라떼 진심 찐으로 맛있어요. ... 사장님 죄송해요 다음에 많이 사먹으러 올게요","커피음료(긍정), 서비스(긍정)",100000001000
"특이한 컨셉의 디저트가 있어서 방문했는데 맛있어요! 매장도 깔끔하고 인테리어 및 분위기도 좋고","기타디저트(긍정), 공간편의시설(긍정), 분위기감성(긍정)",000001110000
"저게! 다 치즈케이크 라는 거 저 베이글 모양이 치즈케이크구요... 가격은 조금 비싼편인데 케이크 양 생각하면 막 비싼 건 아니구요 무엇보다 사장님이 증말증말 친절하세요 커피도 맛있어요!","커피음료(긍정), 케이크(긍정), 서비스(긍정), 가격가성비(중립)",101000001300
"망고빙수 너무 좋아요. 항상 여기 오면 먹어요.","빙수과일(긍정)",000010000000
"연말에 3주 연속 주문했는데 질리지 않아요 최고의 케이크!","케이크(긍정)",001000000000
"맛있고 좋아요 다음에 또 오고 싶어용!!","대상 모호(긍정)",000000000000
"아이와 시간보내기 좋았어요. 직원분 친절하시고 내부도 깔끔했고요. 물감 색이 더 다양했음 좋겠다 싶었어요. 음악이 좀 시끄러워 아쉬웠고요. 생각보다 넓지않아...","공간편의시설(중립), 분위기감성(부정), 서비스(긍정), 혼잡도_웨이팅(부정)",000000321002
"운 좋게 갓 구워져 나온 크루키를 먹게됐는데 진짜... 너무 맛있었어요... 사장님두 직원분들두 너무나두 친절하시어서... 토마토바질에이드도 영원히 해주시길...","커피음료(긍정), 쿠키구움과자(긍정), 분위기감성(긍정), 서비스(긍정)",100100011000
"맛, 분위기, 친절, 뭐 하나 빠지는게 없네요!","분위기감성(긍정), 서비스(긍정)",000000011000
"말차 수플레 퐁신퐁신하고 맛있어요 !!","기타디저트(긍정)",000001000000
"메론프로슈토빙수가 있다고 해서 와봤는데 양도 많고 맛있었어요 ... 젊은 사장님이셨는데 넘 친절하셨어요!","빙수과일(긍정), 서비스(긍정), 가격가성비(긍정)",000010001100
"가게 이쁘고 직원이 친절해요 아직먹기전이지만 맛있겠죠","분위기감성(긍정), 서비스(긍정)",000000011000
"인테리어가 정말 아름답고 세련됐습니다. 카페 메뉴도 전반적으로 맛이 훌륭했고, 특히 서비스로 제공된 바닐라 젤라또가 진하고 부드러워 인상적이었어요.","기타디저트(긍정), 분위기감성(긍정), 서비스(긍정)",000001011000
"베이글 맛집이라서 와봤는데 역시 맛있어요! 점심먹어야해서 크림브륄레 하나만 먹었는데 크림치즈그 너무 맛있어요! 그래서 다른맛들도 포장해가려구여","베이커리빵(긍정), 선물포장(긍정)",010000000010
"분위기도 좋고 책도 많아요. 자주 오고싶어요","공간편의시설(긍정), 분위기감성(긍정)",000000110000
"블루보틀은 처음인데 커피도 분위기도 좋습니다.","커피음료(긍정), 분위기감성(긍정)",100000010000
"커피가 맛있어서 점심시간에 자주와요!","커피음료(긍정)",100000000000
"빙수 맛집이였더라구요! ... 얼그레이 레몬아이스티랑 파르페가 진짜 맛있어요! 사장님도 너무 친절하시고 카페 분위기도 너무 좋았어요","커피음료(긍정), 기타디저트(긍정), 분위기감성(긍정), 서비스(긍정)",100001011000
"커피랑 디저트는 맛있는데 테이블 청소나 소독이 전혀 되지않는 곳인것같아요... 이점 빼고는 좋았던것 같습니다","커피음료(긍정), 기타디저트(긍정), 공간편의시설(부정), 서비스(부정)",100001202000
"옥수수 치즈케이크가 너무 맛있었어요. 추천합니당 직원분들도 너무 친절하셔서 기분까지 좋아졌네요 !! 인테리어도 예뻐서 사진 잘 나와서 대 만족","케이크(긍정), 분위기감성(긍정), 서비스(긍정)",001000011000
"딸기케이크 너무 맛있고 딸기도 왕창 들어잇어요!!!!! 딸기라떼도 맛나요!!! 카페가 넓고 클스마스 분위기 나서 조아요","커피음료(긍정), 케이크(긍정), 공간편의시설(긍정), 분위기감성(긍정)",101000110000
"유익한 시간이었고... 지브랄타를 직접 만들어 보는 것도 색다름 경험이었구요.","서비스(긍정)",000000001000
"팬케이크 따뜻몽글퐁실. . 너무너무 맛있구 좋습니다! 가게도 시끄럽지 않아서 이야기 하기 너무 좋구 일하시는 분들도 짱 친절하세요","기타디저트(긍정), 분위기감성(긍정), 서비스(긍정)",000001011000
"출근하면서 매일 도장 찍는 카페입니다 사장님이 항상 반갑게 맞아주셔서 즐거운 하루를 시작할 수 있습니다","서비스(긍정)",000000001000
"역 바로 앞에 있어서 접근성이 좋구 빵 종류도 많아요 커피도 맛있네용 디저트 다 맛있구 추천합니당","커피음료(긍정), 베이커리빵(긍정), 기타디저트(긍정), 공간편의시설(긍정)",110001100000
"차근차근 깔끔하게 알려주셔서 너무 좋았어요. 친구들연인들과 함께하기 딱 좋아","서비스(긍정)",000000001000
"유정란 순우유 타르트 먹어봤는데 부드럽고 고소한 맛이 입안에 퍼져서 좋았어요 한입 베어 물면 타르트 특유의 달콤함이 느껴져요","쿠키구움과자(긍정)",000100000000
"대형견 실내동반 가능합니다 만년설커피 아인슈페너같고 맛있어요! 반려견과 방문시 물도 제공해주십니다.","커피음료(긍정), 공간편의시설(긍정), 서비스(긍정)",100000101000
"휘낭시에 굽는 동안 담는 통도 꾸밀 수 있어서 더 재밌는 것 같아요... 그리고 휘낭시에가 진짜!!!! 맛있었어요","쿠키구움과자(긍정), 서비스(긍정)",000100001000
"커피는 다크블랜딩인듯해요. 그렇다고 쓴맛이 강하지 않아서 뜨아를 즐기기에 나쁘지 않네요. 인테리어는 힙한 느낌...","커피음료(긍정), 분위기감성(긍정)",100000010000
"가격 대비 뛰어난건 딱히 모르겠는데 그냥 소금빵입니다.","베이커리빵(중립), 가격가성비(부정)",030000000200
"커피, 디저트, 음악, 인테리어, 분위기까지 완벽했습니다. ... 직원분도 친절하고 공간 곳곳에 감성이 살아 있어서","커피음료(긍정), 기타디저트(긍정), 분위기감성(긍정), 서비스(긍정)",100001011000
"달달하구 맛있어용 수요일 저녁인데 대기 별로안하고 바로 들어왔어용","대상 모호(긍정), 혼잡도_웨이팅(긍정)",000000000001
"커피 가격이 합리적이고 맛도 좋습니다","커피음료(긍정), 가격가성비(긍정)",100000000100
"빙수 넘 맛있어요 알바생들 존잘 존예","빙수과일(긍정), 서비스(긍정)",000010001000
"여기 커피랑 도넛 진짜 맛있어요!!","커피음료(긍정), 기타디저트(긍정)",100001000000
"케이크는 담백하면서 버터향이 은은하게 퍼져서 커피랑 찰떡 조합이에요","커피음료(긍정), 케이크(긍정)",101000000000
"사장님 친절하시고 휘낭시에 너무 맛있어요!!","쿠키구움과자(긍정), 서비스(긍정)",000100001000
"페스츄리 호떡이라서 먹어보지 않을수가 없었답니다.? 커피도 맛있구 디저트도 맛있습니더!","커피음료(긍정), 베이커리빵(긍정), 기타디저트(긍정)",110001000000
"외관보다 내부 분위기 좋구 은은히 나오는 재즈 음악에 채광 좋아 대화 나누기 좋았어요 )","공간편의시설(긍정), 분위기감성(긍정)",000000110000
"서울숲섬타르 시그니처메뉴인 에그커피. 유정란에그타트 맛있네요","커피음료(긍정), 쿠키구움과자(긍정)",100100000000
"불친절하고 맛없고 시끄러움 테이블등 더러움","대상 모호(부정), 공간편의시설(부정), 서비스(부정), 혼잡도_웨이팅(부정)",000000202002
"뷰가 넘 예뻐요 비오는 날 운치있네요!","분위기감성(긍정)",000000010000
"커피도 너무 맛있었고, 친절하시어 더욱 좋았어요","커피음료(긍정), 서비스(긍정)",100000001000
"모임하러 10명 왔는데 너무 좋아요 음식도 맛있고 분위기도 좋아요","공간편의시설(긍정), 분위기감성(긍정)",000000110000
"까눌레랑 음료가 너무 맛있어요! 서비스로 휘낭시에도 주셔서 잘 먹었습니다","커피음료(긍정), 쿠키구움과자(긍정)",100100000000
"에그인헬도 따뜻하고 좋았고 살짝 매콤해요! 잼 고르는 재미도 있고 즐거웠습니다))","베이커리빵(긍정), 서비스(긍정)",010000001000
"소금빵 종류가 많았고, 맛있었습니다","베이커리빵(긍정)",010000000000
"성수동 오면 들러줘야하는 베이글 맛집 너무너무너무 맛있습니다 기본 베이글은 올때마다 품절.","베이커리빵(긍정), 혼잡도_웨이팅(부정)",010000000002
"밀크티 짱 맛있고 벌써 크리스마스 분위기라 좋아요 사진 짱 잘나와요","커피음료(긍정), 분위기감성(긍정)",100000010000
"정말 오렌지 하나를 다 갈아 넣어주셔서 엄청 상큼했고 쿠키는 왕귀여운데 쫀득하고 바삭해서... 사장님이 친절하게 음료 추천도 해주셔서","커피음료(긍정), 쿠키구움과자(긍정), 서비스(긍정)",100100001000
"이거 먹으러 성수온건데 너무 맛있었어요","대상 모호(긍정)",000000000000
"케이크 예약주문했는데 넘 귀엽고 크기도 적당해서 좋았어요!! 매장도 넓고 분위기도 좋아서","케이크(긍정), 공간편의시설(긍정), 분위기감성(긍정), 서비스(긍정)",001000111000
"커피는 맛있어요 빵은... 분위기 좋네요!","커피음료(긍정), 베이커리빵(중립), 분위기감성(긍정)",130000010000
"시나본은 말해뭐해 너무 맛있어요 아메리카노 천오백원 실화?","커피음료(긍정), 기타디저트(긍정), 가격가성비(긍정)",100001000100
"보카도는 바삭하고 짭쪼름한게 매력적이었어요. ... 전체적으로 만족합니다","베이커리빵(긍정)",010000000000
"활동적이고 분위기도 너무 좋아요bb","분위기감성(긍정)",000000010000
"아이스커피(카카오) 깔끔하고 맛있었어요. 쿠키도 정말 맛있네요. ... 조용하면서도 얘기나누기 좋고 편안해서","커피음료(긍정), 쿠키구움과자(긍정), 분위기감성(긍정)",100100010000
"업사이드 커피... 분위기 좋아요!! ... 테이크아웃 천원 할인해주셔서 저렴히 마실 수 있어서 좋네요","커피음료(긍정), 분위기감성(긍정), 가격가성비(긍정)",100000010100
"평일 10시 전 인데도 웨이팅이라니... 식빵이 어떻게 이렇게 맛있을 수가 있는지 놀랄 수 있어요! 라떼랑 같이 먹으면 극락...","커피음료(긍정), 베이커리빵(긍정), 혼잡도_웨이팅(부정)",110000000002
"음료수가 맛있고 인테리어다 예뻐요","커피음료(긍정), 분위기감성(긍정)",100000010000
"맛좋고 가격좋고 분위기좋아요","대상 모호(긍정), 분위기감성(긍정), 가격가성비(긍정)",000000010100
"자주 오는 곳인데, 분위기도 좋고 빵도 맛있어요","베이커리빵(긍정), 분위기감성(긍정)",010000010000
"성수에도 시나본이 생겨서 좋아요","대상 모호(긍정)",000000000000
"안달고맛있다고 다들 좋아해준 케이크입니다 어른들도 좋아하시네요","케이크(긍정)",001000000000
"커피가 너무 맛있아요 층고도 높고 시원하니 좋네여","커피음료(긍정), 공간편의시설(긍정)",100000100000
"인테리어도 멋지고 빵이 너무 담백하고 맛있어요!!","베이커리빵(긍정), 분위기감성(긍정)",010000010000
"우리동네에 내가 차리고싶음 카페","대상 모호(긍정)",000000000000
"베이글이 맛집 인정합니다!!","베이커리빵(긍정)",010000000000
"빵 비주얼에 눈 돌고 친절하시어서 눈 돌았어요 빵도 엄청 맛있네요 추천합니다","베이커리빵(긍정), 서비스(긍정)",010000001000
"베이글이 맛있어 보여요! 인테리어도 깔끔하고 먹고 가기도 좋아보여서","베이커리빵(긍정), 공간편의시설(긍정), 분위기감성(긍정)",010000110000
"얼그레이 밀크티랑 치사해 조합은 최고","커피음료(긍정), 케이크(긍정)",101000000000
"베이글과 커피 맛있네요. 오늘은 조용하게 잘 쉬고 먹고 갑니다","커피음료(긍정), 베이커리빵(긍정), 분위기감성(긍정)",110000010000
"만들기도 쉽고 재미있어요! 토핑 꾸미는것도 재미있고 데이트 코스로 좋아요!","서비스(긍정)",000000001000
"분위기도 너무 좋고 커피도 맛있어요","커피음료(긍정), 분위기감성(긍정)",100000010000
"커피 너무 분위기 좋아요. 서울숲 속에서 커피 한잔 하는 기분입니다 사랑스러운 카페에요","커피음료(긍정), 분위기감성(긍정)",100000010000
"미국느낌의 브런치를 먹고싶을때 오면 좋을 것 같아요","분위기감성(긍정)",000000010000
"소문대로 커피가 진짜 맛있네요!! ... 카푸치노 먹어야한다는 말이 괜히 나온게 아님... 직원분들이 밝게 맞아주는 모습이 인상적이었어요","커피음료(긍정), 서비스(긍정)",100000001000
"케미크 만메 딸기가 진짜 많마묘 맛밌게 먹멌습니다 )","케이크(긍정)",001000000000
"망고 듬뿍든 빙수 완전 맛있어요!","빙수과일(긍정)",000010000000
"너무맛있고 양도많아 실컷 먹었습니다 망고빙수 먹고싶으면 여기오세요 !!!","빙수과일(긍정), 가격가성비(긍정)",000010000100
"카페가 넓고 빵종류도 많고 마음에 드네요 또 올게요)","베이커리빵(긍정), 공간편의시설(긍정)",010000100000
"맛있어요! 메뉴도 다양하고 특이한 메뉴가 있어서 좋았어요! 분위기도 좋고 청결합니다","대상 모호(긍정), 공간편의시설(긍정), 분위기감성(긍정)",000000110000
"시그니처 초콜릿 자몽허니 블랙티 맛있어요","커피음료(긍정)",100000000000
"다른 망고빙수와는 완전 다르고 생망고가있어서 너무 맛있어요..","빙수과일(긍정)",000010000000
"가려던 곳이 자리가 없어서 급하게 검색해서 갔는데. 대만족.","혼잡도_웨이팅(부정)",000000000002
"지인한테 추천받아서 왔는데 매장이 넒고 쾌적해서 좋아요","공간편의시설(긍정)",000000100000
"너무 맛있게 잘 먹었습니다! 신박한 디저트 먹고싶으면 도전해보세요!","기타디저트(긍정)",000001000000
"가격대비 맛별로에요. 다음에 다시오지는 않을듯 싶네요.그리고 불친절합니다.","대상 모호(부정), 서비스(부정), 가격가성비(부정)",000000002200
"그냥 완전 맛나요. 주중이라 그런가 별로 많이 안기다려요","대상 모호(긍정), 혼잡도_웨이팅(긍정)",000000000001
"사진도 잘 나오고 가격도 저렴해서 자쥬 이용할 거 같아요 )","분위기감성(긍정), 가격가성비(긍정)",000000010100
"층고도 높고 좌석 간격도 떨어져 편해요 커피,빵 맛있어요","커피음료(긍정), 베이커리빵(긍정), 공간편의시설(긍정)",110000100000
"소금빵 진짜 너무 맛있어요 커피랑 어울림이 좋아서 같이 먹으면 힐링되네요 재방문할게요","커피음료(긍정), 베이커리빵(긍정)",110000000000
"음료도 맛있는데... 바닐라 라떼를 더 맛있게 먹었어요! 스탭들 친절하세요!","커피음료(긍정), 서비스(긍정)",100000001000
"매장이 청결하고 서비스가 좋아요! 음료부터 음식까지 너무 맛있었어요","커피음료(긍정), 베이커리빵(긍정), 공간편의시설(긍정), 서비스(긍정)",110000101000
"커피랑 디저트가 맛있네요 수박주스도 시원하고 맛있어요!","커피음료(긍정), 기타디저트(긍정)",100001000000
"잼이 너무너무 맛있어요... 바닐라 커스타드 크림 스프레드 구입했어요!!","베이커리빵(긍정), 선물포장(긍정)",010000000010
"평소에 너무 오고싶었는데 너무 맛있어요 ,, 특히 완두콩타르틴이 조화가 너무 좋고 또 오고싶어요","기타디저트(긍정)",000001000000
"생일겸 기분내고 싶어서 방문했습니당 분위기 너무 좋고! 아이스크림도 최고입니다 직원분들도 너무 친절하세요","기타디저트(긍정), 분위기감성(긍정), 서비스(긍정)",000001011000
"믿고 먹는 에낭 휘낭시에예요 에그타르트도 너무 맛있어요!!!","쿠키구움과자(긍정)",000100000000
"가성비 좋고, 맛도 좋아요!","대상 모호(긍정), 가격가성비(긍정)",000000000100
"두번째 방문 오렌지주스맛집 팬케이크, 오믈렛 강추","커피음료(긍정), 베이커리빵(긍정)",110000000000
"뺑스위스 너무 맛있는거같아요 이런 빵은 어떻게 만드는거죠....! 이제 탕후루 말고 뺑스위스 사달라고 해야게써요","베이커리빵(긍정)",010000000000
"매장이 작아서 대기줄은 밖에 있어야한다는것만 빼면..","공간편의시설(부정), 혼잡도_웨이팅(부정)",000000200002
"여러 디저트와 커피를 즐길 수 있는 곳이었습니다 음료와 디저트의 조화가 좋아 기분 좋게 즐기다 왔습니다","커피음료(긍정), 기타디저트(긍정)",100001000000
"근처 일이 있어서 들렸는데 노래도 너무 좋고 가게 인테리어도 이쁘네요 다음엔 시간내서 가게안에서 즐기고싶은 곳이에요 강추","분위기감성(긍정)",000000010000
"엄청은 아니어도 라떼 갠찮음","커피음료(중립)",300000000000
"플레이트는 무조건 먹어야할거같아요! 아이스크림랑 만 와인먹음 심심할거같아요 아이스크림은 치즈보단 사이드쪽(카카오나 옥수수)이 더나은것같아여","기타디저트(긍정)",000001000000
"커피, 응료 다 맛있어요. 역시 주말이라 사람이 많네요","커피음료(긍정), 혼잡도_웨이팅(부정)",100000000002
"조용한 분위기에서 생각정리와 나만의 힐링이 필요하다고 느끼신다면 당장 방문하세요 잡생각이 사라지고 편안한 시간을 담을 수 있어요","분위기감성(긍정)",000000010000
"음악도 좋고 커피도 고소하고 맛있어요! 데이트 장소로 딱입니다 다음번엔 저녁에 바 이용해보려구요","커피음료(긍정), 분위기감성(긍정)",100000010000
"직원분도 친절하고 음료도 맛있게 마셨어요.","커피음료(긍정), 서비스(긍정)",100000001000
"분위기가 너무 좋고 맛있어요 !","대상 모호(긍정), 분위기감성(긍정)",000000010000
"여름이라 덥고 모기가 덤벼대서 웨이팅 환경이 좋지 못해 보였음. ... 바질크림고구마 파니니 핵존맛!! ... 하지만 가격은 사악하다는 점","베이커리빵(긍정), 가격가성비(부정), 혼잡도_웨이팅(부정)",010000000202
"사람엄청 많고 빵은 살것도 먹을것도 없네요 오직 식빵만 있어요","베이커리빵(부정), 혼잡도_웨이팅(부정)",020000000002
"망고빙수가 너무 먹고 싶어서 유명해 보이는 곳 찾아왔는데 잘 온것 같아요 빙수가 완전 커요... 카페가 쾌적하고 시원해서","빙수과일(긍정), 공간편의시설(긍정)",000010100000
"빵 맛있어요! 종류도 많고 좋아요","베이커리빵(긍정)",010000000000
"홀리데이 머그 고민하다가, 구입했는데 품질도 좋고 정말 예쁘네요 볼수록 예뻐요 !!","대상 없음(굿즈)",000000000000
"다른 지점에 비해서 양이 너무 적음동그란 수저로 떠주시는데 밑에도 텅텅 빔..이런 지점은 처음임..","가격가성비(부정)",000000000200
"아아 메가리카노 양도 많고 좋습니다","커피음료(긍정), 가격가성비(긍정)",100000000100
"친구랑 성수 데이트 나와서 베이킹 예약하고 만들었는데 어렵지 않게 재밌게 잘 만들었어요오옹","서비스(긍정)",000000001000
"인테리어가 너무너무 이쁜 카페! 빵도 맛있고 커피, 티 모두 맘에 들더라는..","커피음료(긍정), 베이커리빵(긍정), 분위기감성(긍정)",110000010000
"인테리어가 예쁘길래 들어와봤는데, 페스츄리 빵이 있네요. 다음에 또 찾을 것 같아요!!","베이커리빵(긍정), 분위기감성(긍정)",010000010000
"통창에 뷰가 참 좋았어요! 협찬","분위기감성(긍정)",000000010000
"뷰도 너무 좋고 너무 이뻐요. 커피에 빙수 생딸기 최고에요","커피음료(긍정), 빙수과일(긍정), 분위기감성(긍정)",100010010000
"아침인데 주말이라 그런가 빵 종류가 많이 없었어요","베이커리빵(중립), 혼잡도_웨이팅(부정)",030000000002
"트리치즈케이크... 말차앙금과 치즈케이크의 조합이 새롭고 괜찮았어요! 약간 목 막히는 것 빼곤 맛있게 먹었어요... 파티션으로 나뉜 곳에 배치된 테이블 자리는 앉았을 때 앞으로 쏠리는 느낌이 있어서 약간 비추","케이크(긍정), 공간편의시설(부정), 분위기감성(긍정)",001000210000
"베이글 모양으로 생긴 치즈케이크 완전 신선한 컨셉이엇구 맛도 좋았어요!! 가게 내부도 깔끔하고 시끄지않아서","케이크(긍정), 공간편의시설(긍정), 분위기감성(긍정)",001000110000
"블루베리 바나나라떼... 양도 많은데 다른 곳도 아니고 성수동에서 5000원이면 가성비 짱짱이요... 사장님도 친절하시고 아주 좋았어요","커피음료(긍정), 서비스(긍정), 가격가성비(긍정)",100000001100
"망고빙수 짱크고 맛있어요 !!!! 완전 커요","빙수과일(긍정), 가격가성비(긍정)",000010000100
"여기 쿠키 맛집, 커피맛집 뚝섬 카페 쵝오","커피음료(긍정), 쿠키구움과자(긍정)",100100000000
"너무너무 이뿐 케이크 감사합니당.","케이크(긍정)",001000000000
"따로 캐치테이블이나 수기로 예약하는게 아닌 현장에서 직접 줄서서 웨이팅하는 방식이라 겨울에 너무 추웠어요... 직원들이 빨리 확인도 안하고 방치해둬서 답답했어요. 오후에 가면 파이도 거의 다 솔드아웃... 파이는 맛있었습니다","베이커리빵(긍정), 서비스(부정), 혼잡도_웨이팅(부정)",010000002002
"성수 데이트 코스 추천 레터링 케이크가 너무 만족스러워서 재방문했어요... 난이도 하 시간60분 맛 친절함 측정불가","케이크(긍정), 서비스(긍정)",001000001000
"가격이 좀 비싸지만 진하고 맛있습니다. 빵은 안먹어봤지만 맛있어보이는 빵들 많아요","커피음료(긍정), 베이커리빵(긍정), 가격가성비(부정)",110000000200
"분위기 좋고 위스키를 부담없이 즐길 수 있어요!","기타디저트(긍정), 분위기감성(긍정)",000001010000
"타르트가엄청 크고 먹음직스러워요 지나가다 들렀는데 좋아용","쿠키구움과자(긍정)",000100000000
"커피가 너무 맛있어요 딸기 프레지에도 맛있습니다","커피음료(긍정), 케이크(긍정)",101000000000
"커피 너무 맛있어요 빵도 맛있어요","커피음료(긍정), 베이커리빵(긍정)",110000000000
"커피맛도무난하고 토스트양이 진짜많아요 샐러드도상콤했어요","커피음료(중립), 베이커리빵(긍정)",310000000000
"개마싯어요 늘 사먹는거에요 재출시되서 너무 좋아요","대상 모호(긍정)",000000000000
"음료와 빵 모두 맛있고 한입 베이글이 귀여워요!!","커피음료(긍정), 베이커리빵(긍정)",110000000000
"매장이 넓어서 자리가 많아요. 그런데 커피도 맛이없고 딸기우유도 별로에요 금액이 왜 비싼지 모르겠어요","커피음료(부정), 공간편의시설(긍정), 가격가성비(부정)",200000100200
"아늑한 매장. ... 주문하고 커피받는데 좀 오래걸리긴 했지만 대화하기 괜찮은 카페.","커피음료(긍정), 분위기감성(긍정), 서비스(부정)",100000012000
"맛은 보통인데 넘 비싸게 팔아요 ... 잠봉뵈르 먹다가 이 나갈뻔 빵이 딱딱하기도 한데 ... 토마토 소스 패키징은 귀여운네.. 그냥.. 폰타나가 나을듯","베이커리빵(부정), 가격가성비(부정), 선물포장(긍정)",020000000210
"피넛버터... 건강에도 좋고 맛도 맛있고 직원분들도 친절하시고! 카페 아늑해서 있다가 오기도 좋을 것 같아요","베이커리빵(긍정), 공간편의시설(긍정), 서비스(긍정)",010000101000
"커피는 소소 루이보스도 소소 레몬케잌은 밀가루가 안에서 뭉쳤는지 식감이 음 고구마크로와상은 맛났음 매장은 넓어서 쾌적한 느낌","커피음료(중립), 베이커리빵(긍정), 케이크(부정), 공간편의시설(긍정)",312000100000
"주문하자마자 바로 붕어빵 구워주시고 사장님도 넘넘 친절하세요!!!","베이커리빵(긍정), 서비스(긍정)",010000001000
"딸기 크럼블 치즈케이크... 신맛 하나도 안 나고 넘 달달하고 맛있었어요... 한 가지 아쉬운 점은 딸기 철이 아니어서 그런지 딸기들이 싱싱하지 않고 좀 오래되어 보여서","케이크(중립)",003000000000
"커피랑 와인 위스키까지 다 한곳에서 먹을 수 있어서 넘좋아요! 특히 저녁에 오면 분위기 최고에요","커피음료(긍정), 분위기감성(긍정)",100000010000
"디저트랑 커피가 너무너무 맛있어요","커피음료(긍정), 기타디저트(긍정)",100001000000
"보카도라는 이색디저트... 보카도랑 코코넛아이스크림이 꿀조합이구요. 카카오크림도 같이 찍어먹으면 최고!","베이커리빵(긍정), 기타디저트(긍정)",010001000000
"성수올때마다 들려서 잼 사고있어요! ... 잼이 나오는모습을 직접 볼수있어서 좋아요","베이커리빵(긍정), 분위기감성(긍정)",010000010000
"분위기가 너무 좋고 테이블 간격도 좋아요... 공영주차장이랑 가까워서 아주 좋아요","공간편의시설(긍정), 분위기감성(긍정)",000000110000
"한적하게 식사하고 얘기 나누기 좋아요! 생각보다 더 맛있어서 좋은 시간이었어요) (샐러드 양 왕 많아서 왕 좋네요))","베이커리빵(긍정), 공간편의시설(긍정), 혼잡도_웨이팅(긍정)",010000100001
"분위기도 너무 좋고 직원분께서도 친절하게 설명해주셨어요! 여유로움과 LP바의 매력을 즐기시려면 주말보다는 평일을 추천한대요!","분위기감성(긍정), 서비스(긍정)",000000011000
"소금빵 앙버터두 유명하지만 치아바타도 정말 맛있어요","베이커리빵(긍정)",010000000000
"공간이 넓고 안락해서 편안히 대화하기 좋아요! ... 맛있는 커피랑 디저트는 덤이고, 직원분들도 친절하서서 자주자주 올 것 같아요","커피음료(긍정), 기타디저트(긍정), 공간편의시설(긍정), 서비스(긍정)",100001101000
"커피 맛있어요 디저트도 화려합니다!","커피음료(긍정), 기타디저트(긍정)",100001000000
"인테리어가 팝적이고 독특하네요. 아메리카노 테이크아웃 2천원!","커피음료(긍정), 분위기감성(긍정), 가격가성비(긍정)",100000010100
"커피 너무맛잇고 분위기좋아요","커피음료(긍정), 분위기감성(긍정)",100000010000
"커피가 너무 맛있어요. 최애는 샴페인 5oz 라떼","커피음료(긍정)",100000000000
"연말 분위기 즐기러 오시기 너무 좋을 것 같아요! 사장님도 너무 친절하시고 특히 아이스크림 진짜 정말 너무 맛있어요","기타디저트(긍정), 분위기감성(긍정), 서비스(긍정)",000001011000
"에스프레소 처음 한 입 먹는 순간 쓴맛보다는 다른 맛이 풍부하게 나고 너무 좋네요. 스톤 슈페너도 흑임자 크림과 커피가 너무 잘 어울려요","커피음료(긍정)",100000000000
"힙하고 세련된 느낌의 카페에요! 분위기 너무 좋고 루프탑까지 있어서 날씨 좋은 날에 무조건 러프러프 가야합니다! ... 음료도 맛있고 비주얼까지 완벽해서 추천합니다","커피음료(긍정), 공간편의시설(긍정), 분위기감성(긍정)",100000110000