Original_Review,label
디저트가 흐트러지지 않게 박스에 고정을 너무 잘 해주셨네요.,000000000010
꿀라떼 맛집입니다! 강추합니다,100000000000
"에어컨 안틀어서 그런지 들어올때 공기도 탁하고, 후끈했어요,,, 특히 공기순환 안되서 그런지 안좋은 냄새가 문열자마자 훅 났어요,,,",000000200000
"햇살이 부드럽게 들어오는 창가 자리에서 마신 라떼 한 잔 공간이 주는 여유로움이 하루의 피로를 다 녹여줬다. 잔잔한 음악, 따뜻한 향기, 그리고 느리게 흐르는 시간. 그냥 잠시 멈춰 있고 싶어지는 곳.",100000110000
젤리 식감이 너무 딱딱해서 씹기가 힘들고 맛도 인위적입니다.,000002000000
맛있어요! 케이크 존맛 라떼 존맛,101000000000
디카페인도 추가금 없고 라떼에 기본으로 락토프리 우유 사용하는것도 너무 좋아요,100000000100
가성비도 좋고 맛도 좋고 사장님도 착하세요!! 감사합니당,000000001100
커피 맛은 그냥 무난한 편이라 크게 호불호가 갈리지 않을 것 같아요.,300000000000
커피도 맛있고 크루아상도 맛있었어요.,110000000000
파인애플이 너무 셔서 입천장이 까질 정도였습니다. 선별이 안 된 듯.,000020000000
유기농 잼을 사용한 요리래요! 넘 맛있어요. 데이트 잘하고 갑니다,000001000000
우유얼음에 맛좋은 흑임자 빙수네요. 다만 스푼이 너무 짧은 미니라서 떠먹기 불편군요,000010200000
라떼 아트가 심상치 않았는데 역시나 세계 챔피언이시더라구요! 커피도 너무 맛있고 분위기도 좋고 사장님도 너무 친절하셔서...,100000011000
뵈르니 케이크 덕분에 행복한 기념일 보냈습니다! 정말 세상 화려하고 예뻐서 기념일뿐만 아니라 웨딩케익으로 써도 좋을 거 같아요.,001000000000
자주와서 먹을수록 더 맛있는 베이글이에요,010000000000
빵이 바로 나와서 따끈따끈해서 좋았어요,010000000000
특이하고 예뻤어요 디저트도 예쁘고 커피도 맛있었어요,100001010000
옥수수 미쳤어요! 옥수수 크림라떼 옥수수 프렌치토스트 두번 세번 드세요... 사장님도 친절하시고 정성 이 느껴지는 맛입니다,110001001000
친절하시고 빨리나와서 출근전에 항상 들려요,000000001000
다먹어갈때쯤 샌드위치에 파스타건더기좀 넣어서 먹으면 짱맛이었어요... 파스타에같이있던 식빵두조각도 먹어보니 우유맛도느껴지는거보니 그냥식빵사도 맛있을거같아요!,010000000000
사장님이 정말 친절하시고 인테리어가 너무 예뻐요지난번에 왔다가 너무 예쁘고 음료에 디저트까지 맛있어서 또 왔는데 역시 실패없는 뉴앳던입니다,100001011000
넓고 대화하기는 좋아요. 커피는 쏘쏘. 빵은 맛없음. 화장실 가기도 블편했음,320000200001
바질토마토 에이드가 생각보다 너무 맛있어요 디저트도 쫀맛...,100001000000
친구 추천으로 와봤는데 너무 친절하시구 맛도..진차 맛도리,000000001000
비건 쿠키라는데 일반 쿠키보다 훨씬 담백하고 맛있어서 놀랐습니다.,000100000000
촬영차 방문했습니다! 커피도 맛있고 사장님도 친절하셔서 재방문 할 생각입니다!,100000001000
분위기도 좋고 맛도 최고예영.. 다음에는 더 달게해서 먹어보겠슴당,000000010000
탐앤탐스! 십여년만인가요... 24시였네요 여행 예약해야 되는데 집에선 계속 딴짓해서 늦게 나와서 잘하고 갑니다,000000100000
지나가다 들어왔어요 요요요좋아요요 버러쿠우키 너어무 맛있엉,000100000000
식사 후 디저트 타임에는 손님이 집중적으로 많아지네요.,000000000003
네이버에서 보고 너무 맛있어보여서 왔는데 케이크도 다 예쁘고 맛있어용 레몬 머랭 케이크가 특히 맛있습니당,001000000000
계산 실수 시 바로 잡아주긴 하는데 사과가 아주 정중하진 않아요.,000000003000
딸기핀 안에 딸기 크림 듬뿍 상큼 달달 베이커리 종류 많고 다 비주얼 굿... 항상 사람이 많아서 좋은 자리는 하늘에 별따기,010000000002
사진 드럽게못찍네요.. 메뉴는.. 입니다 식사 후 커피를 드시는건 건강에 좋지 않아요. 위가 늘어나고 위액이 희석됨 뿐 아니라 카페인은 알코올을 받아들이는 신체반응과 비슷해서 분해 1순위가 되다보니 식사로 드신 영양소가 살찌는 영양소가 된답니다 그러니 디카페인으로 드시고 라떼로 드셔보세요 카페인으로 소모되는 단백질을 우유로 보충 그만할게요,300000000000
포장지 색깔이 너무 칙칙해서 선물 받는 사람이 오해하겠어요.,000000000020
맛있고 공간도 이쁘고 베이커리 저렴한 것만 더 메뉴에 추가되면 좋을 거 같아요,030000110000
컵 사이즈 선택이 가능해서 취향껏 고르면 될 듯요.,000000000300
베이글 가게가 새로 생겨서 왔어요! 베이글 샌드위치 종류도 다양해서 고르는 재미가 있을 것 같아요. 담엔 샌드위치 먹어보려고요,010000000000
라떼아트 챔피언 커피는 어떨까 하고 궁금해서 방문했는데 너무 맛있었어요... 에쏘 메뉴도 하나 더 마셨는데... 너무 맛있었네요,100000000000
아이스크림이랑 와인 조합이 너무 좋았어요!! 또 방문하겠습니다,000001000000
메이왕에그타르트 성수핫플 사이즈가 기존 타르트보다 훨씬커요. 3구세트 2개 구입해서 1세트 언니 선물로 주고...,000100000010
일찍 오픈하셔서 브런치로 먹기 좋아요 더운 여름인데 매장이 시원합니다,000000100000
나들이 하고 싶어서 오랜만에 성수 카페 갔는데 너무 제 스타일이였어요 커피랑 케이크가 생각보다 많이 달지 않아서 입맛에 딱 맞았어요 게다가 직원분들 다 친절하셔서 기분 좋게 쉬다 왔네요 재방문 의사 있습니다!,101000001000
음악 소리가 너무 커서 일행이랑 대화하는 게 불가능할 정도예요.,000000020000
서울숲을 걷고 바람이 너무 불어 급하게 피해 들어온 카페친구와 간만에 공원뷰 보며 수다,000000010000
딸기라떼가 참 맛있어요. 인테리어가 고즈넉하니 참 예쁘요.,100000010000
추천해주신 러프포레스트 신메뉴 마셔봤는데! 단짠단짠 자꾸 생각나요오... 딸기크럼블치즈케이크는 어쩜 그렇게 꾸덕한건지!!!,101000010000
진짜 맛있어요 ! 지난번 말차도 맛잇고 망고도 맛잇엇어요!,000000000000
구움과자 개별 포장지는 투명해서 내용물이 잘 보입니다.,000000000030
정원이 있는 카페라 도심 속에서 자연을 느끼기에 최고였습니다.,000000010000
커피가 친절하고 사장님이 맛있어요.,100000001000
빙수 먹는데 과일 씨가 계속 걸려서 먹기가 너무 불편했네요.,000020000000
친절하고 맛있어서 좋아요,000000001000
스윽 쇼핑하기도가볍게 식사하기에도 좋아요,010000000000
포장 속도는 적당히 평범한 수준이라 기다릴 만했습니다.,000000000030
빵 테이크아웃 했어요. 아몬드튀일은 담백한 맛이었어요. 두툼합니다. 비가 와서 그런지 살짝 눅눅했지만 먹을만했어요. 소금빵이 대표 메뉴라 소금빵 하나와 쌀소금빵 하나 샀어요,030300000000
대기줄이 있어도 금방 줄어 비교적 빠르게 구입했습니다!!프레첼 너무 맛있게먹었습니다,010000000001
"소금빵베이글 맛이에요! 줄은 매장이 더 빠르고, 그때그때마다 재고가 달라서 기다렸다가 나오면 구매가능해요! 바질이랑 피칸 들어간게 맛있었어요",010000000003
"매장이 특색있고 트렌디함. 실내석, 야외정원 테이블, 옥상테이블 있어서 넓지만 그만큼 사람들도 많음. 화장실은 옛날건물이라 조금 무서움.",000000210002
수박주스가 수박 100프로라구 해서 왓어용! 넘 마시싸용!!!,100000000000
맛있게 잘 먹었습니다!,000000000000
가격 인상 공지가 입구에 붙어 있어서 미리 알았네요.,000000000300
성수대형카페 분위기 좋고 커피와 디저트도 맛있어요,100001010000
초코소금빵?이 제 취향을 저격했어요 다른 빵들도 맛있고 친절하시고 좋아요,010000001000
분위기 좋은 와인바 아이스크림 너무 맛있어요 잘 놀다갑니다 !,000001010000
넓고 깨끗해서 좋아용,000000100000
"블루베리 페스트리 너무나 맛있어요. 곁들이는 크림 역시 너무 달지 않고 전반적으로 밸런스가 잘 잡힌, 훌륭한 맛입니다. 오우드는 매일 도장깨기 하는 맛이 있어요. 한동안 모든 메뉴 다 먹어보려고요!!",010000000000
포장 주문 시 사이즈 업 안 된다고 해서 기분 좀 상했습니다.,000000000020
"너무 맛있어요 티라미수, 모찌 맛집 인정... 날씨도 좋아서 테라스에서 먹어도 좋을 것 같네요",001001100000
너무 맛있어요. 분위기도 좋고 친절하셔요,000000011000
제철 과일 주스가 정말 신선하고 당도가 높아서 최고였어요.,100000000000
귀여운 베이글과 커피한잔으로 이야기 꽃을 피워요,330000000000
베이글이 질겨도 너무 질겨서 고무 씹는 느낌이었네요.,020000000000
예약은 네이버로 미리 하고 가면 대기 없이 입장됩니다.,000000000003
조용하고 깨끗하고 좋아요,000000100001
소금빵이랑 그 외 빵들도 종류가 다양하고 또 오고 싶을 정도로 맛있어요!,010000000000
커피도 맛있고 레몬파운드케이크도 맛있음,101000000000
너무 더웠는데 시원하게 망고빙수 맛있게 먹었습니다! 양도 많았고 친절하시어 너무 좋았어요!,000010001000
쇼핑백이 너무 약해서 들고 가다가 손잡이가 툭 끊어졌네요.,000000000020
"대화하기에 분위기가 좋고, 주문한 아이스크림 전부 실패없이 맛있었어요!",000001010000
청포도 빙수 토핑이 듬뿍 올라가서 비주얼도 맛도 만점입니다.,000010000000
잼을 활용한 음식들이 다 너무 제 취향이었어요 또올게요!,000000000000
과일 플레이팅이 사진이랑 너무 다르고 대충 담아준 느낌이에요.,000020000000
망고아이서커림넘모 마싯네영!!! 매우 친절하세요,000001001000
"프랑스 건강빵이 가득한 곳 줄서는 빵집 8시 오픈해서 좋고, 금방 나온 빵을 먹을 수 있어서 넘 좋다!",010000000002
키오스크 개불편. 다른건 조하,000000200000
웨이팅 번호표가 디지털 화면에 표시되니 확인 잘 하세요.,000000000003
부산 촌년 성수동 핫플와서 커피마시는데 너무 맛나요,100000000000
분위기도 너무 예쁘고 맛있어요. 방송탔다해서 대기 있을 줄 알았는데 운좋게 바로 들어 갔습니다. 주차는 안돼요.,000000210001
생각외로 외국인이 친구 가족단위로 많아서 놀랐어요 그만큼 브런치 정통 맛집이라는 뜻이겠죠,010000000000
성수 밀도 너무 맛있어요!!! 근데 제일 애정하는 큐브초코 이제 안 판다고해서 너무 슬프네요 사장님 큐브초코 엄청 맛있어요 지인들 선물로도 인기 만점이었는데 꼭 다시 팔아주세요,010000000010
맛있고 분위기도 좋아요,000000010000
예전부터 오고싶었던 곳이라 예약하고 방문했어요! 너무 이쁘고 맛있어요,000000010000
너무 맛있어서 땅콩버터는 여기서만 사요!!! 진짜 최고에요!!!!,000001000000
커피 너무 맛나구여 카페가 넘 이뻐서사진 찍기 딱이에요!!... 크로플도 넘 맛나요,100001010000
포장장지가 눅눅해져서 민망했어요.,000000000020
망고 빙수라고 시켰는데 망고가 너무 시고 딱딱해서 실망했어요.,000020000000
넓은 공간에 라운지 느낌의 카페라 좋아요!,000000110000
카페 분위기가 넘 좋고 직원분들도 친절하세요 음료도 가성비 좋고 달달했어요,100000011100
와 레드벨벳 케익 꼭 드셔보세요!!! 역대급 좐맛,001000000000
성수에서 딸기케이크 진짜맛있는곳커피도 맛있네용,101000000000
자몽 티는 쌉싸름한 맛과 단맛이 반반 정도 섞인 맛입니다.,300000000000
가방이나 옷을 둘 곳이 마땅치 않아 무릎 위에 두고 마셨네요.,000000200000
커피 한잔에 한시간을 기다려야 되는건 정말 화가 나네요.. 두번은 못갈 것 같습니다,000000002002
매장도 시원하고 데이트하기 좋네요 케잌들도 이쁘구 마음에 드는 카페에요 ),001000110000
주차가 불편하지만 소금빵이 너무 맛있어요,010000200000
파운드 케이크는 슬라이스로도 팔아서 부담 없이 먹기 좋네요.,000100000000
빵은 카라멜 바나나슈 빵이 너무 달아요. 메뉴를 잘 골라야 할듯해요.,030000000000
테이블마다 콘센트가 있어서 노트북 작업하기 정말 최적의 장소예요.,000000100000
커피에 늘 마려운 1인이 처음으로 성수동에 이사오길 잘했다고 느끼는 곳. 앞으로 커피는 여기입니다. 적게일하고 많이 버십쇼,100000000000
분위기가 너무 좋고 작업하기에 좋아요 그리고 커피가 넘나 맛있습니당,100000010000
보카도라는 이색디저트... 보카도랑 코코넛아이스크림이 꿀조합이구요. 카카오크림도 같이 찍어먹으면 최고!,010001000000
기다린만큼 맛있었어용 ! 크리스마스 인테리어도 넘 옘뻐요 !,000000010003
꺄아악 너무 맛 있어요 장봉버터 아주 깔끔한 환상조합 강추!!! 연어 베이글 샌드위치 도 으음 너무 너무 싱그러운 맛!!! 또 올꺼예용 재방문 1000000 입니당,010000000000
분위기 너무 좋고 아이스크림도 너무 맛있어용!!,000001010000
웨이팅 등록 후 근처에서 놀다가 방문했는데 너무 맛있어요 특히 기본 도넛을 강추합니다!,000001000003
딸기빙수 원탑이에요! 기본에 충실한 맛이고 카페 내부도 청결하고 조아요,000010100000
분위기가 정말 시원하고 쾌적해서 좋았어요... 바스크 치즈케이크를 먹었는데...,001000110000
사진이랑 실제 매장 분위기가 너무 달라서 낚인 기분이 들었어요.,000000020000
맛있고 예쁘고 가격도 합리적입니다,000000010100
카페디자인은 좋은데 넘 시끄러요,000000010002
스토어 왔는데 시원하고 새로워요,000000100000
티라미수가 너무 축축해서 빵이 아니라 물 마시는 기분이었음.,002000000000
"빵이 맛있고 가격도 적절한 성수빵집, 시그니쳐 빵인 대파크림베이첼은 친구가 구매해서 빵집앞에 서서 맛봤는데 크림이 달고 대파향도 살짝났고 개적으로 좋아하는맛 그외 몇가지 구매후포장 치즈올리브 치아바타 맛있었고 뺑오쇼콜라는 텐트밖 프랑스에서 보고 넘기대해서인지 그냥 그랬어요. 성수동가면 또 가고싶어요",010000000110
웨이팅 하는 사람들 눈치 보여서 커피를 코로 마시는 기분.,000000000002
"성수는 메인거리에는 수많은 카페가 있는데 어딜가도 전부 좌석이 하나도 없어서 가게 되었는데 통창유리에 깔끔한 금박 훔볼트 라고 적힌 간판을 발견 고급진 외관에 드넓은 내부, 화이트톤의 호텔같은 분위기! 샹들리에가 굉장히 멋져서 눈에 띄었다 베이커리가 굉장히 다양하고 커피와 음료도 많다 너무 맛있어보여서 고심끝에 딸기티라미수,딸기차,치즈바게트,밀크티를 시켰는데 진짜 티라미수 입에서 녹는다.. 딸기차도 생각보다 양이많고 비주얼은 별로인데 맛은 또 좋아서 의외로 놀랬다. 사람도 많고 대형카페인데 조용한 분위기라 대화하기 넘 좋아서 강추한당",111000110001
롯데월드몰에서 먹었는데 맛있어요 다들 줄 서있어서 뭔가 했는데 아이스크림이 진하고 맛있네요,000001000002
"포레스트 성수 빙수 퀄리티 진짜 최고예요! 밀크티넛 빙수를 먹었는데, 밀크티 향이 제대로 느껴지고 견과류 식감도 좋았어요. 다음엔 다른 빙수들도 먹어봐야겠어요.",000010000000
"성수에 분위기 좋은 와인바입니다. 아이스크림 가격도 괜찮고, 특히 크림블루치즈 아이스크림이 되게 색다르게 맛있습니다. 루프탑도 있어서 선선한 날씨에 방문하기 좋을 것 같습니다.",000001110100
첫 베이킹인데 너무 아늑하고 좋은매장에서 배울수있어서 정말 좋았어요!,000000011000
카페가 너무 예쁘고 귀여워요 친구랑 재밌게 놀았어요,000000010000
디저트는 이 근처 카페들이랑 비슷한 수준이에요.,000003000000
"커피가 진짜 맛있어용 라떼가 넘 꼬숩고 맛나니깐 꼭 드셔보세용,,,",100000010000
성수에 남자친구랑 데이트하러갔다가 태연이 다녀갔다는 성수카페 한입베이글에 다녀외써요 오픈한지 얼마 안됐다는데 연예인들 왔다갈 정도의 맛? 진짜 맛있어요 왜 왔다갔는지 알겠더라는 앞으로 더 유명해질것같아요,010000000000
베이글 쫄깃하고 맛있어요! 맥주 가격행사하고있어서 좋아요 한가지 아쉬운건 좌석이 더 많아졌으면 좋겠어요,110000200100
네이버로 주문하고 찾아가는거 편해용,000000001000
맛있는 빙수와 수제케이크 즐기며 힐링 제대로 했어요!!,001010000000
맛있구 직원분도 착하세요!!,000000001000
서비스가 아주 훌륭한 건 아니지만 동네 카페 수준으로는 적당함.,000000003000
아늑한 매장. ... 주문하고 커피받는데 좀 오래걸리긴 했지만 대화하기 괜찮은 카페.,100000012000
디올 건물뷰 볼 수 있어요 내부 깔끔했어요 화장지 다 떨어져서 아쉬웠어요 달라 하니 티슈 세 조각 주시는 게 아쉬웠어요,000000212000
카페가 넓고 야외좌석에서 햇볕쐬기가 좋아서 요즘 자주 들르는 곳입니다.,000000100000
분위기 좋고 커피도 맛있어요 공간이 넓어서 좋아요,100000110000
개인 텀블러 사용했더니 깨끗이 씻어주시고 할인도 해주셨어요.,000000001000
스콘은 플레인 맛이 가장 기본적이고 무난한 것 같아요.,000300000000
말차 케이크 유명하다더니 치즈케이크도 어어어어엄청 맛있네요! 유명한데는 이유가 있네요!! 완전 추천! 가게는 좀 아담한 편이긴 해요 주말에는 대기있을지도....?,001000200003
편안한 분위기에서 맛있게 만들수 있었습니당,000000010000
"우연히 방문했는데,,일상 속 여유로움을 선물해주는 카페였어요",000000010000
빵순이라... 성수 소금빵 돌아다니면서 다 먹는데...... 진짜 인생 최악의 소금빵이네요 기름 범벅..... 한개 먹고 속이 느글느글 거리네요. 겉바속촉이 아니라 눅눅 기름이 뚜뚝 떨어집니다.. 마치 명절때 기름 가득한 전 엄청 먹은 것 같아요. 빵 먹고 나면 입 주변이 기름으로 번들번들.... 인테리어나 포장에 신경쓰기보단 맛에 신경쓰셔야할 것 같습니다.,020000020020
분위기도 너무 좋고 커피도 맛있어요,100000010000
완전 카공을 위한 카페에요 초코우유 완전 찐해요..!,100000010000
쪽파 베이글 너무 맛있어요너무 배고팠는데 한입에 다 먹었어요 다음에 또 올 예정,010000000000
나갈 때 문까지 열어주시며 인사해 주시는 모습이 인상적이었습니다.,000000001000
망고빙수 짱크고 맛있어요 !!!! 완전 커요,000010000100
빙수 시럽 양을 적게 해달라고 부탁드렸더니 딱 좋았습니다.,000030000000
쿠키들이 대체로 다 맛잇고 쿠키 디자인도 귀욤뽀짝하고 달달구리하게 맛잇었습니다! 커피도 탄 내 안나고 따땃하니 맛나게 잘먹었습니다,100100000000
너무 맛있어요!!!!!! 파삭하고 맛있어서 맨날 생각나는 맛,000000000000
포장을 너무 대충 해주셔서 집에 오니 케이크가 다 뭉개짐.,000000000020
커피랑 디저트 전부 맛있었어요,100001000000
붕어빵소금빵 너무 먹고 싶었는데 맛있네요! 망고빙수도 최고입니다 성수에서 핫플 맛집입니다!,010010000000
맛있어요! 메뉴도 다양하고 특이한 메뉴가 있어서 좋았어요! 분위기도 좋고 청결합니다,000000110000
다 맛있었는데 전 콘 에그타르트 강추!!! 그리고 내부 인테리어 정말 이뻐요,001000010000
"단호박스프,라자냐,삼치파스타 주문해서 먹었습니다 다 맛있었는데, 삼치파스타가 은근 기대안했는데 더 맛있네요 맛있게 잘먹고 갑니다",010000000000
연남동에서 디저트 맛집으로 유명한 작당모의가 성수에 오픈했다고 해서 온 보람이 있습니다. 상큼한 디저트와 맛있는 커피에 감각적인 인테리어까지 어우러진 서울숲 최고의 카페가 될 것 같네요bb,100001010000
빽다방의 달달한 카페라떼,300000000000
분위기 좋은 카페입니다 강추해용,000000010000
성수에 이렇게 맛있는 베이글집이 있다니 다들 가보세오 두바이 눈물나는 맛,010000000000
넓은공간 많은종류의 빵 맛있는 커피,110000100000
빙수 얼음 자체가 우유 얼음이라 그냥 먹어도 고소하고 맛있습니다.,000010000000
커피랑 하이볼 같이 있어서 저녁시간에 방문하기 좋았어요! 바나나푸딩 사장님 추천으로 주문했는데 추천해주신 이유가 있네요,100001000000
성수 데이트 코스 추천 레터링 케이크가 너무 만족스러워서 재방문했어요... 난이도 하 시간60분 맛 친절함 측정불가,001000001000
성수동은 뚝도시장만 아는 친구가 놀러와서 성수감성 카페를 어디를 데려갈까 고민하다가 여기가 좋겠다 생각해서 방문했어요 뷰가 정말 멋있고 평일 낮에는 사람도 적어서 한적해서 너무 좋아요! 참고로 주말엔 사람 엄청 많습니다,000000010003
직원분들이 손발이 착착 맞아요. 빠르게 수령 가능 !,000000001000
맛있어요 커피도 맛있고 예뻐요,100000010000
우연히 들어갔는데 크로플도 도톰하니 맛있고 좌석도 편해요!,000001100000
노래도 좋고 분위기가 너무좋아요!! 성수동카페거리라 접근성도좋고! 또올게요,000000010000
쿠팡이츠로만 먹다가 처음 와봤어요! 매장 예뻐요 맛은 말모! 맛있음,000000010000
이물질이 있어서 당연히... 전혀 사과 안했어요. ... 그렇게 맛있는것도 아니고... 인사성은 없는게 기본이고 홀도 비위생적인듯.,000000202000
음료도 맛있는데... 바닐라 라떼를 더 맛있게 먹었어요! 스탭들 친절하세요!,100000001000
요거트 스무디 농도가 딱 적당해서 빨대로 마시기 편합니다.,300000000000
분위기 좋고 케이크랑 음료도 너무 맛있습니당,101000010000
빙수 양도 많고 너무 맛있어요! 생망고도 통으로 올라가있어서 좋았습니다. 머리가 띵할정도로 시원해요,000010000000
원두 선물 세트 구성이 알차서 커피 좋아하시는 분께 드림.,000000000010
피넛버터... 건강에도 좋고 맛도 맛있고 직원분들도 친절하시고! 카페 아늑해서 있다가 오기도 좋을 것 같아요,010000101000
초코케미크가 너무 맛밌머묘.. . .,001000000000
사진도 잘나오고 엄청 이쁜 카페에요!,000000010000
케이크 시트가 너무 퍽퍽해서 음료 없이는 목이 막혀 못 먹음.,002000000000
친구 생일에 기념일 케이크로 복숭아케이크 주문했는데 대박,001000000000
버터소금이랑 초코 맛나요,010001000000
당일예약도 가능하고 너무 좋아요! ... 초코 시트 같은데 초코맛은 하나도 안났고 크림치즈 맛이 강한거 같아요!,003000001000
솔티카라멜은 달달한 크림맛이 먼저 나다가 짭짤씁쓸한 맛이 훅 들어와요 쇼콜라 콘파냐도 너무 달지만은 않아서 좋았어요 노래도 차분하니 좋아요! 공간이 널찍하진 않지만 앉아서 먹을 수 있어서 너무 좋았어요 무엇보다 커피가 진짜 맛있음,100000210000
디저트 코너가 따로 마련되어 있어 직접 골라 담으면 됩니다.,000100000000
딸기 빙수 딸기가 냉동이 아니라 생딸기라 향부터가 다릅니다.,000010000000
날이 더워서인지 오후시간대인데 제가 방문했던 그어떤날보다 빵이 가득차있어 좋았어요. 커피도 맛나게 내려주셔서 오붓한 시간보내고 귀가했네요,110000000000
쫄깃하고 맛있어요!!! 베이글 종류도 많아서 하나씩 다 먹어볼게요,010000000000
디저트 다양해서 조와욜,000000000000
커피는 다크블랜딩인듯해요. 그렇다고 쓴맛이 강하지 않아서 뜨아를 즐기기에 나쁘지 않네요. 인테리어는 힙한 느낌...,100000010000
제가 성수에서 제일 좋아하는 에스프레소 바입니다!!! 가격도 저렴하고 공간의 분위기도 좋고 기본 에스프레소부터 마끼아또 콘파냐 빈센트 그라니따까지 먹어봤는데 전부 다 정말정말 맛있어요 성수 오면 항상 가는 곳입니다 오래오래 있어주세요,100000010100
달달하고 맛잇었습니다 커피맛집이에요,100000000000
포장도 너무 예쁘고 먹기 아까울 정도로 예쁘고 맛있었음,000000000010
여기 오면 디저트는 무조건 1인 1개 해야 합니다. 너무 맛있어요.,000100000000
2번째 방문이에요 디저트 정말 맛있고 머메이드 에디션 정말정말 이뻐용,000000010000
사진 찍을 곳도 많고 음료랑 디저트도 맛있어요,000001010000
양이 너무 많고 너무 맛있어요!,000000000100
너무너무 맛있어요 입맛 까다로운 엄마도 달콤짭쪼름하니 맛있다구했어요,000000000000
허엉 원래 다른카페 가려고했는데 샌드위치 비주얼 보고 여기서 먹기로 정했어요 너무 맛있어요! 담에 또 오고싶어요,010000000000
기대했던 만큼은 아니었지만 맛있었어요 인테리어는 귀욥,000000010000
케이크 크기는 1호 사이즈가 가장 기본이고 인기 많대요.,003000000000
너무 맛있어요 메뉴도 많아서 좋아요,000000000000
분위기도 좋고 도너츠 종류도 많아서 너무 마음에 드네요 디저트가 전부 예뻐서 포장 선물해도 딱 좋을 것 같아요 음료도 다 잘해서 정말 마음에 드는 카페를 찾아서 기분이 좋네요 ),100001010010
여기는 외국인들을 위한 카페같아요 비주얼에 비해 맛은 평범했어요,000000000000
분위기가 성수스러워요 디저트랑 커피도 독특하고 맛있어요,100000010000
와인추천 넘 완벽하고 아이스크림에 와인 조합이 어색하지만 생각보다 너무 어울려 감동이에요. 재방문 무조건 입니다,000001001000
리치식빵이랑 잡곡미니식빵 최애!!,010000000000
와인과 아이스크림의 절묘한 조합이 매력적이었어요! 특히 카망베르치즈 아이스크림..JMT 그 자체였습니다 치즈 플레이트와 스낵도 맛있었습니다 다음 성수 데이트 때도 재방문하려고 합니다!,000001000000
2층인데 계단만 있고 엘리베이터가 없어서 이동이 너무 힘들어요.,000000200000
저번에 우연히 지나가다가 들렀는데... 지인한테 선물할려구 또 방문했는데 직원분도 너무 친절하시구 도넛이랑 타르트도 진짜 너무 맛있구,001001001010
쫀득쫀득 베이글이 있는곳이예요!! 왜 구글 평점 1위인지 알정도로 맛있어서 또 다음에 브런치 먹으러 오고싶어요,010000000000
카눌레 맛있어요! 디저트 종류가 엄청 많아서 재방문 n회차 해야 될 것 같아요,000100000000
"빵이 전반적으로 사진보다 작네요 아기자기,,",030000000200
일요일 한시 조금 넘어서 갔는데 웨이팅은 있지 않았어요 포장으로 케이크와 아이스트림 먹었어요 아이스크림은 조금 단것 같아요. 무화과 케이크는 달지않고 맛잇게 먹었어요,001003000031
우와 정신없고 무엇보다 커피나와서 부르는소리가 안들림,000000002002
"카페 분위기 좋네요, 와플도 너무 맛있어요",000001010000
딸기케이크 너무 맛있고 딸기도 왕창 들어잇어요!!!!! 딸기라떼도 맛나요!!! 카페가 넓고 클스마스 분위기 나서 조아요,101000110000
음식이 맛있고 직원들이 친절해요,000000001000
비 오는 날 입구에 우산 비닐이 준비되어 있어 직접 사용하면 됨.,000000003000
오전에 가니 줄도 없고 좋네요 빵은 맛있어요,010000000001
"음료를 가져 갈 쟁반도 없고, 와이파이도 안되고...콘센트도 없고...조금은 불편함을 감수해야하는 블루보틀",000000202000
"브라우니바이트, 바나나머쉬룸머핀 모두 다 맛있어요!! 카카오 원두로 먹었는데 진하고 산미 없이 맛있어요",100100000000
미미님 유튜브 보고왔는데 징짜 맛있네요 프토 엄청 추천합니다요,010000000000
너어어어어어어무 맛있어요! 과일이랑 찹쌀떡이랑 너무 잘어울렸어요 굿굿!!,000001000300
추천받아서 왔는데 너무 편안하고 아늑하고 좋아요. 커피 맛집이예요.,100000010000
"디저트도 너무 맛있고, 음료도 맛있어요! 분위기도 좋아요",100000010000
샌드위치 포장이 제대로 안 돼서 내용물이 다 흘러나왔어요.,020000000000
소금빵 맛집답게 종류도 많고 맛있우용!! 커피도 향좋고 맛나용... 청결도 유지 잘해주시고 친절해서 쨩쨩,110000101000
에그타르트에서 계란 비린내가 너무 심해서 한 입 먹고 버렸습니다.,000200000000
다른 망고빙수와는 완전 다르고 생망고가있어서 너무 맛있어요..,000010000000
디저트가 엄청 이쁘고 고급집니다.,000001000000
음식과 분위기 다 맛있어요! 버섯파스타가 꾸덕하면서 맛있고 무화과 프렌치도 너무 맛있었어요! 추천합니다.,010000010000
1인 1메뉴 강요도 없고 가격도 착해서 마음 편히 쉬다 갑니다.,000000000100
넘 예쁘고 맛도좋아요 ! 남친이 케이크 반판 흡입하는가 첨봐여.. 케이크 1도안좋아한다는데,001000010000
커피도 직접 로스팅하고 베이커리도 직접 하는 카페라 전부 맛있어요 좌석도 넉넉해서 좋아요,110000100000
날이 너무 더워서 근처에 빙수 팔길래 들어왔는데 너무 시원하고 빙수도 너무 맛있었어요,000010100000
전에 성수와서 아인슈페너 먹었다가 반해서 또 방문했어요! 여전히 맛있네요 매장도 크고 복잡하지 않아서 편하게 대화하기 좋습니다!,100000100001
"매일 아침 한잔, 커피 맛있어요",100000000000
망고빙수가 너무 먹고 싶어서 유명해 보이는 곳 찾아왔는데 잘 온것 같아요 빙수가 완전 커요... 카페가 쾌적하고 시원해서,000010100000
초콜렛음료가 맛있고 허니브레드도 맛있었어요!,110000000000
공간도 음악도 맛도 너무 좋아오,000000010000
가성비맛집 !! 진짜 분위기도좋규 사장님도 친절해서 너무 좋아용 감사합니다,000000011100
"주말에 늘 사람이 많던 곳이라 공방 온 김에 짝꿍 기다리려고 왔는데 분위기 너무좋고 이렇게 예쁜 곳이였다니요! 사람도 없어서 좋고 커피 맛도 맛있어요 다이어트 때문에 유명한 이모지케이크는 못먹어보지만,,,,여기 오시면 꼭 이모지 케이크 드셔보세요!!!",101000010001
많고 많은 성수카페 중에 인테리어도 예쁘고 빵도 맛있어보이고 무엇보다 펫프렌들리 카페라 들어왔는데 대성공!! 강아지동반 가능 자리는 1층만? 된다고 했었던 것 같아여! 참고하세용 베이글은 치즈? 바질? 기억은 안나지만 암튼 시킨거 두개다 맛있었어요! 커피랑 음료도 굳굳! 아 그리고 울애기 멍푸치노 시켜줬는데 사람꺼보다 더예쁜 컵에 나왔더라는맛있었는지 나오자마자 원샷할 기세로 먹는거 보고 잘시켜줬다는 생각이 들었습니당 마지막으루 .. 통창 앞에 귀여운 멈머를 데리고 앉으면 지나가는 사람들의 이목을 한몸에 받는 ..... 경험을 하실 수 있답니다.. i는 고통받을자리,110000110000
매장 규모가 커서 그런지 단체 손님이 와도 여유 있네요.,000000000001
컨셉이 신기해요. 디저트랑 아이스크림이랑 맛있어요. 처음에는 위스키는 향만 살짝 날 줄 알았는데 생각보다 아이스크림에서 위스키맛이 많이 나요!!,000001010000
좌석 간 간격도 넓고 커피 원두도 맛잇어요.,100000100000
동물성 생크림을 쓰시는지 뒷맛이 깔끔하고 아주 담백합니다.,001000000000
"지나가다가 예뻐보여서 들렸는데 컨셉이 너무 확실하고 예쁜 카페였어요!! 딸기티라미수 최고,, 안에 셀프스튜디오도 있는데 센스 최고",001000010000
요즘 차 문화에 빠져서... 호지차라떼도 쑥 티라미수도 많이 달지 않아 좋았고...,101000000000
"에스프레소 굿굿, 분위기도 너무 예뻐요",100000010000
매장이 너무 좁고 다닥다닥 붙어 있어서 시장통 같은 분위기입니다.,000000020000
웨이팅 시스템을 손봐야할듯 10팀 남앗다는거 보고 바로 옆 브랜디벨빌이라도 다녀오자 해서 가는길에 갑자기 내 차례 됐다고 오라함 3분만에 못왔다고 웨이팅 연장 됨 10팀이 한번에 어떻게 빠질지 알고 이 땡볕에 밖 웨이팅 하라는건지 화가 빡쳤지만 지성인이라 참고 좀 더 기다리다 들어옴 어떻게든 맛 까내리려고 단점 찾는데 음료는 쏘쏘 빵은 생각보다 괜찮음 결론성수바닥에서 줄세워놓으려는 심정은 아는데 웨이팅 시스템이나 3분내 입장 이거 손 안보면 결말은 안좋을듯,310000000002
"맛, 분위기, 가격 모두 만족스럽습니다.",000000010100
케이크 장식은 화려하지 않고 깔끔하게 마무리되어 있음.,003000000000
인테리어 자체가 힙하고... 딸기도 너무나 맛있어요,000010010000
바노피파이 좋아하는데 있는 줄 모르고 방문했어서 서프라이즈였습니당 피버바 스무디는 당도를 뺄 수 있어서 좋았고 카페가 조명이 살짝 어두운 점도 좋았어용,101000010000
아이스크림 진짜 맛있고 절대 이 가격 퀄리티가 아닌 느낌이에요 와인도 다양하고 분위기 있어서 대화하기 좋아용,100001010100
너무 맛있어서 먹다가 찍네요 성수에서 최고 카페입니다,000000000000
성수동에서 보기 힘든 크고 늦게까지 하는 카페입니다. 디저트류는 단맛이 강하긴 하지만 무난한 편입니다.,000000100000
바쁜 시간에는 직원이 부족해 보이지만 다들 열심히는 하시네요.,000000003000
소금빵 맛나요. 하지만 무조건 4개 한세트 판매는 아쉬워요. 가격대비 크기도 좀 작고,010000000200
커피 맛있어요 다만 손님이 오면 빨리 좀 카운터로 와서 주문을 받았으면 좋겠어요... 서있다가 카운터로 오는걸 기다렸네요...,100000002000
에스프레소 5000원,300000000300
석진아 생일 축하해,000000000000
"팥빙수 15000원 우유빙수에 단팥 충분히 얹어 달콤하고, 고소하고 말랑한 인절미가 맛있어요. 단팥은 적당히 달고 부드러워요. 한과, 약과, 개성 주악 등 차와 함께 먹을 수 있는 디저트도 있어요. 병풍같은 한국적인 인테리어가 특색이 있어요.",000013010300
넘나 이쁜 뷰 라떼 맛도 비싼 만큼 맛나네요,100000010300
땅콩향도 좋고 장소도 조용하면서 넉넉해서 좋아요,010000110000
분위기가 좋고 타르드 색감이 예뻐요!,001000010000
음식도 맛있고 강아지도 동반되서 너무 좋아요,000000100000
사장님도 센스있으시고 샐러드랑 구펠라떼 맛있게 먹었어요,110000001000
커피마시러 왔다가 내부 인테리어에 감동 L.M.U 시그니처 음료 앞으로 주기적으로 마시러올예정이에요!!,100000010000
매번 맛있게 먹고가요 ) 진짜 진짜 맛나요,000000000000
성수 구경하다... 직접 로스팅한 원두라 확실히 첫모금 향이 달라요... 분위기도 좋고 음악도 좋은데,100000010000
한입 먹고 정신 못 차리렷다 리뷰 올립니다. 젝허지몽 자몽 허니에 취하고 싶으신 분들에 강력추천!!!,100000000000
망고가 살살 녹아요,000010000000
가게가 고풍스럽고 분위기가 너무 좋았습니다 !! 디저트와 커피도 너무 맛있었어요,100000010000
아이가 조금 소리 냈다고 대놓고 눈치 주셔서 마음 편히 못 있었네요.,000000002000
쿠폰 도장 다 찍어서 무료 음료 마셨는데 기분 너무 좋네요.,000000000100
성수동 오면 들러줘야하는 베이글 맛집 너무너무너무 맛있습니다 기본 베이글은 올때마다 품절.,010000000002
커피맛집 구테로이테! 오늘은 딸기타르트에 플랫화이트한잔!,101000000000
이곳만의 특색 있는 디저트 메뉴가 많아서 올 때마다 즐겁습니다.,000001000000
꼬소한 원두 좋아하시는 분들 정말 강추해요... 성수 뚝섬 근방에서 탑쓰리안에 들어요,100000000000
한판 뚝딱햇어요 딸기가 기가막히게 맛나요!,001000000000
과일 요거트에 과일이 너무 조금 들어있어서 실망스러웠습니다.,000020000000
따뜻한 인테리어가 참 예뻐요 사람이 항상 많은 편이기는 하지만 위치가 나쁘지는 않아 자리가 나면 잠깐 약속 사이에 시간 떼우기 딱 좋은 곳,000000110002
반민초파 남찡구데리고 천국 방문 민트초코칩그린티라떼에 아이스크림 토핑 무료 추가라니 아이스크림너무맛있어여.... 와대박 디저트들도 넘귀엽고 굿즈도 넘귀여워여,100001000010
합리적인 가격대에 커피 퀄리티가 좋아서 매우 만족했습니다... 티라미수는 숙성이 덜된건지... 마스카포네 질감이 썩 맘에들지않아서 아쉬웠습니다,102000000100
케이크 사러 들렀는데 너뮤 예뻐요 !! 다음에와서 과일케이크 먹어야겠습니다 !,001000010000
가성비중하 맛어스프레소 추천 장소몇개 테이블 없음 재방문굳이,100000200200
분위기도 좋고 커피도 너무 맛있어요 크로넛도 진짜 담에 또 올게요!!,100001010000
벽돌 케이크 잘 먹었어요,003000000000
특별한 맛은 아니지만 비주얼이 좋아서 사진 찍기 괜찮네요.,000003000000
직원분들이 매우 친절하시고 카페도 깔끔하고 좋습니다! 추천!!,000000101000
분위기 좋고 위스키를 부담없이 즐길 수 있어요!,000001010000
베이글 다양하게 많구 넓고 맛있어요,010000100000
남편이랑 데이트 하러 간 곳인데 한적한 동네에 있는 카페라 조용하게 대화하기 좋았고요 디저트가 맛있었어요 특히 휘낭시에 추천드려요,000100000001
음료와 디저트가 맛있어요! 카페 분위기도 좋고 사장님도 친절하세요,100001011000
음료 뚜껑에 빨대 구멍이 없는 타입이니 참고해 주세요.,000000000030
원기옥에서 점심후 얼그레이아이스티 한잔했네요..,300000000000
요거트 빙수가 너무 시큼해서 제 입맛에는 정말 안 맞았습니다.,000020000000
성수베이커리 중에 노아카페 제일 맛있어요 ! 분위기도 좋고 친절해서 더 좋아요,010000011000
"가봤던 성수 카페 중 가장 트렌디한 카페,, 말차라떼 생각보다 진해서 너무 맛있었음",100000010000
특이하세 생긴 데자트가 많고 인테리어도 키치하고 컬러풀한 느낌이라 좋습니다,000001010000
아침부터 든든히 먹을수 있어서 좋습니다,000000000000
커피 고소하고 맛있어요!! 베이커리도 종류가 많아서 빵순이들도 좋을것같아요 추천합니다,110000000000
주말이라 손님들로 북적이는 인기카페 생과일 듬뿍 오린 딸기빙수와 딸기모찌가 특별하고 맛있어요,000011000002
빵이 진짜 너무 맛있어요 자주 와요,010000000000
옥수수 타르트 궁금해서 방문했어요! 여름이랑 넘 잘어울리는맛이에요 차갑게 먹으니 달지않으면서도 옥수수향이 가득해서 맛있어요,000001000000
요거트 맛이 시큼해서 상한 것 같아 실망했습니다.,000002000000
피카피 핔 피카핏 피카피피 핔카퍜피캬 핔,000000000000
아무래도 나중에 또 가봐야 할 것 같아요.. 메뉴가 진짜 많아서 고르기 넘 힘들었고... 캔디 베이컨... 맛은 있었지만 매우 딱딱해서 먹기가 불편했던 ..,030000000000
너무 재밌는 체험이였어요!! 베이킹 처음하는데 휘낭시에가 맛있게 만들어져서 뿌듯했습니다,000100000000
4계절내내 크리스마스분위기를 느낄 수 있어요,000000010000
마시멜로우 쿠키 너무 맛있고 케이크도 너무너무 맛있어요! 바스크치즈케이크 먹었는데 너무 부드러웠습니다 인테리어도 너무 잘 되어 있어서 좋았어요 사장님도 친절하셔서 최곱니당,001100011000
휘낭시에 굽는 동안 담는 통도 꾸밀 수 있어서 더 재밌는 것 같아요... 그리고 휘낭시에가 진짜!!!! 맛있었어요,000100001000
카이막의 풍미가 진하고 같이 나오는 꿀이랑 빵 조화가 미쳤어요.,000001000000
곡물라떼진하고 너무 맛있어요 책 종류들이 너무좋았고 전자책과 헤드셋이용하는 북카페는 처음봐요 신세계였습니당 종종 올거같아요,100000100000
분위기가 너무 좋아요! 주말 저녁에만 위스키도 마실수 있다는데 다음에는 위스키도 마시러 올래요!!,300000010000
빵사진을 못남겻네요 여기 페스츄리 정말 잘하네요 올리브빵 넘 맛있어어요요오!,010000000000
에르제는 잠봉뵈르 맛집!!! 잠봉뵈르 생각날 때마다 항상 에르제 방문합니다!! 추천!!,010000000000
귀여운 카페에요! 서울숲 바로 옆에 있는 카페라서 서울숲 풍경도 잘 보이고 힐링하기 너무 좋은 카페였습니다. 8시부터 홀 마감이라서 오래는 못 있어서 모찌먹었는데 크림치즈곶감 모찌 맛있었습니다! 평일 7시쯤에 갔는데 자리도 적당히 남아있었습니다 주말에 가면 사람 꽤 많을 것 같아요! 여기 망고빙수가 유명하던데 다음에는 망고빙수 먹어보려구요,000001010003
성수동에 이런 카페가 있었다니.. 인테리어도 너무 이쁘고 디저트도 너무 맛있어요 딸기라떼 수제청 사용하셨는지 달달한게 너무 맛있었고 잠 바치케는 진짜 말모.. 인생 바치케에요 조만간 또 방문할게요!!!,101000010000
조명이 너무 어두워서 메뉴판 글씨도 안 보일 정도라 불편했어요.,000000020000
지나가다 귀여운 인테리어보고 포장해 갔는데 빵도 너무 맛있어요 !,010000010010
맛있네요 바리스타 교육같은것도 하는것 같네요 매장도 넓어요,000000100000
여기 팥빙수는 직접 만든 팥이라 그런지 고소함이 남다릅니다.,000010000000
베이글 맛있어요! 평일 저녁 6시 이후 웨이팅 없이 입장!,010000000001
공간 자체가 엄청 힙하고 멋있어서 놀랐네요 근데 기대했던 것 보다는 약간 끝맛이 조금 텁텁해서 아쉬웠어요... 얼음이 조금 많아유...,300000110000
너무너무 감성있고 데이트하기 좋아요!!!,000000010000
"가성비 좋고, 맛도 좋아요!",000000000100
지하 좌석 많아요. 붙어있지만 울리지않고 좌석도 편하고 대화하기 좋아요,000000110000
들어가자마자 자리부터 잡으셔야 합니다 간신히 자리 잡고 앉았는데 생각보다 분위기도 좋고 쾌적해요,000000110002
분위기도 너무 좋고 음악도 좋고 커피도 너무 맛있어요! 무엇보다 직원분과 사장님이 너무 친절하시셔서 기분이 좋았어요!,100000011000
사장님인지 직원인지 모르겠지만 전반적으로 서비스 교육 꽝임.,000000002000
수플레케이크 먹고 싶으나 배가 부르고 혼자먹기에 많아서 레몬머틀 차 마셨어요... 근처에 서울 숲이 있어서 차분한 느낌이에요,100000011000
"에스프레소, 파니니 다 맛있어요!!",110000000000
스무디가 얼음만 잔뜩 씹히고 맹맛이라 돈 아까웠습니다.,200000000000
케이크 위에 올라간 꽃에서 쓴맛이 나서 전체 맛을 망쳤어요.,002000000000
창고형까페 중에서 여기가 젤루 인상에 남아요. 가장 최근에 가서겠죠? 그건 아니고 투박한 창고의 느낌은 남겨놓고 구석구석 감성과 미적구성을 매치한게 언밸런스한데 이상하게 각인돼요. 커피랑 베이커리류도 맛이 꽤 좋아요 가격만 좀더 착했음 자주 가고 싶더라구요,110000010200
망고빙수 양도 많고 진짜 맛있어요!! 또 오고싶어용,000010000000
조각 케이크 가격은 이 근처 카페들이랑 비슷한 수준이에요.,003000000000
분위기 조아요! 커피도 맛나요,100000010000
분위기도 너무 좋고 디저트류 츄로도넛 짱맛있어요!! 날씨 더운날 에어컨도 빵빵하게 틀어줘서 편하게 즐거운 시간 보냈어요,000001110000
와이파이 비밀번호는 영수증 하단이나 픽업대에 적혀 있습니다.,000000300000
이거먹으러 대구에서부터 왔어요 티그레 먹어본 곳 중 1등 ..,000100000000
주말에 이용했어요. 두시간동안 색칠은 역시 무리네요. 그래도 재밌어요!,000000100000
주말이라 포장해왔어요. 서울숲 핫플! 피넛버터 넘넘 맛나요!! 다음엔 평일에 일찍 가서 매장에서 먹어볼래요.,000001000010
아늑한 다락방 감성 성수 데이트 코스로 딱 좋아용... 군고구마 시키면 위에 아이스크림도 올라가있어서 더 맛있어요 노래도 좋고 음료도 맛있어서,100001010000
명절 선물로 샀는데 패키지가 단아해서 어른들이 좋아하심.,000000000010
다섯번째 방문입니다... 빵은 유럽에 살았을때의 추억이 떠오르는 훌륭한 맛이에요),110000000000
점심먹고 지나가다가 키오스크로 주문하고 테이크아웃 해서 먹었어요 아.아는 가성비가 좋아요!,100000000100
레몬파운드케이크 미니 크로와상 자망드 땅콩크림샌드 밀도는 식빵 말구. 그 외에 베이커리류들도 맛있어요!,010100000000
평일 10시 전 인데도 웨이팅이라니... 식빵이 어떻게 이렇게 맛있을 수가 있는지 놀랄 수 있어요! 라떼랑 같이 먹으면 극락...,110000000002
남자친구랑 왔는뎅 분위기 넘 조으네요,000000010000
두바이가 먹구싶어서 급히게 찾았는데 웨이팅도 없었고 무엇보다 빵이 마싯서욥,010000000001
로봇이 만들어주는게 너무 신기하고 재미있어요 커피도 맛있고 24시간 무인카페여서 편하게 이용하다 갑니다,100000001000
손님이 너무 많아 메뉴 나오기까지도 한참 걸리더라고요.,000000000002
바케트 잠봉뵈르 퀸아망 너무 맛있어요,010000000000
초코민토 요리모 초코민토 !!,000000000000
젤라또 종류도 많고 맛있어여!,000001000000
앙버터누네띠네?! 요거 진짜 맛있네요.. 저처럼 단거 좋아하시는 분들 환장할듯 ! 빵 종류도 많고 가격도 비싼편은 아닌거같아요 다시 또 서울숲 가게된다면 방문할거같아요,010000000100
"디저트도 맛있고, 여기서 스트로베리 치즈 케이크 사갔는데 정말 맛있습니다!",001000000010
치즈케이크가 정말 맛있어요! 테이블이 서로 좀 가깝긴한데 그래도 매장이 넓어서 괜찮았습니다,001000100000
"샐러드랑 단호박 스프가 맛있고, 테라스에서 먹으니 분위기가 좋습니다bb 풍경도 좋아서 사진도 잘 나오네용",010000010000
맛있게 잘 먹었습니다! 닌짜 치아바타도미쳤지만 저 단호박 스프 진짜 미쳤습니다,010001000000
성수올때마다 들려서 잼 사고있어요! ... 잼이 나오는모습을 직접 볼수있어서 좋아요,010000010000
맛은 있었지만 줄이 많다면 패스할 집입니다... 비싸다는 느낌,010000000202
시그니처 음료가 너무 맛있어요 유자 꿀 우유 빨대를 들면서 먹으라는직원의 말대로 하니 밑에서부터 순서대로 나오는게 정말 맛있어요,100000001000
나름 아인슈페너 도장깨기 하고 있는데 마를리 아인슈페너는 단맛이 심하지 않고 은은한 느낌이예요 은은해서 시나몬향을 더 즐길 수 있고 크림이 되게 부드러워요 단맛 싫어하시면 담백하게 즐기실 수 것 같아요! 매장 넓고 대화하기 좋아요,100000100001
성수동 커피 탑 오브더 탑,100000000000
"불고기 베이글, 쪽파 베이글, 갈릭 베이글이 최애에요! 인테리어도 예쁘고 빵도 맛있어서 성수 오면 꼭 들리는 곳입니다!",010000010000
망고랑 복숭아 셔벗 주문했는데 진짜 너무 맛있었어요! 양도 넉넉하고 비주얼도 예뻐서 기분까지 좋아졌어요.,000001010100
특별한 커피 맛을 느끼고 가요. 향도 맛도 좋았어요! 친절하시고 설명도 자세히 해주시고,100000001000
포장해서 피크닉 가서 묵으려구요 두바이는 늦게 가서 품절이에요 고구마랑 콘치즈 너무 맛있어요,010000000012
늦게까지 하는 카페 찾다가 왔는데 분위기 넘 좋아요! 들어가기까지 엄청 조용했는데 방음문 열자마자 약간 다른 세상 논알콜도 있고 푸딩딩이 있어서 다른 카페 더 안찾아도 되어요! 창가자리 분위기가 넘 좋더라구요,100001010000
핫플이라 그런지 사람 구경만 실컷 하고 온 느낌입니다.,000000000002
지나가다가 냄새가 너무 좋고 맛있어보여서 들렸어요 황치즈랑 에그타르트 주문했는데 매장도 깔끔하고 맛있어보여요 !,000100100000
사장님 친절하시고 커피도 맛있네요!!,100000001000
케이크 받고 너무 예뻐서 광광 울었어요... 너무 예쁘고 맛있고 감동이구,001000000000
시트가 아주 부드럽진 않지만 그렇다고 퍽퍽하지도 않아요.,003000000000
집앞에 베이글 맛집이 있을줄은! 매일 좋은빵덕에 요즘 아침 종종 가고있답니다,010000000000
커피원두도 고를수있고 커피도맛있어요 디저트도맛있고 잔잔한노래도 너무좋네요 이쪽오면 또와봐야겠어요,100001010000
사장님 너무 친절하시고 모찌들도 나무너므 맛있어요!! 뚝섬역이랑 가까우니까,000001001000
과일 도시락 구성이 알차서 피크닉 갈 때 사 가기 딱 좋아요.,000010000000
소문대로 커피가 진짜 맛있네요!! ... 카푸치노 먹어야한다는 말이 괜히 나온게 아님... 직원분들이 밝게 맞아주는 모습이 인상적이었어요,100000001000
갓구운 식빵에 발라먹는 갓지수 조합 단짠단짠한 카라멜 맛에 아보카도 딜의 깊은맛이 더해져서 한 번 먹으면 손이 멈추지 않아요 앞으로 성수 자주 갈듯,010001000000
의자가 소파 위주라 정말 푹신하고 편안해서 엉덩이가 안 아파요.,000000100000
디저트 메뉴가 시즌별로 바뀌는 것 같으니 확인하고 가세요.,000003000000
지난 번에 먹고 맛있어서 성수 온 김에 재방문,000000000000
"외관이 너무 이뻐서 들어왔는데, 내부는 더 이쁩니다!! 실내가 굉장히 고급스러운 인테리어이며, 디저트 및 음료 맛도 퀄리티가 상당히 좋아서 만족스러웠던 곳 입니다",100001010000
평일 낮인데도 사람이 왜 이렇게 많은지... 너무 시끄러워요.,000000000002
깔끔하고 음료랑 식사랑 도넛이 너무너무 맛있어요 분위기 짱,110100010000
복숨마 빔수 넘무 맛밌머묘 굳굳 물복밉니다 무뮤멀믐도 맛밌멌머묘,000010000000
케이크 진짜 맛있어요. 크림도 너무 부드럽고 비싸지만 가격값해요. 매장 넓어요.,001000100300
처음 방문했는데 분위기도 좋고 케이크도 맛있어요,001000010000
분위기 좋지만 사람 너무 많음..,000000010002
친절했던 블루보틀 오랜만에 맛있었어요!!,000000001000
인테리어가 너무 좋고 위스키가 들어간 아이스크림은 처음 먹어보는데 특이하고 맛있어요! 그리고 선곡이 너무 좋네요 무드 굿,000001010000
사장님도 친절하시고 음식도 양도 많고 맛있었습니다 전에도 왔었는데 이제야 첫리뷰 쓰네여 강추,000000001100
여친이랑 놀러왔는데 무화과빙수 넘예쁘고 맛있어요 빨리먹고싶네요 데이트 강추.,000010010000
베이글 종류도 다양해서 고민 엄청 했어용 다 맛나 보이는 베이글입니다!!,010000000000
베이글이 쫄깃쫄깃해서 맛있어요!! 그린티라떼랑 자두에이드 먹었는데 음료 둘 다 맛있어서 놀랐어요!,110000000000
에그타르트랑 휘낭시에가 다양하규 맛잇어여 포장도 깔끔하고 좋습니다!,000100000010
당근 케이크에 크림치즈 배합이 환상이라 인생 케이크 찾았네요.,001000000000
빵과 커피 모두 맛있어요,110000000000
커피 너무 맛있어요,100000000000
에스프레소가 맛있어요!,100000000000
세번째 방문이예요 말차가 특히 맛있어요!,100000000000
쿠폰 도장을 10개나 찍어야 한 잔 무료라니 너무 짜네요.,000000000200
베이글에 발라 먹는 크림치즈는 별도로 구매해야 합니다.,030000000000
너무 맛있어서 항상 클라이밍 오면 꼭 먹어요!,000000000000
매장이 넓고 갤러리도 함께 운영하는 카페입니다. 노트북으로 작업하시는 분도 많았고 대화하기에도 좋은 공간이에요. 커피랑 디저트는 무난무난 괜찮아요.,100000110000
일단 디저트 디자인이 너무너무 귀여워요 저 크로핀 말고도 딸기 들어간 티라미수 먹었는데 예쁘구 크림도 맛있어요... 사장님 진짜 배우신 분 서울숲 근처 오면 무조건 방문할 카페!,001100000000
조각 케이크 크기가 너무 작아서 기만당하는 느낌.,002000000000
마들렌 아포가토 브라우니 등등 디저트가 정말 다 맛있어요!! 아메리카노 마시려다가 버터스카치 궁금해서 주문해봤는데 우유맛 적당히 달고 꾸덕해서 좋았네용 커피머신도 엄청 비싼 거 쓰시더라구요!! 성수에 좀 큰 카페 찾으시는 분들께 넘 추천드려용,100101100000
인스타에서 너무 맛있어 보여서 찾아왔는데 복숭아 원없이 먹을수 있어서 너무 좋아용,000010000000
피넛버터 사려고 왔는데 공간이 너무 좋아요!!,000000100000
햇살도 잘 들어와서 카페 너무 예쁘고 커피도 맛있어요! 쿠키도 맛있고 레모네이드는 진짜 레몬인지 많이 시어요 그래도 시원하고 좋아요! 창문이 넘 맘에들어요,100100010000
케익에 딸기가 왕 많아요! 커피도 맛있습니다,101000000000
4월 이달의 메뉴? 바게트가 너어무 딱딱해서 입 아팠어요 그래도 맛들은 좋았네요!,030000000000
수박 화채에 들어간 수박이 엄청 달고 아삭아삭해서 시원해요.,000010000000
버터맛이 나는 귀여운 쿠키가 맛있어요. 커피도 티도 맛있는 곳입니다,100100000000
기댈빙 유명해서 와보고 싶었는데 너무너무 맛있고 케이크를 먹는 기분이에요!,000010000000
빵이 좀 묵직한 편이라 하나만 먹어도 배가 부르네요.,030000000000
분위기가 너무 좋고 메뉴도 좋아요!! 집 바로 근처라서 앞으로 더 자주올듯요,000000010000
시간이 짧아서 아쉬워요,000000000000
비주얼이 화려한 만큼 가격대도 어느 정도 있는 편이에요.,000000000300
핫초코 맛있어용 분위기도 좋고 냥냥이두 넘 기여워요,100000010000
서울숲 인근 최애 카페 중 하나에요 꽈배기도 존맛 ..!,010000000000
양도 많고 맛있어요 남은건 셀프 포장해옴,000000000110
식사 빵 종류가 다양해서 골라 먹는 재미가 있고 다 맛있어요.,010000000000
너무 친절하시고 인테리어도 멋있어요!!,000000011000
넘 이쁘구 맛있어요! 귀엽고 아기자기해툐,000000010000
테이크아웃 컵 사이즈는 기본 한 종류로만 제공되더라고요.,000000000030
집중하기에도 좋고 여유로워서 넘 좋아용,000000010001
"너무 귀여운 케이크에요! 쪼꼬만해서 부담도 더할니다! 치즈폰드, 곰돌이, 스몰트리 주문했는데 치즈폰드가 제일 취향이었어요!",001000000000
치즈케익이 마싯어요,001000000000
너무 예쁘고 큐키 맛집 카페입니다 너무어무 마음에 들어요,000100010000
까눌레 겉바속촉의 정석이네요. 탄 맛 없이 달콤함이 깊어요.,000100000000
커피 잘 마셨습니다,100000000000
사진이 왜 없지?? 분위기 좋았어요!,000000010000
힙한 느낌을 주려고 노력한 것 같은데 대중적인 분위기예요.,000000030000
라떼에 우유 양이 너무 많아서 커피 맛이 다 묻혀버렸네요.,200000000000
젠젠브런치 수플레 팬케잌 푸짐하고 너무 맛있네요 입에서 살살 녹아요,010000000000
분위기가 너무좋아요 노래도 좋고 한적한 골목가에있어서 조용하네요,000000010001
남이 사주면 먹을 맛. 너무 기대가 컸던 것인지... 실내자리는 간격이 좁고 시끄러워서 외부좌석을 이용했습니다.,200000210202
벨지안 초콜릿 우유 꼭 드세요!!! 두번 드세요!!! 치즈케이크도 맛있어요 맛있어서 테이크 아웃도 함,101000000010
초코 무스가 너무 뻑뻑해서 목이 멜 정도였어요.,000002000000
너무너무 예쁜카페 잘 쉬다 갑니다,000000010000
음악과 인테리어 분위기에 매료되었습니다. 커피랑 디저트도 너무 맛있었고요. 직원분들도 친절하게 안내해주셔서,100001011000
인스타에서 유명하다고 해서 기대했는데 그만큼은 아니에요.,000000030000
멜론 빙수 비주얼이 압도적이라 나오자마자 사진부터 찍었네요.,000010000000
커피맛은 좋으나 입구들어가자마자 시골 할머니집 냄새가나서 불쾌했어요,100000020000
주변 카페들보다 천 원 이상 비싸서 다시는 안 올 것 같아요.,000000000200
진동벨이 있으면 좋을 것 같아요 이름불러주시는데 진짜 잘 안들려요..,000000200000
펭수생일기념 이벤트가 있어서 다녀왔어요. 컵도 따로주시고 2층에 공간이 있어서 편하게 있다가 갑니다,000000100000
시설 깨끗하고 디저트가 맛있어요,000001100000
케이크 쇼케이스가 깨끗하게 관리되고 있어 보기 좋네요.,003000000000
베이글을 살짝 구워주면 더 맛있을 것 같은 느낌입니다.,030000000000
음료도 맛있고 인테리어랑 분위기 진짜 예쁘고 좋은데 사람들이 넘 많아서 사진 찍기는 힘들어요,100000010002
디카페인 옵셥이 있어서 좋은데 산미가 좀 강한편이에요.,300000000000
레드벨벳 케이크 색감이 너무 곱고 맛도 묵직하니 좋았습니다.,001000000000
자몽 빙수가 너무 써서 도저히 못 먹겠더라고요. 연유도 부족해요.,000020000000
올때마다 친절하시고 커피도 맛있어요,100000001000
음료도 너무 마싯고 케이크도 너무 맛있어요!! 분위기나 색감도 너무 취향이라 좋은 시간 보내고 가요!!,101000010000
과일 플레이팅이 너무 예뻐서 먹기 전부터 기분이 좋아집니다.,000010000000
케이크도 직접 만드는걸 볼 수 있고해서 블루베리 케이크와 커피 시켜서 먹었네요. 카페가 넓직해서 눈이 시원해요... 단점은 화장실이 좀 더럽고 벌레가 많네요,101000200000
하우스 와인 한 잔에 9000원입니다. 근데 와인을 잘모르는데도 물맛이나고 맛이없어서 알아봤더니 한 병에 8000원짜리 와인을 .. 한잔에 9000원에 파시네요.. 너무합니다 차라리 편의점 만원대 와인 구매하셔도 맛있고 괜찮았을텐데.. 레드와인은 별론데 젤라또는 맛있어요..,200001000200
높은층고 맛난커피 아직은? 너무 바글거리지 않음이 좋다 월욜이라서일수도 있겠지만 울집옆에 있음 좋겠는 집,100000100001
제가 애정하는 에이치 항상 가도 반갑게 맞이해주셔서 감사합니다! 항상 맛있는 커피 제공해주셔서 감사합니다!,100000001000
생일겸 기분내고 싶어서 방문했습니당 분위기 너무 좋고! 아이스크림도 최고입니다 직원분들도 너무 친절하세요,000001011000
맛있어서 종종 찾는곳이예여 올때마다 너무 맛있구 이곳만한데가 없어염,000000000000
초코푸딩 존맛..... 분위기도 너무 좋아서 얘기가 술술 나옵니돠,000001010000
쏘쏘해요 1인1음료시켜야해여 아이스크림 폴바셋 퀄리티 안나옴..,300002000000
다른 음료들도 맛있구 가게가 아늑하고 분위기 좋아요,100000010000
커피 주문 시 원두 선택이 가능하고... 직원분도 친절하시구 좋았어요 (계산 후 영수증 확인을 못했는데 나중에 확인해보니500원이 더 결제... 더 좋을 거 같아요),100000003000
분위기가 정말 좋고 위스키 아이스크림을 맛 볼 수 있어서 특별해요! 데이트 하기도 좋고 친구들과 와도 좋을 것 같아요,000001010000
빵이 이쁜데 맛있고 멋져요! 인테리어도 너무 이쁘네요!!,010000010000
담백한 빵 좋아하시는 분들이라면 여기가 성지일 것 같아요.,010000000000
귀엽고 예쁜 치즈케이크 비주얼 음료도 독특하니 달달해서 당충전하기 좋아요! ... 채광 잘 드는 날 셀카 맛집입니다,101000010000
시식 후 너무 맛있어서 큰 사이즈로 바로 구매해버렸어요... 분위기도 좋고 피버바스무디도 맛있어요,100000010000
빨리나와서 좋네요. 친절해요,000000001000
분위기가 너무 좋구 맛있어요 ),000000010000
100땅콩버터라 진하고 고소해서 맛있어요! 몇번째 사먹는지모르겠어요 추천!!!,000001000000
디저트 하나하나 정성이 가득 들어간 게 느껴지는 퀄리티입니다.,000001000000
"베이글 쫀득함이 미쳤습니다!!! 성수에서 유명하다고해서 점심즈음 방문했습니다 주말이라 그런지 홀 포장 손님도 많았고 매장도 공장처럼 엄청 넓었습니다. 시그니처인 무화과콩포트는 쫀득하고 새콤한 맛이라 호불호 없이 좋아할만한 메뉴입니다! 어니언베이글과 갈릭 베이글도 다른데서는 볼 수 없는 독특한 비주얼이고, 특히 어니언베이글에서는 라면의 조미료맛이 살짝 나서 재미있었습니다 함께 먹은 아이스모카는 초콜릿향이 진하게나서 이 곳은 음료도 잘하는 곳이구나 생각했습니다 제가 지금까지 먹은 베이글 탑5 안에 드는 정말 맛있거 분위기도 좋아서 다음에는 일찍 가서 포장해올 생각입니다",110000110002
파운드케잌을 같이 시켰는데 포크 요청했더니... 없답니다... 아메리카노도 라떼도 전부 밍숭맹숭...직원들도 우왕좌왕... 동네주민이지만 단골돼진않을것같아요,200100002000
손님이 많아서 자리잡기 힘들지만 맛있어요 생일선물로 커피도구들 사기 좋아요,000000000002
케이크 너무 맛있어서 또 방문해요,001000000000
샌드위치 내용물은 부실한데 가격은 8천 원대라 돈 아까워요.,000000000200
태국에서 먹던 것 보다 더 맛있는 것 같은데요!!!!!!! 너무 맛있는 디저트입니다,000000000000
야외 테라스에 애견 배변 봉투까지 비치된 세심함에 감동했어요.,000000100000
커피는 맛있어요 빵은... 분위기 좋네요!,130000010000
디저트와 음료가 예쁘고 맛있어용,100001010000
커피 맛있고 마들렌도 맛있어요!!!,100100000000
공간도 너무 멋지고 루프탑이 있어서 날씨가 좋으면 너무 예뻐요!,000000110000
포장이 귀엽고 예뻐요! 맛있어서 선물하기 좋을 것 같아요,000000000010
양이 너무 적어서 두 번은 안 시켜 먹을 것 같습니다.,000002000000
티라미수랑 음료 맛있어서 재방문했어요 인테리어도 예뻐요,101000010000
아이스팩까지 챙겨주셔서 집까지 시원하고 신선하게 가져옴.,000000000010
빙수 넘 맛있어요 알바생들 존잘 존예,000010001000
영화보고 들르기 좋은 스벅,000000100000
스트레스도 풀리고 재미있었어요 은근 오래걸리네요 다음엔 좀 더 잘하고 싶네요,000000000000
원두 선택에 따라 추가금이 붙는 경우도 있더라고요.,000000000300
메론빵이 너무 궁금해서 전부터 와보고 싶었는데 이번에 왔습니다 크림이 없는데도 맛있어요 다음에 메론빵 사러 또 가야겠어용,010000000000
치즈 타르트 정말 맛있습니다),000001000000
성수역 3번출구 스타벅스 성수점입니다... 사람은 거의 붐비는 편입니다. 아침 일찍 자리를 맡아야 해요. 화장실도 깔끔합니다),000000100002
조용하소 커피 맛있고 쾌적하고!! 여유있게 시간보내기 너무좋아요,100000100001
"케이크에 크림이 듬뿍 있었는데 크림이 되게 부드럽도 맛있었고, 딸기도 상큼했어용!... 캐릭터가 네모여서 보는 재미도 있었구 인테리어도 예뻤어용!",101000010003
이모지 케이크 귀여워요 초코맛이 있었으먼 좋을 듯 그건 말차라 아쉽아쉽 oo,003000000000
베이글 종류도 많고 너무너무 맛있어요,010000000000
혼자 앉는 자리가 많아서 눈치 안 보고 오래 머물렀어요.,000000000001
넓고 천장이 높아서 좋아요 친절해요,000000101000
채광이 좋고 매장이 넓어서 좋았어요 돼지바 스콘이랑 구욱희씨 라떼 맛있네요!!,100100100000
식빵의 향이 아주 진하지는 않지만 은은하게 나네요.,030000000000
빙수 1인용 메뉴도 따로 있어서 혼자 가서 먹기 괜찮네요.,000030000000
자두주스 맛있읍니다. 커피는 글쎄요.,300000000000
분위기 좋고 커피가 맛있어요 빵은 최고 입니다,110000010000
딸기 케이크에 딸기 양은 적당한 수준인 것 같습니다.,003000000000
샌드위치 내용물 구성은 적당하고 한 끼 때우기 괜찮아요.,030000000000
분위기도 좋고 맛있는 메뉴가 많아요 추천 또 오고픈곳!,000000010000
과일들이 전체적으로 안 익었는지 너무 딱딱하고 떫은맛이 나네요.,000020000000
오랜만에 방문해서 신 메뉴인 얼그레이 무스케이크를 맛보았는데 적당히 달콤하고 쌉쌀하면서 얼그레이의 향긋함이 느껴져서 좋았습니다. 사이드템포의 베이커리류는 무엇을 골라도 실패가 없네요.,011000000000
맛있아요 에그타르트하면 바로 생각나는 곳!!,000100000000
바질아이스크림이라니...! 생각보다 맛있어서 놀랐습니다,000001000000
"인테리어도 너무 멋지고, 디저트랑 음료도 특색있어서 계속 방문하고싶어요!!",100000010000
손잡이 없는 종이백을 20원 받는곳은 난생 첨. 청담동도 압구정도 종이봉투엔 담아주는데? 요즘은 이런건가?,000000000020
몇번 방문하는건지 두바이찹쌀떡 너무 맛있구요 계속 사먹고싶어요!!!,000001000000
바쁜 출근시간 빠르게 음료를 받을수있어 좋습니다,000000001001
커피 진짜 맛있어요 ! 바나나 푸딩 토스트 먹고 당충전하고 가요,110001000000
분위기도 좋구 커피도 맛있어요!!!,100000010000
커피 맛집!! 크로플도 비주얼 대박이에요.. 서울숲 오면 꼭 들려야할 카페입니다!! 다들 포레스트 오세요,110000000000
나오자 마자 원샷하느라 사진을 찍지 못했네요 맛있어요,000000000000
뷰도좋고 커피도맛나요,100000010000
질문이 많았는데도 귀찮은 내색 없이 끝까지 친절하게 답변해 주심.,000000001000
점원분들이 친절하시고 웃는 얼굴로 대해주십니다) 디카페인 아이스라떼 맛있어요!! 스콘이랑 같이 먹으면 찰떡이에요,100100001000
"리얼 초콜릿우유 맛 좋았습니다. 집중하기 좋은 커피숍이고, 공간도 여유있고 시원하고 좋네요. 무드있고, 대화나누기도 좋은 공간입니다.",100000110000
주말에는 미리 예약을 추천드려요 오믈렛 맛있음,010000000002
원두 품질이 특별하지도 않은데 브랜드 값만 비싸게 받네요.,000000000200
성수동 카페거리에 있고 넓고 빈티지한 인테리어가 인상깊고 루프탑도 있어 시원한 뷰도 좋네요.,000000110000
분위기넘좋네요 바다에온듯해요,000000010000
티룸 넘 좋은것같아요! 티도 맛있고 굿입니다,100000010000
회전율이 빨라서 대기 줄이 길었는데도 금방 들어갔어요.,000000000001
딸기빙수 생과일이 가득 들어가 맛있어요 모찌 디저트는 너무 맛있어서 또 오려구요. 자연에 온 것 같은 힐링되는 곳입니다. 너무 이뻐서 데이트하기 좋아요,000011010000
서울숲 근처 작업하기 좋은 프렌차이즈 카페 공간도 넓은 편이고 직원분들도 친절하셨어요.,000000101000
코베 흥해랏! 맛있고 일찍열어서 좋아요.,010000001000
그린티 클라우드라는 메뉴도 생겨 먹어봤습니다! 부드러운 크림과 쌉쌀한 그린티라떼가 잘 어울려요! 너티클라우드도 고소한 크림과 라떼의 조화가 좋아요!,100000000000
너무너무 재밌었어요 오랜만에 잡은 붓이라 어색했지만 즐거운 추억이 만들어졌어요 저는 시간이 조금 부족해서 완성하지 못해 조금 아쉬워요,000000210000
여기 진짜 라떼맛집이에요! 초당 옥수수 라떼가 정말 특이한데 맛있네요 소금빵도 겉바속촉으로 맛있어요! 인테리어도 힙하고 분위기 정말 멋진 곳이에요!,110000010000
소금빵맛집 베통에 다녀왔어요... 블루베리소금빵을 먹고 너무 맛있어서 찐눈물을 흘렸거든요... 인기많은건 알겠지만 물량을 좀 더 많이 만들어서 1인6개까지 구매가능하게해주시면 안될까여,010000000002
진짜 한입크기 베이글이고 공간도 넓고 빵도 맛읶어요!!!,010000100000
케익 맛집 검색해서 예약후 구매했어요 매장도 엄청크고 너무 좋네요 무화과를 좋아하는데 케익까지!! 잘 먹겠습니다,001000100000
회전율을 위해 직원분들이 일사불란하게 움직이시네요.,000000000001
지나가다 카페 외관이 너무 이뻐서 무작정 들어갔는데 웨이팅도 없고 실내가 이쁘네요 커피도 맛있고 빵도 맛있어용!!!!!!,110000110001
여기만 있는 포레누아 빙수 강추합니다!!!,000010000000
오전에 방문해서 빵먹었는데 맛있네요,010000000000
"너무 친절하시고, 커피맛도 좋구 특히 아이스크림 최고",100001001000
주문받는데 불친절하고 화장실이 매우 더러움,000000202000
빵이 만든지 오래된 느낌..딱딱하구.. 빵 고르면 접시에 담아주시는데 크림 만진 손으로 해주셨는지 접시에 크림이 묻어있었어요,020000002000
너무 조용해서 숨소리도 다 들릴 정도라 대화하기 눈치 보입니다.,000000020000
인테리어가 정말 예쁘고 시그니처는 태블릿으로 보고 고를 수 있어서 좋아요.,000000011000
골목안에있어서 북적이지 않아 더 좋아요!!!! 카페 은은한 조명이라 사진도 잘나오고 분위기 미쳤어요! 진짜이뻐용 치케에 토핑올려서 아아에먹으니까 진짜 맛있었어요 조용한데 사진도 찍고 예쁜 디저트 드시려면 여기로오세요!!,101000010001
커피맛도 괜찮고 디저트류도 다양하게 많아 좋았어요... 야외 테라스 좌석까지 있어서 성수 분위기 느끼기 좋은 곳이었어요,100001110000
너무 맛있습니당 !!,000000000000
빵이 어마어마 하죠 커피도 테이크아웃이면 2천원할인 이만한 가성비가 더 있을까..?,110000000100
매장은 넓고 쾌적한 편입니다. 디저트도 맛있고 커피도 깔끔하네요! 다만 직원분들이 그닥 친절하지는 않네요.,100001102000
호텔에 들어가는 제주애플망고 쓴다고 들어서 설마 신라망고빙수 보다 맛있겠어? 하고 갔는데 진짜 신라망빙보다 맛있었음. 직원들도 친절하심 재방문의사 있음.,000010001000
"다크체리쇼콜라케이크, 아이스아메, 딸기라떼",101000000000
딱 한 숟가락 뜨자마자 느껴지는 쫀득함 . . . 솔티 밀크 위에 피칸도 올려주셔서 씹는 맛도 좋구 발로나 초코 완전 찐하구.. 레몬 소르베로 향긋하구,000001000000
베이크모굴 역시 성수 베이글 맛집입니다!! 꼭 방문해보세요!,010000000000
분위기 좋아요 매우 친절하심,000000011000
쿠키에 초코칩이랑 견과류가 아낌없이 들어가서 정말 고소해요.,000100000000
쉽게접할수없는메뉴라좋았어요! 추천,000000000000
"성수동 디저트 카페 구욱희씨! 야외 테라스자리도 있고 2층, 루프탑까지 넓고 쾌적한 카페예요 인테리어도 넘 귀엽고 스콘, 쿠키, 케이크 등 디저트 완전 다양하고 카피도 맛있어서 서울숲 디저트카페 찾다가 귀여운 외관에 들어왔는데 완전 만족!! 특히 스콘이 맛있더라구요",101100110000
까눌레 속이 너무 떡진 것처럼 눅눅해서 식감이 최악이었습니다.,000200000000
빵이랑 같이 먹기 무난해요,030000000000
분위기도 너무 좋고 너무 친절하세요 엄청 넓고 쾌적해서 단체모임으로도 좋을 것 같습니다,000000111000
직원이 친절하진 않지만 . . . 감성은 넘쳐요,000000012000
디카페인 커피도 있고 꼬숩고 맛있네요,100000000000
포장하는 동안 앉아서 기다릴 수 있게 배려해 주셔서 감사함.,000000000010
분위기도 좋구요 음료 종류도 다양해서 좋았어요!! 데이트코스로 추천드리는 곳이에요,100000010000
넘나리 느좋 갬성 카페 .... 대화하기 좋아용. 주말엔 좀만 더 늦으면 자리 없을듯.....,000000010003
맛있어요 근데 비싸요,000000000200
양이 적어도 너무 적네요. 맛도 평범합니다,000002000000
해방촌커피 먹고싶어서 왔어요!!! 날이 좋아 야외도 너무 좋아요??,100000010000
짱 예뻐요!!! 동료 생일로 준비했어요. 여긴 레터링이 진짜진짜 깔끔해요!,001000001000
분위기 좋고 맛있어요 메뉴가 다양해서 좋아요,000000010000
"태연이 한입베이글 방문했었어서 나중에 가봐야지 하고 마음에만 남겨두었던 곳 드디어 시간내어 가봤는데 진짜 마음에 쏙 들었다 포장도 되고 매장 이용도 가능한 곳인데 나는 매장 이용으로 했다 가게에 들어가기 전부터 밖에서 나는 빵냄새에 혼절을 해,,,, 야무지게 고르고 앉아서 한입씩 먹어보는데 진짜 다 맛있다 저중에서 최애를 고르자면 소금빵? 그리고 치즈감자인가 저 체다치즈 올라간 걸 고르겠다 쫀득하고 맛이 엄청 다양해서 맛있게 먹고 여유롭게 시간 보내기 너무 좋음!!! 주말은 모르겠지만 평일의 매장 분위기는 산뜻하고 좋았어요 화장실도 실내에 깔끔하게 구비되어 있습니다 . 서울숲에서 5분 걸으면 나오는 곳",010000110000
소금빵 1등 자연도! 폭신하고 부드럽고 촉촉해요 버터향 진하고 짭짤 고소 4개씩 묶어서 팔지만 그래도 요즘 소금빵 시세 따지면 가성비도 괜찮구요! 그치만 무엇보다 맛으로 최고예요 안드셔 보셨다면 어서 사세요,010000000100
스벅음료는 말해무엇 너무 맛났어요,100000000000
빙수가 진짜 찐이에요!! 우유얼음에 팥이 엄청 올라가 있고 송편도 이쁘고 너무 맛있어요!!,000011000000
희소성도 이제 없고.. 메뉴는 그닥 맛있는지 모르겠는데 사람은 항시 많아요,200002000002
매일매일 방문하게 되네요.,000000000000
키르쉬(블랙포레스트) 진짜 찐 맛집이에요 딸기케익보다 블포.. 차도 향긋하고 좋아요,101000000000
영수증 리뷰 이벤트 안내가 잘 되어 있어 참여하기 편했습니다.,000000100000
직원분들이 친절하시고 아메리카노 맛있어요!,100000001000
너무 맛있어요! 베이글 댑악,010000000000
바닐라 라떼는 시럽 맛이 좀 나긴 하는데 달달하게 먹기엔 괜찮아요.,300000000000
색 조합 예뻐요. 안에 케이크도 맛있구요! 매번 감사합니다!,001000010000
설명 카드가 같이 나와서 읽어보기 좋았습니다.,000000003000
부드러운 유정란 에그타르트가 정말 맛있었어요 커피와 함께 먹으니 완벽한 조합이었어요,100100000000
맛있었습니다분위기도 좋아서 모임하기 좋을것 같아요!,000000010000
수플레가 진짜 맛있어요!! 차이티라떼도 색다른 맛이었어요.,100001000000
친구가 너무 귀엽다고 좋아했어요,000000000000
"버터솔트는 매장에서 라떼와 먹었어요 빵은 말해모해 맛있었구요, 버터가 큼직해서 좋았어요. 커피는 진짜 너무 맛없어서 실망스러웟어요 하하.. 쓰고 탄맛마고 아쉽 잘못 추출하신 거 같아요. 진짜 맛없엇어요 빵은 둘 다 맛있었습니다. 레드페퍼는 집에서 살짝 에프에 구워 먹었어요. 특히 추천합니다. 담엔 빵만 포장할 듯 매장은 넓은 것에 비해 좌석이 많지 않네요",210000200010
메뉴판에 가격이 부가세 포함으로 깔끔하게 적혀 있어요.,000000000300
캐치테이블로 미리 예약하고 와서 오래 기다리진 않았어요! 케익 비주얼과 맛이 너무 좋은데 가격이 좀 슬프네요,001000000201
또 갔어요!! 맛나는소금빵,010000000000
친절하고 맛있는게 많아요,000000001000
자두가 통으로 들어가있어요!! 음료도 케잌도 너무 맛있어요,101000000000
스탠다드브레드 성수는 유명한 서울 식빵 맛집임 그 맛있고 유명한 식빵에 퍼플베리랑 아보카도 딜 스프레드 같이 발라먹으면 상큼하고 크리미해서 폭식하게 됨,010000000000
웨이팅 길고 좀 비싸네용,000000000202
예전부터 와보고싶었던 젤라또집이라 방문하게되었습니다!... 맛도 다양해서 넘넘 좋았습니다,000001000000
시그니처 너티 클라우드 맛있구요 아메리카노 원두맛도 좋았어요 디카페인 옵션도 있답니다 바스크 치즈케이크 정말 꾸덕하고 맛난데 가격이 어마무시하네요 엄청 쪼끄만데 오천원 까눌레는 달걀 비린내도 하나 없이 겉바속촉 완벽했어요.,101100000200
유행이 지난 인테리어라 감각 있다는 느낌은 전혀 못 받았어요.,000000020000
카페 테이블이 끈적거려서 닦아달라고 하니 행주를 툭 던져줌.,000000002000
티라미수는 상상할 수 있는 일반적인 카페 티라미수 맛임.,003000000000
말차 수플레 퐁신퐁신하고 맛있어요 !!,000001000000
Glen Orange 상큼한 오렌지에 위스키향이 은은하게 퍼지는 소르베. 도수는 있지만 부담 없이 즐길 수 있어요.,000001010000
와 롯데타워 안에 계속 돌아다니면서 쇼핑하는거 오랜만에 너무 지쳐서 아이스크림 커피수혈 하러 커피만 이날 3번째 앉고싶어어어어어어어 아이스크림 좋아용 아포가토처럼 찍어먹으니 더맛난,100001000000
유명한 이유가 있네용,000000000000
실내는 포근하고 따뜻한 분위기에요 팬케이크랑 커피랑 같이 먹으닌까 맛있어요!,110000010000
맛있고 좋아요 다음에 또 오고 싶어용!!,000000000000
시그너처 디저트 두 가지가 정말 너무너무 맛있어요!! ... 피버바크림라떼의 크림도 너무 환상적이에요 땅콩버터와 바나나의 조화는 뭐 말모,100001010000
커피 맛있어요. 빵 굽는 커피숍이에요,110000000000
선물용으로 땅콩버터 주문하고 픽업갔어요. ) 좋아요.,010000000010
분위기도 좋고 시그니쳐 커피도 맛있어요,100000010000
빵도 맛있고 특별한 메뉴도 있고 인테리어도 멋지네요,010000010000
강남구청 본점보다 다양한 디저트류와 빵들이 많이 있네요. 언제나 커피 맛있어요!,110001000000
카페 찾아보다가 알게된 곳!! 소금빵 세상에 파묻히고 싶슴니다.. 맛있어요,010000000000
잘 마셨어용 크루키 맛있어요,000100000000
맛있어요! 공짜로 주셔서 한입 먹고 바로 샀습니다!,000000000000
대기 명단에 전화번호 적어두면 차례 올 때 전화 주셔요.,000000000003
트렌디한 인테리어 소품들이 많아서 인스타 감성 뿜뿜합니다.,000000010000
유튜브보고 와야지와야지 하다가 드디어 왔어요!! 사장님이랑 직원님 모두 넘모 친절하시구 푸딩 만드시는 것만 보다가 드디어 먹을 생각에 설레요!!! 아 역시 맛있네요 너무 행복한 맛이예요,000001001000
샌드위치 괜찮아요 가격은 좀 있지만 자주 옵니다. 다양한 베이글 드실 수 있어요 다만 좀 춥습니다,010000200200
카페가 넓고 완전 느좋입니담 친절하시고 음료가 빨리 나와서 너무 좋앗아용,000000101000
꼭 와보고싶었던 쏘쏘한 베이킹! 캐러멜 바닐라 크림 푸딩과 아아의 조합! 너무 맛있네요 달콤하고 부드러운 바닐라 크림과 사브레의 조합이 환상입니다 꼭 다른 디저트도 또 먹으러올께요,100101000000
서비스 쿠키는 없지만 커피 가격이 저렴한 편이라 납득이 갑니다.,000000003000
"전에는 낮에 방문했었는데 이번엔 밤에 방문했는데 역시나 분위기 최고에용 푸딩이랑 스낵은 진짜 넘 맛있어요,, 분위기도 넘 좋고 다음에 또 올게요!",000001010000
케이크 위에 올라간 생크림 휘핑이 아주 쫀쫀해서 식감이 좋아요.,001000000000
쾌적하고 좋았어요 맛도 굿,000000100000
카페가 너무 아기자기하고 예뻐요 !,000000010000
특히 사진 찍기 좋은 무채색 계열의 카페라 더욱 좋았어요 !,000000010000
분위기 너무 좋아요!! 편하게 있다가 가겠습니다,000000110000
쿠키 샌드 안에 든 크림이 신선해서 느끼함이 전혀 없습니다.,000100000000
맛있어요 빵이 든든해서 한끼 식사로도 충분 하네요,010000000000
친구가 가고싶다고 해서 방문 휘낭시에 맛있어요,000100000000
아늑한 공간과 귀여운 고양이 2마리와 맛있는 음료와 디저트가 있는 곳,100000110000
사장님 친절하시구 서비스로 쿠키 주셨는데 너무 맛있었어요!,000100001000
진짜 너무 맛나용 성수올때마다 옵니다,000000000000
성수동에서 사람들이 여기 상자를 많이 들고 다니더라구요... 비쥬얼도 예쁘고 맛도 좋아요!,000000010000
가성비가 조아서 출근길에 한 잔 주문합니다,000000000100
처음 먹어보는데 맛있어요! 크림과 조화가 좋아요!,000000000000
사람이 없어서 조용하고 쾌적하네요.,000000000001
로얄밀크티쉐이크(R) 떠먹는 스트로베리초콜릿 너모너모 맛있어요,101000000000
"분위기도 좋고,음식도 맛있어요!!!",000000010000
시간이 부족했지만 재밌었어요...! 커플이 아니더라도 안쪽 방 주시면 더 좋을 것 같아요...커플만 주시더라궁요,000000302000
성수에서 발견한 보물같은 카페에요 음료도 맛있고 인테리어도 너무 예쁘네요!!!,100000010000
really delicious dessert n coffee,100001000000
"성수에 공부나 작업하기 너무 좋은 공간 발견했네요 ,, 분위기가 너무 좋고 매 테이블마다 콘센트가 정말 너무 좋아요",000000110000
빙수 위에 올라간 하겐다즈 아이스크림이랑 과일 조화가 꿀맛입니다.,000010000000
압구정에만 있던 플디 케익샵이 근처에 새로 생겼다고 해서 바로 사갔습니다 케익도 너무 이쁘고 친척 어른들께 드리는 케익인데 일반 빵집 케익이랑 다르게 너무 맛있고 예쁘다고 해주셔서 사간 보람이 있었어요 보통 어르신들은 생크림 케익 별로 안좋아하시는데 싹 비워드실 정도로 맛있었습니다 가족 모임 강추 다음엔 무화과도 먹어볼게요,001000000000
"케이크가 정말 맛있고, 매장도 넓어서 좋아요! 케이크 드시고 싶은 분들은 여기로 오시요",001000100000
빵이 다 맛있어보여서 포장까지 했더니 또 밥 보다 비싸짐 근데 진짜 너무 다 맛있고 분위기도 좋고 커피도 진하니 좋았어요) 서울숲 너무 멀지만 못먹은거 먹으러 또오고싶네요. 라우겐크로아상 꼭 드세요!!,110000010200
에그타르트 좋아하는데 가성비 있는 팩이있어서 사러왔어요 너무 맛있어요 추천!,000100000100
옥수수 프렌치토스트 먹었는데 아이스크림 직접 만드는거라 엄청 찐하고 맛있어요 다만 맛있고 분위기도 좋은 만큼 접근성 낮은 데 비해 가격이 있다..?,000001010200
한여름에 너무 더워서 시원한 카페 찾다가 이름부터 시원한 카페를 발견해서 들어왔는데 인테리어도 너무 예쁘고 커피랑 케이크도 맛있어요 다음에 또 방문할게요!!,101000010000
"강아지 가방에 넣어서 들어왔어요 사람이 진짜 많은데... 케이크가 넘 예뻐요,,,",001000100002
10분 정도 줄 서서 샀어요. 에그타르트 사이즈 크고 진짜 맛있어요.,001000000002
분위기도 너무 좋고 가을에 데이트하기 너무 좋은 장소입니다!! 맛도 너무 좋아요,000000010000
한적한 곳에 예쁜 카페가 생겨서 좋아요!,000000010001
커피도 디저트도 맛있고 잔도 티슈도 뭐 하나 안 귀여운게 없넴 1층엔 자리가 꽉 차서 지하로 갔는데 또 다른 분위기더라구요.,100001010000
케이크 비주얼이 미쳤어요..!! 근데 맛도 미쳤어요...!! 카페 내부가 좀 협소하긴 한데 분위기가 너무 예쁘고 좋아요,001000210000
초코 케이크는 단맛이 적당해서 무난하게 먹기 좋습니다.,003000000000
펭귄이랑 인테리어가 너무 귀엽고 직원분도 친절하세요!!,000000011000
원두 선택지가 여러 개라 취향껏 고르면 될 것 같은 정도입니다.,300000000000
에이드도 맛있고 매장도 4층까지 있어서 너무 좋아요! 빙수도 맛있어보여요,100000100000
종류도 다양하고 늦게까지 해서 좋아요,000000100000
"와,, 여태껏 먹어 본 초코 음료 중에 역대급이었습니다,, 어쩜 이렇게 초코가 깔끔하게 단맛을 낼 수가 있죠? 역대급 초코 음료!! 분위기도 너무 좋고 힐링의 시간을 보낼 수 있는 곳!",100000010000
비싸고 작지만 맛있어요. 딸기가 가득 들어있고 많이 달지 않아서 좋아요.,001000000200
더운 날에 아이스크림 강추 드려요!! 매장 분위기도 잔잔하고 좋아서...,000001010000
매장 분위기도 좋고 맛있어요. 특히 마지막에 시킨 로제 떡뽁이가 가장 맛있었어요!,000001010000
포장 대기 시간 동안 매장 구경하면서 시간 보냈습니다.,000000000030
메뉴가 엄청 다양하고 인테리어도 깔끔하게 잘 되어있어요!,000000010000
부드러운 식빵 맛있름!,010000000000
처음 와봤는데 종류도 엄청 많고 맛있어요 쾌적하구 너무 좋아요!!!!!,000000100000
테이크아웃잔을 원햇는데 아쉽게도 말차는 생각보다 평범했습니다!,300000000000
"매장이 인데도 쾌적하고 사람들이 많아요.. 웨이팅30분정도 기다렸다 자리 잡았는데 친절하시고 케익, 빙수 맛집입니다.. 굿굿",001010101002
"넓고, 베이커리도 다양하고, 좋아요.",010000100000
들어가도 인사 한마디 없고 직원들끼리 수다 떨기에 바쁘네요.,000000002000
포장지 재질이 친환경적이라 환경까지 생각하는 게 느껴짐.,000000000010
고층에 도심속 차분한 노래가 흘러나와 조용하고 집중할수있는 분위기가 넘 좋았어요. 직원분들도 정말 친절하셨어요,000000011000
크리스마스 분위기에 맞게 맛있는 디저트! 직원분들도 친절하고 낭만 있고 즐거운 곳입니다,000000011000
성수 나들이중 발견한 쿠키맛집 친절하시고 좋아요!,000100001000
기념일이면 앞으로 여기서 케이크 주문 하려고요. 크리스마스 케이크 주문했는데 너무 예뻐서 기분이 절로 좋아지네요.,001000010000
인테리어 커피 모두 맛있습니다.,100000010000
커피 케이크 맛있어요,101000000000
치즈케이크에 대한 인식을 바꿔준 카페 느끼하지도 않고 맛있어서 순삭... 인테리어도 이쁘고 깔끔해서 더 좋았던 서울숲 산책하고 꼭 들려야할 숨은 디저트 맛집 사장님도 너무 친절하셔서 재방문 의사 2000 매주 갈것 같네요 사장님 흥하세요,001000011000
복숭아 케이크는 처음이었는데 너무 귀엽고 달지도 않고 맛있어요!! 복숭아도 진짜 많이 들어가 있는데 크림이 진짜 너무너무 맛있습니다,001000000000
여름 시즌 빙수 수박빙수 너무너무 맛있어요! 달달한 수박도 맛있고 우유빙수 자체도 부드럽고 대존맛!! 음료들도 맛있고 무엇보다 매장이 쾌적해서 좋았습니다. 화장실도 깔끔해요,100010100000
커피가 맛있어요!! 플랫화이트 너무 고소해요 카페 음악이 조금 조용하면 더 좋을거같아요,100000030000
넓어서 모임하기 좋고 시원하고 빵도 맛있어요,010000100000
인테리어가 정말 멋진 카페에요! 사장님도 너무 친절하시고 여기 군고구마 아이스크림 디저트랑 호떡 크림라떼..짱짱 다음에 또 방문하고싶어용,100001011000
에스프레소 매니아는 행복한 종류별로 산택가능한 다양한 에스프레소와 함께 휴식을 취할수 있는 넓은 공간!,100000100000
넓고 쾌적해서좋았습니다,000000100000
포인트 적립은 핸드폰 번호로 간편하게 할 수 있습니다.,000000000300
개성주악 제 취저네용 달달해요,000001000000
"투썸플레이스의 아메리카노는 정말 특별한 맛을 자랑합니다... 매장 분위기도 아늑하고 편안하여 친구와의 대화나 혼자만의 시간을 즐기기에 적합합니다. 친절한 직원들의 서비스 또한 인상적이라, 언제든지 다시 찾고 싶은 곳입니다.",100000011000
빵 종류 엄청 많고 맛있어요,010000000000
라떼성수음부드러운 라떼 맛나요,100000000000
커피 주문번호때문에 전광판이 없어 확인하느라 너무 힘듬...,000000002000
무게는 좀 나가지만 색깔이랑 크기 넘나 맘에 들어요!,000000000000
아늑한 카페에요 케잌 넘 맛있어요!,001000010000
대량 포장인데도 하나하나 리본 간격까지 맞춰주신 정성!,000000000010
요즘 제 최애 디저트집 첫번째 사진 애플크럼블맛 진짜 맛있어요!! 두바이초초도 나왔길래 얼른 집어왔는데 비싸지만 맛있네요! 여기에서 그동안 웬만한 메뉴는 다 먹어본거 같은데 제 맘 속 1위는 잠봉뵈르 2위는 애플크럼블 3위는 앙버터 담에는 친구들 데리고 매장에서 이용해볼게요!,010100000200
한번오고 반해서 또 왔습니당 티라미수 대짱맛,001000000000
고양이가 귀엽고 이뻐요,000000010000
지나가다가 꼬수운 냄새에 덜컥 들어와서 사가요 !! 진짜 맛있어보이고 진짜 바삭해보이고,010000000010
쨈 종류가 많아서 골라먹는 재미가 있네요. 다른 메뉴들도 맛있어요.,010000000000
녹차 라떼가 텁텁하지 않고 진한 말차 향이 나서 너무 맛있네요.,100000000000
쿠키 종류가 꽤 있어서 취향대로 고를 수 있는 건 좋네요.,000100000000
출근하면서 매일 도장 찍는 카페입니다 사장님이 항상 반갑게 맞아주셔서 즐거운 하루를 시작할 수 있습니다,000000001000
분위기도 좋고 빵도 맛있어용!!! 진짜 즐겁게 시간 보내고 가용 특히 커피가 향이 좋아용,110000010000
유명하다 해수 와봣어용 10분 이내로 들어갔어요! 피스타치오 마싯습니다,000001000001
일하다가 포장해 와 커피마셨네요. 시원해서 더 좋았어요.,100000000010
픽업대랑 반납대가 명확히 구분되어 동선이 꼬이지 않아 좋네요.,000000100000
빙수 너무 맛있었어여! 망고 당도도 높고 우유얼음도 부드워 너무 맛있었습니당 담에 또 성수오면 가려구요!,000010000000
남친이랑 동생이랑 성수동애서 밥먹다가 동생이 여기 태연이 와따가따고 가고싶다고 해서 간곳 새로오픈해서 깰꼼하고 소금베이글 잠봉뵈르 죤마탱,010000100000
네모와의 좋은 추억과 애정이 있어서 네모네를 방문했는데 네모네모한 분위기와 컨셉이 정말 재밌고 묘하게 반갑네요,000000010000
맛있어서 또 왔어용 크림 존맛탱,000000000000
빙수 양이 엄청 많아서 셋이 먹어도 충분할 정도였어요.,000010000000
카페 분위기가 편안하고 따뜻해요 카페 라떼랑 베이글 조합 너무 맛있고 속이 든든해요!! 부담없이 언제든 방문하기 좋은 카페 같아요! 추천합니당,110000010000
지하라서 그런지 환기가 안 돼서 공기가 탁하고 곰팡이 냄새나요.,000000020000
성수역 핫플 중에 딸기생크림케이크 맛집 소개받아 포장...,001000000010
"첫 방문. 1015분 대기후 입장. 망고 빙수 껍질째 올라가있고 하나씩 뜯어 먹어야 되어서 약간 불편함이 있었어요. 가운데 토핑은 요거트이고, 빙수 안에는 망고 잼으로 들어있었어요. 딸기 케이크는 요거트 크림에 딸기가 가득, 아주 달달했어요. 남자 직원 두분 다 불친절하고 손님이 오던, 가던 말던 응대 전혀 없고, 서버 할때 조차 불친절함인지 시크함인지. 저희가 나갈때에는 직원들끼리 떠들고 이야기 하느라 더욱이 바빠보였네요!",001020002002
수박주스에 수박이 진짜로 가득들어가서 맛있었어요 추천해요!!!!,100000000000
아이스크림도 맛있고 키링도 받을 수 있다는게 너무 좋아요 !!!!,000001000000
맛있어요 분위기도 좋고 조용해서 대화나누기도 좋고 예뻐요,000000010001
성수동 빵집느낌일거라 생각했는데 동네 오랜된 빵집이더라구요. 소금빵은 제겐 다른곳보다 딱딱하고 아쉬웠어요,020000030000
브런치도 맛있고 오렌지 당근 주스가 정말 맛있어요 직원분도 친절하셔서 기분 좋게 식사했습니다 ),110000001000
가게 내부가 너무 느좋 그자체에요.. 저번에 방문하고 너무 좋아서 오늘 두번째 방문했어요,000000010000
푸딩 먹고 싶어서 방문했어요 인테리어랑 노래도 멋져서 이번에 못 먹은 초코푸딩 먹으러 또 올거에요!,000001010000
너무 맛있어요담에 또올거에요,000000000000
케이크 너무 맛있고 아늑하고 그릇들도 너무 예뻐요,001000010000
"들어가자마자 먹고싶은 빵들이 많아서 너무 고민스러웠는데 고른 디저트도 너무 예쁘고 맛있고, 커피도 맛있고, 사장님이 서비스로 주신 것도 너무 맛있고 감동이었습니다 포장해서 집에서 먹은 디저트도 정말 너무너무 맛있어요 강추입니다!! 번창하세요",110000001010
서비스 마인드가 정말 훌륭해서 다시 방문하고 싶은 곳 1순위예요.,000000001000
흑임자 양갱 맛있어요! 고소하고 달달해서 기억에 남네용 분위기도 좋고 책 읽으러 오기에도 좋은 카페에요!,000001010000
청포도맛 나는 시원한 아이스크림이에요! 밑에는 투명한 펄(?) 같은게 들어있어서 식감을 더해줘서 좋았어요.,000001000000
아이스크림 올라간거 꼭 드세요맛있어용,000001000000
"두 번째 방문입니다. 편하게 대화나누기 좋고, 조도가 적당해서 분위기가 편안합니다. 커피가 괜찮고, 빵이 맛있습니다. 개인적으로 소금빵이 제일 맛있는거 같고, 소세지페이스트리는 무난합니다. 번은 너무 달고 맛이 없어서 반만 먹고 남겼습니다... 직원분들이 친절하시고, 화장실도 내부에 있어 좋습니다.",120000111000
생각보다 사람이 안 붐벼서 친구들이랑 대화하기 좋았어요.,000000000001
"인테리어가 예쁘길래 들어와봤는데, 페스츄리 빵이 있네요. 다음에 또 찾을 것 같아요!!",010000010000
많이 달지 않아서 디저트로 가볍게 먹기에는 괜찮은 듯요.,003000000000
성수최고 도넛맛집 오버도즈,010000000000
디저트들이 대체적으로 너무 달아서 아메리카노 필수입니다.,000200000000
"너무 예쁘고 연말 분위기,,,대박 뚝섬오시면 방문하셔서 꼭 트리랑 사진찍고가셔요",000000010000
리뷰 이벤트 참여 시 쿠키 하나를 증정해주고 있습니다.,000000300000
프렌치토스트가 맛있다고해서 찾아왔는데 소문대로 완전맛있어요! 커피도 맛있습니다!,110000000000
"오픈한지 얼마 안되었다고 그래서 기대해서 갔는데... 일부러 아침 오픈에 갔는데 매장은 더럽고, 일하시는 분은 너무 불친절하셔서 손님도 없는데 커피 10분기다리고 .. 기다리는거 알면서도 수다떨고... 나쁜 리뷰 진짜 잘 안남기는데 별로였어요.. 커피맛도 별로에요...공간은 멋있었어요 그래도",200000212000
복숭아 파르페가 진짜 맛있어요 이번에 두바이초콜렛 관련된 상품도 나왔다는데 재방문의사 있습니다,000001000000
디저트가 너무 예쁘게 생겼어용,000000010000
공간이 좋아서 힐링되는 곳입니다!! 너무 맛있고 친절하시셔서 다시 오고싶은 공간이에요!,000000111000
바쁘다고 짜증 섞인 말투로 주문을 받는데 사장님 교육 좀 시키세요.,000000002000
"이전하고 가오픈기간에 방문했습니당! 바질크림고구마파니니꼬꼬아보파니니단호박콘스프애플망고에이드 주문하였습니다! 음식이 하나씩 나오지만 나오는 속도가 비슷해서 한번에 사진찍을 수 있었어요! 맛은 여전히 맛있었어요! 빵이 어떻게 저렇게 빠삭빠삭한지 단호박콘스프는 정말 맛있었어요! 개인적으론 샌드위치는 커피랑 잘 어울리는 것 같아요!! 전보다 공간도 훨씬 넓고 쾌적해졌어요! 밝은 조명이나 인테리어, 뷰까지 사진찍기 너무 좋았어요!! 다만 가격이 다 올랐더라구용! 음식가격상승 너무 무서워요",110000111200
소금빵이 맛있어서 추가로 더 시켰어요. 겉바속촉에 짭조름한 맛이 중독성 있네요.,010000000000
친절하고 맛있어요!! 시식빵이 있어서 고르기 편하고 좋아요. 귀엽고 맛있어요,010000001000
"평소에 너무 오고싶었는데 너무 맛있어요 ,, 특히 완두콩타르틴이 조화가 너무 좋고 또 오고싶어요",000001000000
바닐라라떼 너무 달아서 조절필요,300000000000
할로윈 느낌 뿜뿜 누텔라모카는 처음봐서 먹어본건데 그냥 그렇네요 ..,300000010000
카운터가 너무 지저분합니다 비닐장갑을 낀 손으로 빵도 썰고 다른것도만지시고.. 위생은 안좋아 보입니다,000000002000
피스타치오 페스티벌 안에 크림이 너무 고소하구 알갱이같은게 씹혀서 식감이 넘 좋습니다! 밀푀유는 생각보다 엄청 단단한데 바삭해서 좋아요! 까눌레는 약간 작긴하지만 겉바속쫀 제대로네요 행복한 맛이었어요,001100000000
종류도 많고 직원분도 친절하세요,000000001000
굳이굳이 찾아가서 먹어야할 찐맛집 진짜 미쳤다 치즈케이크 신세계가 펼쳐질 거예요. 아이스크림도 존맛탱구리,001001000000
맛있고 가성비 좋은 디저트집이에요,000001000100
순간 유럽온줄알앗어여 너무 맛잇고 사장님도 친절하시고 매장이 너무 이쁘드라구요,000000011000
아메리카노 시켰는데 커피 제조하실때 세팅이 잘못 된 것 같다고 한 잔을 더 공짜로 받았습니다. 다음에 오실때 제대로 해 드리겠다 도 아니고 바로 한잔 새로 만들어 주시는 거 보고 리뷰라도 정성 들여 남겨 드려야 겠다 싶었네요 8월 이벤트로 끼워 주신 과자는 처음에 봤을 땐 카스테라 느낌의 기본 빵 인줄 알았는데 바닥 부분에 새콤한 잼이 들어있어서 훨씬 더 맛이 좋았습니다. Thumbs Up!,100100001000
이번이 두 번째 방문이에요! 항상 맛있어요!,000000000000
컨셉이 독특하고 재밌어서 방문했고 만족합니다 아이스크림 술 조합으로 귀여운 디저트까지 추천,000001010000
빵이 맛있고 분위기 좋고 직원분들 친절해서 좋아요,010000011000
"핑크핑크한 외관부터 시선강탈이에요!! 핑크덕후라 이끌리듯 들어가게 되었는데.. 엄청난 디저트 맛집이었어요 시그니처인듯한 크럼블 비쥬얼도 맛도 완벽해요 다른 디저트들도 잔뜩 쟁여올걸 후회중,, 친절함과 서비스까지 최고",000101011000
"분위기 좋은 곳에서 커피 한 잔 하고 왔어요. 인테리어 취향 저격 당했네요, 맘에 들어요!",100000010000
케이크가 너무 귀엽고 맛있어요! 인테리어도 차분하고 예쁜 우드톤이고... 커피도 맛있었어요,101000010000
솔드아웃된 메뉴가 있어서 아쉬웠지만 맛났어요!!,000000000000
내가 점심때 지나서 커피 마시러 가니 한적하고 좋았어요,100000000001
단체가 들어가기 좋음 룸도 있고 커피도 맛있음,100000100000
급하게 찾았는데 분위기도 좋고 역시 성수동은 핫플이더라구요! 시그니처 라떼 독특한데 맛있음,100000010000
"기장쌀 깜빠뉴는 처음 구매해봤는데... 정말 고소하고 맛있어요. 무화과 깜빠뉴는... 간식으로 좋고, 기장쌀 깜빠뉴는 밥대신 먹기 훌륭해요.",010000000000
귀여운 키링도 갖고 아이스크림도 먹을 수 있어서 좋아요!,000001000000
잼이 너무너무 맛있어요... 바닐라 커스타드 크림 스프레드 구입했어요!!,010000000010
복잡한 성수동 메인스트리트를 살핀 다음 연인과 함께 쉬기 친구들이랑 나중에 한번 더 재방문 할 예정입니닷! 성수동오면 추천하는 아지트!,000000010000
빵이 아주 신선한 느낌은 아니지만 그렇다고 오래된 것도 아니에요.,030000000000
빵이 전반적으로 너무 퍽퍽해서 식감이 좋지 않습니다.,020000000000
이번엔 소금빵과 애플 페스츄리 샀어요... 역시 여기의 근본은 페스츄리임,010000000000
키위 주스가 새콤해서 비타민 충전 제대로 하는 기분입니다.,100000000000
"빵도 맛있고, 오늘의커피도 맛있어요",110000000000
너무 귀엽고 맛있었어요 !!,000000010000
팥도 부드럽고 떡도 많이 들어있고 우유맛 진하게 나는 빙수도 너무 맛있었용!!,000010000000
커피 맛있어요 추천합니다.,100000000000
베이커리 맛있어요 음료는 비싼 편인데 양 너무 적어요,210000000200
초코 무스에 견과류가 조금 섞여 있는 일반적인 형태입니다.,000003000000
데이트 하기좋은 분위기입니다! 방문해서 맛있는 디저트 먹기 좋아요!,000000010000
휘낭시에 종류별로 가격 차이가 조금씩 있는 편입니다.,000300000000
선물하기 좋게 패키지를 너무 예쁘게 잘 해놔서 좋아요. 오레오 쿠키도 맛있고 피칸 쿠키도 맛있어요. 저 최애는 포레스트 쿠키 입니다. 말차 맛이 좋은 분들은 추천 드려요. 카카오랑은 다른 느낌의 쌉싸름한 맛 입니다. 이맛에 꽂혀버리면 출구없음,000100000010
직원도 많은데 음료제조가 너무 느려요. 얼음을 컵에 넣어두고 제조가 느리니까 한참있다가 음료를 부으면 그안에 녹은 물이랑 다 섞여서...밍밍해요. 녹차쉐이크에 팥이랑 떡이 들어가는거 첨봤어요. 그럼 녹차빙수 아닐까요? 녹차빙수에도 요즘 팥 따로 안들어가는데.....좀 더 설명을 추가해 주는게 좋을듯 합니다. 쉐이크도 만들어두고 토핑을 올리느라 받으니까 이미 꽤 녹아있더라고요. 손님이 많지도 않은데 좀 더 빠르게 준비할 수있게 해야 되지 않을까요?? 어쨋든 느린거야 카페 스타일이라 생각하고 기다리면 된다지만 얼음이 녹은물에 타주는건 좀 그래요,200000002000
완전 달달하고 맛있어요 과일이 신선한게 느껴지고 사장님이 완전 친절하셨어용,000000001000
손님이 계속 들어오는데도 매장 관리가 잘 되어 쾌적함.,000000000001
"개성이고 깔끔한 공간이 좋아요. 커피, 치즈케이크 무난하게 맛있어요. 루프탑 높고 탁 트여서 좋아요",101000110000
비주얼이 너무 예뻐서 먹기 전에 사진만 수십 장 찍은 것 같아요.,001000000000
진짜 성인여자 주먹보다 작은 베이글들이 쫘라락 있어서 구엽당 하면서 골랐네욤 꿀고구마랑 베이키 둘다 맛도리였구 대파크림치즈랑 우유크림도 맛있었습미당 크기가 작아서 여러가지 맛을 다 맛보기 좋다는 큰 장점이,010000000000
나갈 때 뻔히 쳐다보면서도 인사도 안 하는 태도에 실망했습니다.,000000002000
다양한 종류의 베이커리들이 많고 두바이 초콜렛 푸딩은 생각보다 달지 않고 식감이 너무 좋았어요!,010001100000
음료가 가격만 높고 별로예요,200000000200
"디저트맛집, 주차불편",000001200000
간만에 정말 따듯하고 힐링되는 시간이었어요 다음에 요가 클래스도 참여해보고싶어요,000000010000
뷰도 좋고 공간도 깔끔해서 대화 나누기도 조을 것 같습니당 복숭아빙수도 여름에 시원하게 먹기 딱 조은 것 같아요,000010110000
커피 진짜 맛있네요. 바닐라라떼 달달하고 부드러워서 기분 좋게 마셨어요. 갈 때마다 커피 맛이 일정해서 좋아요. ,100000000000
디저트가 너무 맛있어서 사진찍을겨를도없이 흡입했어요 사장님도 너무너무너무 친절하시구용,000001001000
커피가 너무너무 맛있고 고양이가 귀여워요!!!,100000010000
커피가 정말 맛있어요매장이 넓진 않아서 많이 기다렸지만 커피 한모금 앙버터에 모든게 좋았어요,110000200002
카페 분위기 좋아요!!!,000000010000
사진 찍기전에 먹어버린 쌀소금빵이랑... 계산하시는 분이 생크림으로 찍었네용...,010000002000
맛 소소 가격 소소 분위기 소소,000000030300
주문하자마자 바로 붕어빵 구워주시고 사장님도 넘넘 친절하세요!!!,010000001000
대기 13팀 있었는데 주변 둘러보고 오니까 금방 차례 왔어요 !!... 복숭아빙수 다른 곳에서도 복숭아빙수 먹어봤는데 여기가 훨씬 맛있는 것 같아요,000010000003
"더 디저트 보고 왔어요!!디저트 넘 예쁘고, 맛있습니다!!",000000000000
커피랑 디저트 맛있어요 다만 이제 날씨가 여름이기도 하구 창문을 다 열어놔서 벌레들이 살짝 들어오네요,100001200000
애정하는 카페....라떼가 진리!! 입니다.,100000000000
치즈 케이크는 커피랑 같이 먹기에 나쁘지 않은 정도입니다.,003000000000
딱 출출할때 작은 베이글 먹기 좋아요,010000000000
맛있어요 또 먹고 싶어요. 가성비가 좋아요. ,000000000100
세면대 물이 잘 안 내려가고 주변에 물바다라 쓰기 찝찝했어요.,000000200000
후추커피 넘넘 맛있어요!! 늘 이 카페는 드링크가 정말 맛있어서 오면 기분이 넘 좋아져요,100000000000
크루키 너무 맛있어서 재방문했어요! 꼭 살짝 데워 드셔보세요..천상의 맛 그 자체에요,000100000000
프렌치토스트 기대해서 10분정도 기다렸다가 들어갔어요... 특이한 잼이 많앗고 티슈식빵 구매해왔급미다,010000000003
이런 빵을 5천 원이나 받다니 양심 없네요.,000000000200
"디저트, 커피가 맛있고 직원분들 친절해요 좌석도 많고 대화하기 편안해요!",100000101000
케이크가 너무 맛있고 커피도 맛있고 직원들도 너무 친절하세요,101000001000
매장 분위기도 너무 좋고... 디저트들도 너무 맛있어서 다음에 또 오고싶은 맛이에요...,000001010000
무난함 그러나 친절해요,000000001000
맛있어요 3층까지 있어용,000000100000
커피는 적당히 산미가 있어서 달달한 파이들과 잘 어울리네요 체리 파이는 당도가 높고 무화과 파이는 얼그레이 크림에 무화과가 어우러졌어요 달달한거 좋아하는 사람은 체리파이 추천 단거 안좋아하면 무화과 추천! 저는 무화과를 좀 더 선호해요!,100100000000
토스트가 피넛버터가 이렇게 꾸덕하게 발려있는데 이 가격이라니..!!! 인스타보고 혹해서 처음 와 봤는데 너무 맛있어요!!,010000000100
좋아하는 구움과자 맛집,000100000000
남편이 가고싶다고해서 방문했습니다. 에스프레소 추가주문했는데 너무 맛있어요. 스푼이 이뻐서 사버렸어요!,100000000000
특이한 젤라또 맛이 많고 사장님이 너무 친절하세요 우유젤라또에 올라간 피칸정과가 진짜 맛있어요!!,000001001000
복숭아 빙수 맛있어요! 복숭아도 많고 달아요,000010000000
진한 라떼 맛은 좋고 카라멜크림이 들어간 맥코이커피는 꽤 달아요 시끄럽지 않고 차분한 분위기라 대화나누기 좋구요 직원 분은 불친절해서 주문할 때부터 분위기 다운됐어요,100000012000
케익보단 빵이 맛있어요 곰도리카노 얼음이 너무 귀여우니까 한번 드셔보세요,112000000000
엄청 넓고 좌석도 꽤 많아서 좋아요! 노트북 존도 따로 있는 것 같은데 작업하기도 좋아보여요,000000100000
1인 1음료. 음료디저트류가 상당히 비싸지만 그만큼 맛있고 자리도 편하네요.,100001100200
갤러리 같은 분위기라 구경하는 재미도 있고 아주 고급스럽네요.,000000010000
직원들이 너무 불친절했어요 포크 떨어뜨려서 하나 더 달라고 했더니 남자직원이 포크를 던지듯이 주더라구요 표정도 왜달라고하냐는 듯한 표정이었구요 기분 너무 나빴습니다 너무 불친절해요,000000002000
"가게 직원분이 너무 친절하시구 수다떨기 너무 좋아요!!! 케이크도 부드러워서 너무 맛있고, 음료수도 맛잇어용최고에요!",101000001001
그라나따 맛있어보여용,000001000000
크로플슈페너가 아주 예쁘고 맛도 있습니당,100000000000
"평일 오후에 왔는데도 줄서있어서 다른 곳 구경하다가 대기 없을 때 들어왔어요. 사실 베이글 사는 줄이 길어서 그렇지 카페 자체는 자리도 넓고 사람도 별로 없어서 쾌적하더라고요. 디카페인 커피가 탄맛이 많이 안나서 맛있었고, 마늘 버터소금베이글도 완전 육쪽마늘빵 맛나서 맛있었어요. 안에 들어있는 크림치즈가 완전 킥!!",110000100002
진짜 여기 타르트 순삭할맛이라 다이어트중이라 자제하는중,000001000000
분위기도 좋고 넓고 음료도 맛있고 좋네여추천합니다,100000110000
소금빵 붕어빵이 맛있다고해서 근처 온김에 들렀는데 향부터 너무 고소하고 맛있어요. 직원분들도 친절하고,010000001001
여기 소금빵은 버터 동굴이 제대로 형성되어 있어 정석이네요.,010000000000
사장님이 친절하시고 여기 오시면 티라미수 꼭 먹으세요!,001000001000
까눌레는 하루에 나오는 수량이 한정되어 있다고 하네요.,000300000000
디저트와 아인슈페너 맛집이네요!! 오붓하고 조용하게 대화하기에 적합한 분위기는 아니지만 맛있는 디저트를 먹고싶다면 강추!!,100001000002
디저트가 너무 예쁘고 분위기 좋아용,000000010000
에이드는 탄산이 적당히 들어있어서 시원하게 마시기 괜찮아요.,300000000000
항상 맛있어요 그리고 카페 분위기도 너무 좋습니다,000000010000
맛나보이는게 많네용,000000000000
포장 박스에서 이상한 냄새가 나서 내용물 맛까지 버렸어요.,000000000020
앞에 공영주차 라인 있어서 주차했어요 넓고 좋아요 커피 맛있어요,100000100000
카페 곳곳을 정성스럽게 닦고 관리하시는 모습이 보기 좋았습니다.,000000001000
친구와 함께 방문했어요!! 컨셉 너무 독특하고좋아요,000000010000
식사 대용 빵이라더니 간이 너무 세서 짜게 느껴졌습니다.,020000000000
친구랑 성수 왔다가 친구가 커피 맛있다고 해서 왔어요 디저트도 맛있고 커피도 맛있어요,100001000000
너무 맛있거 예뻐요 데이트 하기 너무 좋은 곳입니다,000000010000
망고 빙수 양도 많고 너무 맛있었용 커피랑 티 음료도 깔끔하고 공간도 쾌적하고 좋습니당,100010100000
역시 실망시키지 않는군요. 피스타치오 추천합니다!,000000000000
커피도 맛있고 케이크도 맛있어요!,101000000000
커피가 맛있고 디저트도 맛있어요. 디카페인도 가능해서 편하게 먹을 수 있어요.,100001000000
매장 크고 이뿌고 좋아요!! 디저트들도 짱 예뻐요!,000000110000
아직 안먹어봤지만 너무너무 기대돼요 !! 고소할거 같습니다아아아,000000000000
직원 너무 싸가지없어요 일하기 싫으면 하지마세요 커피마시러 온 사람 기분 잡치게하지말고,000000002000
사장님 친절하시고 카페 밝은 분위기가 좋네요,000000011000
아침인데 빵이 따뜻하지 않았어요.,020000000000
좋아요 또 이용할께요 너무 분위기가 좋고 맛있어여,000000010000
생크림 케이크는 그냥 무난한 맛이고 특별히 튀는 건 없어요.,003000000000
빙수 속에는 얼음만 가득하고 토핑은 겉에만 살짝 발려있네요.,000020000000
픽베이크 에그타르트 유명하다그래서 방문했습니다!! 픽 클래식 세트 4개 1박스 구매했는데 정말 맛있네요!!!,000100000000
식빵이 맛있어 보여 사러왔어요. 아침 일찍 문열어서 좋아요,010000001000
땅콩러버에겐 최고의 카페!! 토스트 한번씩 먹어보세요,010000000000
매장도 예쁘고 쿠키도 다양하고 예뻐요 구욱희씨만의 특별한 쿠키가 많은 것 같아요,000100010000
초코음료가 유명하다해서 항상 가보고싶었는데 언제나 만석이더라구요 테이크아웃해서 마셔봤는데 초코음료 맛있어요,100000000002
예약한 레터링 케이크 픽업왔다가 카페로도 이용 가능해서 커피랑 마카롱 먹고 왔네요. 분위기 좋고 친절하고. 마카롱도 케이크도 맛있어요,101100011000
진짜 너무 맛있어요 가까우면 자주 오고 싶어요,000000000000
오랜만에 성수를 다녀왔습니다 공간이 넓고 테이블도 넓어서 조용히 시간을 보내기 너무 좋았습니다 샤케라또와 브라우니를 먹었는데 브라우니가 엄청 부드럽고 꾸덕하고 맛있었어요 샤케라또는 첫맛에는 부드러운 크림과 섞여 달달하고 크림이 꾸덕미 있었는데 끝맛이 상콤하다고 해야할까요? 반전있는 맛이라 엄청 중독적이고 좋았습니다 조용한 분위기에서 편하게 즐기고 왔어요 강추드립니다,100100100001
사장님도 친저롸시고 유쾌하시고 맛나요,000000001000
타르트지가 바삭하고 위에 올라간 과일 당도가 최고입니다.,001000000000
넓고 쾌적하고 이쁜 카페에서 잘 쉬고 갑니다,000000110000
오늘 급히 친구들만나서 맛있는 브레드와 커피를 마시고 싶어서 왔어요... 빵 맛이 너무 맛있어요몽블랑도 맛있고,110000000000
성수동에서 점심시간에 웨이팅 없이 먹을 수 있는 브런치 맛집입니다!... 매장이 넓어서 좋았어요! 가격대가 좀 있는 편이지만...,010000100201
테이크아웃 주문 시에도 매장 내 컵은 사용 금지입니다.,000000000030
재방문 의사 한줄평 힙!한만큼 사람이 많은 곳 커피맛 베이커리맛 접근성주차포함 분위기 가격 친절 청결 느낌있는 인테리어를 가지고 있으나 요즘 너무 예쁜 카페가 많아서인지 특별한 느낌은 없었던 곳. 하지만 분위기도 커피맛도 디저트도 무난하기에 한번쯤은 가봐도 후회는 없을만한 곳.,330003333302
의자가 너무 높고 테이블은 낮아서 허리가 끊어질 것 같아요.,000000200000
포장 주문하면 진동벨 주시니까 근처에서 기다리면 됩니다.,000000000030
주차 공간이 아주 넓어서 초보 운전인데도 편하게 주차했어요.,000000100000
주변 직장인은 행복 그 잡채,000000000000
바질 크림치즈에 플레인 먹었는데 너무 맛있더라구요... 감자치즈 베이글도 안에 감자 샐러드 있어서 맛있게 먹었어요!,010000000000
"우연히 들리게 되었는데 츄로넛 종류도 엄청많고 마싯어요,, 분위기도 굿굿",000100010000
과일 타르트 과일 표면이 말라있어서 신선도가 한참 떨어져 보여요.,000020000000
쥬씨가 새로 생겨서... 아사히볼에 요거트 아이스크림까지 메뉴 다양성 무엇 새로 나온 수박 빙수도 먹어봤는데... jmt,000011000000
밀크티도 많이 안달아서 케익과 먹기 넘 좋았구요. 직원분들도 친절하시고 잘 쉬다 갑니다,101000001000
여기는 진짜 빵이 너무 맛있음빵때문에 다시 오고 싶어지는 카페...,010000000000
완전 맛나요!!! 샌드위치 맛집!!,010000000000
한참 기다려야 하지만 여기서만 맛볼 수 있는 거라 맛은 봐야했어요 아이가 원하니까! 매번 먹던 식빵과 색다른 맛에 맛있게 먹었습니다.,010000000002
멋지고 고급스러워요,000000010000
sooo many people,000000000002
에스프레소 파는 곳을 찾다 오게 되었는데... 시그니처인 에스프레소 티라미수가 독특하고 맛있네요! ... 오리지널 티라미수도 진하고 맛있어요.,101000001000
너무 맛있어요 특히 망고빙수!!!,000010000000
과일 빙수에 과일이 산더미인데 1만 원대면 정말 저렴한 거죠.,000000000100
맛있는데 로봇이 해주는게 신기해서 계속 보게 돼요,100000010000
오가닉 jmt 짱좋아요,000000000000
슈크림빵 맛있어요 또 사먹을께요,010000000000
너무 단 디저트 별로 안 좋아하는데 고급스러운 단맛이에요 재료 하나하나 좋은거 쓰시는거 같아요 케이크는 매장에서 먹고 구움과자는 포장해갔는데 박스도 넘나 귀여워서 선물하기 좋네요 또 방문할게요 !,001100000010
음료가 맛있고 카페도 예뻐용,100000010000
N번째 방문인데 역시 맛있네용 식빵은 여기가 최고에옹,010000000000
"홀리데이 머그 고민하다가, 구입했는데 품질도 좋고 정말 예쁘네요 볼수록 예뻐요 !!",000000000000
두바이 초콜릿 푸딩 너무 맛있어요!,000001000000
성수 중심가 바로 골목에 있어서 접근성은 좋지만 한적해서 좋습니다 다양한 소금빵 메뉴들이 있어서 소금빵 마니아 분들이 오시면 좋을 것 같습니다 음료도 맛있고 직원 분들도 친절하십니다 인테리어도 우드톤으로 포토스팟으로도 최고b,110000011001
스무디 맛은 평범하고 양은 적당한 편입니다.,300000000000
디저트가 너무 맛있고 분위기가 좋아요. 2차로 오면 딱인 걱 같아요.,000001010000
너무너무 맛있어요 음료도 너무 맛있구 붕어빵듀 존맛입니다..,110000000000
디저트가 사진 찍기 예쁘게 잘 나오네용,000001010000
카페 분위기 너무 조아용 ) 야외석 있어서 편하고 조으네요,000000110000
카페 분위기가 너무 좋고 빵이 존맛이에요!,010000010000
직원분들이 자리를 빠르게 정리해 주셔서 금방 앉았습니다.,000000000001
레터링 케이크 글씨가 너무 삐뚤빼뚤해서 제가 쓴 게 나을 뻔.,002000000000
성수카페 찾다가 발견.. 여러분.. 군고구마 디저트 꼭 먹어보세요.. 와 고구마 이녀석.. 이렇게 맛있으면 반칙인데..?? 커피도 맛나구 분위기도 좋았습니다 대만족 창가에 앉으시면 사진도 왕 잘나옵니다..,100001010000
"처음엔 한시간반 동안 너무 지루하지 않을까 걱정했는데 푸른 나무에 하늘에 새소리, 물소리 듣고 있으니 시간이 너무 짧게만 느껴졌습니다 기회되면 한 번 더 가보고 싶어요 너무 힐링하고 좋은 시간이었습니다.",000000010000
딸기케잌 맛있고 무엇보다 뱅쇼가 완전 맛있어요.......,101000000000
초콜릿 우유 원탑입니다 이번에는 70짜리 먹었는데 진득하니 너무 맛있어요!! 인테리어도 좋고 매장도 꽤나 넓은편이구 쾌적해서 너무 만족합니다,100000110000
항상 자리 없어서 못 갔는데 운 좋게 한 테이블 나가는 타이밍 잡아서 들어갔어용! 디저트가 다 예쁘고 맛있어서 순삭했네용!,000001000003
웨이팅 없이 바로 입장했어용 케이크 종류도 대박많고 가게분위기도 넘 좋아요,001000010001
클라우드류들 맛있어요!,100000000000
완두콩 후무스는 너무 맛있고... 그릭요거트 샤인 머스켓 타르트와 치즈 케이크는 정말 환상 입니다. 그리고 애견 동반도 되고 가게도 널찍 널찍하고 안에 화장실도 깨끗해서,001001100000
케이크에서 냉장고 냄새가 배어있어서 한 입 먹고 버렸습니다.,002000000000
오전에 방문했는데 사람이 없어서 사진 찍기 좋았어요. 그리고 크로플은 꼭 시켜서 드세요 크림라떼도 짱,110000010001
스틱타르트로 핫한 노치 카페 입니다 맛있어요,001000000000
커피맛도 깔끔하고 빵도 맛있어서 종종 오기 좋을 것 같아요,110000000000
비주얼 맛집이에요 대박 너무 맛있어요,000000010000
성수동 지나가다 들러본 업사이드커피! 이끌려 온 곳 인데 커피맛도 훌륭하네요! 자주 올 것 같아요!,100000000000
디저트도 너무 맛있고 직원분들도 넘 친절해요! 사진 찍기 넘 이쁘구,000001011000
동네 빵집에서 파는 담백한 빵들이랑 큰 차이는 없습니다.,030000000000
반려동물 배설물이 방치되어 있는데 치우는 사람도 없고 지저분함.,000000200000
푸딩에서 인공적인 향료 냄새가 너무 강하게 나서 거북했습니다.,000002000000
분위기도 좋고 편안한 분위기에서 베이글 커피도 맛있었어요,110000010000
달지 않고 건강한 맛이라서 좋아요!,000000000000
진짜 넓고 쾌적해요 자리도 편하네요 추천합니다!!,000000100000
초코 70가 단거 안좋아하는사람도 괜찮은듯!,100000000000
주말엔 웨이팅이 있다고 해서 미리 예약하고 갔어요 10분정도 일찍 갔는데도 바로 입장 할 수 있어서 좋았어요!,000000100003
여기 무화과케이크 너무 맛있어요! 향긋하고 덜 달면서 끝까지 먹게 되는 맛..... 분위기도 좋고 다음에도 올 것 같아용,001000010000
과일 샐러드 드레싱이 너무 과해서 과일 맛이 하나도 안 느껴져요.,000020000000
샤브레 쿠키가 입안에서 부드럽게 부서지는 느낌이 너무 좋아요.,000100000000
케익 너무 맘게 들게 잘 나왔고 친구 생일 기념해서 산건데 친구가 너무 좋아할것같습니다!,001000000010
대형견 실내동반 가능합니다 만년설커피 아인슈페너같고 맛있어요! 반려견과 방문시 물도 제공해주십니다.,100000101000
분위기 진짜 최고 아스크림이랑 와인의 조합 진짜 조씁니당,000001010000
생각보다 버거가 납작해서 놀랐지만 맛은 있었어요. 생각했던 수제버거 스타일은 아니여서 아쉬웠습니다. 특히 가격을 생각하면,030000000200
"성수에서 꽤 유명하더라구요? 박세리 선수도 방문했다던데,, 빵이 겉은 바삭하고 안은 촉촉해서 왜 유명한지 알겠어요. 저는 개인적으로 블루베리 잠봉이 제일 맛있었어요!!",010000000000
한국에서 잘 먹을 수 없는 메뉴인데 바삭 하면서 매우 맛있는 거 같애요. 전병이랑은 또 다른 매력이 있네요. 다음에도 또 사 먹겠습니다.,000001000000
2층 창가에서 아아를 마시며 쉬었어요 조용하고 경치도 나쁘지 않아요,100000010001
생일이라 근처에서 놀다가 들렀는데. 곰돌이 케이크랑 음료도 너무 맛있어서 덕분에 행복한 생일이었네요.,101000000000
디저트도 빵도 음료도 다 너무 맛있네요 비싸다고 느껴지지 않아요 오래 머무르기도 좋고 맛있게 잘 먹었어용,110001100100
담요가 필요하면 직원분께 요청 시 제공해 주신다고 하네요.,000000300000
그리너리머스켓티가 맛있떠요,100000000000
네모네모한 컨셉이 귀여워요 ! 딸기 디저트를 먹고 싶었는데 디저트도 너무 맛있어요,000000010000
2시간안에 완성을 못해서 그부분이 좀 아쉬웠지만 또가고싶은 곳입니다!,000000000000
피넛버터바나나스무디 고소하고 맛있어요! 피넛버터향 진하게 나서 독특하고 너무 취향이었습니다 매장에서 대화 나누거나 할일 하기도 좋을 거 같아요!,100000100000
"겉은 바삭하고 속은 촉촉한 것이, 매우 고소하고 맛있어요. 이런 타르트 처음 먹어봐요.",000001000000
추석 연휴기간에 다녀온 대림창고는 주말보다 덜 붐비고 한산해서 비교적 조용히 시간 보내다가 올 수 있었네요. 널찍한 공간과 옛 느낌이 나면서도 현대적인 미술품이 잘 어울리는 곳입니다. 커피는 산미와 발란스가 균형잡혀 맛있었고 디저트는 저녁이라 인기 메뉴는 빠진거 같았어요. 오전 오후에 가면 맛있는 디저트도 맛볼수 있었을텐데,100000110001
음료도 맛있고 고양이도 귀여워요 매장이 생각보다포근하고 좋습니다,100000010000
에어컨을 너무 세게 틀어서 매장이 추울 정도였는데 담요도 없네요.,000000200000
"성수동에서 제일 깔끔하고 주차하기 좋고 화장실 편하고, 심지어 커피도 맛있고 디저트도 맛있고 사장님도 정말 친절하세오!",100000101000
초콜렛 57 아이스 정말 맛있어요 사장님도 너무 친절하시고 카페가 완전 감성적으로 꾸며져있어서 사진 건지기도 너무 죠아용 파머스카페에서만 느껴보실 수 있는 특색있는 초코 우유 꼭 드셔보시길 바랍니다.,100000011000
신메뉴가 종종 나오고 이벤트도 해서 좋아요,000000001000
"돈이 아깝지 않을 정도로 메뉴가 특별하고 맛도 좋고, 양도 푸짐했습니다.",000000000100
커피 너무 분위기 좋아요. 서울숲 속에서 커피 한잔 하는 기분입니다 사랑스러운 카페에요,100000010000
오리는 친절하고 커피는 맛있어요,100000001000
아메리카노 큰 사이즈가 2500으로 행사한다는거 보고갔는데. 결제후 가격이 이상해서 왜 할인 안되는지 물어봤더니 아메리카노는 큰사이즈 달라고해야 주는거에요 라고 합니다그래서 큰 아아2500원 할인 중인데 .제가 3400원으로 작은 아메리카노 받았습니다 어어 없어,300000002200
볼거리가 많아요!!! 예뻐요 정말,000000010000
커피가 너무 맛있고 다양한 시그니처 메뉴가 많아요 ! 매장도 아늑하고 성수오면 또 방문하고 싶은 카페입니당,100000010000
마감 한 시간 전쯤 가니 사람도 없고 여유롭고 좋았네요.,000000000003
여름엔 역시 이 집 빙수죠! 올 때마다 변함없이 맛있네요.,000010000000
도넛이 진짜 너무 맛있어서 흡입하고 왔어용... 봉땅 도넛이였다고 얘기할 것 같아요Good,000001000000
민트를 좋아하는 편이라 우연히 발견하고 바로 들어갔습니다! 맛있고 깔끔하고 다양하고 좋았어요!,000000000000
커피는 맛있는데 지도만 보고 찾아가기엔 헤매는 신기한 이곳...,100000200000
분위기 좋고 커피가 너무 맛있어요. 재방문 의사 있어요.,100000010000
생망고가수북히 가성비가좋아요 넘맛있습니다,000010000100
특이한 메뉴가 있어요! 단 음료인데도 불구하고 부모님께서 좋아하세요 커피러버면 하이라인라떼 추천이요,100000000000
망고치즈설빙은 진리,000010000000
"메론빵과 소라빵, 치즈타르트는 맛있었어요... 오사카 치즈케잌은 그냥 아무 맛도 없어서 별로였어요... 매장이 좁은 만큼 빵에 대한 위생을 생각하는 장치가 필요해보였습니다.",012100202200
딸기 케이크라더니 딸기가 위에만 있고 속엔 거의 없네요.,002000000000
성수동에서 괜찮은 카페 찾다가 와봤는데 넘 귀여워요 외관도 넘 귀엽고 액자들도 귀엽고 인테리어 잘 되어있어요! 쿠키 메뉴도 다양한것 같아요!!,000300010000
매장이 쾌적하고 서울숲이랑 이어져 있어서 경치도 좋고 편하게 쉴 수 있는 공간이 있어서 좋았어요,000000110000
설숲 안쪽이라 찾기 어렵지만 그만큼 한적하고 뷰가 예뻐요!! 좌석이 다양해서 원하는대로 앉을 수 있다는게 장점인듯 합니다 디저트 선택지도 많아요!!,000000110001
단일메뉴에 테이크아웃 이라서 금방금방 차례가 와서 기다릴만했어요 딱 소금빵의 정석 친환경적인 포장 넘 좋고,010000000013
전에 와봤는데 분위기도 좋고 넘 맛있어서 친구들 데리고 또 왔어요! 복숭아 스무디 첨 먹어봤는데 파는 거 안 같구 넘 맛있어요 항상 새로운 메뉴 도전할 때마다 성공이더라구요! 오늘은 웨이팅도 없어서 빨리 들어와서 좋았어욥,100000010001
선물받은 아메리카노 맛있게 먹을께요 감사합니다 예쁜목소리가 계속해서 들리네요,100000001000
너무너무 맛있고 예쁜 인테리어였어요!!!!,000000010000
사장님 친절한 설명 와인도 맛있고 아이스크림도 너무 잘어울여요!!! 사진편하게 찍을수있게 조명이랑 조절해주시고,100001011000
미국느낌의 브런치를 먹고싶을때 오면 좋을 것 같아요,000000010000
맛있는 메뉴가 많아요 컵도 이뿌고 패키지도 예뻐서 받으면서 기분이 좋아집니다,000000000010
커피도 에그타르트도 너무 맛있어요,101000000000
공간이 넓고 쇼파의자가 많아 편해서 단체로 오기좋네요. 커피도 맛있고 분위기도 힙해서 자주옵니다,100000110000
구경거리 많고 커피 맛있어요,100000010000
사장님 너무 친절하셔서 갈 때마다 기분 좋아요! 그리고 무엇보가 커피가 진짜 넘 맛있음 숨겨진 찐카페,100000001000
매장 깨끗하고 분위기 좋고 든든 미숫가루 너무 맛있어요!!!,100000110000
이곳은 맛도 맛이지만 친절함 때문에라도 계속 오게 될 것 같아요.,000000001000
츄러스 도넛 처음먹어보는는데 너무 맛있어요! 크리스마스 트리도 예뻐요!!,000001010000
삼치와 오일파스타 조합이 가장 궁금했어요. 너무 맛있어요! 라자냐도 깔끔하게 맛있었습니다. 테라스 공간이 너무 멋있네요 ),000000010000
보냉 가방은 별도로 구매하거나 가져오시는 게 좋을 듯요.,000000000030
텀블러 할인은 300원 정도 되는 것 같으니 챙겨가세요.,000000003000
넓고 쾌적한 매장이 생겨서 너무 좋아요,000000100000
"새로 생겨서 한번 와봤는데, 세상에,,, 케익이 너무 맛있어요! 달콤하면서 빵은 촉촉하니 넘나 제 스타일이였어요!!",001000000000
메뉴판 가격이랑 결제 금액이 달라서 물으니 가격 올랐대요.,000000000200
카페 분위기가 너무 좋네요!! 가운데 있는 트리가 진짜 예뻐요,000000010000
참 신기한 디저트카페가 있어서 방문했어요 커피맛 괜찮게 잘 먹었어요,100000000000
피넛버터 너무너무 좋아하는데 취저 카페네요!!!,000000000000
분위기좋고 사람많지않아요 작업하기조음,000000110001
블루베리치즈케이크를 먹은 후로 페로몬이 자꾸 생각나서 이번에 친구 생일을 맞이해 또 예약픽업했어요! 이번엔 솜사탕 머랭치케를 도전해봤는데 굉장히 고급스럽고 고소한 체리쥬빌레 맛인데 체리쥬빌레의 텁텁하고 느끼함은 하나도 없어요!! 페로몬 케익의 치트키는 케익가장 밑에 있는 쿠키? 타르티지 느낌?의 층이에요 블루베리 치케의 바닥층은 진한 초코타르트지이고 솜사탕 치케의 바닥층은 약간 버터바 느낌이에요 둘다 너무 맛있어요.. 적당히 달달하고 물리지 않아서 저번위스키랑 먹었는데 너무 잘어울렸어요! 암튼 시즌마다 새로운 케이크 내주시는거 같은데 또 기대하고 있겠습니다!,001000000000
키링이 너무 귀엽고 특이한 아이스크림이 있어서 추억으로 좋아요!!,000001000000
민초단이라 방문했는데 다른 곳 민트보다 월등히 맛있어서 놀랐어요 민트 좋아하시는 분들은 강추요!!,100000000000
맛있는 스톤 슈페너 잘 먹었습니다!,100000000000
수플레 맛집이라고 해서 왔어요 기대됩니다!,000003000000
공원앞이라 그런지 사람들이 많아요. 다양한빵과 커피로 즐길수 있는 매장이에요,330000000002
인생 식빵인거 같아요 버터맛 미쳤는데 심지어 따뜻해 커피도 맛있어서 같이 먹으니까앉은자리에서 다 먹었음..,110000000000
시그니처인 브루크 음료도 맛있고 티라미수가 촉촉하고 생각보다 안달아서 너무 맛있어요!! 인테리어도 빈티지엔티크한 감성인데 분위기 완전 좋았어요 다음에 성수 놀러오면 또 방문예정!,101000010000
제가 너무 좋아하는 성수 엘피카페입니다 분위기도 너무 좋은데 이 가격에 엘피랑 청음실까지... 꼭 와보세요!!! 바나나푸딩도 진짜 맛있어요,000001110100
마망젤라또 줄 서있어서 들어왔어요 피스타치오 맛 시켰는데 정말 맛있어요!!,000001000002
주문할 때 직원분이 바빠 보여서 필요한 말만 딱딱 나눴어요.,000000003000
"커피맛은 soso, 분위기는 good",300000010000
소금빵 붕어빵이 진짜 쫀맛태잉에요...단짠고소해요 완벽한맛이에요 짱짱추천!!!,010001000000
질문을 하니 한숨을 푹 쉬며 응대하는데 정말 기분 잡쳤습니다.,000000002000
본점을 사랑해서... 에스프레소 여전히 훌륭합니다 아인슈페너도 맛있어요 ) 본점보다 베이커리류가 풍성하네요!,110000000000
"매장이 지인짜 넓고 쇼파좌석, 테이블좌석 등등 다양하게 있어요! 층고가 높아서인지 시끄러운 느낌도 덜합니다 쉬러오기 넘 좋아욥",000000100001
대량 주문은 최소 3일 전에는 미리 연락 드려야 한대요.,000000000030
맛있어서 그런지 또오게되네요,000000000000
흑임자아포카토 아주 흑임자 그 잡채!!!! 무화과와 흑임자를 너무 좋아하는 제게 여기가 아주 딱이네요!!!! 빨리 안오면 웨이팅있어요!!,000001000002
커피도 맛있고 분위기가 좋아요,100000010000
입구 근처는 조금 번잡하니 안쪽 자리를 추천드립니다.,000000000003
"두번째 방문 오렌지주스맛집 팬케이크, 오믈렛 강추",110000000000
레모네이드는 신맛이 강하지 않아서 누구나 마시기 편할 듯해요.,300000000000
자몽 에이드 탄산이 톡 쏘고 과육이 씹혀서 청량감 대박입니다.,100000000000
복숭아 빙수가 생각한거랑 다른 맛이였는데 신기했어요 약과 같은건 뭔가 처음 먹어본 맛이라 신기했어요!,000330000000
티라미수나 푸딩 둘 다 추천 메뉴라 시켰고 단거 잘 못 먹는 저도 1인 1티라미수 1푸딩 쌉가능한 맛이었어요!,001001000000
바쁜 시간대인데도 직원분들이 평정심을 잃지 않고 친절하시네요.,000000001000
프렌즈크로크마담(?)을 먹었는데 진짜 진짜 맛있더라구요! 또 공간도 너무 예쁘고 직원분들도 너무 친절했어요!,010000011000
달지 않고 말차 본연의 맛이 느꺼져서 좋아요,100000000000
사무실 근처라 자주가는데 커피 맛있어요,100000000000
호텔도 아닌데 서비스 차지 붙는 것 같은 비싼 가격이네요.,000000000200
수플레케이크 맛집입니다,000001000000
휘낭시에가 너무 질겨서 고무 씹는 줄 알았습니다. 실망이에요.,000200000000
우드톤 분위기 참 좋은 성수동 카페에요. 문 앞에 대형 리스 참 예쁩니다,000000010000
이층 분위기가 생각보다 좋아요 하지만 물도 없고 ..좀 관리가 필요한듯,000000210000
인테리어가 깔끔하고 집중해서 노트북 하기 좋은 곳!!!! 마카다미아 크림 라떼는 고소하고 달콤해서 추천합니다!!,100000110000
대화하느라 정신 없어서 음료도 못 찍었네요 대화하기 좋고 친절해요! 깔끔합니다!,300000101001
매장이 넓고 분위기도 좋아요! 커피도 맛있어오,100000110000
레몬핀 안의 필링이 되게 상큼새콤해요! 비타민씨 먹는 느낌,010000000000
이국적인 분위기 카페 너무 좋아요.. 일단 파이 종류가 많아가지구 뭐먹을지 고민하는 시간조차 행복했어요 초코류 좋아하시는분들 취저인 티라미슈부터 다양한 과일종류도 있어서 좋아하시는 거 골라서 먹으면 너무 좋을 듯해요! 그리고 개인적으로 그림치즈가 너무 부드럽고 맛있어서 담에 또 먹구싶어요,001000010000
점심엔 커피가1000원할인됩니다. 빵종류가많아서좋아요,110000000100
셔벗에 얼음 알갱이가 너무 커서 식감이 아주 안 좋습니다.,000002000000
프렌치 토스트 먹으러 왔어요 레몬딜 에이드 상큼하고 맛있어요,110000000000
재밌었어여 시간이 부족했습니다,000000000000
달달하구 맛있어용 수요일 저녁인데 대기 별로안하고 바로 들어왔어용,000000000001
"서울숲에 이런곳이!! 인테리어 너무 멋져요. 비스코티, 하이라인라떼 크림찍어서 먹으니 너무 맛있어요. 다른곳에서 만나지못했던 단호박크림소금빵도 독특하네요. 넓고 조용해서 시간보내기 좋았어요. 재방문각!!!",110100110000
요즘 유행하는 트렌드에 맞게 인테리어가 아주 모던하고 여자들에 좋아할만한 분위기였습니다. 커피 원두도 산미와 고소함이 적절하게 어우러져 근래 먹은 커피중에 아주 맛있었습니다. 그리고 테라스가 있어 요즘 날씨에 이용하기 아주 좋아보였습니다. 화장실이 깔끔하고 특헤 직원들이 너무 친절했습니다. 다음에는 케이크도 먹어보고 싶네요,100000111000
에그인헬 존맛. 잼 종류 많아서 고르는 재미가 있어용,010000000000
바질 비게트가 정말 맛있어요! 차 종류도 따라마시게 나와서 좋았습니다,110000000000
망고듬뿍 묵직함에 케잌 받을때부터 놀랬는데 맛도 진짜 최고였어요 또 구매 할게요,001000000000
넘 친절하시고 빵도 맛있어요! 소금빵 모양이 신기한데 다른 식감을 모두 맛볼 수 있어서 좋아요,010000001000
초코마카다미아 휘낭시에와 아메리카노 먹었어요 오우드 주문해서 먹다가 매장 직접 방문은 처음인데 매장 인테리어도 멋지고 실내가 엄청 넓어요 근데 넓은 만큼 사람들 많아지면 확실히 시끄러워지더라고요 그것 제외하고는 베이커리류 맛있어요!,110100110002
에스프레소 처음 한 입 먹는 순간 쓴맛보다는 다른 맛이 풍부하게 나고 너무 좋네요. 스톤 슈페너도 흑임자 크림과 커피가 너무 잘 어울려요,100000000000
빵이 귀엽고 맛있어요,010000000000
빙수 얼음이 너무 거칠어서 입안이 까칠해지는 느낌이었습니다.,000020000000
벽지 색깔이 너무 튀어서 눈이 피로하고 정신 사나웠습니다.,000000020000
커피가 맛있고 디저트도 맛있습니다! 분위기도 좋아서 다음에 또 올 것 같아요,100001010000
커피가 주변에서 가장 맛있어요! 디저트도 다양해서 고르는 재미가 있네용,100001000000
"공간이 너무 이쁘고 좋아요 ! 커피도 맛있고, 케익도 너무 이뻐요!!!",101000010000
수플레가 너무 맛있고 인테리어 분위기가 너무 좋아서 더 감성적인 것 같아요,000001010000
언뜻 외관을 봤을 때... 테이블이나 의자도 좁은 편이다보니...,100000200002
"디져트 맛있어요 케이크 맛있어요 매장은 조금 소음이 있는편고 직원들은 친절한 편은 아니에요,, 화장실은 시간별로 체크 하는게 좋을것 같아요 , 조금 지저분한 편입니다 베이커리는 맛있는데 조금 아쉽네요",011000202002
빵도 맛있고 커피도 아주 맛있어요 성수동에서 아주 좋아하는집입니다,110000000000
뱅쇼가 달지 않아. 단거 싫어하신다면 추천드려요!!,100000000000
웨이팅 30분 예상했는데 10분 만에 불러주셔서 기뻤어요.,000000000001
너무 좋았어요 두시간이 좀 부족했지만 다음에 또 오고싶어용,000000010000
오랜만에 성수 와서 디저트가 먹고싶어서 찾다가 방문한 네모네 진짜 그냥 모든게 네모에요 근데 다저트랑 음료 맛은 당연히 너무 맛있고 왜 항상 사람들이 많이 오는지 알겠어요,100001010002
아이스 커피인데 얼음이 너무 빨리 녹아서 금방 밍밍해졌어요.,200000000000
오픈이 11시길래 그 시간에 갔는데도 50분정도 기다리고 입장했어요. 외국인 관광객들이 많아서 줄이 길기도 하지만 매장이용시 자리는 꽤 있는데 포장손님 때문인지 줄 세워서 들어가게 하는 듯? 암튼 소금빵 맛있었고 커피도 괜찮았아요아기자기 인테리어 예뻐요,110000010002
포장했는데 가게도 너무 아늑하고 이뻤고 꽈배기 종류도 다양했어요 포장해와서 모양이 찌그러졌지만 꽈배기는 정말 맛있더라구요 다 맛있는데 블루베리크림치즈가 제일 맛있었어요,010000010010
주차장 옆이라 먼저 좋았구요 다 먹어보고 싶었지만 3가지 주문하고 단호박슾까지 2명이 배터지게 먹었어요. 맛은 프레쉬하면서 모두 너무 맛있어요!!!싱싱싱싱익힘정도도 너무 딱입니다.재방문 2만퍼센트 입니다,000001100000
명절때 두고드고 먹을 베이글 사왔어요,010000000010
"요즘 카페 가면 커피 맛보다 분위기 먼저 보게 되는데, 온리고엔코마켓은 둘 다 만족이라 자주 가게 돼요. 음악도 분위기에 딱 맞아서 감성 충전 제대로 했어요.",100000010000
진짜 너무 아름다운 공간이었습니다! 비건떼랑 와인 마시면서 잘 놀았어요,100000010000
소금빵 종류가 엄청 다양하고 다른 빵들도 종류가 다양하게 있어 고를 맛이 납니다! 음료들도 정말 다양하구요,110000000000
직원이 제 이름을 확인하더니 이름이 비슷해 헷갈렸다며 앞 손님을 불러 케이크를 돌려받아 곧바로 저한테 건네주시더라구요. 실물 확인이나 재포장 없이 그대로 전달주시는게.. 많이 실망스러웠습니다.,000000002000
오 성수동 숨겨진 핫프레이스인듯,000000010000
케잌이 맛있고딸기도 많이 뜸뿍들었어요! 음료도 맛있어용!,101000000000
인테리어 너무 아기자기 하고 귀여워요!! 맛은 말해뭐해 너무너무 맛있었어요 특히 콘치즈스프? 존맛탱!!,010000010000
부모님 생신이셔서 갔는데 너무 맛있다고 좋아하셨어요. 크림도 일반 빵집 케이크랑 정말 다르고 너무 부드럽네요,001000000000
"딸기 초코 부쉬 ! ... 어피스앤드피넛 , 복숭아보리, 쪽파 스콘까지 야무지게 먹어치웠어요! ... 케이크도 맛있고 음료도 맛있어서",101100000000
양이 혜자구요 전부다 깔끔하고 좋아요 친절하시고 가성비도 좋아요,000000101100
특별한 날 홀케이크 주문했는데 레터링도 정성스럽고 아주 예뻤어요.,001000000000
망고도 맛있고 빙수 양도 엄청 많았어요!! 더운날 시원하게 잘 먹고 갑니당,000010000000
커피가 너무 맛있어요! 초록 앞치마 직원분 너무 착하네요!!,100000001000
수플레 팬케이크가 구름처럼 퐁신퐁신하고 입에서 사라지네요.,000001000000
두번째 방문이에요 공간 예쁘고 시그니처 메뉴있어서 좋아요,000000110000
인테리어도 멋지고 빵이 너무 담백하고 맛있어요!!,010000010000
케익 맛집이라 일부러 찾아왔는데 진짜 맛있어요,001000000000
마들렌이 푸석푸석해서 한 입 먹자마자 가루가 다 날리네요.,000200000000
이렇게 귀여운 카페가 있다니 !!! 디저트 고르기도 어려워요 귀여움투성이,000001010000
충전기는 따로 빌려주지 않고 콘센트만 사용 가능합니다.,000000300000
수건케이크랑 지크커피 먹고 왔어요 성수동 안에서 힙하고 분위기 좋은 카페입니다,101000010000
언제나 와도 항상 너무너무 맛있어요... 망고빙수도 도른맛,000010000002
너무 귀여워서 발길이 떼지지 않아 구입해버렸어요 빵이 태어난거라고 표현하신 사장님 귀욥..,010000001000
"레모네이드 맛있어요! 카페도 너무 이뻐요 그리고 밖에 너무 더운데 카페 진짜 시원해서 좋아요,,",100000110000
"유명세 치고는 커피맛이 그리 뛰어나지는 않는듯 합니다... 인테리어가 심플하고 깔끔했는데, 그에 비해 손님들 앉는 좌석쪽이 편하지는 않았습니다.",300000210000
무스케익 맛있어요. 피스타치오인데 느끼함 없이 산뜻하고 부드러워요! 디저트 종류가 다양하고 맛있어요. 친절하시고 메뉴 자리에 직접 가져다주세요.,001000001000
이쁘기도 했지만 너무 맛있어서 다들 어디서 샀냐고 사장님도 너무 친절하셨습니다,001000001000
사장님이 너무 친절하셔서 수업 정말 쉽고 재미있게 잘 했던 것 같아요. 데이트 코스로 추천합니다!,000000001000
식사를 하고 오는 바람에 빵은 먹지 못했네요 커피는 맛있습니다... 2층 뷰가 거리뷰이긴 하지만 뛰어납니다.,100000010000
인테리어랑 컨셉이 확실하고 기여워요. 특히 할로인에 인기 많을 거 같습니다. 대화하기 조용한 곳이라 마음에 드네요. 그리고 디저트랑 커피도 맛있어요,100000010001
화장실 냄새가 매장까지 퍼져서 분위기를 다 망쳐버렸네요.,000000020000
깔끔하고 편안한 분위기의 카페 성수에서 발견했네요 라떼가 진짜 부드럽고 맛있어요 분위기도 좋아서 다음에 또 와야겠어요,100000010000
반려동물 동반 시에는 케이지나 가방이 필수라고 하네요.,000000300000
급하게 생일파티 잡혀서 알아보다가 알게된 케익집 디자인도 너무 다양하게 많고 맛있어서 다음에 카페로 이용하려고여 여기 대박나야해요 감성 최고,001000010000
수플레 팬케이크는 만드는 데 시간이 좀 걸린다고 하니 참고하세요.,000003000000
오랜만에 빠에야 먹었네요 입구부터 연못을 보면서 너무 좋다고 생각했어요 1.2층 공간이 다 좋고 자주 오고 싶은 미음이 들었네요 강추!!!,000000110000
테이블 크기가 작아서 여러 개 시키면 자리가 꽉 찰 듯해요.,000000300000
한잔의 커피가 고객에게 오기까지 담긴 과정과 이야기를 도슨트 분의 설명과 영상을 통해 알아갈수 있었고 바리스타분의 브루잉 추출을 통해 파나마 에스메랄다 게이샤의 맛과 가치를 느껴볼수 있어서 유익한 시간 이었습니다! 여자 도슨트분의 배려와 친절함 어색함 없는 스몰토크가 인상 깊었고 좋은 인상을 받았습니다 다만 아쉬운점 이라면.. 남자 바리스타분의 고객 한사람한사람2명 있었음 응대하는 방법과 설명이 조금 미흡하지 않았나 싶네요.. 다음에는 블랙로드에서 어떤 원두로 어떤 이야기를 만들어 소개할지 다음이 기대가 되는곳 입니다! 특별한 경험 이었어요!,100000003000
인형 완전 귀여워요 아이스크림도 예상 못하게 맛있는 맛이에요! 친절하게 안내해 주셔서 감사합니다,000001001000
도너츠 종류도 많고 기대한만큼 맛있어요!,000001000000
젤라또가 정말 진하고 쫀쫀해요! 매장 분위기도 넘 아늑하고 편안해서 다음엔 저녁에 오려구요,000001010000
찐 한 우유맛 빙수가 과일들이랑 잘 어울려요,000010000000
울적해서 마실나왔는데 친절한응닥에 기분이 업되었어요 감사해요,000000001000
출근길에 기다리지 않고 가볍게 들려서 픽업하기 좋아요,000000001001
보냉 포장 부탁했는데 아이스팩도 안 넣어주셔서 다 녹았음.,000000000020
릴스 떠서 왔는데 너무 맜있어요! 나중에 또 올것 같아욤,000000000000
다양한 종류의 쿠키가 있어서 입도 눈도 모두 즐거운 곳이었어요! 매장이 넓고 좌석도 많아서 단체 방문해도 너무 좋을 것 같아요,000100100000
케이크가 정말 맛있고 매장분위기가좋아요,001000010000
티라미수 시트가 커피에 촉촉하게 적셔져 있어 풍미가 예술입니다.,001000000000
젤라또 한 컵에 두 가지 맛을 선택할 수 있는 게 장점이네요.,000003000000
2층에 있는 천장 조명들이 너무 이뻐서 성수가면 가게 되는 카페 매장이에요!,000000010000
맛은 동네 분식집 빙수만도 못해요.,000020000000
음료도 빠르게 나왓고 맛있어요,100000001000
직원분들 친절하시고 쾌적하고 좋아요,000000101000
서울숲 피크닉가면서 마시려고 루이보스 허니부쉬티랑 디카페인라떼 따뜻하게 주문했어요! 역시 쬰맛쿠키 에티오피아랑 다른 커피원두도 또 샀는데 어머님이 좋아하셨습니당,100100000000
선물용 카드는 따로 안주셔서 아쉬워요.,000000000020
디저트들이 전반적으로 비주얼뿐만 아니라 맛도 확실히 챙겼네요.,000001000000
2층에 있어서 엄청 찾았는데 진짜 열심히 찾아서 오길 잘한 맛.. 바질 안에 치즈에 캐슈넛 들어있는 게 와 진짜 뭐지 천잰가 너무 맛있는데요 담에 또 올게요!!,000000000000
개성주악 처음 먹어보는데 맛있네요! 선물용으로 사가기 좋을 것 같아요. 저녁이라 그런지 과일종류가 적어서 아쉬웠어요 다음에 다시 올게여,000021000010
정말 날 좋은날 앉아서 멍하니 있으면 행복이 이런것이구나 하고 느껴지는 카페입니다..정말 카페가 너무 이쁘고 맛도 있습니다 성수 여유로움과 행복함을 느끼고 싶으면 강추 합니다,000000010000
샤인머스캣 빙수가 청량감이 대박이고 과일이 정말 달아요.,000010000000
소금빵이 겉은 바삭하고 속은 촉촉해서 인생 빵집 등극입니다.,010000000000
정말 맛있어요!! 키위주스는 필수이고 무화과프로슈토타는 꼭 드세요!! 데이트하기도 좋습니다,110000000000
새로오픈햇다고 해서 와봤는데 분위기 좋고 깔끔해요! 땅콩잼 좋아해서 입맛에 잘 맞아요,010000010000
갈 때마다 너무 친절하신 사장님 맛있게 잘 먹었어요!!,000000001000
너무너무 매장이 넓고 쾌적하고 베이글도 맛있어요! 음료도 너무 맛있어요!,110000100000
아이스크림 가격이 좀 비싼가? 했는데 아이스크림 종류에 맞는 키링도 함께 줘요!!,000001000100
음료와 빵 모두 맛있고 한입 베이글이 귀여워요!!,110000000000
인원이 셋이라... 직원분이 2인석자리 붙여 앉지 말라고 쌀쌀맞게 말하고 가시더라구요? 주문한 음료도 다 입맛에 안맞았으니 두 번 방문할 일은 없을거같아요.,200000002000
every time 스타벅스,000000000000
포장 속도가 엄청 빠르셔서 바쁜 아침에도 이용하기 좋아요.,000000000010
카페 너무 이쁘고 소금빵 완정 맛있어요!!! 대기시간이 조금있을 수 있어요!! 품절된게있어서 아쉬워요,010000010003
분위기 너무 좋고 사람도 없어서 친구랑 도란도란 이야기 하기 좋았어요,000000010001
조용하면서도 맛있는 카페예요! 주차장을 잘 못찾았지만 전화로 잘 설명해주시고 주차장도 컸어요! 옥수수 프렌치토스트는 빵사이에도 옥수수 크림과 옥수수아이스크림이랑 조화로워서 부드럽고 달달하면서 고소합니다 초당옥수수커피도 저렴한 단맛이 아닌 고급지고 은은하니 진짜 맛있었어요. 정성스레 만들어 주셨는데 5분만에 먹어서 민망했지만 다른 음료와 디저트도 먹어보고 싶어요!!,110000101001
매일 이용하구 있어요 커피두 마싯고 가성비 최고!! 자주 이용할게요,100000000100
성수 느좋 카페를 찾았어요!!!! 저녁엔 위스키 펍으로 바뀌는데 커피 음료도 마실 수 있어서 좋았어요.,100000010000
베이글이 맛있어 보여요! 인테리어도 깔끔하고 먹고 가기도 좋아보여서,010000110000
직원분들의 유니폼이 깔끔하고 매장 이미지랑 너무 잘 어울려요.,000000001000
거의 매일 가는 카페 중 하나 ! 직원분들 엄청 친절하시고 매장도 이쁩니당... 작업하러 많이 가는데 단골 될 거 같아요 ),000000111000
디저트 종류가 매일 조금씩 달라지는 것 같네요.,000003000000
파블로바 맛집이에용 많이 안달고 넘 맛있어요! 친절하신 사장님 덕분에 좋은시간 보내고 갑니다,000001001000
분위기 너무 미쳤구요 음료도 술도 진짜 레전드입니다.. 단골 확정..!!!!!!,100000010000
맛있긴한데 너무 사람많고 자리도 불편해서 굳이..입니다,000000200002
서울숲에 꽃구경왔다가 들렸는데 채광도 좋고 자리도 오손도손 수다떨기 좋아요! 케이크도 너무 이쁘고 고급져서 데이트코스로도 너무 좋을 것 같습니다. 힐링하고 싶으신분들 꼭 들려보세용,001000110000
젤라또 종류는 몇 가지 있는데 그냥 평범한 맛이에요.,000003000000
빙수 먹는데 머리카락이 나와서 비위 상하고 기분 다 망쳤습니다.,000020000000
처음에는 커피만 계산해서 먹다가 디저트도 시켰는데 디저트도 맛 있어요!,100001000000
"상하목장 아이스크림 먹고싶어서 찾아다녔는데, 브라우니까지 추가되다니 너무 좋았어요 서비스도 주시고 매장 분위기도 너무 좋네용",000101011000
레몬맛 아이스크림 맛있어요,000001000000
로얄밀크티쉐이크 맛있어요 짱짱,100000000000
오후 반차 쓰고 혼자 커피 마시러 들렀어요 달짝지근한 디저트와 라떼 한 잔 마시면서 힐링 이런 곳인 줄 알았으면 진작 왔지요,100000000000
에이드 두잔 시켰다가 딸리우유가 시그니처 인거 알고 또 주문해서 먹었어요. 넓어서 좋았는데 음료는 맛있지는 않고 무난했습니다,300000100000
분위기가 너무 좋습니다 추천받아 서울숲까지 찾아왔는데.. 기분좋은 시간이네요,000000010000
커피맛이 너무 좋아요 스톤슈페너는 첨인데 굉장히 맛있고 감동적입니다. 추천이요,100000000000
커피가 맛있어서 자주가요,100000000000
망빙 먹었는데 돈안아깝구 정말 맛있어요 담에 복숭아빙수 먹으로 오고시퍼용,000010000100
반려견 물그릇을 먼저 챙겨주시는 센스에 정말 감동받았습니다.,000000001000
양이 적으면 맛이라도 있어야 하는데 둘 다 아니라서 화남.,000000000200
친절하시고 맛잇어요!!!,000000001000
더치아메리카노와 티라미수 수플레 맛있어요.,101000000000
아무리봐도 베이글인데 하며 잘라보니 치즈케이크 솔티드 카라멜 치글 먹었는데 짭짤하면서 달달하니 너무 맛있어요!!!!!! 매장도 깔끔하고 사진이 너무 잘나오더라구요,001000110000
주차비 별도에 음료 가격까지 비싸니 정말 부담스러운 곳임.,000000000200
에그타르트 감별사인데 너무 맛있습니다!! 성수 오시면 추천드립니다!!,000100000000
분위기 있고 널직하게 테이블이 있어 좋습니다,000000110000
인테리어도 너무 멋지고 친절합니다 라떼좋아하는데 커피도 너무 맛있어요! 이색적인 음료도 많아요!,100000011000
에어프라이어에 살짝 구우니 최고.. 완전 고소하고 맛있음!!!!!,010000000000
서울숲 근처라 그런지 가게도 깔끔하고 직원분이 정말 친절했어요,000000101000
맛있었어요! 근데 음료는 조금 약한듯 가격이 비해 좀 아쉬운면이 있네요 음식은 좋았어요,200000000200
방문할때마다 한결같은 맛과 퀄리티로 정성껏 빵들을 만드시니 기분좋게 만족스럽게 빵들을 즐길 수 있었네요,010000000000
깔끔한 커피와 맛있는 디저트가 많은 곳 재방문 의사 100,100001000000
손님 엄청 많아요 주변 대비 약간 저렴하고 그런게 영향이 큰듯.. 남자 손님 특히 많더라구요 스무디는 너무 갈아서 주스같아요. 그냥 별 기대 없이 가볍게 가기엔 괜찮아요,200000000102
힙하고 세련된 느낌의 카페에요! 분위기 너무 좋고 루프탑까지 있어서 날씨 좋은 날에 무조건 러프러프 가야합니다! ... 음료도 맛있고 비주얼까지 완벽해서 추천합니다,100000110000
구움과자 식감이 전반적으로 평이해서 실패는 없을 듯해요.,000300000000
후추커피 너무 독특하고 맛있었어요!!!! 크루키도 포장했는데 기대돼용,100100000010
아이맥 포토존도 신박하고... 무엇보다 딸기크럼블치즈케이크 이거 왜이렇게 맛있나요..?,001000010000
시그니쳐메뉴가 쏘 큐티하고 로맨틱해요오... 알바생이 잘생기심..,000000011000
봉투 유료라고 해서 샀는데 너무 작아서 물건이 다 삐져나옴.,000000000020
테이크아웃 하면 할인까지 해주셔서 저렴하게 잘 마셨습니다.,000000000100
친절하고 아늑한 느낌 좋아요,000000011000
가성비 좋고 잘 마셨습니다,100000000100
분위기 좋고 커피도 정말 맛있어요 성수오면 종종 오겠숩니다,100000010000
망고 주스가 시럽 맛만 강하게 나고 생과일 느낌은 전혀 없네요.,200000000000
딸기우유가 맛있구 사장님두 친절하시구 카페 분위기두 너무 좋구..,100000011000
음료제조 공간이 뻥뚫려있고 카운터가 낮은 가구를 활용하여 만들어진 매우 특이한 매장. 좌석은 많이없고 커피는 평타.,300000210000
"모수 출신 쉐프가 운영하는... 소시지 번이 유명해서 식사 대용으로 좋다. ... 커피, 맥주도 판매해서 같이 먹기 좋을 듯 하다.",110000000000
꽈배기 도대체 안먹고 못먹을 비주얼.. 넌커피 음료수도 넘 맛나요,100001000000
분위기좋아요 11시까지 영업해서 좋아요,000000011000
저는 산미 없는 아메리카노를 좋아하는 고소하게 잘 타주시고... 이빨까지 시릴 정도로 시원하게 해주셔서 너무 맛있게 잘먹었답니다!!,100000001000
첨 먹어봤는데 생각보다 고소하고 맛있어요,000000000000
그릭 요거트가 정말 꾸덕해서 딱 제가 찾던 스타일입니다.,000001000000
"빵 종류가 다양하고, 카페 내부 테이블이 꽤 많아서 모임가지기 좋아요!! 직원분들도 친절하십니다",010000101000
구움과자들 가격이 너무 비싼데 크기는 진짜 엄지손가락만 하네요.,000200000000
소세지가 짜지 않고 육즙이 팡팡,010000000000
매장이 전반적으로 화이트 앤 블랙이라 깔끔해 보이긴 합니다.,000000030000
빵 종류가 다양해서 간식 선물용으로 좋아요,010000000010
크로플이 맛있고 모카포트라 그런지 커피 향이 좋았어요,100001000000
외국인이라서 그런지 더 쌀쌀맞게 응대하는 것 같아 보기 안 좋았음.,000000002000
의자가 나무 의자라 너무 딱딱해서 오래 앉아있기 고역입니다.,000000200000
꽤 넓더라구여 첫방문임,000000100000
"조각 케이크 상자는 한 개용, 두 개용 사이즈가 따로 있음.",000000000030
이런 힙한 감성 분위기가 좋아요!츄로플 주문했는데 너무 맛있고 시그니쳐에이드도 상큼하니 좋네요. 포토죤도 예뻐서 방문했을때 꼭 인증샷남겨야해요! 담번엔 다른 메뉴도 도전해야겠어요! 츄로플 짱맛,100001010000
아늑하고 맛있어요 성수오면 또 방문할게요,000000010000
밤피스타치오아이스크림 위에 귀여운 강아지캐릭터가 큰 단밤에 꽂혀있어 더 행복하게 먹었습니다. 진한 피스타치오맛이고 밑에는 초코시리얼과자가 깔려있어 씹는 맛이 있습니다. 컵과 콘 중에 선택할 수 있습니다.,000001000000
인테리어도 깔끔하고 컵이귀여워요 커피도 맛있어요,100000110000
베이글이 쫀득하고 맛있어요 크림 많이 들은 베이글도 기본베이글도 다 맛있었어요,010000000000
빵이 정말 맛있어용 3일만에 또 먹어용,010000000000
선물용 핫한 디저트 사러 성수 돌아다니다 다 실패... 시원하게 매실에이드 덜달게 주문했는데 상큼하구 딱 좋네요,100000000012
커피가 맛나네요 회의도 잘 되고,100000100000
친구 생일이라 케이크 픽업했는데 사진이랑 똑같이 진짜 예쁘고 맛도 머랭이랑 체리맛이 진짜 잘어울렸어요!,001000000000
바질크림고구마 파니니랑 새우에그샌드위치 시켰는데 둘다 너무 맛있었어요!!! 전체적으로 짭잘하니 음료 필수 직원분도 친절해서 좋았어요,010000001000
여기 초코 무스는 쌉싸름한 카카오 맛이 잘 살아서 취향 저격임.,001000000000
스콘이 적당히 부드러워서 먹을 만 합니다.,000003000000
이렇게 공간도 넓고 예쁜 곳이 있는지 몰랐습니다! 푸딩도 맛있어보이고 자주 오고싶은 곳이에용,000001110000
말만 듣다가 드디어 방문했어요 역시 꽈배기 도너츠 맛집 답게 사람들이 많더라구요 종류도 다양하고 퍽퍽하지 안아 더 맛있더라구요.,010000000002
친절하신 사장님 커피 인테리어 다 좋아요,100000011000
"솔티 카라멜 라떼, 치즈 케이크 라떼, 체들렌, 밀리터리 마들렌, 초코 마들렌 주문했어요 데이트 코스로 강추하는 분위기 좋은 왕십리 카페예요! 내부는 조금 협소해도 분위기도 좋고 마들렌 비주얼도 넘 매력적인 스페셜 땡스 투 수제 솔티 카라멜 시럽이 들어간 라떼와 치즈 케이크 시럽이 들어간 시그니처 라떼를 마셨는데 달달하고 고소해서 마들렌과 넘 찰떡이었어요! 2시에 방문했는데도 배달로 많이 주문하시는지 마들렌 품절이 많았어요! 자르는 순간 단면에서 필링이 흘러 넘치는 달달한 체들렌, 겉에 초코 코팅이 두껍게 올라가서 달달한 초코맛 진한 밀리터리와 초코 마들렌 모두 맛있어요!",100100210002
복잡한 성수에서 넓고 여유가 약간 있게 커피를 마실 수 있는 공간입니다. 커피도 괜찮고 직원분들이 친절하십니다. 집앞에 나올 때 항상 오는 편입니다.,100000101001
저번에 성수놀러왔다가 줄보고 사본 버터소금베이글이 인생베이글이 되버려서 그때 같이왔던 친구랑 재방문해서 이번에는 커피랑 같이 매장에서 먹어봤어요!! 커피도 맛있고 베이글이랑 잘어울려서 순삭... 쟁여둘 베이글까지포장 멀어도 정기적으로 베이글 수혈하러 올만한곳!!,110000000012
빵도 너무 이쁘고 인테리어도 맘에 들어요,010000010000
성수 왔다가 지나는길에 우연히 들어왔는데 시원하고 넓고 초록초록 식묵들이 넘 예뻐요 페퍼커피 독특하고 천상가옥 시그니처 음료도 맛있어요 티라미수스콘도 특이하고 맛나요,100100110000
좋아요 직원분 친절해요 사람이 너무 많아서 오래 앉아 있다 나오지는 못했어요,000000001002
모찌에 어울리는 생크림이랑 과일들과 같이 먹을 수 있어서 더 맛있어요... 4층을 사용해서 자리도 넉넉하고 창밖 뷰도 숲뷰라 넘 예쁘고 사진찍기도 좋아요,000001110000
음료도 빵도 다 맛있어요! 직원 분들 너무 친절하셔서 좋아요,110000001000
꽈배기가 진짜 쬰득해요!! 내부 분위기도 좋고 커피도 맛있어요 무엇보다 가성비가 좋네용! 이 정도 꽈배기 퀄리티에 이 가격이면 많이 사먹을 수 있을 거 같아요 서울숲 근처 카페로 추천추천!!,110000010100
여기 허니버터브레드 정말 넘 좋아해요꿀이랑 버터가 어우러지는 맛에 부드러운 식빵도 최고!! 그리고 뭐니뭐니해도 초콜릿우유 메뉴가 진짜 진하고 맛있어서 또 먹고싶어지는 맛! 사람 많아서 매장 사진은 못찍었는데 편안한 매장 분위기도 마음에 들어요,110000010002
달달한 하루를 보내고 싶다면 여기로,000000000000
자주 방문해요 친절하시고 너무 좋아요,000000001000
매장이 예쁘고 젤라또도 너무 맛있어요 또 빙문하려고 해요,000001010000
맛있어요!!! 종류도 많아서 고르는 재미가 있습니다,000000000000
잼뷔페 특이하고 신기했어요!! 빵도 커피도 맛있고 종종 이용할게요!!,110000010000
베이글이 작고 귀여워서 눈으로도 맛으로도 먹게되용,010000000000
인생소금빵입니다 1개씩은 못 사고 무조건 4개씩 사야하지만 4개 살 가치 있어요... 테이크아웃전문이라 줄이 길어보여도 금방 빠져요,010000000003
패스츄리가 정말 겹겹이 있고 맛있어요,010000000000
사들고 서울숲 피크닉 갔는데너무 좋았어요 치즈케이크 주문 필수 초콜릿우유도 꾸덕하니 넘 맛있어요,101000000000
음식도 너무너무 이쁘거 맛있어요 다음에는 남자친구랑 또 올게요!!! 다른케이크도 먹어보고 싶용,001000000000
테이블 간격이 너무 좁아서 옆 사람 숨소리까지 들릴 정도임.,000000000002
베이커리 종류가 많고 커피가 진 짜 맛있어요 공간도 쾌적하고 가성비도 좋네요,110000100100
디저트와 차가 독특하고 맛있어요,100001000000
아이 생일 케이크때문에 찾아보다 넘이쁜 케이크를 보고 바로 예약주문했어요 맛있어보이는 비주얼,001000000000
주악 진짜 너무 먹고싶었는데 드뎌 와봤어요! 매장도 약과가 전통음식인것처럼 한옥분위기라 너무 좋아요! 다들 오미자차 많이먹던데 날이 추워서 못먹었어요아이스만 가능하다고 하더라구요 다음에 성수오면 한번더 들리려구요!!주악 메뉴도 많은데 소진된메뉴가 많아서 아쉬워요 잘 먹었습니다!!,300001010002
토요일 오전에 오픈라간 맞춰 왔어요 사람들 많이 없어서 조용하게 먹기 좋았고...,110000000001
팬케이크 예쁘고 음료가 마싯어효,110000000000
커피도 맛있고 소금빵이 진짜 쫀맛이네요!! 또 올게요!!,110000000000
아이랑 갔는데 특별한 배려는 없었지만 제재도 없어서 무난했어요.,000000003000
조용하고 얘기하기 좋아용!! 추천합니당,000000000001
"작고 귀여운, 일본 분위기가 물씬 풍기는 베이커리예요. 특히 치즈타르트가 좋았어요!",000001010000
가성비가 좋고 분위기가 좋아서 데이트용으로 너무 좋은 것 같아요. 아이스크림도 맛잇고 가격도 부담스럽지 않앗어요,000001010100
늦은시간까지 열려있어서 좋아요 커피랑 티는 매우 무난.. 솔직히 다른 음료가 89천원으로 비싸서 그냥 무난한 음료 주문했어요 케이크도 사진으로봤을때보다 훨씬 작은데 가격은 비싸서 아쉬웠어요 맛도 유명세에 비해 그냥그랬고.. 한번 맛본걸로 만족합니다 평일인데도 밤에 사람이 많아서 웨이팅 하던데 웨이팅까지 할 거까진 아닌거같아요,302000000202
인스타 갬성 카페에요! 넓어서 좋고 케이크도 맛있어요!,001000110000
맛있어요!!! 특히나 인테리어가 너무 예뻐요,000000010000
예쁜공간 예쁘고 맛난케이크,001000010000
분위기도 좋고 음식도 다 맛있어요! 리조또 추천 서비스로 주신 단호박스프도 잘 먹었습니다 다음에 또 올게요,000000011000
테린느 맛있어요 강아지랑 같이 갈 수 있어 좋아요,000001100000
성수역 바로 아래있어서 접근성좋고 잠시 커피한잔하기도 좋아요.,100000100000
오픈런 했더니 제일 좋은 창가 자리 앉아서 기분 최고예요.,000000000001
시나몬 치글만 남아서 시켰는데 넘 맛있어요 촉촉 푹신 부드러운 치즈케이크! 크림에도 알갱이가 있는데 맛있습니다,010000110000
주문할 때 눈을 맞추며 응대해 주셔서 소통이 잘 되는 기분이었어요.,000000001000
핸드드립 커피 마셔봤는데 과일 향이 입안 가득 퍼지는 게 예술입니다.,100000000000
뱅쇼와 버터바 맛있어,100100000000
메뉴가 독특하고 맛있어요 알콜이 3.8도라고 하니 술찌들은 조심할것..! 분위기도 좋아서 저녁에 와도 좋을것 같아요,100000010000
우와!!! 계단을 올라오면서도 여긴가해서 다시내려가서 확인하고 다시 올라왔어요 들어오니 확다른 인테리어 커피 디저트 맛도있고 사장님도 친절하고 편안한 음악에 ..너무너무 좋아욤,100000011000
디저트도 맛있고 라떼들도 정말 맛집이에요,100000000000
"숨겨두고 혼자만 가고 싶은곳 , 호텔 디져트 맛, 커피도 고퀄입니다 . 직원분등 서비스 마인드 제품 퀄리티 전부 굿 .",100001001000
조용히 바깥보고 생각하기 좋은곳! 가끔 BGM이 이상해요!,000000030000
자리도 편하고 야외도 잇어서 좋아요 커피랑 디저트도 굿입니당,100001100000
바닐라 콜드브루 괜찮네요,100000000000
커피 원두의 풍미가 깊어서 한 입 마시자마자 감탄했어요.,100000000000
올해 먹은 디저트 중 가장 맛있었어요! 위에 올라가는 머랭은 너무 달지 않고 조화로워서 즐거웠네요,000001000000
좌석은 부족하고 불편하나 커피 맛집,100000200000
커피 맛나요 재방문의사있음,100000000000
답례품으로 대량 주문했는데 시간 딱 맞춰 포장해 주셨어요.,000000000010
미쳤음 단번에 중독!!!! 내 지갑 어쩔 다음 주에 또 올거임!!! 철 지나기 전에 어여어여!!!,000000000000
고양이 식빵이 먹고싶어 구매해봅니다,010000000000
무스 케이크는 차갑게 먹어야 맛있는 기본적인 맛입니다.,003000000000
양갱은 그냥 시중에서 파는 거랑 큰 차이는 모르겠어요.,000003000000
늦게 가면 식사 빵 종류가 많이 빠져서 일찍 가야 해요.,030000000000
음악은 잔잔한 팝송 위주로 나와서 거슬리지 않고 무난해요.,000000030000
선물 포장 샘플이 카운터 옆에 진열되어 있어 보기 편함.,000000000030
"쫀득한 모찌 수제과일모찌 먹고싶어서 방문했는데, 지금날씨에 생딸기모찌가 있는데 상큼한 과일이 입맛없을때 먹기 좋을거 같아요 ) 주문한 과일들 다..퀄리티 너무 좋아서 과즙폭발에 개인적으로 파이네플이랑 딸기 이 두개가 너무 맛있어서 추천드려요!",000001000000
음식도 빨리 나오고 메뉴도 다 맛있어요 직원분듀 친절하시고 서울숲 뷰 보면서 먹으니 너무 좋아요,000000011000
이전하기 전에 가봤는데 이전 후는 처음 가봤어요 빵 여전히 맛있어 보이고 종류가 정말 많네용 전에 버터 프레즐 진짜 맛있는데 이번에는 너무 딱딱하네요나중에 다른 빵 먹어야겠어용,010000000000
남녀 공용 화장실이라 사용하기 너무 민망하고 불편했습니다.,000000200000
유기농 재료로 만들어서 그런지 잘 녹긴하지만 맛있어요!!,000001000000
매장 문을 열어두는 편이라 외부 기온 영향을 좀 받네요.,000000300000
티라미수랑 다쿠아즈 꼭 드세요 내부 외부 인테리어모두 너무 예쁜 사진 핫스팟이고... 직원분들이랑 사장님이 매우 친절해요,001001011000
커피 맛있어요 빵도 종류도 많고 스콘이 맛났어용,110100000000
냄새에 홀린듯이 들어왔는데 맛도 냄새만큼 좋았어요 그리고 바로바로 구워주시는건지 엄청 따뜻해서 더 맛있었어요 직원들도 친절하게 응대하시고 파이팅 넘치세요!!!! 컷팅도 해주시더라구요!! 맛도 어디서 못 먹었던 맛이라 재방문 의사 있어요 약간 미트파이느낌? 하나만 먹어도 배부르더라구요,010000001000
주차공간이 꽉차서 옆옆건물 서울숲L타워에 주차함 시즌커피도 있고 커피에 대해 설명도 잘해주셔서 주문할 때 편했어요,100000201000
너어어어무 맛있고 베이글 작아서 너무 좋아요!!!!,010000000000
그냥 흔히 아는 그런 젤라또의 쫀득한 맛입니다.,000003000000
서비스 때문에 기분 상할 일은 없는 무난한 카페입니다.,000000003000
거게 인테리어가 따뜻하고 포근한 느낌이라 넘 맘에 들었어요! 편하게 지인들과 대화하기 좋은 공간입니다,000000110000
딸기 빙수에 딸기 시럽 맛이 너무 인위적이고 저렴한 맛이 나요.,000020000000
크림과 빵이 너무 맛있어요! 많이 달지 않아서 술술 넘어가고 딸기도 가득해서 너무 잘 먹었습니다.,010010000000
리치 식빵 주문했고 여전히 맛있었어요.,010000000000
걷다가 다리가 아파서 들린 곳. 공부나 노트북이 불가한 곳이다보니 좌석이 있어서 다행이었습니다,000000100000
성수동 방문하였다가 분위기가 좋아보여 들어왔는데 커피와 푸딩이 맛있고 인테리어가 세련되어 다음에 다시 방문하고 싶어요.,100001010000
요즘 유행하는 모던한 스타일의 인테리어라 익숙한 느낌입니다.,000000030000
위스키가 감미된 아이스크림이에요 아포카토처럼 섞어놓은거 아님! 신기해요,000001000000
청양애플브리바게트 맛있는데 포만감이 덜해요!,010000000300
식물들이 곳곳에 배치되어 있어서 평범한 매장에 생기를 주네요.,000000030000
유령라떼 너무 귀여워요 피스타치오 젤라또 진짜 끝내주게 맛있고 따뜻한 뱅쇼랑 너무 잘어울립니다 !!!! 직원분들듀 너무 친절하세요 .. 너무 이쁜 카페..,100001011000
맛있어용크로플 꼭 드세요!,000001000000
너무 시끄럽고 사람많아서 커피를 즐길환경이 안되요,000000000002
스프도 너무 맛있고 부라타 완두콩 타르틴도 너무 너무 맛있어요! 완두콩 때문에 달콤한 맛도 있고 치즈랑 너무 잘어울려요! 양이 많은 편인것 같아요 다음에 삼치 파스타도 먹어보고 싶어요!,010001000000
직원분도 친절하시고 커피도 맛있었어요,100000001000
조명도 좋고 음악 선곡도 딱 대화하는데 방해 안될정도로 좋았습니다! 디저트랑 커피도 맛있어요!,100001010000
이렇게 푸짐한 양의 망고 빙수는 처음이에요... 다행히 앉은 자리에서 싹싹 잘 먹었습니다,000010000100
쌀 식빵이라 그런지 쫀득함이 일반 빵이랑은 차원이 다르네요.,010000000000
양보다는 질에 집중한 느낌이라 가격이 이해는 가요.,000000000300
베이글 크림치즈 양이 너무 적어서 빵만 먹는 기분이었어요.,020000000000
디저트가 전반적으로 너무 달아서 다 먹고 나면 속이 니글거려요.,000002000000
오전 11시에도 사람이 거의 꽉 차있었었어요 산미없는 원두 골랐는데 요상하게 산미가 느껴졌어요,200000000002
원두 설명을 부탁하니 자기도 잘 모른다며 메뉴판 보라고 하네요.,000000002000
가게도 깔끔하고 디저트도 맛있어요,000000100000
"이런 곳이 있었다니 날씨 좋아지면 무조건 또와야지테라스 감성도 좋고 실내도 예쁘고 남산뷰 피처링 굿 베이글이랑 커피, 티 모두 퀄리티 좋음",110000010000
레모네이드가 적당히 새콤달콤해서 입맛 돋우기에 최고입니다.,100000000000
요거트 베이스가 신선해서 그런지 전혀 시지 않고 담백해요.,000001000000
멋진 사장님과 맛있는 디저트까지 .. 완벽한 토요일이었어요 처음 오는 친구들도 다 만족하면서 또 오고싶대요,000000001000
깻잎 스무디 도전하기 어려웠는데 깻잎맛이 강하지않고 매력적인 과일맛이 많이 나서 제일 맛있었고 자몽은 씁쓸하고 많이 달진 않지만 새콤하니 맛있었고 티라미수는 크림 비율이 높은편인데 크림도 맛있고 무화과랑 크림이랑 먹으니 더 맛있었네요 깻잎스무디를 강추드립니다 ! 어디서도 먹어보지 못한 맛. 깻잎맛은 거의 잘 안느껴져요 매력적인 음료 경험 할 수 있어 좋았습니다.,101000000000
츄로넛이 쫀득하고 맛있어요 !,000001000000
디저트가 다양해서 재방문 했어요!,000001000000
외관이 너무 이뻐서 눈길이 가서 가야지 하다가 진짜 왔어요! 근데 시그니처 라떼가 독특했던게 커피젤리가 들어있어서 신기했어요 라떼 자체는 달달해서 맛있는데 젤리가 씹히니까 신기한 맛? 치즈케이크랑 레몬파운드도 완전 반함 치즈케이크 싫어하는 친구도 맛있다면서 옆에서 같이 먹었어요,101100010000
재방문 의사 있습니다!!!!!,000000000000
아이를 위해 우유를 조금 데워주시는 세심한 배려에 너무 감사했어요.,000000001000
"베이글 맛집이네요,,,,, 들어가자마자 직원분들이 밝게 인사해주셔서 기분 좋아졌어요! 버터소금라떼 짭짤하이 고소하이 부드럽고 너무 맛있었어요",110000001000
아이스크림을 사면 키링을 주는 곳! 아이스크림도 맛있고 시원합니당,000001000000
구석 자리가 비어있어 조용하게 작업하기 아주 좋았습니다.,000000000001
"친구랑 평일에 방문했는데 너무 쾌적하고 넓고 빵 종류도 많아서 너무 좋아요. 빵도 맛있고, 음료도 맛있어요",110000100000
밀크티에 달달한 바닐라 향이 참 좋았어요!,100000000000
탄맛과 신맛 여러 맛이 나네요,300000000000
카이막 세트에는 빵이 기본으로 포함되어 나옵니다.,000003000000
쫀득쫄깃한 바게트 넘 맛있습니다,010000000000
빵 종류는 많은데 정작 먹을만한 식사 빵이 별로 없어요.,020000000000
들어가는 입구부터 고상한 느낌이 나는 카페네여 1층 2층으로 되어있고 인테리어 너무 이쁘네여 혼자서 라떼 한잔 시켜서 마시는데 커피도 맛있어요 !,100000010000
사람 없을 때 가니 조용하고 좋았어요. 직원 분도 진짜 친절하시고.,000000001001
코로나로 날짜 옮겨주셨는데 여기엔 잘못 올려져있네요?,000000002000
피버바 오리지날 스무디 느끼하지 않고 고소하고 든든해요. 공간도 쾌적하고 좋아용,100000100000
"커피, 디저트 정말 맛있어요. 치즈케이크는 꾸덕한 치즈 풍미 가득하고 레몬타르트는 레몬 많이 갈아넣어 상큼함이 남다르네요.",101000000000
알바님들이 잘생겼어요 케미크도 맛있고 커피도 냠냠쩝쩝,101000001000
레드벨벳 케이크는 단맛보다는 짠맛이 살짝 느껴지는 편임.,003000000000
커피 맛도 좋고! 소금빵도 갓나올때 먹으니 넘 맛있엇어요! 평일에 한적해서 좋아요,110000000001
멜론 빙수 달콤하고 부드러워서 행복했어요 아메리카노랑 시너지 굳!,100010000000
양은 한 입 거리인데 가격은 밥값보다 비싸서 어이가 없네요.,000000000200
"동탄 롯데백화점 지하1층 슈퍼말차 방문했어요. 오트 말차라떼R 6,800원. 더티콘말차코코넛 6,300원. 아이스크림은 한번 먹어본 걸로 만족 말차라떼는 여전히 진하고 달달하니 맛있네요!",100003000300
티라미수 푸딩인데 커피 맛은 안 나고 크림 맛만 나서 느끼해요.,000002000000
"성수동에서는 더 이상 새로울 것 없는 편집샵카페. 오르에르 wxdxh보다 나을 게 없다. 기본 아메리카노 5,500으로 비싼 편이고 두 가지 선택 결과는 맛은 없다... 시장통을 방불케하는 번잡함은 평일임에도 질리게 만든다. 두번 올 일 없는 공간.",200000000202
일일일 스벅방문 스타벅스 친절하고 맛도 좋아요,100000001000
성수동에서 제일 맛있는 소금베이글과 아아,110000000000
당근 케이크에 시나몬 향이 너무 세서 당근 맛이 하나도 안 남.,002000000000
아침 토스트 구입해서 맛있게 먹었어요,010000000000
카페가 따뜻한 분위기라 좋아요!,000000010000
지나가다가 가게 이뻐서 왔는데 케익이 넘 이쁘네요 아직 먹기 전인데 매장 인테리어도 감각있어요 좋은곳 발견!!,001000010000
데이트 하기 좋아요,000000010000
빵을 7600원 짜리 하나사서 그런지 종이봉트에 그냥 포장해서 집에오니 다 망가졌어요 보통은 사이즈맞는 상자에 포장해주던데...,030000000020
원래부터 유명해서... 성수동에 매장이 있다고 해서 방문했습니다!,000000000000
12시쯤 가서인지 거의 빵이 없어서 기본베이글들을 살수가 없었어요... 직원들의 안내가 부족하고 베이글도 무슨 베이글인지 보기가 어렵게 진열을 해놓았어요.,020000002002
겨울엔 딸기생크림케이크 딸기프레지아가 유명하다해서 방문해봤어요! 맛있고 사장님도 친절해요,001000001000
말차 먼데이! 월요일엔 쿠폰 하나 더주셔서 좋아요. 비건옵션 메뉴 많은것도 좋음!,100000000000
서울숲 처음 와서 빙수가 너무 먹고 싶어서 친구랑 같이 왔는데 분위기도 좋고 뷰도 좋네용 다음에도 재 방문 할꺼 같아요 최고,000010010000
버터바는 시키지 마세요.. 너무 딱딱하고 건조해요 어디서 떼오시는 거 같은데 진짜 좀 별로..,000200000200
앉아서 먹기는 힘들지만 한번 가볼만해요,000000200000
서울숲 지나가다 우연히 봤는데 빵집 맛집이예요.,010000000000
바로 짱콩을 갈아주는게 신기하고 재밌어요 방문 추천,010000000000
허브티 티백이 터졌는지 차에서 먼지 맛 같은 게 납니다.,200000000000
늦게 먹었지만 하나도 눅눅하지 않은 바삭한 바게트를 먹을수 있었어요,010000000000
직원분들은 친절 하세요. 콜롬비아 게이샤 커피가 과일향처럼 복숭아 망고 오렌지 맛보다 민트 레드와인 흙향이 더 났던것 같아요. 인테리어 유리 굴곡이 특징이었어요. 참고로 밖에서는 안이 전혀 안보이지만 안에서는 밖이 다 보여요 라떼는 생각보다 좀 차거웠어요. 55도 밑이었던것 같아요. 너무 뜨거워도 문제지만 너무 차가우니 커피 맛이 떨어졌어요. 55도 밑이었던것 같아요.,200000031000
굿즈 종류가 다양하네요,000000000010
다 먹지도 않았는데 그릇을 낚아채듯 치워버려서 당황했습니다.,000000002000
레몬 케이크 포장했는데 디자인도 예쁘고 너무 맛있어요다음에 또 이용하려합니다,001000000010
프롤라 시그니처 에스프레소 티라미수 먹었는데... 마스카포네 치즈 크림 쌱올려 먹으니 이곳이 무릉도원이 아니겠어요?! 심지어 한 개 더 리필도 해주시고,101000001000
으아 매장 겁내시원하고 커피 나쁘지않아요. 커피가 맛이 기울지않고 모난데가 없어 양도 딱 적당해서 즐기기 좋음,100000100000
음료도 맛있고 디저트도 맛있고 자리도 편해서 간단히 작업하거나 대화하기 좋아요,100000100000
사진 보고 예뻐서 구매했는데 실물이 더 예뻐요 한번쯤 구매할 만한 케이크같아요 굿,001000010000
매장 내부가 의외로 넓고 특히 인테리어가 넘 예쁘고... 디저트들도 넘 맛있고...,100001110000
너무 예쁜 곳이에요 음료도 맛있어용,100000010000
저는 여름 신메뉴인 모모디치 먹었어요... 다만 바게트가 너무 딱딱한?! 빠작한 느낌이라 먹기 힘들었어요,030000000000
이제는 중국인 관광객이 점령한 곳 빵 종류가 많던데... 맛있는 지는 모르겠는 곳 생각보다 라뗴는 맛있어서,130000000002
수플레 팬케이크가 넘 먹고 싶다고 해서 방문했는데... 저는 특히 홍차 아인슈페너가 너무너무 맛있었어요!,100001000000
사워도우가 궁금해서 방문했어요 쫄깃한데 산미있는 사워도우네요 무화과 깜빠뉴 너무 맛있어요,010000000000
오랜만에 다시 왔는데 메뉴도 더 다양해지고 음료도 맛있었습니다! 실내외 조경이 너무 예뻐서,100000010000
감정 없는 기계적인 친절함이라 그냥 부담 없이 이용했습니다.,000000003000
주말인데도 매장이 넓어서 웨이팅 없이 바로 앉았습니다.,000000000001
"커피도 너무 맛있었고, 친절하시어 더욱 좋았어요",100000001000
지나가다 우연히 들린곳 ! 맛있는지 베이글 많이 없던데 그중에서도 있는것도 맛나요,010000000002
딸기케이크가 너무 먹고 싶어서 맛집 찾던 중 아쿠아산타를 발견해서 오게 되었어요! 분위기도 너무 좋고 딸기케이크 진짜 맛있어요! 또 커피도 엄청 쓰지 않고 적당히 달아서 케이크랑 너무 잘 어울려요!!,101000010000
제주 유정란 타르트와 블루베리타르트 왕큰소금빵 가격도 착하고 커피도 맛있었어요,110101000100
날씨가 좋아서 테라스에 앉았는데 분위기도 좋고 음식이 너무 맛있어요! 특히 머쉬룸시저샐러드 소스가 너무너무 맛있어요!!!!!!,000000110000
내부깔끔하고 디자인도 예뻐요. 커피도 맛있었어요!,100000110000
정말 깨끗하고 장소가 너무 이쁘네요 자주 이용하겠습니다. 강추입니다 . 초코우유 최고네요!,100000110000
과일은 쥐꼬리만큼 넣고 가격은 깡패네요.,000000000200
갤러리 컨셉인 것 같은데 작품이 아주 많지는 않아요.,000000030000
아이들이 앞에서 놀수도 있어서 귣이 요기로 왔어요 밖에서 힐링하기 딱 좋아요 아이들이랑 또 올꺼예요,000000110000
다시 오기엔 가격 장벽이 너무 높아서 오늘이 마지막일 듯.,000000000200
분위기도 부담스럽지않고 좋습니다 또 올듯,000000010000
신랑과 함께 데이트옴 팬케이크 맛집이에요,010000000000
아빠 생신케이크로 당근케이크 주문했는데 비쥬얼도 맛도 최고였어요 ! 사장님도 엄청 친절하시고 매장도 깨끗해서,001000101000
언제나 만족해요 양도많고 맛있구요 배달로도 즐기고 있습니다,000000000100
사장님도 굉장히 친절하시고... 바닐라 커스터드 프렌치 토스트 진짜진짜진짜 맛있어요 입에서 살살 녹습니다,010000001000
얼린 망고가 아니라 생망고라 좋아요!! 소금빵도 속이 쫀득하니 맛있어요,010010000000
오로라 케익 샀어요 케이크가 너무 이쁘네요 매장 직원분들도 친절해요 여기서 초도 준비해줘용,001000001010
가성비 맛집이라기보다 그냥 무난한 카페 가격대예요.,000000000300
피스타치오 와다다닥 붙어있는 아이스크림 맛있긴한데... 슬러쉬같은게 신기방기... 성수 근처에서 입가심하기 좋은곳!,000001000000
토끼떡 너무 귀엽고 종류가 많아요 다음에 또 올게요,000001000000
너무 맛있게 잘 먹었습니다! 주문 받아주신 분도 너무 유쾌하셔서 카페에 있는동안 너무 행복한 시간을 보냈습니다!,000000011000
케익사기 좋은 뚝섬 파리바게트!! 종류 많아용,001000000000
직원분 너무 착하신데 앞시간으로 댕기고싶은데 당일 시간 변동안되는건 좀 그 전 시간대에 다 비어잇는데 안된다 하시더라구요그래도 조은 시간 보냇요!,000000002000
식감은 쫄깃하기보다는 부드러운 쪽에 가까운 빵입니다.,030000000000
커피 향은 거의 없고 그냥 뜨거운 검은 물 마시는 기분입니다.,200000000000
"브루크 성수 카페의 티라미수는 풍부한 크림과 진한 커피 맛이 조화를 이루는 디저트에요. 크림은 부드럽고 달콤하며, 커피의 쌉쌀함과 잘 어우러져 입안에서 부드러운 여운을 은은하게 남겨줘요. 양도 충분하여 두 사람이 함께 즐기기에 적당해요. 또한, 브루크의 앤틱한 인테리어와 감성적인 분위기는 티라미수와 커피를 더욱 특별하게 만들어주더라고요. 브루크 성수 카페의 콜드브루 커피는 고유의 깊고 진한 맛이 특징이에요. 첫 번째로 느껴지는 건 부드럽고 깔끔한 맛인데, 시큼하거나 과하게 쓴 맛이 없어 부담 없이 즐길 수 있어요. 커피의 바디감은 적당히 무겁고, 전체적으로 균형 잡힌 맛을 자랑합니다.",101000010000
대로변에서 우연히 보고 들어왔는데 비밀스럽고 아늑해요. 커피도 쿠키도 다 맛있네요,100100010000
수박주스 진짜 시원하고 맛나요 진짜 수박을 갈았쥬,100000000000
반려동물 동반 되는 카페!! 발로나 초코칩 치즈케이크 꾸덕하니 적당히 달달해서 맛있고 에이드는 상큼하면서도 매실맛이 나서 어른들도 좋아하실거 같아요! 4층인데도 사람들이 많이 찾아오는 곳 ! 저녁시간에는 펍이라니 다음에 펍도 이용해봐야겠어용!,101000100000
"멋진 커피, 맛있는 인테리어",100000010000
겹이 잘 느껴지고 너무 맛있게 잘 먹었습니다!,000000000000
아늑하고 감성카페입니다! 친절하시고 뷰도 숲이 보이고 시원해요. 약간 고양이 카페 같고 맛있어요! 좋아요!,000000011000
테니 샌드위치랑 스프. 햄버거 등이 있는데 음식 종류가 많진 않아요. 매장내 베이커리도 좀 잇고요. 3.55점 주고 싶네요.,030000000000
넘 맛있고 공간 멋있어요! 천고 높아서 사람 많아도 안시끄럽고 죠아요!,000000110001
말차 푸딩의 쌉싸름한 맛이 생크림이랑 너무 잘 어울려요.,000001000000
맛있어요 추천합니다,000000000000
인테리어도 멋지고 음료도 독특하고 맛있습니다. 추천합니다. 성수동 오시면 꼭 들러보세요.,100000010000
음료맛은 쏘쏘 구경할 게 많음,300000010000
치즈케이크도 맛있고 특히 얼그레이 라떼 맛있었어요! 미국 갬성 듬뿍 이쁜 카페입니닷,101000010000
일요일 저녁에 방문 했는데 분위기 너무 좋아요! 직원분들 응대가 친절합니다... 수제 아이스크림도 맛있어요!,000001011000
서울숲에서 데이트 후 찾은 카페 정말 만족했어요 라떼도 맛있고 분위기도 좋아요,100000010000
사람이 아주 많지는 않았지만 그래도 창가 자리는 꽉 참.,000000000003
2층은 무척 조용한데 1층은 시끌벅적했어요 일찍가면 빵 종류도 많아서 좋네요.,010000300002
카운터에서 오래 기다렸어요... 그 시간 안에 그림을 끝내는 게 거의 불가능하다는 점... 암튼 가성비는 그닥,000000002202
손님은 기다리는데 자기들끼리 노가리 까느라 주문도 안 받음.,000000002000
음식도맛있고 분위기도 좋아요!,000000010000
과일 빙수 전문점이라기보다는 카페 메뉴 중 하나인 느낌이에요.,000030000000
주말 성수 카페 찾다가 다 만석이라서 우연히 자리찾아서 들어왔어요 근데 인테리어 예쁘고 커피도 맛있어요,100000010002
겉은 바삭하게 구워져 있고 속은 촉촉해서 딱 원하는 에그타르트 맛이에요. 사이즈도 큼직해서 다른 곳에서 먹던 것보다 훨씬 만족스러웠어요.,000100000000
"꼭 가야하는 이유,, 1. 인테리어가 넘 예뻐요 2. 음료가 맛있어요 체리셔벗스파클링, 템포라떼 강추 3. 디저트가 맛있어요! 브리오슈 반죽 완전 퐁신한 식감,,, 구름 그 잡채 4. 완전 친절하세요,,, 요즘같은 세상에 쉽게 볼 수 없는 친절함에 감동받아 눈물 흘릴 뻔... 음료, 베이커리, 인테리어, 감성 모두 트렌디하고 너무 좋았어요!",110000011000
매장 내 분위기 좋고 디저트케익 종류가 다른 곳이랑 다른 메뉴가 몇 가지 있어서 좋았어요. 치즈브라우니 맛있었는데 커피는 좀 심심한 맛이었어요,301000010000
텅 아메리카노.. 산미있는 맛 커피에서 메주맛 남 저도 알고싶지 않았어요 진짜 이상한 냄새나요 분명 커피 마셨는데 더 갈증남 플래닛 아메리카노 (너티)는 괜찮아요...,300000000000
직원분들이 친절하셨어요!!!,000000001000
"분위기고 좋고, 커피도 맛있습니다.",100000010000
한적한 카페 찾아보는 길에 간건데 생각보다 너무 좋아요 커피도 맛있고 음향이 너무 좋네요 작업하기 편하고 여기 오실 땐 이어폰 없어도 될 것 같아요,100000110000
여러가지 맛을 볼 수 있는 베이글칩도 있어서 좋았어요!,000100000000
추위떨던 여자친구 구해낼 수 있었어요,000000000000
베이글 종류가 다양해서 좋아요 근데 뭘 골라야할지 선택 장애가 와요 그리고 바로 데워 먹을수 있게 토스트기도 있어서 더 좋네요,010000100000
카이막 양이 너무 적어서 빵을 다 먹기도 전에 모자랐습니다.,000002000000
커피와 음료수가 맛있고 분위기가 편안해요,100000010000
매장이 예쁘고 따뜻하고 아늑하고 메뉴가 다양해서 좋아요,000000110000
요거트 베이스 맛이 깔끔해서 호불호가 없을 것 같아요.,000003000000
"운동하고 가볍게 먹을 메뉴가 좋아 방문 했어요커피랑 아사이볼,샌드위치 다 너무 맛있고 조용한 공간도 너무 힐링됫어요 가격대는 꽤 있는데 너무 맛있고 건강해지는 느낌이라 또 가고 싶어요 아보카도에그랩 추천합니다! 재방문의사 있어요!! 친절하고 맛있고 너무 좋았습니다 대만족",110001101200
곡물 빵 종류가 몇 가지 있는데 맛은 다 고만고만해요.,030000000000
"친구 생일케이크 픽업을 위해 갔다가, 다른 케이크를 먹어보려 잠시 머물다 왔어요. 내부에 손님이 많았고, 분위기도 좋고 사장님이 센스 있으시다 느꼈어요! 아메와 오렌지콜드브루? 아메는 산미가 적당히 느껴지는 맛있는 원두! 오렌지음료가 진짜 너무 맛있어서 깜짝 놀랐답니다 커피 안 드시는 분들 추천! 발렌타인시리즈 첫입이 진짜 말도 안 되게 너무 맛있어서 눈이 커짐 먹다보니 땅콩초코가 조금 달아서 힘들었어요,,, 단 거 못 먹는 편! 블루베리 진짜 너무너무너무 아름다운 맛,,, 친구들도 다 맛있다고 했고 와인이랑도 엄청 잘 어울려요. 적당히 달아서 잘 들어가는 맛이었어요! 결론 케이크 죤맛,,, 이거 먹으러 지방에서 갈 수 있음 제발 내 생일에 친구들이 픽업해오면 좋겠음",101000011002
너무 잘 먹었어요! 항상 맛있는 메뉴들로 구성되어있어 좋습니다.,000000000000
다 좋은데 커피 양이 별로 안많아서 아쉬워요 레몬케이크는 진쩌 존맛 제가 신걸 좋아해서 맛있었눈데 신거 못먹으면 레몬케이크 비추,201000000000
7000 원짜리 홍차를 시켰는데 뜨거운 맹물이 나왔어요. 이런식으로 영업하실거면 차메뉴를 빼셨으면 합니다. 사전고지도 전혀 없어서 더 당황했네요. 맹물준다는 건 말해줘야지 너무 불친절해요. 유명 티룸도 한 티팟에 7000원인데 여긴 맹물과 티백을 7000원에 파네요. 티를 잘 우려서 티백을 제거하고 주는 건 바라지도 않는데 최소한의 조리도 없다니.... 자판기 밀크티도 차는 우려줄것같은데..가격대비 대실망이고 아쉬워요 분위기만 좋은듯 다들 커피만 마셔서 모르셨는가봄 심지어 티백트레이도 없어요 완전 별로에요 7000원짜리 물이라고 특별히 더 맛있진 않아요 같이간 지인 말로는 레몬에이드는 복숭아아이스티맛이 난다고 하니 참고하세요 가격이 너무 비싸서 걍 인스타 사진용 전시회 입장료라 생각하는게 속편할듯,200000212000
아인슈페너 맛집 황금이 올라가있더라구요? 금아이슈페너야뭐야 유럽풍 분위기 커피맛도 좋고 해외에 온느낌이라 기분업 매장이 깨끗했고 공주풍느낌이라 좋았어요,100000110000
말차 라떼는 말차의 진한 맛이 부드러운 우유와 어울러져서 밸런스가 좋았고 레몬 우롱차는 여름에 마시기 딱 좋은 상쾌한 맛이었어요!,100000000000
성수에서 더운날씨 때문에 갔는데...음....,000000200000
"커피와 디저트, 소금빵이 맛있어요! 모임장소로 추천합니다!!",110001000000
"복숭아 빙수 진짜 너무 맛있엇어요 ,,, 엄청 기다렸지만 기다린 보람이 있는 곳이었습니다 ,,, 다들 웨이팅 걸어놓으시고 주변에서 놀다가 꼭 방문하세요!",000010000003
기념일 데이트를 위해 방문했는데 맛과분위기 모두만족했습니다.,000000010000
얼그레이 롤이랑 카푸치노 맛있어요,101000000000
네이버 예약이 되는줄 모르고 토요일 낮에 한시간 십분 대기하고 들어갔어요.... 외국인들 진짜 많이 오더라구요,000000000002
햇살이 잘 들어오는 편이라 낮에 가면 밝은 분위기입니다.,000000030000
테이크아웃은 대기 없이 바로 주문 가능한 별도 줄이 있음.,000000000003
"성수동 차일디쉬 팝업으로 먹어보고 맛있어서 또 왔어요! 단짠조합 소금방붕어빵 진짜 맛있어요,, 매장에서 나는 버터향이랑 커피까지! 다음에 또 올게용",110000000000
벌써 3번째 방문이에용 소금베이글 강추드려욥!,010000000000
맛있어요 당 떨어질때 한개 먹고 또 돌아댕겨요,000000000000
커피가 너무 맛있아요 층고도 높고 시원하니 좋네여,100000100000
테라스 공간 넘 예쁘구 음식 맛있었어요 최고에용 !,000000110000
어버이날 기념해서 부모님이랑 촛불불려고 시그니처 케이크 자스민 피스타슈 케이크 픽업했어요! 크림이 무겁지 않고 케이크 자체가 많이 달지 않아 부모님도 맛있다고 좋아하셨습니다 느끼하지 않아서 물리지 않아 한판 그 자리에서 다 먹었네요 핀즈 최애케이크가 될 것 같은 느낌 다음에 친구 생일 있으면 또 예약할거에요,001000000000
치즈가 콕콕 박힌 식빵이 짭조름하니 자꾸 손이 가요.,010000000000
장소도 쾌적하고 디저트도 맛있습니다!,000001100000
발렛비 5천 원에 커피값까지 하면 점심값 두 배는 나옵니다.,000000000200
가게는 작지만 커피는 맛있어요,100000200000
라떼가 진짜 진짜에요..!생강차도 맛있었어요. 베이글 세가지 시켜봤는데 토마토??진짜 미친놈임..맛있어서 포장해옴요,110000000000
남친 생일이라 한입케이크 주문했어요!... 예약없이가도 매장에 준비되어있는 케이크가 많아서 급하게 필요할때에도 이용하기 좋을거같아용,001000000010
베이글이 쫀득하고 맛있어요! 매장 내부도 커서 좋아요,010000100000
아메리카노가 맛있네요!!!!!!!!!!!,100000000000
케이크 사이에 들어간 과일들이 신선해서 상큼함이 터지네요.,001000000000
매장도 넓고 맛있어요,000000100000
궁금해서 먹어봤어요,000000000000
저렴한 가격에 베이킹 체험 할 수 있어서 좋아요!! 친절하시고 쉽게 만들 수 있었어요 !,000000001100
뭐야 왤케 맛있어 알베르토 고마워요 그대의 추첨으로 옴,000000000000
쫄깃한 화덕 베이글 굿 호두크랜베리랑 쏠티버터 맛있어요,010000000000
미니멀한 인테리어가 주는 절제된 아름다움이 매력적인 곳입니다.,000000010000
분위기 대박이고 식사용 빵도 판매해서 매우 만조쿠 굳굳,010000010000
커피도 마시고 강아지들 구경하는 소소한 재미도 있어요,100000000000
아이스티가 너무 달지 않아서 갈증 날 때 마시기 적당합니다.,300000000000
친구와 함께 왔는데 카페가 아담하니 예뻐요 소문대로 케이크도 맛있고 커피도 맛있어요,101000010000
양 많고 맛있어요b,000000000100
괜히 블루보틀 블루보틀 하는게 아니죠,100000000000
"테라스뷰도 좋고 음식도 맛있습니다. 아이스 아메리카노는 없고 콜드브루만 있는데, 고소하니 맛있네요! 다음에 또 오고싶은 장소예요",100000010000
새로운 메뉴가 꾸준히 나오는것 같아서 궁금해서 자주 오게 되는것 같아요 !! 매장도 넓고 역 근처에 있어서 좋아뇬,000000101000
너무 맛있릅니다 최고예요,000000000000
전체적인 색감이 차분해서 마음 가라앉히기 나쁘지 않네요.,000000030000
"2시쯤 방문했는데, 다행히 대기 줄이 없어서 바로 구매할 수 있었어요!",000000000001
요거트가 아주 꾸덕하지도 않고 묽지도 않은 적당한 농도입니다.,000003000000
음료가 굉장히 맛있고 사장님께서 굉장히 친절하게 맞이해 주셨어요!!,100000001000
성수동에 올때마다 들른 카페인데 커피가 정말 맛있구 분위기가 모던하고 멋져요 피칸파이는 올때마다 커피랑 같이 먹게 되네요 오늘도 기분 만땅충전하고 갑니다,110000010000
지나다가 그냥 가게가 예뻐서 들렸는데 로투스 크림라떼 처음 마셨는데 크림도 부드럽고 엄청 맛있었어요 서비스로 디저트도 주셨는데 커피랑 같이 먹기도 좋고 맛있네요 !!,100001011000
이런 주문제작 케이크 당일 예약되는 곳이 몇 없는데 당일예약이 가능하다는 점이 좋았어요 케이크도 너무 맛있고 이뻐요!!!!!!!!!!,001000000000
라떼 향이 진해서 한 모금 마실 때마다 행복해요 부드럽고 고소해요!,100000000000
주차못하고 주변에 공사하고 그냥그래요,000000200000
신메뉴나와서 또갔다왔어요. 에이드썸블리 맛있네용. 탄산수에 찐득한 베리가 씹혀서 고급지고 많이달지 않아 좋아요. 쿠키는 포장해왔는데 패키지가 넘 맘메 들어요 스티커랑 포스터도 담아주셨어요. 담에 신메뉴 나오면 또 올게요!,100100000010
"베이글 맛집 베이크모굴에 왔다갔어요! 바질베이글이랑 무화과 케이크 너무 예쁘고 맛있어요,,,",011000000000
메뉴 설명은 따로 없지만 메뉴판에 상세히 적혀 있어 무난합니다.,000000003000
원두 관리를 어떻게 하시는 건지 약간 쩐내가 나서 마시기 힘들었어요.,200000000000
직원분 친절. 뭐라도 막 주문하고 싶은 생각이 드는 곳. 커피 음료 빵 다 맛있어요. 담에 가면 종류별로 골고루 먹어 볼 생각.,110000001000
내부 디자인 너무 좋고 디저트도 너무 맛있어요. 평일인데도 사람이 많네요!!,000000010002
두시간은 너무 짧았요 근데 이런 이색적인 데이트는 재밌네요,000000010000
얼음에서 수돗물 냄새가 나는 것 같아서 빙수 맛이 다 죽네요.,000020000000
메이플탑 남친과 데이트 브런치 맛나게 배불리 잘 먹었어요,010000000000
요즘 핫플이라 대기는 어느 정도 예상하고 방문했습니다.,000000000003
도넛이 달달구리 맛나요 커피도 적당히 쌉싸름하면서 딱 도넛이랑 잘 어울리는 맛입니다!! 공간도 넓직하고 여유로운 분위기라 좋았어요,100100110000
"레몬에이드 너무 달지 않고 맛있었구요 ! 바닐라빈 밀크도 시중 밀크티랑 다르게 담백한 달달함이라서 정말 시원하게 잘 먹었습니다 디저트 플레이팅도 너무 예쁘고 휘낭시에, 마들렌, 돌체 다 겉바속촉해서 정말 만족스럽게 먹었어요 음악도 너무 좋구 음료랑 디저트 가격 모두 비싸지 않아서 다른 카페들 보다 부담도 적은 거 같아요 !! 재방문 의사 가득합니다",100100010100
드립커피를 마셨는데 너무 맛있었어요!,100000000000
에스프레소 전문집이네요.. 서서 먹기는 하지만 좋습니다.,100000200000
처음와서 나름 창가자리에 앉게되었어요 분위기좋고 맛도 기대되요,000000110000
매장이 넓어서 그런지 사람 수에 비해 소리는 분산됨.,000000000003
카푸치노 시나몬 향이랑 커피 맛이 너무 잘 어우러져서 맛있어요.,100000000000
장소가 예쁘고 커피가 맛있습니다,100000010000
플랫화이트 마셨는데 맛있네요. 로스팅을 직접해서 그런지 커피가 신선한 맛이나요.,100000000000
"츄로스도넛 크림치즈가 쫄깃하고 느끼하지 않고 맛있음! 커피도 딱 진해서 디저트랑 마시기 너무 좋다! 분위기가 차분하고 규모가 넓으며, 마치 유럽 카페를 온 듯하여 진짜 추천합니다!",110000110000
로스팅을 직접 하셔서 그런지 탄 맛 하나도 없고 고소함이 일품이에요.,100000000000
디져트도 맛있고 커피도 맛있어요 오픈런 했는데 빵이 엄청 인기였어요 압구정점도 갔었는데 서울숲 근처라 여기가 좀 더 분위기는 따스한거 같아요,110000010003
가게 내부가 작긴하지만 너무 맛있어서 괜찮아요 케이크 포장하러 와도좋을 것 같아요,001000200010
Lp카페라는 곳이 생소했는데 lp를 정말 저럼한 가격에 감상할 수 있었어서 정말 좋았습니다다시 방문할 것 같네요,000000010100
메론빙수 먹고 왔어요... 반려동물 동반도 가능한 곳이라 넘 좋았어요! ... 사장님과 직원분들이 모두 너무 친절하세요,000010101000
카페 분위기도 좋고 음악도 잔잔하니 연인이랑 대화하기 좋고 젤라또를 차가운 잔에 주는 디테일도 좋아요,000001010000
와인이 맛있고 치즈가 너무 맛있어요!! 분위기도 카페 느낌나서 좋아요 2차로 추천!,100001010000
가성비라떼맛집입니다,100000000100
무스 케이크 식감이 푸딩처럼 탱글하고 맛이 아주 진합니다.,001000000000
컵 디자인이 시즌별로 바뀌어서 모으는 재미가 쏠쏠합니다.,000000000010
분위기 좋고 커피도 맛있어요 가끔 원두도 사서먹어요,100000010000
서울숲에서 핫하고핫하다는 귀염둥이 케이크들이 잔뜩 있다는 웨스턴 챕터에 드디어 방문했습니다아!!!꺄하하들어가자마자 힙하고 분위기 너무 좋은 카페..의자도 폭신폭신한 쇼파형의자도있구 테이블식의자도있고내부가 넓어서 테이블간격도 몰찍이 떨어져있어 너무 좋았어요!! 동그란 귀염둥이 치즈케이크 종류도 무려 8개나 있다구여치즈케잌 환장하능 사람에겐 무조건 추천!!! 조용히 분위기 느끼면서 힐링하거나 수다떨기도 너무 완벽한 카페!!! 치즈 케이크 생각보다 훨씬 꾸덕하고 깊은치즈맛도 나고 너무 맛있게 잘먹고가유유!!!번창 또 번창하시라구여치즈케이크만세,001000110000
눈이 오는 예쁜날 방문한 구욱희 최애 쿠키집,000100010000
다양하고 새로운 맛을 경험할수있어서 좋았어요. 쑥 젤라또가 강력해서 먀니아층이 있을듯,000001000000
입구에 턱이 높아서 유모차나 휠체어 들어오기 불가능합니다.,000000200000
케익이 많이 달지 않고 고급지고 너무 맛있어요... 매장도 플로리스트를 하셨던 사장님의 분위기가 느껴져서 너무 좋았어요,001000010000
전체적으로 완전 만족 음식도 맛있고 분위기도 좋았어요. 최근 다요트 시작했는데 여기는 메뉴 구성이 좋더라고요.,010000010000
사람도 많은데 다들 엄청 친절하세요,000000001002
초코베리케익 너무 맛있어요!! 다들 굿굿이라고,001000000000
커피에 누구보다 진심인 성수 카페를 찾았어요 핸드드립 커피 전문점이라 원하는 원두를 골라 마실 수 있어요. 디저트는 세 가지가 있는데 상큼 달달한거 좋아하시면 레몬 파운드케이크 추천해요!,100100000000
사람 별로 없는 타임에 딱 잘 가서 바람 솔솔 들어오는 자리에서 커피 한잔 서울숲뷰 초록초록하니 너무좋았고 갠적으로 아아보다 콜드브루가 더 맛있네요,100000010001
말차 푸딩 빙수 24000에 먹었어요. 말차스프레드 위에 커스타드 가루와 말차 푸딩이 올려져있어요. 달기보단 녹차의 씁쓸함이 더 잘 느껴지는 맛입니다,000033000300
맛있어용 고소하고 중독적인 맛이에용,000000000000
"라떼가 정말 맛있어요. 다른 라떼들은 취향 아닌데, 여기는 너무 입에 맞아서 꾸준히 찾게 되는 거 같아요",100000000000
웃는 얼굴로 응대해 주시니 커피 맛이 두 배로 더 맛있는 것 같아요.,000000001000
초콜렛 치즈케익 죵마탱! 꼭 드세여! 매장넓어서 넘 좋고 분위기도 넘 좋네용! 추천주신 에이드 먹어봤는데 칵테일 느낌나여 잘먹었습니당 담에 또 오께여,101000110000
매장 분위기 너무 좋아요... 피치라떼 완전 맛있어용 아메리카노도 맛있고 원두가 좋은 원두 같아용,100000010000
언제나 와도 편안하고 맛나요),000000000000
친절히 잘해주시고 사장님이신지. 가끔남자분이 빵에대해 아르바이트분에게 물어봤을때. 잘설명해주시고 하드라구요.. 깔끔히 정리도잘되있고 좋아요,000000101000
회사 근처라 자주오는데 모임이나 가볍게 오기 좋아요,000000010000
봄날씨에 딱인 카페입니당 햇살이 계속 들어서 분위기 너무 좋아요 커피도 맛있어요 배지도 넘 귀욥,100000010000
"디저트가 맛집,,,진짜 최고,,,",000001000000
서울숲에 놀러와서 밥먹고 어쩌다 들어왔는데 커피도맛있고 케이크도너무 맛있네요,101000000000
빵의 퀄리티가 편의점 빵이랑 다를 게 없네요.,020000000000
커피도 맛있고 분위기도 너무 좋아요 ),100000010000
카페 분위기가 시끄럽지도 않고 조용하지도 않고 대화하면서 커피한잔 하기 좋아요,100000000001
빵을 화덕에 구워줘서 그런지 더 담백하고 쫀득하니 맛나요... 커피도 맛있네요.,110000000000
베이글 종류도 많고 맛있어요,010000000000
시그니처 메뉴 먹어봤어요. 개인적으로 켈리콜드블루하고 허니마론 강추합니다,100000000000
평소에 피넛버터를 너무 좋아해서 다 너무 맛있게 먹었어용 토스트 시키시려면 아메리카노가 필수에요..!! 완전 꾸덕꾸덕해서 중간에 아메리카노 먹어주면 완전 최고 맛있게 먹었습니당!!,110001000000
소문 대로 버터가 맛있군요. 택배가 되었음 합니다.,010000000000
분위기가 좋아서 대화하기 좋네요! 커피도 맛있어요,100000010000
구움과자 보관 방법이 적힌 종이를 같이 넣어주시네요.,000100000000
혼자서 간단하게 먹기 너무 좋네요! 맛도 고소하니 계속 손이가는 맛 집이 근처라 자주 올거같아요,000000000000
팥빙수 떡이 딱딱하게 굳어있어서 씹기가 너무 힘들었습니다.,000020000000
숨겨진 드립커피 맛집... 원두 교체되기 전에 매주 방문해야겠어요 말렌카 케이크도... 꾸덕하고 맛있었어요,101000000000
딱 예상 가능한 범위 내의 디저트 퀄리티입니다.,000003000000
인스타그램에서 보고 기대하고 갔는데 제가 생각했던 분위기랑은 다른 느낌이였습니다... 그래도 디저트는 너무너무 만족 했어요!,000001020000
뜨거울 때 마시는 거랑 식었을 때 마시는 맛의 차이가 좀 있는 편입니다.,300000000000
포르투갈 벨렘빵집보다 맛있어요,010000000000
너무 빠르게나오고 로봇도 귀여워요 다음에됴 또 방문하고싶어요,000000001000
테이크아웃 줄이랑 매장 줄이 섞여서 난장판이었습니다.,000000000002
펭귄이 엄청 많아서 너무 좋았어요,000000010000
처음먹어봤는데 전병 풍미가 대단하네요,000100000000
디에그 에타는 그냥 진리입니다! 에타디에그 진짜 촉촉하고 담백하고 너무좋습니다,000100000000
늦게까지 하는 카페를 칮다 우연히 방문했는데 공간이 탁 트인 느낌이 너무 좋고 틀어주시는 음악 플리가 취향저격입니다 브라우니도 진짜 맛있어요,000100110000
디저트도 맛있고 커피도 너무 맛나요 걷다가 우연히 찾은 카페인데 럭키비키,100001000000
유명한 소금빵 줄서서 샀어요. 바로 먹었는데. 바삭하지는 않고 버터가 많이 들어간 맛이네요.,030000000002
직원분들이 친절하게 추천도 해주셔서... 카라멜마키아토 달콤하니 기분 전환으로 딱이고 맛있어요,100000001000
"브런치, 디저트, 음료 메뉴가 다양하고 상주견 하루가 정말 순하고 귀엽습니다. 좌석도 편하고 사장님들도 친절하셔서 편안한 시간 보냈습니다.",000000101000
프렌치토스트 진짜 퀄리티 미쳤네요. 크림브륄레처럼 겉면이 파삭해서 기분 좋고 속은 촉촉해요 글구 단호박스프 이거 완전 요물!! 와 이렇게 퀄 좋은 단호박스프를 카페에서 먹는게 말이 돼?! 진짜 여기 요리 잘하는 듯,010000000000
가성비 갑!! 음료도 빨리 나오고 좋아요,100000001100
시나본은 말해뭐해 너무 맛있어요 아메리카노 천오백원 실화?,100001000100
자몽허니블랙티..달달새콤 맛있어요..,100000000000
초코 메뉴 이름보고 안시키면 안될거같아서 시키긴했는데 최고는 아니지만 좋았어요,000001000000
가격도 착한데 케이크가 너무 맛있고... 아메리카노 써서 잘 못 마셨는데 여긴 딱 적당해서 좋았어용 !... 사장님께서 정말 친절하셔서,101000001100
내기준 기괴하노 성수감성 잘 모루겠어요,000000020000
맛있어요 종류도 많아요 근데 조금 비싸요 ! 성수동이라 그런가 다들 친절 핫세요,000000001200
음료도 맛있규 디저트도 맛있어요! 알바?언니가 넘 귀엽고 친절하셔서 편안한 분위기에서 뜨개하다가 가용! 증정용 실이 없어서 넘 아쉬웠는데 실도 하나 받았습니다! 감사해요,100000001000
친절하고 좋습니다 ) 주문이 많아도 빨리 만들어주시는 편!,000000001001
딸기타르트는 신선하고 상큼했습니다. 보기에도 화려했습니다.,000001000000
날씨에 따라 혼잡도가 극명하게 갈리는 곳인 것 같아요.,000000000003
커피맛도 좋고 밖에서 이야기하기 좋아요 추천해요,100000010000
셔벗이 너무 상큼해서 입안을 깔끔하게 정리해 주는 기분입니다.,000001000000
피넛버터가 유명해서 갔는데 여기 피넛버터 진짜 꾸덕하고 맛있고 고소하고 너무 맛있어요 !!,000001000000
크리스마스분위기도 너무좋구 음료도 맛있고 특히 치즈케잌이 꾸덕꾸덕 맛있어요오!!,101000010000
맛있어요! 메뉴 이름 귀엽고 베이커리 완전 맛있어요 매장 넓고 쾌적해요 카공하기도 좋을것같아요!,010000100000
지나가다가 우연히 발견했는데 도넛도 맛있고 직원분들도 친절하고 분위기도 좋았어요. 다음에 또 오고 싶어요,000001011000
사장님이 너무 밝게 웃으며 인사해 주셔서 들어갈 때부터 기분이 좋네요.,000000001000
한옥 느낌이라기엔 너무 현대적으로 바꿔서 이도 저도 아닌 느낌.,000000020000
커피는 소소 루이보스도 소소 레몬케잌은 밀가루가 안에서 뭉쳤는지 식감이 음 고구마크로와상은 맛났음 매장은 넓어서 쾌적한 느낌,312000100000
베이글 너무 예쁘고 맛있는 집 대기타고 있다가 먹었어요 딸이 한 번 먹고 계속 생각난다고 해서 자주 오는 곳,010000000002
굳.. 포장이 좀 허술해서 트리 케이크가 쉽게 잘 쓰러짐 혹시 포장하시면 조심해서 가지고 다녀야함,001000000020
뚝섬카페 쿠키 맛집이에요! 박세리픽으로 유명한 곳이여서 와보고 싶었는데 드디어 방문 완료! 귀엽고 맛있는 쿠키들이 가득했어요! 자리도 넓어서 대화하기 최고오,000100100000
"분위기도 너무 좋고 가격도 좋고 사장님도 친절하시고 커피랑 밀크티도 맛있고,..... 하 리뷰 안 쓰고 싶은데 양심에 찔려서 씁니다 시간대 다양하게 가세요 몰리면 제가 못 감",100000001102
과일 당도는 조절이 불가능하니 자연 그대로의 맛이라고 보면 돼요.,000030000000
귀여운 쿠키가 가득한 카페 사장님도 친절하시고 맛있습니다,000100001000
좌석이 편해요! 핫한 성수라서 그런지 외국인이랑 사람이 엄청 많아요,000000100002
군고구마 아이스크림 너무 맛있어요!!! 사장님이 맛있고 크로와상이 친절해요!!!!,010001001000
분위기도 짱이구 마싯어요 !!! 대표 메뉴인 음료듀 마싯러요 청귤도 딱 좋게 마싯어요,100000010000
디저트가 바삭하고 맛있어요! 버터 카라멜 크림이랑 잘 어울려용,000001000000
친구들과 방문했는데 도넛도 맛있고 음료도 맛나요,110000000000
공간이 넘 근사하고 좋아요 예약후 이용하시는거 추천드려요!!! 웨이팅이 있더라구요,000000100002
저번에 왔을 때도 좋았던 기억이 있어서 또 왔습니다 메뉴들도 특별하고 맛있어요!,000000000000
아메리카노는 진하게 내려져... 향이 좋았습니다. 작당모의 티라미수는... 부드러운 생크림 맛이 두드러졌고... 자몽베리에이드는 과하게 달지 않아... 테이블에서 행주 냄새가 조금 나서 아쉬웠습니다.,101000210000
과자들 크기가 아담해서 여러 개 사도 큰 부담은 없네요.,000300000000
맛있는데 요즘 소금빵 잘하는 집이 많아서 줄설만큼인지는 모르겠다. 패키지 디자인 무척 예쁘다.,030000000012
"조용하게, 아무 생각하지 않고 시간을 보낼 수 있어 좋았어요. 다만 제가 갔던 시간대가 햇볕이 좀 세더라구요.",000000210000
"힙한데 친절하고, 아늑한데 맛있어요",000000011000
"에이드 정말 맛있고요, 블루베리 크럼블 치즈케이크 시켰는데 케이크도 맛있어요! 매장은 아늑하지만 자리는 생각보다 많고",101000110000
무조건 다시 갈예정 입니다!!!,000000000000
연유라떼 먹을 만 해요,300000000000
츄러스가 너무 기름에 쩔어 있어서 눅눅하고 맛없습니다.,000200000000
오후에 갔더니 빵이 거의 팔려서 소금빵 한개 사봤어요 이때까지 먹어봤던 소금빵 중에 젤 맛있었어요,010000000002
회사 근처 카페인데 분위기도 좋고 좌석도 넓고 좋아요 음료도 다양해요,100000110000
앞에 17잔 구매한 분 땜에 오래 걸렸지만 편 요,000000000002
유럽 노천카페 같은 이국적인 분위기라 여행 온 기분이 들어요.,000000010000
매장 넓고 잠시 쉬어가기 좋아요,000000100000
"소금라떼, 큐브라떼 두 시그니처 메뉴 강추예요",100000000000
배달빠르고 아주 좋아요,000000001000
술 진탕먹고 해장하러 아아마시러갔다가 속풀려서 케이크도 먹고왔어욬 완전 맛있게 편하게 잘먹고 잘있다갑니다,101000000000
밤 케이크라더니 밤 알갱이는 거의 없고 향료 맛만 강함.,002000000000
집중하기 좋아서 카공 목적으로 자주 방문하는 곳이에요 1층은 좀 캐주얼한 분위기고 지하는 완잔 스터디카페 느낌. 오늘은 고양이님도 계서서 눈호강 햇슴다..후후. 암튼 뚝섬에서 카공하기 좋은 카페 탑 3안에 들어가요. 큐알로 주문하고 픽업하는 서비스도 짱 편함. 강추.,000000111000
주말에 갔더니 웨이팅만 2시간... 기다리다 지쳐 돌아감.,000000000002
분위기도 모던하고 조용해서 대화하기 좋았어용!! 케이크도 맛있고 지크커피는 크림완전 맛있어용,101000010000
메뉴가 준비되면 진동벨로 알려주시니 진동벨 꼭 챙기세요.,000000300000
분위기도 좋고 둘이서 오기 좋아요,000000010000
"내돈내산 1층에는 옷들이 걸려 있어 잘못 왔나 했는데 왼쪽에 올라가는 계단이 있습니다. 곳곳에 그림과 오브제가 많은데요, 아주 유명한 작가의 작품이라고 하네요. 전체적으로 넓은 공간이고,테이블 간격도 띄엄띄엄 있어서 이야기 나누기 좋아요. 내부가 두 파트로 나누어져 있는데요, 한 쪽에는 천창을 통해 내려오는 자연광이 카페 전체를 환하게 합니다. 다만 이 자리에 앉으면 햇살에 머리가 뜨겁고 눈이 부셔서 자리를 이동할 수 있어요. 다양한 종류의 베이커리와 음료가 준비되어 있군요. 말차 라테 얼그레이 아메리카노를 마셨어요. 좋네요. 그런데 라떼 아트가 없어서 좀 섭섭. 크림브륄레번. 페이스트리 안에 크럼블과 커스터드 크림이 있는데, 바삭한 크럼블과 부드러운 커스터드 크림의 식감이 재미있군요. 좀 달아요",310000110000
커피 너무 맛있고 디저트도 맛있어요!!,100001000000
시댁아파트 바로 앞에 있는 맛있는 빵집. 설 연휴 30할인 좋다 앙버터랑 프레첼 구입!,010000000100
베이글을 좋아해서 유명한 베이글집이라고해서 아이들과 왔어요. 종류도 많고 베이글 맛집이네요.,010000000000
당일 케이크 포장이 가능해서 좋았고 직원분들이 친절하세요!,001000001010
"기념일이나, 간식 선물 사갈 때 자주 들리고 있어요!! 위치도 너무 좋고 다양한 종류의 베이글이 많아서 계속 먹어도 넘 좋아요!!",010000000010
메모볌에 걸렸지만 햄복해묘,000000000000
마싯서요 분위기도 좋아용,000000010000
항상 근처오면 들리는데 매번 맛있어요!,000000000000
맛있어요!!! 친구들과 모임하기 좋습니다. 그라니따가 너무 유니크해요. 레몬 슬러쉬랑 커피 조화가 좋습니다!,100001100000
넘넘 분위기가 좋고 친절해요,000000011000
빵이 아주 좋네요!!!!,010000000000
데이트팝에서 보고 분위기가 좋아보여 방문했습니다 실제로도 너무맛있고 커피도 너무 훌륭했습니다!!!,100000010000
핫플답게 사람터져요,000000000002
친구들 생일인데 생일케이크 먹을 수 있는 카페가 어딜까 하다가 찾아서 왔어요!! 케이크도 너무 맛있고 귀여워서 만족했습니당 덕분에 친구들 생일도 잘 축하해줬어요!,001000000000
브레첼 맛집이에요! ... 2층에 공간이 넓어서 대화하기 좋아요.,010000100000
오랜만에 성수 놀러왔다가 느좋까페 같아서 들어왔어요. 높은 천장에 성수동 보다는 한남 바이브 느좋카페! 좋네요! 음료 종류는 다양치않지만 커피는 디카페인 옵션이있어서 저녁에도 맛있는 커피마시기좋고 시원해여! 디저트도 옹골지게 맛있는것만 있네요,100000110000
상상이상으로 맛이 없어요. 케이크 2개 주문했는데 커피도 강제로 1인1잔을 하라고 하더라고요... 동물성 생크림이 맞나여? 전체적으로 느끼함이 너무 강해서...,202000002000
베이글 종류가 다양하고 맛있어요! ... 다음엔 다른 종류 먹어보고 싶어요),010000000000
20분 기다려서 겨우 샀어요,000000000002
매일 갓 구운 빵이 쇼케이스에 있어 간단한 식사 대용으로도 충분했습니다. 담백하고 따뜻했어요.,010000000000
오랜만에 왔는데 너무 맛있게 먹고 갑니다 매장이 엄청 힙해요 !,000001010000
말차 자체는 맛있었어요 말차에스프레소는 맛이 없을 수 없는 조합인 것 같아요,100000000000
산미가 있는 편이지만 가성비 좋고 인테리어나 디자인에 신경 많이 쓰신거 같아요,300000010100
Unreasonable requirement to force customer to order drink eventhough 2 person we ordered 1 cake and 1 drink is not acceptable.,000000002000
빵종류가 정말 많아요! 초당옥수수라떼 맛있습니다),110000000000
스콘 너무 맛있어요,000100000000
엄마 생일이라 어썸스윗 성수에서 딸기케익 주문했어요... 요건 한 번에 먹기 적당한 사이즈라 굿굿 레터링도 새길수 있어 더욱 특별한 너낌 사장님도 친절하셔서 기분 좋게 들렀다 갑니당,001000001000
구움과자 선물 포장비가 별도로 추가되니 참고하세요.,000300000000
진짜 애정하는 곳이예요꼭 한번 들려보세요! 가성비 퀄리티 최고요,000000000100
여기 쿠키 쫀맛탱이에요!! 역시 인생 쿠키집 맛있어용,000100000000
맛있어요. 최고!! 분위기도 좋아요. 방문해보세요!!,000000010000
2차로 오기 좋아요! 아이스크림이 다 와인이랑 잘 어울려요,000001000000
이전에 친구들이랑 왔는데 맛있어서 남친이랑 같이 왔어요! 포장해서 와인이랑 마시려구요,000000000010
맛도 좋고 친절하고 분위기도 끝내줍니당,000000011000
귀여운 비주얼의 빵에 꿀 카이막 조합이 메인 세트인듯 합니다 전체적으로 인테리어와 패키징이 너무 예쁘고 직원들이 모두가 친절합니다,010000011010
물가 상승 반영해서 가격이 조금 변동된 것 같습니다.,000000000300
가보고싶어서 저장해둔 곳인데 드디어 옵니다! 베이글 맛집으로 자주자주 재방문하려구요!,010000000000
길 가다가 즉흥적으로 들어왔는데 넘 맛잇어용,000000000000
성수에서 크리스마스 분위기를 즐기고 싶으시면 여기 오면 될 것 같아요! 엄청 예쁜데 음료도 맛있어요,100000010000
비오는 날 맛있는 커피와 빵 2층 창가에 앉으니 좋았어요,110000100000
"맛있는데 비싸다 4구 17,000원",000000000200
단체석 예약은 전화로 미리 문의해야 이용 가능하다고 합니다.,000000300000
당일 예약했는데 엄청 예쁘게 준비 잘 해주셔서 정말 좋았습니다!!! 다음에도 성수 방문할 일 있으면 여기서 케익 주문하려구요,001000001000
빵 너무 맛있고 제과기능장님 너무 젠틀하시고 멋있어요!,010000001000
주문은 키오스크로 해서 직원과 대면할 일이 거의 없었습니다.,000000003000
"매장은 좁디만,, 커피가 맛있어요",100000200000
포인트 적립률이 높아서 몇 번만 와도 금방 공짜 커피 마시겠어요.,000000000100
집에서 가까워서 자주가는 단골가게에요! 마살라짜이티 최고,100000000000
성수답게 분위기는 좋지만 그렇게 맛있진 않았습니다,000000010000
소금빵은 언제나 먹어도 맛있는 것 같아요... 치즈 소금빵... 크림 소금빵 추천합니다,010000000000
크럼블이 다 으스러져서 먹기가 너무 불편하고 지저분해져요.,000200000000
진짜 모든 메뉴가 너무너무 맛있어요!! 분위기도 너무 좋고 인테리어도 예뻐요! 디저트도 너무 맛있고 음료들도 다 맛있어요 또 오고싶어요,100001010000
아르바이트 하시는분이 복불복이네요,000000003000
단체로 올 경우 미리 전화해서 자리 있는지 확인해 보세요.,000000000003
인테리어도 좋고 파랑파랑하니 예뻐요 커피 맛도 좋고 늦은 시간까지 영업해서 좋아요!,100000110000
성수 올 때마다 들리는 카페에요! 커피가 너무 맛있습니다,100000000000
명장님 빵 넘넘 맛있어요 행사중 너무저렴하게 먹어 죄송할정도,010000000100
팬케이크가 참 맛있었어요 날씨 좋을때가니 좋더라구요! 사람이 있어도 자리가 넓직해서 좋았습니다,010000110000
회사 근처라 점심 먹고 커피 마시러 들렀는데 진짜 숨겨진 보석이네요! 투리숲 크림라떼는 고소하고 부드러워요,100000000000
너무너무 맛있고 좋아요! 사장님의 세심함이 너무 좋고 디저트 맛있어요!,000000001000
맛있게 잘 먹었습니다,000000000000
분위기 좋고 맛있습니다,000000010000
뷰가 넘 예뻐요 비오는 날 운치있네요!,000000010000
맛있고 매우 가성비 좋은집을 찾았어요,000000000100
개인적으로 말차 맛이 쬐끔 더 강했으면 좋겠지만 깔끔하고 예쁘고 맛있어서 추천합니다!!,100000010000
뚝섬역 인근 스벅이라 사람이 항상 사람이 많아요,000000000002
주차편하고 건강빵도 맛나고 좋아요 종종 이용할게요!,010000100000
잼 넘 맛있어요 달달하면서도 과일 특유의 상큼함이 살아있어서 빵에 발라 먹기 좋아요 가게도 깔끔해서 기분 좋게 구매했습니다,010000100000
성수에 붐비는 카페가 아니라 조용하고 좋았고 루이보스바닐라 티 정말 맛있어요,100000000001
레모네이드가 너무 셔서 속이 쓰릴 정도라 마시기 힘들었어요.,200000000000
샌드위치 포장은 깔끔하게 잘 되어 나오는 편이에요.,030000000000
인테리어랑 음악 다 너뮤 좋아요 사장님도 너무 친절하셔요 코넛 파이 먹어봤는데 넘 맛있어서,000001011000
"맛, 분위기, 친절, 뭐 하나 빠지는게 없네요!",000000011000
블루베리 바나나라떼... 양도 많은데 다른 곳도 아니고 성수동에서 5000원이면 가성비 짱짱이요... 사장님도 친절하시고 아주 좋았어요,100000001100
"사장님도 친절하시고, 디저트도 맛있고 분위기도 좋아요!",000001011000
카페도 예쁘고 커피도 독특하구 맛있어요 소품이 하나하나 멋져서 사진 맛집입니다,100000010000
맛있게 잘 먹었습니다 사장님이 친절해요!,000000001000
시그니처 맛있어요 좋았어요,100000000000
"도너츠 아 ,,퀄리티 무엇,,, 개맛있어요진짜 엄청 친절하시어서 100",000001001000
컵 디자인은 로고만 심플하게 박힌 하얀색 컵입니다.,000000000030
"소금빵 종류가 많았고, 맛있었습니다",010000000000
두번째 방문인데 이제야 리뷰를 쓰네요 겨울에 오기 좋은곳입니다,000000000000
커피도 맛잇고 조각케잌도 맛잇습니다.,101000000000
에그타르트 맛집이라 일부러 찾아왔습니다. 매장도 널찍하고 디저트 종류도 많아요. 특히 에그타르트가 너무 너무 맛있습니다.,000100100000
포장 컵에 이물질이 묻어있어서 위생 상태가 의심스러웠네요.,000000000020
인테리어도 멋있고 특별한 공간으로 시원하게 데이트 할수 있어 좋았고 아이스크림 진짜 특별하고 맛있어요. 위스키 좋아하는 분들은 추천입니다,100001010000
분위기도 좋고 독특한 디저트가 인상적이었어요! 음료도 맛있어요,100001010000
가게 분위기도 너무 좋고 빵도 맛있어요!! 직원 분들도 친절하시고 친구들이랑 좋은 시간 보내기 좋은 장소였어요!!,010000011000
주문이 늦어지면 안내는 해주시는데 별도의 보상은 없어요.,000000003000
테이크아웃 전용 메뉴가 따로 있어 포장해 가기 훨씬 수월함.,000000000010
첫눈 오는날 지인과함께 커피에 딸기케이크 네모나니 네몬하게 이쁘다,303000010000
진짜 하나같이 다다다다 맛있어요 유튜브 보면서 꼭 와보고싶었던 곳인데 드뎌 와봤네요,000000000000
"소금빵 맛있어요 오미자에이드는 비싼데,, 오미자맛 하나도 안나고 무슨 설탕물 같음 너무 별루엿어요",210000000200
모던하고 깔끔한 화이트톤 인테리어가 완전 제 스타일입니다.,000000010000
케이크 픽업 간 김에 크림라벨라떼 마셨는데 적당히 달고 고소하고 부드럽고 너무 맛있었습니다,103000000000
"성수동에서 가장 맛난 버터소금베이글이라길래 바로 줄 서서 들어왔는데 가장 맛난거 인정합니다,, 크림치즈 안 먹으려다가 허니바질 먹어봤는데 대존맛 진짜 미쳤어요,,!!!!",010000000002
까눌레랑 음료가 너무 맛있어요! 서비스로 휘낭시에도 주셔서 잘 먹었습니다,100100000000
"땅콩버터 좋아해서 방문했는데 좋았어요 달지않은 오리지널 꾸덕한 땅콩버터에 달달한 바나나 조합이 , 생각보다 커피가 너무 맛있었어요! 조명도 어둡고 조용한 분위기라 잘 쉬다 갑니다",100001010001
인테리어도 너무 이쁘고 빵 종류도 많아요!,010000010000
시그니처 밀크니 크렘 마리아주 은은한 딸기향에 부드럽고 독특했어요! 전체적인 분위기와 루프탑도 좋았어요!,100000110000
친구와 핫하다는 성수에 와서 카페에 왔는데 선택 잘한거같아요,000000010000
커피가 맛있어서 점심시간에 자주와요!,100000000000
라떼 진하고 맛있어요 직원분들 친절하시고 인테리어도 멋져요,100000011000
디저트 맛집이라고 왔는데 많이들 나갔더라구요 커피는 맛있었구요 카페가 의외로 많이 크지 않아서 놀랐어요,100000200002
땅콩버터가 굉장히 고소해서 맛있었어요! 피버바 스무디 스위트 추천해요!!,110000000000
솔직히 딸기케미크 맛집 꽤 다닌편민데 며긴 진짜 케미크 맛집. 2 번민가 뭬미팅 심해서 돌아간 적이 있었음 위치가 좀 외져서 걸어오기가 귀찮은데 가지말까 생각했던 나의 잘못. 케이크가 미쳤어요 커피는 잘 못 함 저가커피도 아니고 좀 탄맛작렬인데 케이크가 너무너무너무 맛있어서. 케이크먹고 커피먹으면 맛있겠지?를 노린건가 진짜 케이크가 너무 맛있어요 무조권 딸기케이크아 생크림 딸케. 미친 딸케 여긴 무조건 재방문각. 늙어서 죽기전에도 다시 한번 들릴 집 케이크 존맛 그냥 1 인 1케하세요 둘이와서 케이크 하나라니 이 맛있는 걸 나눠먹다니 그냥 1 인 1케,201000000002
1인 1메뉴는 이해하는데 어린아이까지 포함이라니 너무하네요.,000000000200
"케이크 모양과 맛 두가지 토끼를 잡고 싶다면 여기로 케이크 광으로써 맛없는 케이크 진짜 싫어하는데 여긴 치즈, 밤, 머랭의 조화와 단맛의 적당함이 딱 좋아요 왕 추천 합니다!",001000000000
조용하고 차분한 분위기라 혼자 책 읽거나 작업하기 너무 좋네요.,000000010000
아이들이 좋아해서 성수 올때마다 방문해요 항상 친절하시고 맛있어요 또 올게요,000000001000
사람이 많아서 그런지 응대가 아주 빠르지는 않았지만 기다릴 만했어요.,000000003000
솔티초코 맛있어요 달달하면서 짭쪼름하니 아주 좋아용 가격은 좀 쎄여,000001000200
바나나푸딩토스트가 달콤하면서 식사 대용으로 너무 좋았어요. 분위기가 좋아서 데이트 하기로도 좋고 신상 핫플이라 깔끔하더라고요. 다음번에 또 방문하려합니다.,010000110000
"인테리어나 소품들이 더 예뻐지네요. 향수도 추가 된다니 좋습니다. 집중하고 싶을 때, 쉬고 싶을 때 편히 들렸다 가요.",000000110000
원목의 따뜻한 느낌!!... 솔티드 버터 생식빵 맛났어요,010000010000
커피 퀄리티가 너무 떨어지네요. 편의점 커피랑 비슷해요.,200000000000
커피 맛있고 화장실 깨끗,100000100000
다 드신 컵은 카운터 옆 반납대에 직접 가져다 두시면 됩니다.,000000300000
매장도 넓고 케이크랑 커피 다 맛있어요 다음에 또 올게요,101000100000
레고도 잘 구비되어있고 매장도 청결하고... 가격도 합리적이라 여러모로 좋았습니다.,000000100100
추천받아소 왓는데 분위기도 좋네요..!,000000010000
따틋한 분위기에 밝은 장소고 커피도 맛있어요!!!,100000010000
소금빵 최고 맛집...,010000000000
진짜 제가 먹어본 망고 빙수 중에 가장 맛있었어요 망고도 생망고였고 소금빵x붕어빵두 바삭 고소하면서 짭쪼럼 하고 팥의 달콤함까지 맛있게 잘 먹었습니다,010010000000
분위기 디저트 맛집입니다! 무화과 시즌이라 무화과 피스타치오 크로플이 나왔는데요...!! 존맛탱니에용 꼭 드시러가세요,000001010000
우연히 만난 기분 좋은 카페에요. 분위기가 조용하고 너무 예뽀요. 브리오슈도 너무 맛있어요. 복잡한 곳이 아니라 오히려 좋아 차분히 쉬고 가기 너무 좋습니다,010000010001
초코 딥 퍼지 진짜맛잇네용 굳,000001000000
쾌적합니다. 많은 lp들이 정리 안된 상태로 있어서... 좀 아쉬웠어요. 장르별로라도 구분되어 있었으면,000000310000
"지하,1층,2층마다 공간 느낌이 다 달라서 넘 좋았어요! 조용하고 고요하면서도 차분한느낌의 카페라 이야기하기도 너무 좋았네용",000000110001
마지막날 갔더니 굿즈가 텅텅 살게 없어서 아쉬웠고 카페 인데 음료 마실 자리가 전혀 없어서 아쉬웠음,000000200000
"바로 주변에 밀크셰이크 9천원에 파는 곳에 화들짝 놀라서 방황하다가 들어왔는데 여기는 그래도 좀 말이 되는 가격. 소금빵 맛집이라고 많이들 사가는듯. 라즈베리 케이크 맛있었어요. 싫었던 점 빵, 케이크들이 다 공기중에 오픈되어 있음. 윽 먼지랑 바이러스 다 표면에 붙었겠지 게다가 사람들이 제일 많이 지나다니고 사람들이 접시 반환하는 카드 계산대 바로밑에 빵들이 무방비하게 디스플레이되어 있음 유리 케이스라도 씌워주시면 안되나요.",021000200100
분위기가 좋고 맛있어요,000000010000
메론프로슈토빙수가 있다고 해서 와봤는데 양도 많고 맛있었어요 ... 젊은 사장님이셨는데 넘 친절하셨어요!,000010001100
미니멀한 컨셉이라 공간이 아주 널찍해 보이는 특징이 있습니다.,000000030000
와.... 딸기우유 인정인정,100000000000
노래가 너무 좋아요,000000010000
반려동물 동반이 가능해서 강아지랑 같이 쉴 수 있어 행복해요.,000000100000
"북성수에 새로운 카페가 생겼다고 해서 방문했어요! 3시 30분쯤 방문했는데 해도 예쁘게 들고, 공간도 우드톤으로 포근해서 좋았습니다 .. 타르트집인데 특이하게 타르트에 아이스크림처럼 바가 있더라구요!! 먹기 편하구 특색있었습니다. 진동벨도 타르트 모양이라 귀여웠어요 특이하게 호지차 종류가 있더라구요. 궁금해서 호지라떼 시켰는데 말차보다 더 은은한 단맛이 나서 오히려 더 맛있었습니다!",101000010000
매장이 넓진 않지만 깔끔하고 특별한 메뉴도 있고 맛있어요,000000310000
카모플라쥬의 모카의 초코맛은 진하고 풍미가 있어서 단맛이 많이 나도 맛있었고 고급스러웠습니다,100000000000
"망고는 싫어!! 를 외쳤던 제가 망고빙수에 눈을뜨게 해준곳 친구따라 강남간다고 친구따라 방문했다가 라프레 망빙 앓이앓이 하다가 드디어 오늘 가서 맛있게 먹었습니다 웨이팅 뚫고 한입 먹는순간 천국이고, 품질이 다른 제주산 애플망고라 정말 입에서 살살 녹아요 디저트겸 복숭아두 시켜봤는데 복숭아랑 그릭요거트의 꾸덕함, 그리고 그래놀라의 고소함이 정말 조화로웠습니일요일 오후를 행복하게 해주는 라프레 사장님 감사합니다",000011000002
"딸기케이크는 3종류 맛인데, 피스타치오 크림맛 강추입니다!! ... 커피는 쓰지 않고 차를 마시는 듯한 맛이에요... 인테리어도 노란조명에 아늑하구요",101000010000
먹어본 베이글 샌드위치 중에 제일 맛있습니다... 매장도 생각보다 넓고 종류도 많습니다,010000100000
분위기가 너무 좋아요... 눈오는 날 창문 밖으로 보는 풍경도 좋고.. 내부도 조용하고 너무 좋아요 .. 굳굳,000000010001
우와꼬소하고 맛있어요 또와야지,000000000000
매장도 넓고 깔금해서 좋았고 직원분도 친절해서 좋았숩니다,000000101000
비싸요.. 당일날 먹어야 맛난거 같아요,000000000200
근처 일이 있어서 들렸는데 노래도 너무 좋고 가게 인테리어도 이쁘네요 다음엔 시간내서 가게안에서 즐기고싶은 곳이에요 강추,000000010000
가게도이쁘고 스모어도 맛잇어용,000001010000
특별한 메뉴가 있다 하여 구매했습니다. 어른들 입맛에도 맞는 독특한 케이크네요!,001000000000
두바이 초콜릿 처음 먹어봤는데 너무 맛있고 사장님도 너무 친절하세요,000001001000
반려동물 가이드는 벽에 붙어있으니 읽어보시면 됩니다.,000000003000
여기 왜 옴비추에요,000000000000
맛도좋도 비주얼도 좋아요! 웨이팅이 좀 힘들었지만 나머지눈 만족만족엘베있어서 올라가기도 편했습니다,000000100002
베이글 종류도 많고 다른 베이글 집에 비해 가격대도 나름 괜찮았습니다! 갈릭퐁당 소스와 안에 든 필링이 너무 맛있었습니다!,010000000100
조용하고 대화하기 좋은 카페에용!! 연인이나 친구랑 있기 좋아요,000000010001
분위기도 좋고 커피도 맛있어요. 에스프레소 쇼콜라와 아이스 라떼!,100000010000
버터 소금 베이글 진짜 맛있네요 스프레드 없이도 너무 맛있어요,010000000000
분위기가 너무 좋아요 ! 사진찍을 때 느좋 사진 많이 건졌어요 날씨가 더워서 실내좌석 이용했는데 다음에 날씨 좋을 때 루프탑 이용하고 싶어요! 직원분들도 너무 친절하시셔서 편하게 이용할 수 있었어요 잘 쉬다 갑니다,000000111000
"정말 과장 0.0000001도 없이 제가 인생에서 먹어본 치즈케이크 중 제일 맛있습니다! 밀가루가 안 들어간 케이크라는데, 맛이 정말 독특하고 맛있습니다.",001000000000
밀크티 향이 은은하고 너무 달지 않아서 제 입맛에 딱이었어요.,100000000000
구움과자 포장 용기가 심플해서 그냥 선물하기 괜찮아요.,000300000000
디저트도 정말 맛있고 카페 내부 분위기도 너무 좋아요,000001010000
메뉴들이 특색있고 맛있어요! .특히 새우 들어간 샌드위치 독특하고 넘 맛있었어요 같이 주신 콩포트도 따로 사먹어볼 생각입니다,010001000000
양도 많고 가격도 저렴,000000000100
갓 구워 나온 휘낭시에 향기가 매장 가득 퍼져서 안 살 수가 없네요.,000100000000
후복합문화시설이고 넓고 볼건많지만 커피노맛.. 둘다 원두가 너무쓰고 디저트랑 먹어야 그나마,200000110000
퇴근길에 항상 지나가는 곳인데 이제야 가보네요 네모라떼 맛있어용,100000000000
알려주신 순서대로 먹었는데 넘 맛있어요. 그라니따 취저에요,100000000000
망고빙수 너무 좋아요. 항상 여기 오면 먹어요.,000010000000
최애빵 스콘.. 치아바타,010100000000
"성수동 핫플 모찌 맛집... 매장도 예쁘고, 직원분들도 친절하시고, 포장지도 예뻐... 모찌가 꽤나 물렁해졌고, 생딸기의 팥앙금 맛이 낯설어 아쉬웠어요. 떡이 조금 두꺼워",000002011010
부드러운 커피와 독특한 분위기 덕분에 편안한 시간 보냈습니다. 넓은 공간 대비 테이블 간격도 넓은 편이라 대화하기 편했어요.,100000110000
계절 과일 디저트를 찾아 왔어요! 1층과 지하로 된 매장이라서... 지하 공간에서도 빛이 내려오는 야외테라스가 있어서 분위기 있고 쾌적하게 이용할 수 있었습니다,000001110000
조명이 어두운 느낌이었는데 사진찍으면 잘 나와서 깜놀 케이크도 맛있어서 만족했습니다! 우리가 간날은 비가 왔었는데 날 좋은 날 야외 테이블에서 먹고싶네여,001000010000
망고빙수 존맛탱 너무더웠는데 너무짜증났는데 바로 사르르!!!,000010000000
쟤 왜 바지 벗고있는지 ... 아는분.. 설명 필요함 딸기를 굉장히 기대하고 먹었는데 생각외로 아몬드 초코가 진짜 맛있었어요 !!,000001030000
분위기 좋고 커피가 너무 맛있어요 특히아포가토가 굿입니다,100001010000
인테리어가 힙하고 빵도 맛있고 친절해요 여유롭게 보내기 조아오,010000011000
회사근처에 위치하고 있어 잘 애용하고 있습니다 티멤버쉽 할인으로 더 저렴하게 먹을수 있어 좋아요,000000000100
"디카페인 아메리카노 6,000가 있어서 너무 좋아요 ! 카페가 엄청 넓은데도 늦은 시간까지 사람이 정말 많아요 오후 9시쯤 방문하니 디저트는 없었어요!",100000100102
구테 넛 슈페너 넛트 식감이 좋아요,100000000000
구움과자 종류는 많은데 다 맛이 비슷비슷해서 개성이 없어요.,000200000000
커피도 맛있고 피넛버터 추가 구매해서 집에 가져가면 토스트 먹을때 존맛입니당,100001000000
애플크럼블 올라간 치즈케이크 맛있어요!,001000000000
보카도는 바삭하고 짭쪼름한게 매력적이었어요. ... 전체적으로 만족합니다,010000000000
트러플이 진짜 강하고 제일 맛있어요! N회차 방문인데 혼자 먹기에 양이 많아서 항상 뚜껑 하나정도 남기는거같아요 메뉴 더 다양해지면 도장깨기 더 하고싶어요 너무맛잇음,000001000000
소품들이 너무 많아서 자리가 좁고 물건 떨어뜨릴까 봐 조마조마해요.,000000020000
자몽 빙수가 쌉싸름하면서도 연유랑 섞여서 달콤하니 최고입니다.,000010000000
직원분들 다 친절하시고 넓어서 좋습니다!,000000101000
"가게가 정말 넓어서 편하게 대화할 수 있습니다! 음료 종류도 많고, 디저트도 다양해요! 귀여운 곰돌이 모양 마들렌도 있습니다",100100100000
아기자기 예쁜 공간 바게트 셀프로 자르는 이색 경험 하고 왔어요 바게크랑 식빵 다 너무 맛있어서 하루컷 가넝,010000010000
쌉 P들이 돌고 돌고 돌아 헤매다가 우연히 들어간 곳 2차술집으로 좋고 위스키가 들어간 젤라또 소르베가 이 매장의 특이점이다 같이먹은 휘낭시가도 묘한 훈연의 향이 나서 신기했다 위스키와 아이스크림을 같이 즐기고싶다면 정말 추천한다.,000101010000
좌석이.많아서 여유있게 음식을 즐길수 있어요.,000000100000
인테리어도 예쁘고 커피맛이 진짜 좋아요 소금방도 인기 있는지 오전인데도 많이 사가셔서 저도 구매해봤어요,110000010000
커피 좋아해서 이리저리 댕기는 아재인데 여기는 꾸준히 커피맛 유지해줘서 너무 감사해요. 유명 스페셜티 전문점들 퀄리티 유지 못한곳이 많은데여긴 언제나 맛있고 재미있는 커피들이 있네요. 사장님도 친절하시고 너무 좋습니다.,100000001000
깨끗하고 음식 맛있지만 조금 비싸요,000000100200
아케인 이벤트 잘 참여하고 갑니다 비건쿠키랑 브라우니가 진짜 맛있었어요,000100000000
크럼블 치즈 케이크가 너무 맛있어요! 아이스크림 필수 입니다,001001000000
사진찍고 싶은 참 멋진 인테리어에 장작난로가 이색적이에요 사람이 많아 주문한 커피 나오기까지는 시간이 좀 걸렸어요. 커피랑 빵 잘 먹고 왔어요,110000010002
순유유 딸기생크림이 맛있습니다,001000000000
버터솔트가 최애인데 버터 양이 전에 비해 좀 적어진 거 같지만 그래도 맛있었어용.!,010000000000
재방문이었는데 이번엔 그림 완성해서 좋네요. 직원분들 친절하십니다.,000000011000
"구테로이테 성수점에서 에스프레소, 플랫화이트, 파인콘, 구테로이테, 그라나따, 롱블랙 코스로 마셨습니다. 바리스타께서 친절히 설명해주시면서 한잔씩 음미할 수 있었습니다. 여섯 종류의 커피를 마셨는데 하나도 겹치는 맛 없이 다양함을 느낄 수 있었습니다.",100000001000
"케이크 서치를 2주동안해서 발견했어요.! 서치를 오랫동안 꼼꼼히 찾아본 만큼 너무너무 만족 스럽고 맛있는 케이크 였습니다!! 예약 페이지도 상세하게 안내사항이 적혀있어서 꼼꼼히 체크할 수 있었고, 픽업 가서도 자세하게 알려주셔서 감사했습니다!! 케이크 디자인도 너무너무 이쁘고, 포장도 잘해주신 덕분에 기념일에 이쁘게 사진도 찍고 맛있게 먹었어요! 케이크 외에도 다른 디저트도 먹어보고 싶어요 다음에는 친구들과 함께 방문하겠습니당",001000001010
여기 사장님 센스가 대박인게 멜론프로슈토로 빙수를 만들 생각을 하셨네요?? 거기에 잔와인까지 이게 진짜 생각도 못한 조합인데 너무 맛있어서 계속 생각나요. 바닐라아이스크림 올리브오일 후추 조합까지 얹어지니 미친 조합입니다 단골 예약이여,100011001000
종류도 많고 쾌적하고 맛도 좋습니다,000000100000
우와 너무너무 맛있어요,000000000000
우연한 방문한 곳인데 분위기 좋은 곳을 찾아내서 좋아요 음료랑 메뉴도 정말 다양하고 맛도 좋아용 이색데이트로 추천추천!!,100000010000
공간도 되게 아늑하고 따뜻한 분위기라서 대화하기도 좋고... 남친이 여기 스콘 넘 맛있다면 다음에 또 오자 햇던 곳,000100110000
커피 맛있고 분위기도 좋아요!! 친절하시어서 또 오고싶어요,100000011000
"성수동에 올 때마다 꼭 들르는 카페예요. 디카페인 카페라떼가 고소하고 정말 맛있고, 콜드브루가 아니라 원두 커피라서 더 제 취향 저격 무엇보다 빵이 정말 맛있어요! 인테리어도 갈 때마다 조금씩 바뀌는데, 갈수록 더 예뻐져서 올 때마다 기분이 좋아져요",110000010000
주문 누락해놓고 사과는커녕 지금 만들고 있다며 거짓말까지 하네요.,000000002000
색다른 데이트를하기 좋았습니다,000000010000
이전하기 전에 가봤는데 이전 후는 처음 가봤어요 빵 여전히 맛있어 보이고 종류가 정말 많네용 전에 버터 프레즐 진짜 맛있는데 이번에는 너무 딱딱하네요나중에 다른 빵 먹어야겠어용,010000000000
"종종 낮시간에 저녁시간 보다 사람 적어서 좋고, 점원분들도 친절하세요!",000000001001
피곶치는 꼭시키세용 은근커피랑도 잘어울리고 맛있어용 커피는 괜찮은편 웨이팅있었고 대기장소는 따로없어서 성수한바퀴돌다 들어갔어용 계산하시는분이 딱히 친절하진않았던,100001002002
주말 늦은시간 방문해서 아무것도 없어 아쉬웠지만 그래도 플레인 베이글 획득했어요!! 평점 1위답게 너무 맛있더라구요 주말엔 사람이 많아서 점심 전에는 와야 다 맛볼수있다고 해서 오시는 분들은 참고해서 오세용!!,010000000002
개성주악 중독성 있고 맛있어요!,000001000000
빙수 진짜 맛있고 망고가 너무 달아요 미쳤음 커피도 맛있고 달달해요 당충전 제대로 했어요,100010000000
여기 디저트가 맛있어 보여서 들어왔는데 생각보다 빙수가 비싸서 당황했지만 제철과일쥬스 키위라서 좋았어요 테라스 자리 풀밭뷰도 죠씁니당!,100000010200
좋아요!!!! 구굳!!!!,000000000000
그래놀라를 직접 만드시나 봐요. 요거트에 넣어 먹으니 꿀맛이네요.,000100000000
웨이팅이 길게 있길래 궁금해서 자세히 봤더니... 한 20분 정도?? 기다린 것 같아요 피스타치오 너무 맛있었어요,000001000003
매장은 넓은데 좌석 배치가 좀 별로,000000200000
바나나 브레드가 촉촉하고 과일 향이 진해서 커피랑 잘 어울려요.,000100000000
휘낭시에 보니까 마음두 따뜻해져요! ... 친절하신 쌤과 쉽고 재밌게 베이킹 체험하구 가요,000100001000
자리도 많고 원두도 선택가능. 디카페인있는게 마음에 드네요 디저트도 괜찮아요,100000100000
쵸코 버터소금베이글 골랐었는데 맛있는 초코이고 중간중간 씹히는 소금이 밸런스가 좋아요!!,010000000000
근처 직장인이라 지주 가는 곳인데 덴버 오믈렛이랑 아메리칸 블랙퍼스트 너무 맛있어요,010000000000
"맥주 맛있어요!! 그리고, 누뗄라도 넘 맛있어요",100001000000
베이글 어쩜 이리 쫠깃 촉촉하죠?? 한입 먹는순간 빵긋했어요 웨이팅이 힘들어도 충분히 다시 먹겠어요 런베뮤 니커버커 보다 코베가 젤이네요,010000000002
디저트 넘 예쁘고 맛있네욤 !! 내부가 편안한 분위기라...,000001010000
시금치베이글 맛있네요,010000000000
아이도 어른도 좋아하는 메뉴에요! 바삭바삭 하고 부드럽고 달콤하니 손이 가요!,000000000000
일단..여기 주문하면 이렇게 오래 걸리는지 몰랐어요. 성수동 핫플에 있다고 리뷰 몇천개 달려서 유명하고 인기있는 카페라고 빼째라인지 몰라도 주문받는 남자분!! 알바생인지 사장인지 개불친절이더라구요. 카페 이름 바꾸세요. 젠젠 아니라 젠장카페라고..이런 리뷰도 첨 써보네요. 아침 첫 스토어부터 기분 완전 별로였어요. 가게마다 룰이 있겠져 시시비비 떠나 태도의 문제!! 눈 똥그랗게 뜨고 손님이랑 기싸움 하자는건지..뽱당! 서비스마인드 개나줘버린듯 웃으면서 좋게 양해 구하는 태도 못 배웠나요? 카페가 포화상태인데 이런덴 정리되길 바래봅니다. 아침부터 친절 장착하기 싫음 다른일하시지 아침부터 기분 진짜!!! 수플레 얼마나 특이하다고 에흐 다들 외국인들이 리뷰보고 가는데 같아여 속지마세요!!!,000002002002
커피도 맛있고 공간도 넓어 여유있게 마시기 좋네요,100000100000
"솔직히 음료값 좀 비싸다고 생각함. 그렇다고 음료가 그렇게 맛있는지 모르겠음.. 자리값, 땅값 포함인가?",200000000200
날씨가 좋을때마다 항상 방문하는 카페 포레스트. 각 층마다 뷰와 분위기가 달라서 좋고 특히 루프탑을 제일 좋아함.,000000110000
생각보다 안쪽 매장 엄청 넓고 좌석도 넓어요 빵이랑 케이크 음료 다 맛있어보여요!,111000100000
케이크 단면이 으스러져 있어서 보기에도 안 좋고 맛도 별로임.,002000000000
친구들이 꼭 가보고 싶다고 헤서 와봤어요 역시나 다 맛있었어요! 다음에 와서 다른 메뉴 먹어봐야겠어요 .,000000000000
과일 컵 가격은 비싼데 양이 너무 적어서 몇 개 집어먹으니 끝이에요.,000020000000
오늘도 너무 멋진 공간이네요) 커피도 맛있구요,100000010000
수플레가 먹고싶어서 젠젠 성수점에 왔어요!! 팬케이크 너무너무 맛있고 다음에 친구랑 또 오기로 했어요 직원분들도 친절하시고 평일 3시쯤에 오니까 웨이팅도 없고 좋았습니다!! D 성수에서 디저트 먹고싶으시면 오세용!! 추천합니당,001000001001
성수동 3대 식빵 맛집입니다! 강추합니다,010000000000
직원분들도 너무 친절하시고 베이글 넘 맛맀어여...,010000001000
디저트가 정말 훌륭해요. 커피 원두도 산미가 적어서 디저트와 잘 어울리네요. 시그니처 케이크인 블랑 꼭 드세요,101000000000
커피맛있어요!!!굳굳,100000000000
분위기 좋아요 음악은 별루에요,000000030000
식사 빵들이 너무 금방 딱딱해져서 포장해오니 못 먹겠어요.,020000000000
생식빵러스크 먹어보고싶어서 방문했어요! 바삭바삭하고 달콤한게 엄청 맛있어요!,010000000000
두번째 방문했는데 케이크도 너무 맛있고 공간도 너무 좋아요,001000100000
디저트들이 너무 화려하지는 않지만 깔끔하게 나옵니다.,000003000000
들어오자마자 인테리어가 아늑하면서 따스한 느낌이라 기분이 좋았어요 베이커리 종류가 많아서 너무 행복했습니다,010000010000
조용한 골목에 너무 분위기 있는 까페에요. 빙수도 맛있어요!,000010010001
가끔 생각나는 빵맛집,010000000000
컵이나 접시가 정말 깨끗하게 닦여 있어서 위생 관리에 믿음이 가요.,000000001000
지나가는데 타르트냄새에 이끌려 들어왔어요 빵 크고 맛있습니다,011000000000
쿠키가 너무 달아서 혀가 마비될 정도예요. 설탕 덩어리 같습니다.,000200000000
커피맛이 너무 좋더라고요 브라우니도 넘 맛있고 베이글 수제크림치즈 최고에요... 사장님 잘생겼는데 친절하시고,110100001000
들어갔을 때 소품도 많고 아기자기하게 잘 되어있어서 찍기 좋았어요!! 그리고 직원분들도 친절하게 잘 설명해주셔서,000000011000
메론소다 먹고싶어서 혼자 왔는데 좋아요,100000000000
카페 지하까지 있는데 엄청 넓고 카공하기 정말 좋은 거 같아요 아이스 초콜릿 모카 시켰는데 초콜릿 진하고 맛있네요!! 그리고 엄청 귀여운 고양이 돼지가 있어요..,100000100000
매장 인테리어도 예쁘고 음향도 너무 좋아요 푸딩 넘 여움,000001010000
너무 맛있어서 또 왔어요! 특별한 에그타르트 였어요. 너무 맛나요,000100000000
분위기도 좋고 너무너무 맛있어요,000000010000
성수를 걷다가 인테리어가 너무 이뻐서 들어간 성수 예쁜 카페 아쿠아산타!! 망고 생크림 케이크도 너무 맛있고 케이크와 함께 마셨던 아메리카노도 너무 굳굳이였어용,101000010000
매장이 넓고 앉을 공간이 많이 있더라구요... 중간중간 의자가 좀 망가진게 있더라구요..주의해야할거 같아요..!,000000300000
또 왔어용 맛있어용 쫀득빵 사세용,010000000000
"산책하다가 새로 생겼길래 들어와봤습니다! 가격이 하나도 아깝다고 생각되지 않을 정도로 너무너무 맛있었습니다!!! 적당히 달고, 각각 피스타치오와 캬라멜의 맛이 너무 강하지도 않아서 부담스럽지 않게 먹을 수 있었네요 섞이지 말라고 그러신 건지 나이프를 두 개 준비해주셨는데 이런 것도 너무 섬세하고 디저트를 향한 사장님의 진심이 느껴졌습니댜... 내부 인테리어와 음악도 마음에 들었고 응대도 너무 친절하게 해주셔서 잠시나마 편안하고 고급진 분위기 느끼다가 갑니다",000001011100
샌드위치 야채가 아삭아삭하고 빵이랑 조화가 완벽합니다.,010000000000
딸기케이크가 너무 맛있고 커피도 맛있어용,101000000000
친절하고 최고의 맛집입니다,000000001000
커피가 너무 맛있어요!,100000000000
실내 분위기도 좋고 맛있어요 재료가 신선하고 메뉴도 다양해 고르는 맛이 있었습니다,000000010000
크림이 딸기랑 너무 잘어울려서 흡입하고 왔어요,000000000000
"카페 인테리어도 분위기도 음악도 좋은데, 음식도 맛있어서 다시 또 오고 싶은 카페입니다",000000010000
선물로 주문을 한건데... 직원분 진짜 너무 친절하세요,000000001010
지나가다 들렸는데 너무 바삭해서 맛있어요 코코넛 크림 진짜 존맛 .. 그리고 엄청 친절해서 기분 좋았어요!!,000001001000
커피와 함께 디저트를 먹었는데 정성껏 만든 느낌이라 기분 좋게 즐겼습니다,100000000000
과일 모둠 접시는 구성 과일이 매일 조금씩 바뀐다고 해요.,000030000000
분위기가 너무 좋고 팝업 기다릴때 와서 있기 너무좋아요,000000010000
밤에만 와봤는데 낮에도 분위기 좋네요!,000000010000
사진이 안올라가요.. 성수 돌아다니다가 배고팠는데 강원도 옥수수빵을 무료로 시식할 수 있는곳이 있더군요! 먹어봤는데 너무너무 맛있어서 사려고 하니 카페로 안내해주셨어용 들어가자마자 빵냄새가 너무 좋아서 행복.. 옥수수소금빵이랑 소시지빵 먹었는데 따끈따끈하고 맛나요 커피도 양이 많고 좋아요 사장님이랑 직원분들도 되게 친절하구 좋아요 행복했어요 성수 멀어거 잘 안오지만..꼭 다시 오고 싶습니당,110000001000
수플레케이크 진짜 맛있고 사진도 잘나와요 무조건 딸기 과일수플레로드세요 세조각이라 최고 넓어서 편해요,001000110000
빵이랑 커피 맛있어요!!!,110000000000
커피 맛있었어요! 쑥라떼는 정말 달달했습니다. 빵도 괜춘 ),110000000000
디저트맛집이에요! 와보고싶었던곳 와서 넘좋아요 매장도넓어요,000001100000
라떼 크리미하고 진해요 커피 향이 풍부해서 여운이 남아요!,100000000000
출근길에 커피한잔 너무좋아요,100000000000
커피 맛있어요! 테이크아웃했어요 다음엔 매장에서 먹을거에요!!,100000000000
오늘 오픈날 이래요! 가게 인테리어도 예쁘고 분위기 좋고 디저트가 맛이 있습니다,000001010000
시원하고 넓어서 좋아요 베이글도 맛있어요,010000100000
올 여름 자주 오게 될 것 같아요. 쫀득쫀득해서 너무 맛있네요,000000000000
맛이 아주 깊지는 않지만 식후에 가볍게 마시기에는 나쁘지 않아요.,300000000000
대용량 사이즈인데도 일반 카페 보통 사이즈 가격이라 좋네요.,000000000100
다른빵도 맛있지만 진짜 특히!!! 프랑스전텅바게트는 계속 생각 나는 맛이예요,010000000000
커피랑 디저트는 맛있는데 테이블 청소나 소독이 전혀 되지않는 곳인것같아요... 이점 빼고는 좋았던것 같습니다,100001202000
갑자기 생겨서 처음 와봤는데 분위기가 너무 좋아요 !!타르트도 맛있고 자주 올거같아요 최고 그리고 직원분들이랑 사장님이 너무 친절했어요!!,001000011000
생크림 휘핑이 너무 오버됐는지 버터처럼 굳어있어 느끼함.,002000000000
부모님이랑 왔는데 꽈배기 짱 맛있어용,010000000000
출입구 앞의 관리되지 않은 공간을 애견 동반 좌석으로 제공하는지 궁금하네요. ... 녹슨 테이블 위에 올려놓고 먹어야 한다는 게 불쾌했습니다.,000000200000
시그니처 초콜릿 자몽허니 블랙티 맛있어요,100000000000
"서울숲역에 오랜만에 갔다가 전에 구욱희씨 맛있게 먹은 기억에 재방문했는데 역시나 디저트 맛집 진짜 다양한 종류의 디저트가 많아서 빵순이라 눈돌아가서 뭐 먹을지 행벅한 고민하다가 빅토리아케이크, 호떡호떡, 다쿠롱 골랐는데 하나같이 진짜 다!!! 맛있었어요,,, 빵순이 취향저격 제대로 당해서 서울숲에서 다양한 디저트 있는 카페 찾으시면 구욱희씨 매우 추천 특히 다쿠롱 진짜 다쿠아즈랑 마카롱의 장점만 합쳐둔,,,매우 맛있는 맛 그리고 호떡호떡 안에 찹쌀떡 들어있는데 빵순떡순이 취향저격,,,,댑악적 맛있어요!!!",011100000000
디저트와 음료가 아주 맛있어요 빙수도 진짜 맛나요,100011000000
성동아트홀 공연보고 음료한잔 여운 즐기기에 좋아요,100000000000
커피가 완전 맛있고 젤라또도 맛있어 보여요,100001000000
커피 너무맛잇고 분위기좋아요,100000010000
매장이 작아 한번에 네명만 들어갈 수 있고 테이크아웃만 가능요.,000000200030
마카롱 필링이 적당히 들어있는 기본적인 형태입니다.,000300000000
포장용 비닐봉지가 너무 얇아서 조금만 날카로워도 다 찢어짐.,000000000020
특별한 점 없는데 왜이리 유명한지.. 접근성 별로고 양이 되게 적어요.,000000000200
너무 기대돼요 인스타에서만 보던 버터 쿠키..,000100000000
카페 내부에 세면대가 따로 있어서 손 씻기 정말 편리했습니다.,000000100000
지나가다 들럿는데 베이글 종류도 많고 너무 맛잇어요 2층 뷰도 좋네요! 시간 잘보내다 갑니당!!,010000010000
디저트가 독특해서 궁금해서 와봤는데 가게 인테리어도 고즈넉한 느낌이고 탁 트여서 답답하지 않고 분위기가 좋아요!,000000010000
라떼 1000원 이벤트 좋아요,100000000100
2시간정도 웨이팅하고 들어왔습니다. 자리가 협소해서 회전율이 조금 느린데 그만큼 빙수는 맛있네요!,000010200002
매장도 깨끗하고 빵이 정말 맛있습니다. 그리고 커피도 정말 맛있었어요 또 올 예정입니다!!,110000100000
지인한테 추천받아서 왔는데 매장이 넒고 쾌적해서 좋아요,000000100000
자리값이라지만 커피 맛도 평범한데 너무 비싸게 받네요.,000000000200
답례품 상담하러 갔는데 귀찮아해서 그냥 다른 데서 주문함.,000000000020
페스츄리 호떡이라서 먹어보지 않을수가 없었답니다.? 커피도 맛있구 디저트도 맛있습니더!,110001000000
딸기 크럼블 치즈케이크... 신맛 하나도 안 나고 넘 달달하고 맛있었어요... 한 가지 아쉬운 점은 딸기 철이 아니어서 그런지 딸기들이 싱싱하지 않고 좀 오래되어 보여서,003000000000
분위기도 예쁘고 수플레 맛집,000001010000
빙수 전문 가게라 그런지 커피는 그냥 그래요.,300000000000
뷰 맛집이라더니 앞에 공사장이 훤히 보여서 기분만 잡쳤네요.,000000020000
맛있어요!! 타르트가 넘넘예뻐요,000001010000
추워서 예쁜 카페 찾다가 우연히 들어왔는데 깔끔하고 메뉴들도 너무 맛있고 예뻤어요,000000010000
디저트에 커피만 마시려고 했다가 스무디 안 먹기에는 너무 아쉬워서 둘이 음료만 세 잔 시켰는데 후회없었어요!!! 스무디 노슈가도 충분히 달달하고 배불러요 확실히 피넛버터 꾸덕하고 꼬소하고 너무 맛있습니다,100001000000
분위기 너무 좋고 강아지데리러오기 너무 좋아요 빵도 종류도 많고 맛있어요!!,010000010000
평범한 아이스 아메리카노 맛입니다. 특별히 좋지도 나쁘지도 않아요.,300000000000
분위기도 좋고 재밌게 잘 즐기다가 갑니다!,000000010000
테이크아웃 봉투가 튼튼해서 여러 개 담아도 불안하지 않음.,000000000010
예약후방문했습니다. 예약 시간 훨씬 전에 도칙했는데도 빠르게 준비해주셔서 좋았습니다. 재방문 의사 있습니다!,000000001000
"성수 사는 친구의 추천으로 온 카페인데, 분위기도 너무 좋고 넓어서 소음도 크지않아 좋아요 디저트는 다 넘 기여워요..",000001110001
빵이 아주 부드럽지는 않고 적당히 씹는 맛이 있는 편입니다.,030000000000
무신사 건물 5층에 위치한 티룸 건물 왼쪽편에 바로 연결된 엘레베이터가 있어요! 꼭 무신사 건물 통해서 안 들어가셔도 됩니다 자몽아이스티 시켰는데 많이 달지 않으면서 과육도 씹히고 맛있었어 아쉬운 점은 음료 양이 살짝 적은 편..! 너무 맛있어서 빨리 마신 탓인가 싶기도 하고요 소리가 살짝 울리는 편이라 조용한 분위기는 아니지만 그래도 카페 자체는 좋아요 사장님 두분 다 친절하십니다!!,200000101002
빵도 맛있고 분위기도 좋아요,010000010000
비싸고 사람 많지만 구경하는 맛이 좋아요,000000010202
유명한 베이글 집 있다고해서 방문했는데 종류도 엄청 다양하고 매장도 넓고 직원분들도 친절해서 좋았어요!,010000101000
일반적인 카페 커피 맛이라 예상 가능한 범위 내의 맛입니다.,300000000000
젤라또가 다 녹아서 나와서 그냥 밀크쉐이크 마시는 줄 알았네요.,000002000000
아이들이 먹더니 입안에서 사라졌다며 맛있다고 난리네요 팬케잌이 궁금하다해서 들어온건데 넘 맛있어요! 20분의 시간 충분히 기다릴만 합니다,010000000001
많이 달지 않고 너무 맛있어요,000000000000
고메버터 소금빵이 인기메뉴입니다. 품절되서 다른 빵을 먹지만 맛있어요!!!,010000000000
선물한다고 하니 쇼핑백에 예쁜 리본까지 달아주셔서 감동!,000000000010
포장 주문 시 종이 봉투는 환경 부담금 100원이 추가됨.,000000000030
캠핑장 같은 느낌으로 생각보다 되게 아늑했어요! 벨지안 초콜릿 우유는 당도 선택 가능했는데 달달한게 먹고 싶어서 57 선택했고요,100000010000
여기 펌킨 파이 무조건 드세요 !! 너무 맛있어요 !! 음료도 다 맛있었구요 사장님도 친절하세요 ! 여기 분위기도 좋고 자리 배치도 널찍해서 편하게 있다 가기 좋아요 다른 카페 가지말고 여기로 오세요 !! 넘 추워서 급하게 그냥 기대 없이 그냥 온 카페인데 너무너무 만족 합니당 !!,100100111000
꼭 와보고싶던 곳인데 드디어 왔어요! 재료가 푸짐하고 신선해요 다시 올게요!,000000000000
깔끔하고 넓어서 대화하기 좋았어요 루이보스 티도 맛있고 다음에는 디저트류도 먹어봐야겠어요,100000100000
로스팅이 과하게 된 것 같아요. 입안에 텁텁함이 너무 오래 남습니다.,200000000000
민트초코덕후들은 꼭 가봐야하는 카페 입니다. ... 달달하고 초코도 찐하고 민트초코라떼 맛있어요!,100000010000
힙한 감성이 가득해서 MZ세대들이 정말 좋아할 만한 공간입니다.,000000010000
평소에 담백한 빵을 좋아하는데요. 감자 치아바타 먹어보고 깜짝 놀랐어요. 치아바타계의 카이막같은 존재. 무화과 깜파뉴도 사실 거기서 거기겠거니 했는데 하나도 안 퍽퍽해요.. 완전 부드러워요. 항상 닫혀있어서 궁했던 집인데 오늘 운 좋게 열려있길래 들어가본건데 정말 후회 없었습니다.. 잘 모르고 들어갔던터라 수많은 빵들 중 선택을 못하고 있던 저에게 사장님께서 친절하게 빵 설명해주시고 추천해주셔서 믿고 구매했습니다. 사장님 담에 또 갈게요 진짜 맛있다,010000001000
너무 맛있어요!! 또올게요,000000000000
분위기가 진짜 좋아여 칵테일 마시기 좋을 것 같아여 디저트랑 말차라떼 짱 맛있어영 커피도 짱 맛있어여!! 일단 분위기 맛집이다!!!!,100000010000
항상줄서있는 식빵집 큰맘먹고 줄섰어요,010000000002
케이크랑 아이스크림 너무 맛있구 자리도 푹신해서 너무 마음에 들어요,001001100000
직원분들이 다들 손이 빠르셔서 주문이 밀렸는데도 금방 나왔네요.,000000001000
놀라플로트 맛있고 예뻐용,100000000000
매장두 아기자기하구 피넛버터 구매하고싶어서 왔는데 바로갈아주시구 맛있을거같아요,000001011000
줄서서 사는 소금빵 맛집! 인당 각1봉씩 순삭이네요,010000000002
맛있어요! 대기는 20분 정도 한 것 같아요,000000000002
분위기 맛 다잡는 뚝섬역 카페 최고에용,000000010000
루프탑 분위기가 너무 좋네요 날씨도 선선해서 밖에서 마시는 딱이네요,000000110000
비 오는 날 창가 자리에 앉아 있으면 운치가 정말 대박입니다.,000000010000
음료 쏟아지지 않게 입구 씰링을 꼼꼼하게 해주셔서 대만족.,000000000010
분위기 도 좋았고 커피도 맛있게 잘 먹었습니다,100000010000
"딱 일본 현지의 맛있는 빵 맛이에요... 사장님이며 직원분들 다 너무 친절하시구... 주위 감사한 분들 선물하기에도 좋은 가격이고, 맛있는 만큼 또 빵들이 예뻐서 더 좋은 거 같아요.",010000001110
"성수동갈때마다 꼭 들리는 쿠키맛집! 날씨가 좋아서 스콘, 쿠키 포장해서 서울숲에서 먹었는데 덕분에 아주 행복한 산책타임이었어용",000100000010
"퀄리티도 너무 좋고, 사장님이 친절하십니다. ... 무엇보다 케이크가 너무 마음에 들어요!!",001000001000
접근성이 좋아서 부담 없이 들르기 편했습니다 생블루베리타르트를 먹었는데...,001000100000
생일 케이크 예약했는데 디자인이 너무 예뻐서 주인공이 정말 좋아했어요.,001000000000
기념일날 특별한 체험 해보고 싶어서 왔는데 가게도 깔끔하고 체험도 어렵지 않아요 휘낭시에 만들기 너무 재밌어요 즐거운 시간 보내다 갑니다,000100100000
사진도 잘 나오고 가격도 저렴해서 자쥬 이용할 거 같아요 ),000000010100
빙수 위에 올라간 과일이 냉동이라 이가 시리고 아무 맛도 안 나요.,000020000000
파니니랑 커피 먹으러 갔다가 사라다번이 새로 보이길래 추가. 부드럽고 맛있다 매장도 넓어서 쉬다 오기 좋다,110000100000
매장 깨끗하고 직원분들도 친절하고 화장실은 지하1층에 있어서 2층에서 움직이기 번거롭기는 해요.,000000201000
3층건물에 루프탑까지 있는 카펜데 층마다 뷰가 다르고 매력적인 곳이에요! 벌써 두번째 방문입니다 제철과일쥬스는 지금 수박이에요,100000110000
당황할수있는 비쥬얼이였는데 새콤달콤하니 맛있었어요 직원분도 친절하시고 좋은 기운 가지고갑니다 또 방문할께요,000000001000
생크림슈가스틱이 젤 맛있어요,010000000000
"단호박당근수프, 아란치니, 삼치파스타 꼭 드셔보세요!",000000000000
체리콕에 시럽이 가득... 맛있네요 ! 메가커피는 늘 가성비가 좋아요,100000000100
화장실은 매장 내부에 있어서 이용하기 편리한 위치입니다.,000000030000
위스키아이스크림 색다른 경험! 너무 맛있습니다.,000001000000
처음 왔는데 음료도 맛있고 케이크도 맛있어요,101000000000
맛있었어요 다음번에 가면 떡볶이 먹어보려구여,000000000000
커피 맛이 아주 강하지 않아서 연하게 드시는 분들께 맞을 듯해요.,300000000000
반 지하층에서 에그타르트를 만들고 있네요... 페스츄리라 겉은 정말 바삭하고 필링도 부드럽고 맛있네요.,000100100010
직원 분도 친절하시고 색다른 체험이라 좋았어요!,000000001000
와 땅콩버터 나온거 따뜻해요!! 완전 신기합니다 바나나푸딩 토스트도 진짜 맛있어요!!!,010000000000
딱 상상할 수 있는 그런 기본적인 구움과자의 맛입니다.,000300000000
파블로브라는 특별한 메뉴가 있다고해서 방문했어요 사장님 정말 친절하시고 메뉴추천도 감사합니다 소르베소다 다른분꺼보고 맛있어보여서 시켰는데 식감이 다양해서 너무맛있게먹었어요!!! 추천합니다,100001001000
디저트 종류도 많고 음료도 다양하게 있어요! 내부도 예뻐서 앉아서 구경하기 좋아용,100001010000
샤인머스캣이 너무 셔서 달콤한 크림이랑 전혀 안 어울려요.,002000000000
피넛버터 사러왔다가 커피랑 토스트도 먹었는뎅 너무 맛있어용,110001000000
케이크 너무 귀엽고 디저트도 맛있어요,001001000000
테이블 간격이 너무 좁아서 옆 테이블 대화 소리가 다 들려요.,000000020000
카공하기 좋고 가볍게 친구와 얘기하기도 좋아요! 음료 너무 맛있네용,100000100000
수제 쿠키라 그런지 인위적인 단맛이 아니라 계속 손이 가네요.,000100000000
어니언 스프는 양도 좋고 맛이 진해서 좋았습니다. 냉음료 보다 따듯한 음료로 추천드려요,310000200000
커피맛있어요 !!! 공간도 너무 이쁘요,100000010000
이 동네에서 되게 맛있다고 소문난 집이에요 ),000000000000
케이크 너무 맛있고 크리스마스 느낌 나서 좋았어용!! 분위기도 너무 좋았습니다,001000010000
케이크 박스 열자마자 달콤한 향기가 퍼져서 행복해졌어요.,001000000000
인테리어가 넓고 대화하기 좋아요! 말차라떼도 맛있고 베이글도 크지않아서 디저트로 딱 좋습니다,110000110000
성수동 핫플 사진도 멋지게 나오고 좋아요.,000000010000
좋은 만남엔 분위기와 맛을 놓칠수 없죠 커피가 진짜 맛있어요 대화하기 좋아요,100000010000
카페 컨셉이 계절마다 조금씩 리뉴얼된다고 하더라고요.,000000030000
"비주얼과 맛 어느것 하나 빠짐없는 케이크에요. 남편 생일이라 서울숲 근처 맛집에서 식사하고 케이크 픽업해서 귀가했는데, 가족 모두가 자른 케이크 단면에 환호를.. 라프레플루트 케이크 예약한 나 자신을 칭찬하며 돌아올 아들 생일에도 빠른 손으로 예약하겠습니다",001000000000
요새 커피 종류별로 먹어보는데 다 맛있어요,100000000000
모양도 모양이지만 맛도 진짜 맛있습니다 치즈케이크 좋아하신다면 추천!! 기념일마다 케이크는 여기서!,001000000000
커피 맛있고 분위기 힙하고 좋아요,100000010000
"한시간의 이용제한시간이 있었지만, 다채로운 색감의 인테리어 소품들배경으로 사진도많이찍고 즐기다왔습니다",000000010000
올리브스틱이랑 치즈스틱은 정말독보적인 맛이에요... 길빵하는맛,010000000000
세트 메뉴 구성이 알차고 단품보다 훨씬 저렴해서 추천합니다.,000000000100
매장 넓고 공간 다양해요. ... 유자파운드 맛있고 크렘 마리아주는 적당하네요.,300100100002
빙수 얼음이 빨리 녹는 편이라 나오자마자 빨리 드셔야 해요.,000030000000
서비스도 그냥 맛도 그냥,000000003000
주말에 벚꽃 구경하고 처음 가봤어요. 아담하고 깔끔하고 압구정 로와이드만 가봤는데 성수동도 편안하고 좋네요. 특히 다양한 빵종류가 맘에 들었어요 다 맛있어보여서 선택이 어렵더라구요. 원두 종류도 선택이 가능해서 맛있게 먹고 왔네요. 구석구석 사진찍음 다 예술이라 그 점도 좋았어요!,110000010000
브라우니 꾸덕하고 찐하니 맛있고 커피도... 깔끔하고 맛있습니다. 좌석도 지하부터 2층까지라 원하는 분위기의 자리에 골라앉을 수 있어서 좋았어요.,100100110000
콘센트가 거의 없어서 노트북 들고 갔다가 그냥 돌아왔습니다.,000000200000
환경을 생각하는 마음으로... 아주 저렴한 가격에 퀄리티 좋은 커피를 맛볼 수 있어서 좋았음. 특히 문이 없어 개방감이 일품이며... 멍 때리기 좋은 곳임.,100000110100
미국 현지의 브런치를 가성비좋게 분이기는 더 좋게 먹을수 있는곳,010000010100
여기 포장 상자가 너무 예뻐서 버리기 아까울 정도입니다.,000000000010
두명이서 먹었을때 좀 남았어요 !! 분위기도 예쁘고 데이트하기 넘 좋았어요,000000010000
"말차푸딩, 오리지널 푸딩 둘 다 너무 맛있는 푸딩 맛집입니다아",000001000000
카페가 사진에서 예쁘거 잘 나와도 실제로 보면보 더욱 더 예쁘네요 디저트도 정말 맛있고 먹는 재미가 있네요. 토요일 11시반에 도착해서 바로 입장 가능했어요. 집에서 멀지만 벌써 다음에 또 오고 싶네요,000000010001
베이글이 엄청 신기하게 생겼서요.. 맛있습니다!,010000000000
야외공간 분위기 괜찮음,000000010000
직원들 유니폼은 따로 없고 깔끔한 사복 차림으로 일하시네요.,000000003000
과일 도시락은 미리 예약해야 살 수 있는 것 같아요.,000030000000
망고 빙수 자리가 좀 애매하긴 한데 너무 더운날 걷다가 들어와서 시원하고 좋았습니다.,000010200000
서울 여행와서 민트초코 월드 와봤는데 민트 향 진짜 세고 너무 맛있네요.. 이도저도 아닌 애매한 맛이 아니라 민트!! 하는 맛이라서 너무 마음에 듭니다,100001000000
분위기도 좋고 음료나 디저트도 맛있어요!,100001010000
커피 맛도 너무 맛있고 가게가 예뻐요... 직원 분들도 친절하시고 케이크도 맛있어요!,101000011000
"망고빙수가 유명한 것 같았지만, 티라미수랑 얼그레이밀크티, 아메리카노를 시켜봤어요! 티라미수 넘넘 맛있었고, 인테리어가 멋있었어요!",101000010000
갓 나온 따끈한 식빵 한 줄 다 먹을 수 있을 정도로 맛나요.,010000000000
브런치 맛집이에요!!! 맛있오요,010000000000
커피에만 집중 하기에는 쉽지않은 장소. 그래도 맛있게 먹음. 특히 파니니가 바삭하고 좋았음.,110000000000
"분위기가 아기자기 하고, 가운데 난로가 있어서 따듯하고 좋아요! ... 밀크티 너무 맛있게 먹었습니다!",100000010000
평일 오전 한적한 3층. 커피도 포카치아도 맛있어요. 킨더프레스가 문을 안열어 여기로 왔는데 오히려 잘됐어요.,110000000001
한번도 안간 사람은 있어도 한번만 간 사람은 없을 그런 공간입니다..!,000000010000
잼도 고를수있고 새로운 메뉴도 많아서 좋았어요! 음료도 넘넘 맛있네요,100001000000
샌드위치 채소는 싱싱한 편인데 소스 맛이 좀 강하네요.,030000000000
티라미수 진짜 개존맛탱이에요,001000000000
또 생각나서 먹으러 왔습니다..,000000000000
여기 진짜 딸기디저트 맛집!! 매장 내부도 넓고 앤틱하게 꾸며져 있어서 친구들과 앉아서 수다 떨기 좋아요,000000110001
"별점을 매길 수 있다면 1점.....입니다.... 1. 가장 중요한 베이글이 맛이 없음 런던베이글보다 맛있다고해서 정말 기대 많이했는데 이건 뭐.. 차가운데 많이 쫄깃하거나 부드럽지도 않아서 실망스럽네요. 차갑고 질겨서 차라리 따뜻하게라도 먹고싶어 데워주실 수 있냐고 여쭤봤더니 원래 데워먹지않는 거라고 하셔서 그냥 먹었는데,, 스벅 베이글 데워먹는게 훨 맛있음. 아마 맛있다는건 다른 지점인가 봅니다. 2. 알바생들의 무례함 저녁시간에 갔더니 왜 알바분들이 다 화가나 계시는지,,,, 다들 찡그린 표정에 딱딱한 말투에 뭐 물어봐도 전혀 친절하지 않아요. 유명한 집이라 장사 잘되니까 손님 한명 한명이 소중하진 않은가봐요. 즐거운 시간 보내러갔다가 기분이 다운되어서 나왔습니다.",020000002000
아메리카노는 과일향이 나는 b타입과 스모키한 향이 나는 a형이 있어서 고를 수 있어서 좋았어요. 마롱 타르트도 정말 맛있었습니다!,101000000000
진짜 믿고 먹는 케이크 맛집 라에비뉴라떼도 고소하니 넘 맛있고 카페 인테리어가 꼭 휴양지에 놀러온듯한 느낌 이라 아주 좋아요!! 사장님 직원분들도 친절하시구 오늘은 크로와상도 같이 시켰는데 빵까지 맛있.....다음에 또 올게요!,111000011000
성수동 골목에 있는 귀여운 빵가게에요 ! 건강빵 좋아하시면 추천해요,010000010000
카페 분위기도 좋고 매장도 엄청 시원해요!! 디저트도 맛있는데...,000001110000
해방촌 커피 마셨는데 넘나 귀엽고 맛있었어요!,100000000000
친구들이랑 놀러 왔습니당. 서울숲이랑 가깝고 주변에 볼거리도 많아용. 카페안에 넓고 쾌적합니다,000000100000
성수에서는 베통 소금빵 좋아하는데 품절이라 여기 소금빵... 4개 세트? 밖에 안 팔더라고요. 제 뒤에 사람이 없었는데도 너무 급하게 재촉하는 느낌 빵 크기 작고 맛은 무난,030000002000
디저트 종류랑 유니크함은 좋은데.. 맛은 그닥?.. 이렇게 눅진한 패스츄리도 오랫만이라 당황스러웠다... 화장실도 휴지통이 애매한 위치에 있어서 깜짝 놀람,020000020000
매장 분위기도 좋고 음식도 생각보다 더 맛있네요! 까다로운 엄마 입맛에도 잘 맞았습니다! 커피두 맛있어요!,100000010000
인테리어도 너무 예쁘고 음료도 맛있고 디저트도 대박이에요..!!,100001010000
빵 자체가 맛있어서 잼 없이 그냥 먹어도 충분히 맛있습니다.,010000000000
친구와 둘이 방문했어요. 매장이 쾌적하고 대화하기에 좋아요,000000100001
너무 맛있고 쾌적하고 즐거운 시간 보냈습니,000000100000
디저트가 맛있어요! 뷰도 너무 좋고 브런치로 아주 만족입니다!!!,010001010000
쉬폰 케이크가 구름처럼 폭신폭신해서 아이들도 잘 먹네요.,001000000000
쑥라떼는 너무 달고 스위트라떼는 맛있는데... 서울숲 나오면 바로라 그런지 맛대비 가격이 쎄네요,300000100200
느무느무 맛있어요 잠봉뵈르 무화과 최고,010000000000
치즈 케이크가 너무 딱딱해서 포크가 잘 안 들어갈 정도예요.,002000000000
커피원두가 좋은 것 같아요 깔끔하니 커피가 맛있네요!! 빵도 맛있고사진스팟도 많아서 사진찍기듀 좋네용,110000010000
오믈렛이랑 팬케이크 맛잇엇습니당,010000000000
달달한 벨지안 초코우유 마시면서 허니브레드 한 입 먹어주니 그야말로 마음이 포근하게 위로가 되더라구요. ... 카페 내부 인테리어도 정말 포근하고 편안한 좌석이 많아서,110000110000
티라미수랑 시그니처커피 시켰는데 둘다 맛있어서 잘 골랐다는 생각이 들었답니다 직원분들도 왕 친절하시고,101000001000
생크림 토끼떡 귀엽고 맛있네요!,000001000000
어제도 왔는데 오늘도 왔어요!,000000000000
아포가토 아이스크림 양이 적당해서 커피랑 밸런스는 맞네요.,000003000000
커피랑 디저트가 맛있네요 수박주스도 시원하고 맛있어요!,100001000000
다른 도넛도 맛있는데 피스타치오 라즈베리 도넛이 찐이에요... 엘더플라워 에이드도 맛있었습니다! 제 기준 비싼 편이긴한데,100001000200
우유생크림 아슈크림이 정말 부드럽고 살살녹는 맛 얼음조각 두개정도 넣고 아이스크림이 올라간거라 컵안에 아이스크림으로 꽉찬건 아님! 매장에서 먹을수 있는 공간은 협소한데 원채 소프트아이스크림이라 밖에 나가면 바로 녹을것 같음 ..,000003200000
직원분이 친절하시고 펭귄 귀여워요,000000011000
언제나 생일인 느낌 ! 디저트 너무 예뻐요 사장님도 너무 친절하시고 감성 가득한 공간이에요 !,000001011000
맛있어요!! 일단 매장이 넓어서 좋아요,000000100000
커피 믿고 먹는맛이란 바로 요기,100000000000
가성비 좋고 커피맛도 좋아요,100000000100
친구 생일케이크로 예약했는데 너무예뻐요!,001000000000
저번에 먹고 맛있어서 다른커피먹으러 또 왔어요 맛있습니다,100000000000
지난번에 맛있게 먹어서 성수에 팝업 방문했다가 포장해감 맛있어!!!,000000000010
사람이 너무 많아서 정신이 없어요 음료맛은 그냥 그랬어요,300000000002
진짜 한입 크기의 베이글이에요 여러가지 맛을 즐기기에 적합했어요 공간도 분위기도 너무 좋습니다,010000110000
키오스크 주문 시스템이 직관적이라 어르신들도 쓰기 편할 듯요.,000000100000
외국인 친구랑 갔는데 영어로 친절하게 설명해 주셔서 감사했어요.,000000001000
말해뭐하나요 맛있고이쁘고 다합니다. 특히 저 올리브리프빵 진짜 넘 맛나요,010000000000
영업시간 22시까지고 좋네요,000000100000
독보적으로 버터가 가득한 !!! 맛이예요 소금빵 정말 많이 먹었지만 이렇게 빠삭하고 버터많은건...,010000000000
포장해온 커피 맛이 매장에서 먹는 거랑 똑같이 훌륭해요.,000000000010
두번째 방문이에요 정말 재미있어요!!,000000000000
재방문 또 먹을 것 같아요 자꾸 생각나는 잠봉뵈르,010000000000
분위기도 너무 좋고 젤라또도 너무 맛있었습니다! 음악도 너무 좋아요!,000001011000
땅콩버터 요즘 인기던데 여기는 주문하면 하로 갈아서 줘서 너무 신선하고 맛있아요 커피도 맛있습니다,100001000000
예약하고 바로 들어갔으나 대기줄이 길어 또 줄을 서서 기다려서 식빵을 샀어요... 주말이라 매우 붐볐어요,010000000002
구움과자들이 전반적으로 재료를 아끼지 않은 느낌이라 만족스럽습니다.,000100000000
미리 만들어진 것이 아닌 주문 즉시 만들어 주셔서 더 맛있는 것 같아요 잘 먹었습니다,000000001000
소금빵붕어빵이 너무 맛있어서 성수 올때마다 들려요 미니 소금빵이랑 소금빵 포장해가는거 필수 !! 소금빵러버들은 꼭 오세요 ...,010000000010
깔끔하고 좋았어요! 허니레몬티는 너무 레몬맛만 나고 꿀맛이 아예 안나서 조금 아쉬웠습니다,300000100000
비주얼이 귀엽고 맛있고 앙증맞아요,000000000000
빙수 얼음 입자가 아주 곱지도 거칠지도 않은 보통 수준입니다.,000030000000
샤인머스캣 당도는 평균 정도이고 크림이랑 잘 어울려요.,003000000000
인테리어도 이쁘고 팬케이크 너무너무 맛있어요!!!,000001010000
혼자 왔다고 좁은 구석 자리로 몰아넣는데 기분 별로였음.,000000000002
이색 데이트 너무 좋았어요 사장님도 친절하시고 직접 만든 휘낭시에도 넘 맛있어요!!!!,000100001000
"커피를 안팔아서 좀 의아했어요. 과일컨셉이라 그러신거 같은데, 케잌도 맛있고 빙수도 맛있는데 따뜻한 커피와 먹고 싶었어요.",001010002000
너무너무 와보고 싶었던 프롤라 오픈런으로 왔습니다!!... 커피가 진짜 인생커피!!,100000000001
빙수 양이 메뉴판 사진보다 현저히 적어서 사기당한 기분입니다.,000020000000
세면대 옆에 종이 타월이 비치되어 있어 손 닦기 무난합니다.,000000300000
슈퍼말차 맛있네요옿 깊은 녹차라떼,100000000000
옥수수라떼 넘 맛있어용,100000000000
디저트 컵 주변에 시럽이 묻어 있어서 손이 다 끈적거려요.,000002000000
직원분들 다들 엄청 친절하시고 소금빵 맛있어요,010000001000
웨이팅 하는 동안 마실 수 있는 물이 비치된 센스 굿!,000000000001
억지로 인스타 감성 낸 느낌이라 불편하고 가구들도 너무 딱딱해요.,000000020000
쉬폰 케이크는 가벼운 식감이라 배불러도 잘 들어가네요.,003000000000
밀도빵값너무오름....그닥 특별한것도 없는데...,020000000200
커피 진짜 맛있어요 두바이아이슈페너도 맛있구 스윗산타라떼는 적당히 맛있게 달아서 더 좋았습니다,100000000000
너무 맛있고 분위기가 좋아요,000000010000
915까지만 판매되는 생무화과 샌드위치 먹으러 오세요!!,010000000000
"테라스랑 매장 내부 인테리어 분위기 좋고 너무예뻐요! 커피도 마싯서요,,,,",100000110000
더운 날 망고빙수 시원하게 잘 먹었습니다 망고가 쫀득해서 식감이 재밌었어요,000010000000
팬케이크 따뜻몽글퐁실. . 너무너무 맛있구 좋습니다! 가게도 시끄럽지 않아서 이야기 하기 너무 좋구 일하시는 분들도 짱 친절하세요,000001011000
카페 향이 너무 좋아요 아늑하고 행복해지는 성수 플레이스 !,000000010000
"비교적 한산한 시간대 6살 아이와 함께 매장을 방문했습니다... 1인 1메뉴 정책은 이해할 수 있으나, 상황에 따른 융통성 없이 기계적으로 대응하는 서비스는 매우 아쉬웠습니다.",000000002001
아침부지런히 움직인 보람이 있어요! 소세지바게트 겟!! 너무 맛있어요!! 다음에 다시 방문예정,010000000000
빵맛은 5점인데 자리가 별로라서 3.5!,010000200000
빵이 맛있어서 줄서서 구입해요,010000000002
저녁 시간대에 자리 맡아두고 장시간 외출하시는 분들이 많아 앉을 자리를 찾기 힘들었어요 매장 좌석 관리에 신경 써 주시면 좋을 것 같아요.,000000200000
야경 볼 수 있는 창가 자리가 너무 적어서 앉기가 하늘의 별 따기예요.,000000020000
너무맛있고 양도많아 실컷 먹었습니다 망고빙수 먹고싶으면 여기오세요 !!!,000010000100
수제라고 하는데 기성품 맛이랑 다를 게 전혀 없어서 실망스럽네요.,000200000000
업사이드 커피는 각 지점의 시그니처 메뉴가 가장 맛있지만 오늘은 기본 아베리카노 메뉴로 주문했어요. 항상 믿고 방문하는 업사이드 카페입니다,100000000000
"친구가 궁금하다 해서 본점과 픽업 매장 중 고민하다가. 사람이 조금이라도 적을 픽업매장 갔더니 확실히 널널하니 편하게 다닐 수 있었네요. 에그타르트 하나의 가격 치고는 굉장히 부담되지만, 크기나 맛에서는 괜찮은 편입니다. 겉면에 뿌려진 소금이 짭짜름해서 필링과 함께 먹기를 추천합니다.",001000000201
양이 적지만 커피가 맛잇어요,100000000200
너티클라우드가 맛있어요 제주에 있는 그린티 클라우드?가 없어서 아쉬워요,100000000000
안달고맛있다고 다들 좋아해준 케이크입니다 어른들도 좋아하시네요,001000000000
블랑이랑 밀푀유 완전 맛있어요 운좋게 웨이팅 거의 안하고 들어갔는데 웨이팅 했어도 그럴 만한 가치가 있네용,001000000001
"친구 생일 선물로 준비했는데, 케이크 받자마자 너무 예쁘다고 감탄했어요! 레터링도 깔끔하고 감성 있는 색 조합이라 사진이 정말 잘 나왔어요 덕분에 좋은 추억 남길 수 있었어요",001000000010
라떼도 맛있는데 라떼아트 너무 귀엽고 신기해요!,100000000000
2층 창가 뷰는 좋아요. 음료 맛도 준수하나 아쉬운 점을 적어볼게요... 종이컵으로 주세요... 시럽이 가장 밑층에 깔려 섞이지 않는 상태로 제공되어...,300000212000
엄청 친절하시고 케익이 귀엽고 맛납니다,001000001000
젤라또 식감이 쫀득하지 않고 서걱거려서 실망스러웠어요.,000002000000
초코랑 패딩턴 샀어요... 이건 빵이 밀도있는거같요 커피는쓰지않고 보리커피같아요... 친절하고 안내잘해주셔서좋아요! 화장실은 이층에 남녀각각있어여,110000101000
선물 포장 비용이 아깝지 않을 만큼 결과물이 아주 예뻐요.,000000000010
맛있고 재밌는 메뉴가 많아요!! 또 오고 싶어요,000000000000
메뉴가 빨리 소진되요,000000000002
좌석이 편해서 좋습니다,000000100000
지금도 예쁘지만 창가에 은행나무가 있어서 가을에 오면 너무 예쁠것같은 곳이네요!,000000010000
크리스마스 때 오고 너무 맛있어서 또 왔어요 여전히 맛있습니당 다음에도 올게요 홍홍홍,000000000000
"매장 내부에 구경할것도 많고 커피도 진짜 맛있어요 날씨도 좋아서, 야외테이블에서 먹기 너무 좋았어요.",100000110000
"딸기가득 딸기빙수, 고소한 커피 둘 다 맛있어요! 1층부터 4층까지 각각 매력이 있는 인테리어에 취향에 맞게 자리를 고를 수 있어 너무 좋았어요 서울숲을 배경으로 한 뷰도 너무너무 좋네요",100010110000
고양이도 귀엽고 너무 아름다운 공간입니다 직원분들도 친절하시고 내부가 아늑해서... 커피 맛도 좋아요,100000111000
커피 맛있어요 디저트도 화려합니다!,100001000000
왜 조각당 8천원인지 납득이 안감. 딸기랑 얼그레이 먹어보았는데 시트는 촉촉하나 크림도 겉돌고 케이크가 맛이 없음.,002000000200
두번째 방문이애요 넘 맛잇어요 갯수가 한정되잇어서 아쉽네요,000000000000
진짜 너무너무 맛있어요..!!!,000000000000
아인슈페너 .한라봉에이드 플레인 크로플 주문했어요... 여자들 취향저격카페 예요 아인슈페너맛집,100001010000
건강해질것만 같은 느낌이네요,010000000000
버터바가 기름지기만 하고 풍미가 전혀 느껴지지 않네요.,000200000000
인스타 보다가 우연히 근처에 있다는 걸 알게 돼서 찾아갔습니다!! 조각케이크 두 개 분량인데 8천원이라뇨... 케이크도 넘 예쁨 가볍게 축하할 일 생길 때 딱 먹기 좋은 것 같아요!! 맛도 너무 기대 이상이라 자주 찾게 될 것 같네요 바밤바 케이크 진짜 바밤바 맛나요 강추 함!!!,001000000100
베스트라고 해서 먹어봤는데 정말 맛있네요 사장님도 착하세요,000000001000
매장 쾌적하고 좋아요 식빵이랑 스프 맛있어요,010000100000
"베이글은 식사의 느낌이 강해 좋아하지 않는데 한입베이글은 정말 한입 두입에 먹을 수 있어서 좋았어요 종류도 많아서 골라먹는 재미도 있고, 카페도 아늑하고 귀여워요!",010000010000
바게트가 너무 오버쿡 된 건지 겉이 너무 타서 써요.,020000000000
성수에 이런 베이글 맛집이??!! 눈 돌아가는 베이글 너무 많고 다 맛있었어요,010000000000
미니 사이즈 4만원이면 조금 비싸보이긴 하지만 너무 값어치 있어요!! ... 너무너무 맛있러료!!!,001000000300
좌석도 많고 무엇보다 커피 디저트 둘 다 맛있어서 재방문하고싶은 곳이에요!,100001100000
케이크가 맛있고 커피도 맛있어용,101000000000
매장도 예쁘고 너무 맛있는 디저트가 많아요!!!,000000010000
"성수의 티카페 맥파이앤 타이거는 찾아가야 할 맛있는 장소 중 하나에요! 맥파이앤 타이거는 다양한 차 종류와 커피, 디저트 메뉴로 차를 좋아하는 이들에게는 천국입니다. 차와 커피의 다양한 향과 맛을 즐길 수 있어요. 티룸의 분위기는 아늑하고 모던한 감성을 갖추고 있어요. 티와 함께 성수동 거리를 고층에서 바라보며 친구들과 대화를 나누기에 딱 좋아요. 맥파이앤타이거의 시그니쳐인 싱글 오리진 티 메뉴는 중국 운남의 이무 보이속차, 운남 백차와 홍차, 하동의 잭갈차, 쑥차와 쑥라떼, 말차라떼 등으로 구성되어 있어요 성수에서 맥파이앤 타이거 성수티룸을 찾아가면 차와 함께 특별한 순간을 누릴 수 있어요. 차 좋아하는 분들께 추천드립니다!",100001010000
수플레팬케이크가 먹고싶어서 찾아왔어요 바나나도 통으로 들어있고 크림도 너무맛있어요 .,010000000000
어떤 커피가 어떤 농장에서... 섬세하고 친절하게 설명해주신 도슨트님과 바리스타님께 감사드립니다 아 ! 체험중 내려주시는 커피도 정말 맛있게 먹었습니다,100000001000
수플레 맛있어요. 매장은 좀 시끄러워요.,000001000002
음악 들으면서 힐링하고 싶어서 찾아왔어요! 선선한 날씨에 창가에 앉아있으니 너무 좋네요,000000010000
올해 첫 망고빙수인데 엄청 진하고 맛나여 사진보다 엄청커서 놀랬어요,000010000000
요즘 핫한 베이글랜드 왔어요!! 너무 맛있어요,010000000000
피스타치오 소프트바 넘넘넘 내스타일!! ... 단점이라면 티스푼... 개별 포장 되어 있음 좋겠네요 다들 만지며 골라가는 느낌이라 찝찝!!,000001002000
각 위스키 향과 아이스크림의 조화가 좋아요,000001000000
"빨미깔레가 좀 눅눅함! 초코가 더 맛나요! 케익류는 환경부담금이 부담됨 (1,000원)",001200000200
주변 상권 대비 가격이 제일 저렴해서 모임 하기 딱 좋습니다.,000000000100
뷰가 좋네요. 연휴에 열어주셔서 감사합니다.,000000011000
과일 요거트는 아이들이 간식으로 먹기에 적당한 크기네요.,000030000000
스프레드 종류가 진짜 다양해서 좋아요!! 다 너무 맛있는데 솔티드 카라멜이 달달한게 담백한 식빵하고 잘어울려서 제일 맛있어요... 웨이팅은 좀 있긴해요,010000000002
"커피랑 음료(한라봉티), 디저트도 다 맛있고... 디저트 재료도 다 좋은 것들 쓰시는 것 같고 참 괜찮은 카페인 것 같습니다.",100001000000
크림 양이 시트보다 많은 편이라 부드러운 거 좋아하면 맞음.,003000000000
매장이 넓고 쾌적해요! 내부에 화장실이 있어서 좋아요),000000100000
한적하게 식사하고 얘기 나누기 좋아요! 생각보다 더 맛있어서 좋은 시간이었어요) (샐러드 양 왕 많아서 왕 좋네요)),010000100001
러스크가 너무 기름을 많이 먹어서 한 입 먹으면 느끼함이 올라와요.,000200000000
어두운 분위기에 조명과 모니터 장식등을 활용한 인테리어 센스가 멋져서 좋았어요... 자두밀크티가 정말 새로웠어요 내부가 넓진 않은데 사진도 예쁘게 나오고,100000310000
연유라떼 맛있어요! 주변에서 그나마 늦게까지해서 좋아요,100000001000
"딸기 생크림 케이크 시트가 수분이 다 날아가서 너무 퍽퍽했고, 크림에서도 느끼한 기름 맛만 맴돌아서 몇 입 못 먹고 남겼어요.",002000000000
밀크티에서 화장품 냄새 같은 인공적인 향이 너무 강하네요.,200000000000
오늘도 초코케익 우리가족 다 좋아하는 주기적 방문,001000000000
카멜커피만 맛있고 바닐라라떼는 별로 였어요 분위기는 좋았습니당!,200000010000
야외 테라스만 예뻐요. 커피맛은..,200000010000
아메리카노 부드러워요 화이트 플랫도 맛있어요 근데 사람이너무많아요,100000000002
평이 좋아 방문해봤는데 차분한 분위기에 음식도 너무 맛있었어요! 사진엔 없지만 레드체리 치킨 샌드위치 정말 맛있어요,010000010000
실내 분위기는 힙해요. 그러나 디저트맛은 깊어요. 대만족입니다 다음에 또 오고싶어요!!!,000000010000
카페가 너무 아늑하고 이쁘고 4층까지 있어서 좋아요! 복숭아 빙수도 너무 귀엽고 맛있어요,000010110000
매장 밖에도 의자가 몇 개 있어서 앉아서 기다릴 수 있어요.,000000000003
무화과 너무 좋아하는데 먹어고 먹어도 많을 정도로 한가득 들어있어요 연휴 오후 시간대라 한시간정도 기다렸는데 기다릴만한 맛입니다!!,000010000002
"우연히 들어온 곳인데 너무 좋아서 놀랐어요. 넓고 쾌적한데 편한 자리도 많고, 혼자 작업할 수 있는 자리도 있어요. 커피도 정말 맛있음",100000100000
커피 맛있어요 직원분도 친절하고,100000001000
오미자 에이드 색감도 너무 예쁘고 맛도 상큼해서 반했습니다.,100000000000
맛나요 자주 옵니다,000000000000
블루 레모네이드 맛이 너무 불량식품 맛이라 실망스러웠습니다.,200000000000
소금에그타르트라길래 신기해서 한번 사서 먹었는데 취저 맛있움!!,000100000000
초코케이크 헤이즐넛향나서 넘 맛있어용 과하지않고 크기도 딱 적당한거같아요,001000000000
지나다 입구가 워낙 특이해서 홀린 듯 들어갔는데 커피 너무 맛있어서 깜짝 놀람... 선곡이 훌륭해서 음악 듣기도 좋아요. 젊은 사장님도 넘 친절하시고,100000011000
생크림 케이크 진짜 맛있어요,001000000000
한식 디저트 카페가 있다니 진짜 신기했고 이색 카페로 자주오고 싶어요!,000001010000
커피도 맛있고 친절하네요,100000001000
다른 곳에서 볼수 없는 신기한 베이글사구 가요!! 공간이 널찍해서 베이글 구경하고 식사하고 가기 좋아요,010000100000
포장 패키지가 너무 고급스럽고 예뻐서 선물용으로 딱이에요.,000000000010
커피랑 허니브레드 먹는데 아!! 역시 밥 배랑 디저트 배가 따로 있구나를 느꼈어요!!... 커피랑 같이 먹으니깐 행복한 맛이에요,110000000000
푸딩 맛은 그냥 무난하고 양도 적당한 편입니다.,000003000000
예약시간에 관계없이... 방문 픽업하면 되는 점이 편했어요. 근데 단점 때문에... 알바분이 대응을 너무 정신없게 해요. 봉투는 사정없이 구겨버리질 않나... 초는 또 안 넣어주셨네요?,001000002020
카페가 정말 이쁘고 케이크가 맛있어요,001000010000
빵이 맛있어요 커피가 진해요,110000000000
크럼블 케이크 위에 소보로가 바삭해서 씹는 맛이 최고입니다.,000100000000
꽈배기 종류가 다양해서 너무 좋아요 처음 방문이라 대표로 먹어봤지만 다른 맛도 궁금해요!!,000001000000
크로플도 너무 맛있구 커피 깔끔하고 너무 맛있어요!!! 무엇보다 분위기도 너무 좋네요,100001010000
매장 너무 예쁘고 음료 맛있어요 굿굿,100000010000
아침에 가면 할인돼요,000000000100
엄청 핫해서 찾아온 젤라또집인데요..와 진짜 맛있어여... 완전 강추!,000001000000
특별한 아인슈페너 메뉴가 있어서 좋았습니다. 매장 인테리어도 예쁘고 조용하고 아늑한 느낌이드는 매장이에요 디저트 테이크 아웃 상자가 있으면 더 좋을것같아요. 디저트를 맛보지 못해 아쉽네요.,100000010021
스벅티라미수에 초 꽂았어요 스벅은 갈수록 케잌이 맛없어지는 느낌 제발 동물성생크림 비율 좀 높이고 덜달게 만들면 좋겠어요,002000000000
아메리카노 고소 산미 완전 없어서 정말 좋아요... 4층까지 있고 자연속에 있는 기분이에요!,100000110000
카페도 너무 이쁘고 특히 에그타르트가 너무 맛있어요!,001000010000
카페에 처음 발을 내딛었을때 정말 분위기가 미쳤고요 망고빙수가 시그니처인 것 같아서 시켰는데 진짜 너무너무 맛있어요 미쳤어요 증말 이 망고빙수먹으러와도 정말 후회없으실거에요 진짜 번창하세요,000010010000
프렌즈앤야드 다시 재뱅문 의사 100 입니다. 분위기와 맛 다 가졌어요!!,000000010000
맛있어요!!!!!!!!,000000000000
인테리어도 재밌고 맛도 너무 좋아요! 추천해요!,000000010000
맛있고 예뻐요 친절하셔서 더 좋아요,000000011000
주변에 카페 찾아서 들어왔는데 컨셉 너무 재미있고 케이크도 너무 맛있어보여요,003000010000
선물하기엔 브랜드 인지도가 너무 낮아서 좀 망설여지네요.,000000000200
음악도 좋고 커피도 고소하고 맛있어요! 데이트 장소로 딱입니다 다음번엔 저녁에 바 이용해보려구요,100000010000
블루베리 처돌이인데 여기 합격입니다 짱 맛있어요!!,000000000000
회전율은 일반적인 카페 수준이라 적당히 기다릴 만합니다.,000000000003
인테리어가 멋있고 케이크가 특히 맛있었습니다!!,001000010000
맛있어요 자주오는 브런치카페에요,010000000000
스피커 소리가 너무 찢어지는 소리가 나서 귀가 피곤했습니다.,000000200000
서울숲 바로 입구 일반주택 그대로 사용하는 카페에요.인기가 많아 자리잡기 어렵지만... 핸드드립 괜찮다고 추천해줘서 찾아갔는데 좋았어요.,100000200002
점심시간에 먹기 넘 좋구 깔꼼하고 분위기 좋숨다,000000010000
황치즈 쿠키인데 치즈 맛보다는 색소 맛만 강하게 나네요.,000200000000
망고 냉동으로 바뀌었다는데 그래도 너무 맛있었어요! 양도 많고 최곱니당,000010000000
조용한 곳을 찾다 발견한 곳 새로 생긴지 얼마 안돼서 그런지 깔끔하고 무척 친절하십니다 케익도 맛있어보였는데 푸딩이 있길래 커피랑 같이 먹었는데 탱글한데 부드럽고 생각지도 않게 넘 맛있어서 놀랐어요 바닐라빈이 콕콕 박혀있구 술술 넘어가요 서비스로 말차도 주셨는데 진하고 역시 맛났답니다 굿 다음에 또 먹으러 와야겠어요,103001101001
역시라떼 맛있어요... 다만 좌석 간격이 좁아서 대화시 집중이 잘안되는 단점이 있습니다.,100000200002
슈크림 라떼야 떠나지마,100000000000
"쌀알모양, 도토리 모양도 너무 귀여운데... 너무 맛있어요 발로나 초코!!",100001001000
커피가 괜찮아요! 인스타갬성 카페입니다!!,100000010000
"플랫화이트, 피콜로 라떼 같은 호주식 커피를 즐길 수 있는 곳. 바리스타분께 드립커피 맛있는 카페로 추천받아서 갔는 데, 드립커피도 좋았지만 플랫화이트가 너무 맛있었어요 매장이 좀 작긴했지만 인테리어가 깔끔해서 좋았습니다",100000210000
저게! 다 치즈케이크 라는 거 저 베이글 모양이 치즈케이크구요... 가격은 조금 비싼편인데 케이크 양 생각하면 막 비싼 건 아니구요 무엇보다 사장님이 증말증말 친절하세요 커피도 맛있어요!,101000001300
넓고 쾌적해서 좋았습니다. 평일 오후에 방문했는데 사람이 엄청 많지 않아서...,000000100001
샌드위치 식빵이 눅눅해져서 식감이 정말 별로였습니다.,020000000000
피넛버터 구매하러 갔는데 진짜 대애박... 가격도 250g에 9500원 제 생각보다 저렴했구요! 선물용으로도 좋을거같아요!?,010000000110
"커피맛은 만족스럽지 않았지만, 선곡이 좋았어요 분위기 굿",200000010000
아포가토 커피가 너무 써서 아이스크림 맛을 다 죽여버려요.,000002000000
소금빵 맛있어요. 커피는 취향에 따라,310000000000
겨울인데 실내가 너무 추워서 코트 입고 커피 마셨습니다.,000000200000
구욱희 씨 !! 크루키에 소금키까지 궁금했어요 맛있으면 좋겠다,000300000000
샌드위치 메뉴가 몇 가지 안 돼서 선택의 폭은 좁아요.,030000000000
케이쿠 너무 맛있어요! 카페분위기도 너무좋고 자리가 너무 편했습니다 ! 자주올거 같아요,001000110000
여기 오면 무조건 시그니처 커피 드세요. 커피 맛이 정말 고급스러워요.,100000000000
젤라또 진짜 맛있어요 요거트 진하고 텁텁하지 않고 맛있어요. 커피도 고소하고 힙 한 곳 !!!,100001010000
소금빵으로 만든 붕어빵 독특하고 맛있어요!! 먹어보는거 추천드립니닷,010000000000
아이스티가 가루가 덜 녹아서 바닥에 설탕이 그대로 깔려있네요.,200000000000
카페가 분위기가 좋고 루프탑도 잇어서 좋아녀 트리도 있고 친구들이랑 연인끼리 데이트 오면 좋응거같아요,000000110000
메뉴가 특이한 한식 퓨전이었는데... 식사 양은 바이다 보니 좀 적은 편이에요. 그리고 가격표 표시를 잘못하신거 같아요. 보는데 조금 햇갈렸어요.,000000002200
귀여워요! 아이스크림도 좋구요!,000001010000
진짜 맛잇어욤 넘 예쁘고,000000000000
치아바타는 샌드위치용으로 쓰기 적당한 두께네요.,030000000000
"사장님 친절하시고, 인테리어도 예쁜데 무엇보다 케익이 진짜진짜 맛있음!",001000011000
장소랑 커피 빵 삼박자가 너무 좋아요,110000100000
사장님이 친절하시고 빙수가 매우매우맛있고 양도 많고 직원분들이 예쁘시고 망고가 달아요!!,000010001000
말차 음료 쏘쏘합니다. 블랙세사미케이크는 글루텐 프리로 아주 건강한 맛이고요!! 흑임자가 씹히는게 인상적임,301000000000
오전에 일찍가니 넓은 공간에 조용히 커피 음미하기에 좋았다. 건물 너무 이쁨.,100000110000
루프탑에서 내려다보는 도시 전망이 정말 환상적이었습니다.,000000010000
빙수 진짜 엄청 커요! 그리구 너무 맛있음,000010000000
성수에서 유명한 네모 컨셉 카페라 와봤어요. 대기는 1시간 했어요. 그래도 케이크가 맛있었어요! 시그니쳐 네모라떼 마셨는데 티라미수커피에 엑셀런트 올려주시는거 같아요. 추천합니다!,101000000002
여기 파니니가 너무 맛있고 에스프레소도 너무 깔끔하고 맛있네요!!,110000000000
커피 아인슈페너 스타일인데 너무 맛있어요. 티라미수도 굿!,101000010000
핸드폰 충전 부탁드렸는데 분실 위험 때문에 안 해준다고 거절당함.,000000200000
4번출구 바로 앞이라 잠깐 기다리기 좋아요,000000100000
친구들과 이색적인 활동을 하면 좋을 것 같아 방문해보았습니다. 실내 이색 활동으로 좋네요.,000000000000
성수오면 꼭 오세요! 커피랑 바스크케이크 꼭드세요! 진짜 존맛탱!,101000000000
음료는 진짜 맛있는데 매장에서 먹을공간은 부족하고 테라스는 여름에는 최악이라서 테이크아웃 용으로 좋습니다,100000200000
좋은데 시간이 좀 모자라서 그래도 신선한 추억이었음,000000002000
가게 예쁘고 도넛도 맛있어요,000001010000
시그니처라떼가 아주 맛있네요 황금이 올라간 아인슈페너도 맛있어요... 인테리어도 예쁘고,100000010000
매장이 넓고 쾌적해요 !! 소음도 적당해서 테이블만 잘 잡으면 대화하기 좋을 것 같용 초코 카눌리 맛있어요 이거 드세요!!!!,000100100001
케이크 한 조각이 거의 식사 대용 급인데 가격은 적당해서 만족함.,000000000100
무화과는 제철에만 판매하는 시즌 한정 메뉴라고 하네요.,000030000000
빵 비주얼에 눈 돌고 친절하시어서 눈 돌았어요 빵도 엄청 맛있네요 추천합니다,010000001000
역시 성수동 카페중에 가장 인기 좋은 곳이라고 할수 있는 어니언! 좋습니다!,000000000000
공간이 넓고 좌석 구성이 다양해서 모임하기 좋아요,000000100000
맛있고 분위기 좋아요!! 날 풀리면 야외 앉기 좋을 것 같아요,000000010000
샌드위치 내용물이 너무 부실해서 실망스러웠습니다.,020000000000
하늘뷰 존예쁘고 커피두맛있구...,100000010000
"커피맛 좋아요 분위기도 좋고, 음악 볼륨도 적당하니 대화에 방해되지않고.",100000010000
수플레가 너모 먹고 싶었는데 갓벽한 비주얼이네오!,000001010000
휘낭시에랑 까눌레가 너무 맛있고 디저트 선물용으로도 추천해요!... 포장 비용이 조금 비싸지만 선물 주기에는 너무 좋은 것 같아요,000100000210
잠봉베르와 치아바타 예약하고 가서 픽업했습니다!! 진짜 가게도 너무 예쁘고 너무 맛있요.. 잠봉베르도 맛있지만 치아바타는 러브에요 러브.. 다이어트 포기하게 하는 맛.. 최고최고 최최고,010000010000
뷰도 좋고 커피도 맛나요!,100000010000
우연히 지나가다가 들렸는데 디저트가 진짜 너무 예뻐요.. 가격은 조금 비싸다고 느껴질수도 있지만... 사장님도 너무 친절하시고 완젼 예쁘셨어여,000001001300
라떼 너무 맛있어요,100000000000
베이글이 다양하고 쫠깃쫠깃 넘 맛있어요 매장도 넓어서 편하게 앉아있을 수 있어서 좋았어용,010000100000
선물용 봉투에 카페 로고가 크게 박혀 있는 스타일입니다.,000000000030
사장님도 친절하시고 요거트도 너무 맛있고 골라먹는 재미도 있어서 식사대용으로도 좋아요!,000001001000
소금빵은 퍽퍽하고 수분이 다 빠진 느낌이었는데 시그니처인 크로와상은 진짜 맛있네요! 근데 포장에 대한 환경부담금이 타카페에 비해서 너무 비싸요.,030000000220
엄청 줄서있길래 기대를 많이했는데... 소금빵이라기보다는 기름진 모닝빵같은 느낌이에요,020000000002
커피 맛있고 리뉴얼 해서 매장도 깔끔하고 이뻐요 !,100000110000
시그니처커피향 너무좋고 산미를 싫어한다면 따뜻한 아메리카노 강추,100000000000
선물용으로 추천해요! 먼 길 온 친구에게 들려보내기 딱인 아이템,000000000010
황금이 올라간 골든아인슈페너 완전 맛있어요!! 크림이 쫀쫀하고 커피랑 잘 어울려요 !... 엔틱한 분위기에서 공주왕관 쓰고 사진도 찍을 수 있구용,100000010000
샌드위치 야채 물기 제거가 안 됐는지 빵이 다 젖어있네요.,020000000000
젤라또 부드럽고 너무 맛있어요 매장 내에 좌석도 조금 있어서 좋네요!,000001100000
친구 생일에 필요한 케이크를 찾던 중 너무 귀여워서 방문하게 되었는데 너무 맘에 들어요!!!! 당일에도 예약할 수 있어서 완전 강추입니당,001000000000
친절하고 드립커피도 너무 맛있어요,100000001000
분위기가 좋고 역이랑도 가까워서 좋았습니다!,000000110000
무인카페의 신개념 로봇팔이 바리스타가 되어서 커피를 내려주는것도 재밌고 오픈된 좌석에 커피한잔 하기 괜찮은 공간 그리고 빵집오빠 천원빵도 있어서 간식으로 맛보기 조으네요,110000110000
정말 맛있고 선물하기도 정말 좋아요!! 포장도 너무 귀여워요,000000000010
제 성수동 최애 빙수 맛집입니다. 사장님이 친절하고 빙수가 정말 맛있습니다.,000010001000
너무너무 이뿐 케이크 감사합니당.,001000000000
정말 오랜만에 돈 아깝지 않은 카페를 발견해서 행복합니다.,000000000100
서울숲 나들이와서 맛있는 음식으로 힐링하고 갑니다!,000000000000
베이글 종류도 많고 늘 먹는데 최고 구글평점 1위 답네요 강추,010000000000
공간이 예쁜 곳이에요 흑임자도 맛나요,000000010000
"매장 분위기 너무너무 뽀짝하고 귀여워요! 메뉴도 신박하구, 키링으로 주문한다는게 되게 신기했어요 키링이 되게 하찮게 생겨서 키링에다 아이스크림까지 받는거 치면 가격 매우매우 착함..",000001010100
원두를 고를 수 있는데 사장님께서 친절히 설명해 주셔서... 날 풀리면 테라스에 앉아 즐겨도 좋을 것 같아요,100000011000
디저트 종류도 다양하고 이쁜데 맛도 미쳤어요.. 없어지는게 아쉬울 정도에요 딸기라떼 역대급으로 맛있습니다,100001100000
타르트 맛있어용!! 티라미슈랑 돼지바 타르트에요 마롱 타르트도 맛있어용 커피도 맛있어용. 인기가 많아서 주말에 자리가 없는날도 많아용 새로생겨서 더 깔끔하고 좋아용. 화장실이 남녀 공용인점은 좀 아쉬워용,100001300002
버터향 많이나고 부드러웠어요,010000000000
흑임자 빙수 짱 !!!! 넘 고소하고 맛있숨이다 커피도 짱짱,100010000000
음료가 맛있고! 매장이 추운감이 있지만 그래도 막 너무 춥다는 아니였어요! 매장도 넓어서 맘에 들어요!,100000100000
아이스팩은 요청 시에만 넣어주시는 것 같으니 꼭 말하세요.,000000000030
비주얼은 호텔급인데 가격은 동네 카페라 가심비까지 잡았네요.,000000000100
식사 빵 종류는 무난하게 있는 편이고 맛도 평범합니다.,030000000000
매장이 커서 기다림없이 커피을 마실 수 있어 아주 좋았습니다,100000100001
댕댕이 친구랑 같이가서 야외자리에서 햇살즐기며 잘 있었네요,000000110000
선물용이라고 했는데 상자가 찌그러진 걸 주셔서 기분 나쁨.,000000000020
빵 향기가 안 나고 그냥 무취의 밀가루 덩어리 같아요.,020000000000
"아츄, 플레인츄러스, 스페인레몬맥주, 짐봉샌드위치, 시나몬츄러스까지 아이랑 둘이 와서 맛있게 먹었어요! 츄러스는 언제 먹어도 감동인 맛 다른 곳이랑 차원이 다름",110001000000
잠봉뵈르 맛있음 단 개인적으로는 버터가 좀 덜들어가고 햄이 좀 더 있었으면 좋겠음,030000000000
크로플 달달하고 맛있어요맛있는 커피랑 달달한 디저트덕에 힐링하고갑니당,100001000000
불친절하고 맛없고 시끄러움 테이블등 더러움,000000202002
분위기 괜찮고 루프탑도 있어요 수플레 맛있어요,001000010000
디저트 다양하고 맛있어요. 다만 상이 낮아서 좀 불편해요,000001200000
사진 찍기도 좋고 여성분들 취저네요. ... 디저트 완전 독특하고 맛나요,000001010000
두바이찹쌀떡 궁금해서 먹어봤는데 맛있어요! 근데 다른 맛들에 비해서 좀 비싸요. 떡 하나에 6500원..,000001000200
너무재밌었어요 2시간은 부족하지만,000000010000
직원들이 바쁘게 움직이긴 하는데 워낙 손님이 많네요.,000000000003
가방을 놓을 수 있는 바구니가 자리마다 있어 짐 보관이 쉬워요.,000000100000
나에겐 성수동 단골집 빵도 맛나고 커피도 맛나고 분위기도 조콩 친절하고 젤 유명한 팡도르는 달달구리...내취향은 X,120000011000
오랜만에 언니랑 즐겁게 만나서 놀았어요 바질 페스토 뇨끼도 맛있어요!,010000000000
전용 주차장에서 매장으로 이어지는 통로가 비 안 맞게 되어있네요.,000000100000
장소는 살짝 작지만 분위기 좋고 디저트랑 음료가 맛있습니당,100001210000
초코가 올라간 희망시에는 처음이라 기대됩니다 !,000100000000
제주 느낌 물씬 나는 타르트라 그런지 맛도 신선하고 좋더라고요... 재료에 신경 많이 쓴 게 느껴져서 만족스러웠어요!,000001000000
타코파이 좀 생소하지만 맛은 특별합니다! 애플파이 토마토파이 라따뚜이 3종세트로 구매했고 하나하나 다 맛나요,010000000000
매장이 진짜 시원해서 덕분에 살았어요!! 평일이라서 그런지 사람도 없고 한산해서 여유롭게 즐기다가 왔어요,000000100001
너무나 완벽한 맛입니다 연화쉐프의 정식당이 그립다면 여기서 만나실 수 있으세요! 휘낭시에만 주문했다가 샌드쿠키 현장에서 추가로 주문했는데 어르신들께 선물해 드리면 너무 좋을 것 같아요. 부산에서 왔는데 일부로라도 일정에 껴서 방문하는걸 추천드리는 맛입니다 흥하세요,000100000010
빙수 그릇이 유리가 아니라 플라스틱이라 좀 아쉽긴 합니다.,000030000000
너무 친절하시고 분위기 좋아요!,000000011000
"인테리어가 예쁘고 매장이 넓고 자리도 앉기 편해요. ... 치글 시그니처 메뉴에 치즈, 얼그레이 크림 라떼 시키고...",110000110000
담백함을 기대했는데 버터가 너무 많이 들어가서 느끼해요.,020000000000
커피도 맛있지만 생화를 배치하는 센스에 박수,100000010000
"다양한 과일을 사용한 디저트가 하나같이 너무 예뻤고, 커피도 맛있었어요!",100001000000
담백한 빵 위주라 자극적인 맛 좋아하시면 심심할 수 있어요.,030000000000
커피 맛있어요 디저트도 눈에보여서 이것저것 담아봤어요,100001000000
수플레가 푹신하니 맛있어요,001000000000
덕분에 너무 예쁜 포인트로 브라이덜샤워 테이블을 완벽하게 만들었네요. 특히 마차 케잌은 제가 정말 사랑합니다 너무 달지 않은 단맛이라 좋구 크림도 정말 건강한 맛이예요. 디저트 치곤요 커피 드링크도 정말 맛있어요!,101000010000
베이글은 여기가 최고예요 주문 시스템은 별로지만 맛있어서 또가고싶어요,010000002000
맛있어서 1시간 걸려서 일부러 찾아와요 짱임,000000000000
"너무 귀여운 곰돌이 빵과 카이막, 벌꿀 조합! 빵은 버터향 낭낭한 모닝롤 같은 느낌인데 부드럽고 빵만 먹어도 맛있었어요! 카이막도 우유 향, 맛이 솔솔 나요. 꿀, 카이막 따로따로 발라 먹어 보고 둘 섞어 먹어도 보았는데 다 맛있었다는 결론 먹고 오기에는 2층 테이블이 다 야외여서 포장해 왔어요. 예쁘게 꾸며져는 있는데 이 여름에는 앉기가그것만 조금 아쉬워요!",010001200010
넓고 편해서 쉬기 좋은 곳이에요,000000100000
매장 넓고 인테리어가 깔끔해서 좋아요. 고소하면서 초콜릿 맛이 살짝나는 커피 맛이 좋아요,100000110000
지인들과 얘기하면서 티타임 하기 좋은 곳,000000010000
친구 추천으로 왔는데 분위기도 좋고 맛있어용),000000010000
가성비는 안좋은 맛집!!,000000000200
브런치 맛집 찾다가 독특한 디저트가 있길래 와봤는데 너무너무 입구부터 버터향 너무 좋아욜 먹어보니 맛있네용 담에 또올게요!,010000010000
특별한 메뉴도 있고 가게 분위기도 너무 좋아요 아이스크림도 맛있어요. 데이트로 오기에도 좋은 곳 같습니다!,000001010000
"학생 할인이 있다고 써 붙이지나 말지, 대학생만 된다네요.",000000000200
냉동 과일이 덜 녹았는지 얼음 덩어리가 계속 씹혀서 별로였습니다.,000020000000
매장인데 일회용컵에 주셔서 나가기는 좋았네여 직원분들이 약간 무뚝뚝해서 불편했어용 하지만 디저트는 맛있었습니당,000001002000
맛있음 갈때마다 매번 자리없어서 못먹었는데! 좁은게 넘 아쉬움,000000200002
갱쥐가 기엽구 커피가 맛있어요,100000010000
양갱 양이 너무 적어서 코에도 못 붙이겠네요.,000002000000
술 들어가서 되게 특이한데 맛있어요!,000001000000
음식도 맛있고 테라스 자리도 너무 분위기 좋네요. 자주 오고 싶은 곳입니다.,010000110000
빙수가 넘 예쁘고 맛있습니다 연유를 안넣어도 빙수가 충분히 달아서 맛있었어요!,000010000000
주문하면 바로 만들아주시고. 맛잇고 친절하세요,000000001000
"자리마다 콘센트도 있고, 12인용 책상도 많이 구비되어있어 일하고 공부하기 좋을거같요! 그라니따 먹었는데 레몬 샤베트에 에스프레소 조합이 넘나 맛있었용!",100000100000
화장실이 매장 안에 있고 너무 깨끗해서 이용할 때 쾌적했습니다.,000000100000
디저트 맛나요 평일 낮에도 사람 많아요,000001000002
약과 쿠키 조합이 신선한데 맛까지 있어서 감탄했습니다.,000100000000
성수동 핫플레이스 빵도 정말 맛있어요,010000000000
2층까지 꽉 차서 발 디딜 틈도 없고 정신이 하나도 없어요.,000000000002
착한 가격에 커피도 맛있네여,100000000100
맛있을 것 같아요. 행사 할 때 가 보세요.,000000000000
만들어주신분이 손흥민 닮으셔서 깜놀했어요 엄청 친절하시고 좋았습니다,000000001000
빵이 질기지 않고 부드럽게 찢어지는 게 반죽을 잘하신 듯요.,010000000000
맛있고 특색있는 메뉴,000000000000
무신사왔다가 맛있게 먹구가요,000000000000
비가 와서 입구가 미끄러운데 주의 표시 하나 없고 나 몰라라 함.,000000002000
케이크 위에 과일 토핑은 시즌에 따라 달라진다고 합니다.,003000000000
특이한메뉴가 많아서 볼거리도있고 음식도 맛있었어요!,000000000000
시그니처 커피 짱비쌈,200000000200
직원분이 하나하나 다 챙겨주시고 친절하셨어요,000000001000
가격은 약간 비싸지만 맛있고 인테리어도 예뻐요.,000000010200
진짜 맛있어요.. 그냥 다 맛있어요..,000000000000
편하게 가기 좋아요,000000100000
통밀빵의 구수한 향이 코끝을 자극해서 입맛을 돋우네요.,010000000000
서울숲 옆 까페골목에서 구석진 곳 1.5층 작은 까페예요. 디카페인 커피와 얼그레이 밀크... 초코 마들렌과 아몬드 휘낭시에 맛있게 먹었어요 조용한 까페 원하시면 추천합니다.,100100010000
성수 방문할 때마다 들리는 좋아하는 카페 다양한 라떼 맛도 다 취향저격이고... 특히 말차라떼는 진하고 고소해서 마음에 들어요,100000000000
식빵이랑 크림치즈 포장했어요 특별한 메뉴와 인테리어 분위기도 좋고 베이커리도 넘 맛있어요,010000010010
사람 많은 성수를 떠돌다 겨우 들어온 한적하고 이쁜 카페입니다!!,000000010001
연무장길 초입에 위치해서 약속장소로 좋아요,000000100000
인테리어도 진자 너무 멋잇고 커피랑 디저트도 너무 맛있어요 또 오도싶어요,100001010000
여기진짜맛있어요 항상대기있음,000000000002
"맛이 아주 특별하진 않았지만 뷰가 좋고, 건강한 식사를 팔아서 좋아요 키오스크 오류가 너무 많이나서 애당초 직원분이 주문 받아주시면 좋겠어요",000000012000
그라니따 엄청 맛있어요!! 직원분들이 친절하셔서 좋았네요 매장이 예뻐서 사진찍기도 좋은거 같아용,100000011000
여기 팥빙수 떡이 아주 쫄깃쫄깃해서 식감이 너무 좋아요.,000010000000
베이글 종류도 엄청많고 줄을 기다리지 않아서 좋았어요,010000000001
콜드브루 돌체라떼 맛있어요!!,100000000000
고소해요.... 푸딩이 생각보다 더 맛있어서 자꾸 자꾸 퍼먹어요 메뉴가 특색있고 맛있어요,000001000000
"자리 조정도 해주시고, 너무 친절한 곳입니다. 음악도 좋고, 푸딩이 시그니처인 곳 또 오고싶은 카페 인테리어도 좋고 음료도 맛나고 다양해용",100001011000
저는 이번에 커피 한잔만 했지만 디저트들도 맛있어보여서 또 방문하려구요 데이트코스로 넘 좋아용,100001010000
메뉴판이 와인 고르기도 쉽게 돼있어서 편하고 분위기도 좋아용 아이스크림 너무 맛있어서 와인보다 더 먹게 돼요!!,100001011000
우연히 가게 표지판보고 들어왔는데 분위기도 좋도 자리도 편하고 커피도 넘 맛있어서 잘쉬다가가요. 캠핑왔다간것같아요,100000110000
여유로운 시간을 즐기고싶다면... 예약 시 금액에 음료값이 포함되어있어서 좋았어요!...,100000110100
밀도의 바로 구운 식빵은 정말 맛있어요!,010000000000
가게 들어갔는데 아줌마가 인사도 안하고 빤히 쳐다만 보며 뭐하나 동태를 살피다가 남편분으로 보이는 빵굽는 아저씨가 인사하니 들어온지 한참됐는데 아줌마 그제서 어쩔수 없이 따라 인사하더라구요 .. 바게트 무슨 밀가루냐 물으니 그것도 모르냐는 식으로 프랑스밀이요! 라며 퉁명스럽게 말해 빵 사면서도 기분만 상하고 나왔어요. 이런 빵집말고 맛있고 친절한 곳으로 갈래요,010000002000
진짜 아인슈페너 맛집이에요 딸기 케익도 엄청 맛있고 아늑하고 분위기...,101000010000
요거트 볼 구성은 과일이랑 그래놀라 정도로 일반적입니다.,000003000000
"한입베이글 없어서 못 샀는데, 오늘은 다행히 베이글이 남아있네요!",010000000000
성수에 이렇게 맛있면서 분위기 편안하면서 넓은 곳이 있다니 감동적이다. 인스타그래머블하지 않아서 백배 더 좋은 곳,000000110000
3단 선물세트 샀는데 비싼가격대비 맛은 그냥 평범해서 아쉬웠어요..,000002000230
고소한 라떼 좋아요,100000000000
나의 카페인 주유소,100000000000
모나카가 귀여워요 테이블이 좀 낮은 편이라 오래있으면 불편할 수도 있을듯,000001200000
매장 깔끔하고 베이글 맛있어요,010000100000
"아이스크림 맛집!!! 알쓰라 술을 잘 못 먹어서 발베니 카라멜, 글렌 오렌지를 먹었는데 둘다 넘 맛있어요 특히 글렌 오렌지는 위스키 맛이 살짝 느껴지는 오렌지 맛이라 강추합니당! 인테리어도 너무너무 예뻤어요",000001010000
에어프라이어에 데워서 먹으니 아침빵처럼 맛있어요 매일 아침을 깨우는 맛! 느무 좋아요,010000000000
풍경도 예쁘고 음식도 너무너무 맛있어용 라자냐 강추,000000010000
재밌었어요. 시간가는줄 모르고 했음..,000000000000
빵도 맛있고 음료가 특히 더 맛있네요! 내부 인테리어도 좋고 매장도 넓어요.,110000110000
직접 만드는 베이커리라 빵에서 고소한 풍미가 확 느껴져요 크루아상 결이 살아있고 속은 촉촉해서 정말 맛있었어요 루프탑에서 먹으니 더 기분 좋더라고요,010000100000
까눌레가 비싸긴 하지만 맛있습니다,000100000200
딸기 아이스크림!! 와우!,000001000000
더블 치즈와 버터 소금 베이글을 골랐는데 너무 맛있었구요 다른 베이글들이 더 궁금해지는 맛이었어요! 시그니처 라떼는 제가 얼죽아라 못먹어봤는데 담에 또 방문해서 먹어볼 생각입니다,310000000000
매장 소음이 너무 울리는 구조라 옆 사람 말소리도 안 들려요.,000000200000
직원분들 서비스는 그냥 딱 기본적인 수준으로 친절하지도 무례하지도 않아요.,000000003000
핸드폰 충전 서비스가 있어서 배터리 없을 때 정말 유용했습니다.,000000100000
커피도 맛있고 까눌레칩도 맛있규 마들렌도 맛있네요,100100000000
시그니처메뉴랑 레몬 시켰는데 맛있었어요! 잼들도 같이 파는거같았고 스프레드 종류나 이것두 구매가 가능해서 좋았고 웨이팅없이 들어와서 좋아요!,100001000001
독특한 컨셉과 친절한 응대가 커피 맛을 더 좋게 하는 것 같습니다. 테이블이 많지 않아서 주말이면 웨이팅이 항상 있을 것 같아요.,100000211002
피스타치오 맛 찐하고 좋은데 가격대비 크기 너무 작음,000001000200
분위기 즐기러 왔다가 사람에 치여서 금방 나왔습니다.,000000000002
너무 맛있어요!! 분위기도 좋고 당충전 제대로!! 수플레 맛집이예요!!!,001000010000
"케이크는 딸기생크림이라며 고집하고 살아온 2n년. 지금까지 먹은 것들은 모두 거짓이었나봅니다,, 사실 케이크가 너무 예쁘게 생겨서 고른 거였는데 맛이 미쳤네요 진짜 너무 너무너무너무 맛있어요 꺅 둘이서 1호를 호로록 먹어버렸지 맙니까,, 사진 보는데 또 먹고싶어요 츄릅 6월 초에도 딸기 듬뿍 케이크를 먹을 수 있어서 행복했어요,, 제 생일은 7월 말인데 그때도 먹게 해주세요 딸기 좋아 케이크 시트도 맛있고 무엇보다 크림이 감동적이에요,, 다른 곳은 느끼해서 크림은 덜어 먹는데 여기는 싹싹 긁어먹고도 아쉬워요,,,딸기는 폭탄 맞은 것처럼 듬뿍이라 싸우지 않고 먹을 수 있어요 제가 죽으면 크림라벨 케이크가 있는 곳으로 보내주세요. 그곳이 천국이니까,, 흑 실례가 안된다면 평생 케이크 팔아주세요",001000000000
테이크아웃 20프로 할인 좋은거같용 맛있게 잘 마셨습니다 !!,100000000110
공간멋지구 여유넘구 서비스조콩,000000101000
친구가 사진맛집 커피맛집이 생겼다길래 방문했어요!! 진짜 인테리어 무엇인가요 나 해외여행 온 건가..... 싶었어요 진짜 친구 사진 찍어 주느라 커피 디저트 사진 못 찍었는데 다음에 또 방문해서 디저트랑 더 먹어보려고 추천합니당!!,100000010000
왜 그런곳 있잖아요. 앉아 있으면 기분 좋아지는 카페... 넓은 매장에 앉아 있으면 편안하고 거기에 커피와 케이크까지 맛있으면 너무 좋죠,101000101000
두바이케이크 있어용 안은 아늑한 편이에용 딸기케이크가 시그니처에용!,001000110000
간단하게 점심먹으러 왔는데 베이글샌드위치 맛있네요. 밀도가 아주 높지 않아서 부담없이 먹기 좋아요.,010000000000
디저트들이 맛있어요,000001000000
꿀자몽 자몽요거트cup은 입안에서 맨도는 생과일이 씹히면서... 아이스크림 도 이뻐요!,000001000000
카페 이름이랑 인테리어 컨셉이 너무 잘 어울려서 인상적이에요.,000000010000
타르트에 넣은 생블루베리 정말 싱싱하고 알도 굵어요 크림도 달달하고 부드러워서 블루베리와 환상적으로 어울렸어요 단 것 좋아하시는 분들 강추,001000000000
조금비싸다고 느끼나 인테리어가멋짐,000000010200
깔끔한 매장 맛난커피 추천받아서 방문해보았습니다.,100000100000
식빵 크기는 적당하고 맛도 주변 카페랑 비슷합니다.,030000000000
후추소금빵 그리고 다른 빵들도 다 맛있어요. 친절하고 좋아요!,010000001000
쿠키 안에 견과류가 너무 적어서 씹는 맛이 하나도 없네요.,000200000000
망고빙수 냉동아니라서 맛있고 물렁해요! 직원분들 친절하시구 성수동치고 가격도 안 비싸서 좋아요!!,000010001100
맛집!!! 좋았어요 다음에 또 갈 예정입니다,000000000000
디저트 솔직히 기대 안 했는데 완전 맛있어요!!!! 카페 분위기도 정말 좋아요,000001010000
"피버바 스무디 고소하고 짱맛입니댱,, 여기오면 꼭꼭 드세요 카페도 아늑하고 좋아용",100000010000
섬타르 서울숲은 성수동에서 제주 감성을 느낄 수 있는 곳이라... 디저트와 공간 모두 만족스러웠습니다.,000001110000
딸기케익 우리아이가 2개 다먹을 정도로 맛나요 사진찍기전에..다먹음,001000000000
커피랑 샌드위치가 맛있었어요 ! 인테리어가 전시회온거 같아요,110000010000
케이크가 정말 예술 작품처럼 예뻐요 맛도 좋았고 포크 성냥도 챙겨주십니다 ! 다음에 또 이용하겠습니다,001000001000
"애플 타르트 꼭드세요 대존맛!! 원래 다른카페 가려다가 사람 넘 많아서 기대안하고 요기 방문했는데 애플타르트 쫀맛탱!! 바나나브레인은 찐!!! 바나나우유인데, 많이 달거나 느끼한맛이 없어요 우연히 방문했는데 자리도 널널하구 좋아쑴",101000100001
베이글이 아주 쫄깃하진 않지만 그냥저냥 먹을만해요.,030000000000
"커피도 맛있고, 인테리어도 예뻐서 좋은 거 같아요! 직원분도 친절하셔서 되게되게 좋은 거 같습니다 )",100000011000
너무 기엽고 아기자기,000000010000
심플한 인테리어가 취향저격. 초콜릿 풍미 가득한 루프 라떼 맛있네요!,100000010000
분위기도 좋고 2차로 오기에 너무 좋은곳이에요. 다른 젤라또집과 다른 색다른 맛이 있어서 와인이랑 너무 잘 어울리는 것 같습니다,000001010000
아이스크림이 금방 녹아버려서 나중에는 그냥 설탕물 같아요.,000002000000
왕크니까 왕 맛있다 !,000000000000
베이글 맛집이라서 와봤는데 역시 맛있어요! 점심먹어야해서 크림브륄레 하나만 먹었는데 크림치즈그 너무 맛있어요! 그래서 다른맛들도 포장해가려구여,010000000010
조용하고 공간도 넓어서 좋았어요! 커피도 맛있습니다,100000100001
소금빵의 짠맛이 강하지 않아서 담백하게 먹기 좋아요.,030000000000
라떼가 맛있는 블루보틀 뚝섬역 바로 앞이라 접근성도 좋아요,100000100000
디저트 크기가 엄청 큰데 가격은 다른 곳보다 훨씬 싸서 놀랐어요.,000000000100
화장실은 건물 공용 화장실을 써야 해서 키를 챙겨가야 합니다.,000000300000
너무이쁘네요 최고최고,000000010000
감성 채우러 왔어요 빵 종류가 많아서 고르기 힘들었어요 다 먹고 싶어오 자리가 약간 협조하지만 그래도 맛있어요!,010000210000
매장 자체도 넓고 컨셉츄얼하고 야외도 너무 잘 가꿔져있어 좋습니다. 브런치 메뉴도 특색있고 커피도 맛있어요,110000110000
지나가다가 우연히 들른 카페인데 타르트도 너무 맛있고 실내 인테리어도 아늑하게 되어있어서 쾌적하고 좋았습니다! 나중에 또 올게요,001000110000
뷰도 분위기도 좋고 단란한 느낌이 포근해요 디저트도 맛나요 !,000001010000
대기 명단 적었는데 제 순서 건너뛰고 다른 사람 먼저 들여보냄.,000000000002
1박2일 천상가옥 시청하다 궁금해서 왔어요.. 커피 스콘 맛있어요,100100000000
베이글이 데워져 나왔는데도 속이 차갑고 딱딱하네요.,020000000000
가격 대비 뛰어난건 딱히 모르겠는데 그냥 소금빵입니다.,030000000200
"당일에 만든 빵 너무 맛있어요. 좋은 재료 맛도 느껴지고 가격도 최고.. 소금빵, 바게트, 치아바타, 잠봉뵈르 추천해요!!",010000000100
파이가 맛있고 공간이 예쁘네요,010000010000
주문 누락되서 한참 안나오고 ... 사과도 없음.. 퀄리티 대비 비쌈 재방문 의사 없음..,000000002200
사과소르베 리코타치즈 아이스크림이 너무 맛있어영,000001000000
여기는 걍 올 때마다 모든 메뉴 다 털고 싶어지는 곳.,000000000000
"몽블랑슈는 느끼한 편이지만 나쁘지않았고, 퀸아망은 바삭하고 맛있었다. 하지만 커피가... 아메리카노는 너무 싱겁고 라떼도 쓰고 싱거웠다. 최근에마신커피중 최악. 여직원도 응대가 차갑고 친절하지않아 재방의사 없음.",210000002000
녹차 라떼 맛이 진하지는 않은데 부드러워서 가볍게 마시기 좋아요.,300000000000
뉴올리언스 커피 맛잇어용,100000000000
이번엔 제가 지인 데리고 방문했는데 언제 와도 좋네요! 와서 대화하기도 좋고 작업하기도 나쁘지 않아요,000000010000
빙수가 맛있어요!!,000010000000
혼자 시간 보내기 너무 좋아요 힐링 완전 최고 직원분들도 친절하시고 여유 있을 때마다 가고 싶어요,000000001000
딱 제 취향이라 커피 맛있게 마시고 왔어요,100000000000
생크림이 전혀 느끼하지 않고 고소해서 입안에서 사르르 녹네요.,001000000000
아들 친구랑 갔다는데 무지 비싸군요,000000000200
음식도 맛있고 아침 일찍 오픈해서 더 좋아요 여러 잼을 맛볼 수 있어서도 좋구요,010000001000
시그니처 음료도 많고 에어컨 빵빵하구 사람 많지 않아서 좋았어요!,100000100001
분위기도 너무 좋고 망고 빙수가 너무 맛있어서 웨이팅 있지만 기다릴만한 거 같습니다 다음에도 성수나 건대입구 올일 있으면 또 올거 같아요!,000010010003
라떼 아트도 예쁘지만 우유 스팀이 부드러워서 커피랑 조화가 미쳤어요.,100000000000
주문할 때 직원분이 메뉴를 꼼꼼히 설명해줘서 고르기 쉬웠어요. 디저트와 커피가 각각 예쁘게 세팅되어 눈으로 먼저 즐기게 되더라구요. 한 입씩 먹을 때마다 달콤함과 커피 향이 부드럽게 어우러져서 끝까지 기분 좋았어요.,100001001000
지인에게 이야기듣고 방문했는데 너 무 맛있어요 종류별로 다 먹고싶을만큼 만족합니다,000000000000
데워달라고 하면 데워주는데 따뜻할 때 먹는 게 낫네요.,030000000000
커피 맛있고 쿠키도 맛있고 무엇보다 조용해요!,100100000001
우연히 들린 곳이지만 스콘 굽는 냄새가 너무 좋네요 분위기 좋아요,000100010000
너무 갬성적인곳 술 종류도 다양하구 아이스크림도 맛있고 좋은곳 감사함니다아,000001010000
친구들과 수다떨기 좋아요,000000000001
다양한 과일 베이스 음료들이 있어서 산뜻하게 보낼 수 있었어요! ... 노트북 하기 좋은 적당한 테이블도 있어서...,100000110000
갓 구워 나온 식빵의 결이 살아있고 정말 부드럽습니다.,010000000000
디저트 종류도 많고 맛있었어요!!,000000000000
토스트 종류 많아요! 리치베리 프렌치 토스트 먹었는데 달콤한 머랭이랑 리치베리 상큼새콤한 맛이랑 너무 잘 어울려서 먹는 내내 행벅했어요,010000000000
사람엄청 많고 빵은 살것도 먹을것도 없네요 오직 식빵만 있어요,020000000002
주차가 안되는게 아쉽지만 친절하고 맛있어요.,000000201000
직원분도 친절하고 음료도 맛있게 마셨어요.,100000001000
팬케잌 세장 주는 집은 여기 밖에 없었어요! 맛있고 입에 넣으면 살살 녹네요 맛있습니다!,010000000000
쑥 케이크는 쑥 향이 너무 강하지 않아서 입문용으로 좋음.,003000000000
웨이팅 시스템도 없고 그냥 줄 서서 기다려야 해서 힘들었음.,000000000002
피넛버터가 너무너무 고소하고 맛있어요! 음료도 너무 맛있게 먹었습니다!!,100100000000
인테리어도 예쁘고 일단 치즈케이크가 너무 맛있어요!! 꾸덕꾸덕한 치즈 케이쿠 좋아하시면 강추합니다bb,001000010000
인테리어가 너무 예뻐고 커피가 너무 맛있어요 !,100000010000
특별한 메뉴가 있어 찾아왔어요 분위기가 좋아요,000000010000
역 바로 앞이라 접근 좋아요,000000100000
휘낭시에 크기는 적당하고 맛은 그냥 무난한 편입니다.,000300000000
딸기 케이크 미쳤어요 자리도 편해서 좋아요!!,001000100000
커피 가격이 합리적이고 맛도 좋습니다,100000000100
아주 아주 만족스러워요 다양한 수제잼과 신선한 재료 굿입니당,000000000000
기다린 보람이 있군요,000000000001
"넓은공간, 감각적인 라운지 인테리어, 쉬기 좋은 곳입니다",000000110000
맛있는건 그닥 모르겠고 가격이 비쌈 블루보틀 보온병보러옴,000000000200
과일 요거트 볼이 걸쭉하고 진해서 과일을 아끼지 않은 게 느껴져요.,000010000000
"성수역 디저트 카페 와이덴 성수 성수역 포토플레이스로 유명한 성수역 카페 와이덴 성수 방문했습니다. 입구에서 사진찍기로 유명한데 이유를 알것 같습니다. 매우 사진이 잘나오는 성수역카페입니다. 사장님 엄청 친절하시고 커피경력이 높으신 분이라 커피와 음료 모두맛있고, 디저트 또한 수준급입니다. 내부 크리스마스 인테리어가 잘되있어서 기분좋게 데이트했습니다. 결론 매우 만족",100001011000
딸기빙수 너무 맛있어요 카페 인테리어도 예쁘고 비가 올 거 같아서 루프탑은 안 갔는데 24층까지 사용 가능해서 인원 많아도 들어오기 괜찮았어요. 저희는 6명 근데 남자친구나 연인이랑 오기도 괜찮은 것 같아요.,000010110000
너무 독특하고 내부 인테리어도 아늑하고 술집 같지만 아닌거 같지만 술집이고 너무 매력있고 맛있어요,000000010000
성수동의 코지한 베이글 맛집.친구와 함께 산책 후 커피한잔 곁들이기 좋은 장소,110000010000
올리브 베이글 진짜 맛있어요 평일 점심시간에 갔는데 줄서야해요 여러 베이글 맛볼려면 일찍 가야될거같아요 12시에 갔는데 베이글 몇종류 없었어요 앉아서 먹는 사람도 많네요,010000000002
입구에 경사로가 설치되어 있어 휠체어 접근성이 아주 좋습니다.,000000100000
분위기 좋구 직원분들 친절해용 화장실두 깨끗하구욤,000000111000
왜 유명한지 알겠네요 맛있어요,000000000000
케이크 가성비 넘나 좋아요 진짜 맛있고 예쁘고 앞으로도 꾸준히 오로라베이커리 이용할것같아요 빵도맛있고 음료도 최고였어요,111000000100
냐미냐미냠스 분위기 좋고 위치 좋고 커피 맛있어요 ! 커피에 대한 자세한 설명이 곁들여져서 좋았습니다.,100000011000
맛은 보통인데 넘 비싸게 팔아요 ... 잠봉뵈르 먹다가 이 나갈뻔 빵이 딱딱하기도 한데 ... 토마토 소스 패키징은 귀여운네.. 그냥.. 폰타나가 나을듯,020000000210
"팬케이크, 감히 서울 최고의 팬케이크집이라 말해보겠는데, 근데 시럽좀많이 주세요. 시럽 아끼면 안됨... 시럽 리필해달라고하는거은근눈치보임. 저기 어디냐 이태원 모 팬케이크 가게는 많이주는데",010000002000
브런치 가게 찾다가 오게됐어요 뚝도시장바로 앞에있어요 맛있네용,000000000000
성수역에 쾌적하고 드넓은 스타벅스가 뙇!,000000100000
팬케이크가 맛있어요. 어머니 모시고 가서 브런치로 먹었는데 만족하셨습니다!,010000000000
사람이 많았지만 그래도 넓고 쾌적해서 잘 쉬다 갑니다! 커피도 맛있네용,100000100002
시그니처 메뉴인 천상가옥 고소달달한 맛이 너무 맛있어요! 아인슈페너도 적당히 달달하고 맛남 생각보다 좌석도 많고 넓은데 사람이 시끄러울 정도로 많지 않아서 오래 대화하기도 좋을듯해요,100000100001
인테리어가 너무 조잡하고 정신없어서 오래 앉아있기 힘들어요.,000000020000
매장이 아늑하고 좋아요! 커피도 맛있고 디저트도 맛있어요 맛있게 잘 먹고 갑니다.,100001010000
주차장 혼잡도가 낮아서 주차부터 입장까지 일사천리네요.,000000000001
노찬영 바리스타님은 굉장히 친절하셨고 커피도 너무 만족스러웠습니다. 그러나 여자 바리스타분은 딱히.. 친절하다는 느낌은 못 받았습니다.,100000003000
"100 땅콩인데 너무 부드럽고 맛있어요 항상 사먹고, 선물도 자주 하는데 다 좋아해요! 추천합니다",010000000010
스피커 음질이 좋아서 노래 소리가 귀에 꽂히는 느낌이 일품입니다.,000000100000
음료도 맛있고 디저트 티라미수도 진짜 맛있어용! 게다가 분위기는 덤.. 매장내부가 넓은편은 아니지만 좌석간 거리가 있어서 대화하기 좋았습니다,101000110000
"오우드1호점 가까운 곳에 새로 생긴 카페 오우드2호점! 널찍하고 큰 공간에 층고가 높아서 답답하지 않았던 곳이었어요 1층은 화이트 인테리어에 햇살이 잘 들어 밝은 느낌, 2층은 살짝 어두우면서 홀로 작업하기 좋았는데 야외테라스에 자리도 많아서 나중에 날씨 따뜻해지면 지인끼리 와서 대화나누기 좋을 것 같습니다 오우드에서 먹었던 커피나 디저트 모두 수준급으로 맛있어서 나중에 다시 와서 다른 종류의 디저트와 커피를 맛보고 싶다고 생각했어요 크루아상, 아메리카노, 라떼 모두 만족스러워서 성수동 가볼만한 카페로 추천할게요!",110001110000
치즈케익 전문점이라 그런지 다른 곳과 다르게 더 꾸덕하고 마싯어요 사장님이 서비스로 아이스크림도 주셨네욤 번창하세요!,001001001000
저번에 왔다가 맛있어서 또 왔는데 여전히 맛있어요,000000000000
분위기도 너무 좋고 너무 친절하세요 디저트 너무 맛있고 매장도 청결해요.,000001111000
복숭아 빙수 처음먹어보는데 맛있어용!!! 무더운 여름이 날라가요!!,000010000000
원두 품질이 이렇게 좋은데 이 가격이면 사장님이 남는 게 있을까요?,000000000100
2호점 갔는데 주말이라 웨이팅9팀 있어서 테잌아웃 했는데 다음엔 매장에서 먹어보고싶어요 굿굿,000000000002
에그타르트는 덜익은 계란찜 식감 (홍콩식)이 아니라 찐 바닐라빈 잔뜩 들어간 푸딩맛... 여기가 바삭하고 기름지지 않아서 물리지 않아요,000100000000
생각보다 별로였어요 그러다 할 맛은아니고 정말 일반 쿠키집입니다.,000200000000
커피가 맛있어서 자주 오게 되요,100000000000
가게 이쁘고 직원이 친절해요 아직먹기전이지만 맛있겠죠,000000011000
오틀리랑 두유 옵션 있어서 좋아요!,100000000000
"특히 아메리카노 맛이 좋다고 하셨고, 베베 복숭아 케이크가 예쁘고 맛있어서 만족하셨네요.",101000010000
처음왔는데 양도 많고 맛있어요. 잘 먹고 갑니다.,000000000100
에르제 잠봉샌드위치는 언제나 먹어도 맛있죠! 미리 예약하니 너무 편해요. 다른 빵들도 맛있고 동네라 더 좋아요,010000001000
나무 문을 열고 들어가면 아담한 내부가 보입니다... 크로와상과 감태소금빵을 구매했어요. 크로와상. 정말 바삭하고 속은 쫀득합니다. 가격도 정말 착하고,010000100110
남자친구 생일로 예약했어요 미니 사이즈인데도 양 많고 정말 맛있어요! 와인이랑 먹기 좋습니다! 추천해요.,001000000000
조명은 주광색이라 전반적으로 밝고 환한 분위기입니다.,000000300000
분위기좋고 넘좋아요,000000010000
너무..맛있어요.. 포장도 특별하구요,000000000010
갑자기 찾았지만 너무 만족합니다. 붕어빵 음료 모두 맛있어요!!!,110000000000
평일 오후 자리 많이 널널했습니다. 퐁신 말랑한 느낌의 베이글이였어요.,010000000001
빙수 비주얼은 평범한데 양이 꽤 많아요.,000030000000
담백하면서도 풍미가 깊은 빵들이라 매일 먹어도 안 질려요.,010000000000
디저트에 생과일이 조금 들어있긴 한데 데코용에 가까워요.,000030000000
Good coffee,100000000000
늘 친절하시고 브리오슈 종류가 다양해요 인테리어도 예뻐용,010000011000
맛있고 독특해서 좋았어요! 조용해서 술마시기에도 좋았어요...,000000010000
남녀 화장실이 확실히 분리되어 있어서 안심하고 사용했습니다.,000000100000
분위기 최고 크리스마스처럼 꾸며놔서 너무 예뻐요!! 매장도 넓고... 커피도 맛있고 최고,100000110000
조용하고 창가쪽에 앉아서 밖 구경하는 재미도 있네요 커피는 물론이고 디저트도 맛있어요,100001010000
원두의 깊은 맛은커피 찌꺼기 맛밖에 안 나서 실망했습니다.,200000000000
땅콩샌드사먹었는데 너무맛있오요,010000000000
시그니처 메뉴가 다른 곳보다 2천 원은 싼 것 같아 만족스러워요.,000000000100
기분좋게 픽업할 정도로 케이크 먹는게 설레요.,001000000000
라떼가 특히 정말 맛있었어요! 폼이 쫀쫀!,100000000000
망고 빙수에 생망고가 통째로 올라가서 당도가 어마어마합니다.,000010000000
생망고 젛아요 네모네모 컨셉도 기여워요,000010010000
크로와상 jmt 아늑하고 좋구여 디저트가 넘 마쉿는,010001010000
바스크치즈케이크 인생 맛집이에요 바치케 정말 좋아해서 자주 먹는데 여기는 밀가루를 안 넣고 어쩜 이렇게 맛있게 만드시는지디저트에 감동하고 갑니당 총총총,001000000000
"평소 접할 수 없는 다양한 잼들도 먹어보고 색감도 너무 예네욥,,,빵도 맛있고 커피도 진짜 향도 좋았어요.",110000010000
분위기랑 케잌이랑 음료 다 맛나요,101000010000
테이블 높이가 적당해서 오래 앉아 있어도 허리가 안 아프네요.,000000100000
사진 찍기 좋게 꾸며놓은 공간이 한두 군데 정도 마련되어 있네요.,000000030000
라떼 맛집이라 해서 들렀어요. 원두도 선택 가능해요! 우유 온도도 적당하고 폼도 부드러워서 맛있었어요,100000000000
"베리 빙수에 블루베리, 라즈베리가 가득해서 상큼함이 터지네요.",000010000000
정말 즐거운 시간 보냈습니다) 특히 시그니처 라떼가 넘나넘나 맛있었어요!!!,100000000000
밤 케이크의 구수한 맛이 커피랑 너무 잘 어울려서 감탄했어요.,001000000000
왕귀여운 카비바라 입양하러 왔습당,000000000000
플레이리스트도 완벽하고 데이트하기 좋아요,000000010000
브라우니가 정말 묵직하고 꾸덕해서 진한 초콜릿 맛을 느꼈어요.,000100000000
에스프레소 콤파냐 달다아아알하구 맛있습니다.,100000000000
딸기 라떼 시켰는데 딸기청이 너무 조금이라 우유 맛만 나네요.,200000000000
너무 맛있어서 사진 찍는 것도 까먹었어요 히히,000000000000
친구랑 점심 먹으러 왔는데 너무 맛있어요! 다음에 또 방문할래요,000000000000
매장 입구가 넓어서 대기 인원이 많아도 복잡하지 않음.,000000000001
매장이 워낙 넓어서 답답함 없이 편하게 쉬다 왔어요. 주말에도 북적이지 않아 좋았습니다.,000000100001
매장 분위기도 너무 좋고 커피와 파이도 너무 맛있어서 만족하고 왔습니다,110000010000
인테리어가 너무 예뻐요 분위기가 좋고 사진이 잘 나와요 짱짱,000000010000
단체석 하나뿐이라 단체로 가면 무조건 한 시간 대기네요.,000000000002
가격 대비 매장 관리가 너무 안 되어 있어서 돈 아까웠습니다.,000000000200
먹어본 젤라또 중에 제일 쫀쫀하고 감칠맛 나요 진짜 요즘 같은 날씨에 무조건 !!!! 사장님이 너무 친절하고,000001001000
과일 젤리에 과육이 큼직하게 들어있어서 씹는 맛이 좋네요.,000001000000
카페 인테리어가 너무 예쁘고 케잌도 맛있어요,001000010000
단팥빵이랑 소보루빵 생각날때 찾는 파리바게트,010000000000
빙수 속에도 과일이 층층이 쌓여있어서 끝까지 맛있게 먹었네요.,000010000000
식빵이 푸석푸석해서 잼을 발라도 맛이 없더라고요.,020000000000
무설탕 빵인데도 이렇게 감칠맛이 나다니 정말 실력이 좋으시네요.,010000000000
최근에 마신 말차라떼 중 제일 맛있게 먹었습니다,100000000000
제철 과일 타르트에 올라간 블루베리가 알이 굵고 아주 싱싱해요.,000010000000
초코 라떼가 싸구려 초코 맛이 아니라 고급진 맛이라 좋았어요.,100000000000
아이가 빙수먹고 싶다고 해서... 사장님도 너무 친절하시고 생각보다 내부가 넓네요? 쾌적하고 느낌있는 카페에서 너무 맛있게 먹었어요. 커피 가격이 상대적으로 착한데 너무 맛있네요,100010111100
아이스티 안달고 맛있어요. 테이블 잡기가 꽤 힘들었어요,100000000002
대화하기 좋고 커피도 맛있어요,100000000001
그 풍부한 향과 깊은 맛은 커피 애호가들에게 권하고 싶습니다... 고요한 음악과 부드러운 조명은 편안한 분위기를 조성하며... 친절하고 프로페셔널한 스태프,100000011000
분위기 아늑하고 애기하기 좋고 인테리어 고즈넉한데 디저트까지 맛있어요,000001010000
친절하시고 빵이 맛있어요!,010000001000
멋진 분위기 맛난 디저트 좋은 만남 행봌한 하루!,000001010000
예약이 되어서 편한고요 기본에 충실한 맛이에요!,000000100000
빈자리가 나면 직원이 안내해 줄 때까지 기다려야 합니다.,000000000003
정말 친절하시고 음료도 훌륭합니다! 패스오더만 사용하면 더 자주 갈 것 같아요.,100000001000
소금빵 앙버터두 유명하지만 치아바타도 정말 맛있어요,010000000000
인테리어 정말 예쁘고 데이트 코스로 추천합니다!,000000010000
4개씩 판매해요 맛있었어요,000000000000
케이크가 너무 달아서 아이들도 몇 입 먹고 안 먹더라고요.,002000000000
"말차 성수 슈퍼말차 너무 오고싶었는데, 역시나 힙하고 음료는 뭐 말할것도 없이 맛있었어요!! 시간이 6시 넘으니 야외 계단은 문을 닫았지만, 계단이 아니어도 얼마든지 힙하고 맛있게 마실 수 있었어요!! 슈퍼 말차 짱",100000010000
브런치가 특별한 맛은 아니나 매장이 넓어서 편했어요. 그런데 너무시끄러운 고객들 때문에 그건 쫌 불편했네요.,030000100002
분위기도 좋고 맛있는 것도 많아요 !! 추천합니다,000000010000
친절하십니다 커피도 고를수있어요,100000001000
커피는 기본적으로 고소한데 은은하게 산미가 느껴지는 맛이었고 아이스크림은 상하목장꺼 쓰셔서 실패 없는 맛입니다! 체리타르트는 비주얼만큼이나 훌륭한 맛사장님 너무 친절하셔서,100001001000
이 근처에선 매번 가던 카페만 갔어서 여긴 처음 들러봤는데 너무 좋았어요! 분위기가 여유롭고 크럼블 아이스크림이 정말 맛있습니다 그리고 직원분들이 너무 친절하시셔서 기분 좋게 저녁시간 보내다 갔어요 또 올게요,000001011000
당일에 급하게 기념일 레터링 케이크가 필요해서 들렸는데 종류도 다양하고 가격대도 합리적이라 좋아요 케이크만 고르면 자리에서 바로 원하는 문구로 케이크 완성해주시는데 10분도 안 걸려서 예쁜 케이크 받았습니당,001000001100
성수 올 때마다 들르는 곳입니다 땅콩버터 벌써 한 10통은 사다 먹은 것 같아요... 진짜 맛있어요,010001000000
선물 포장은 추가 비용이 발생하니 미리 확인해 보셔야 함.,000000000030
브런치도 되고 와인도 되고 그냥 가볍게 오기 좋은 것 같아요 풍경도 탁 트여서 너무 예뻐요,010000011000
에그타르랑 휘낭시에를 시켰는데 정말 맛나용 안에 좌석도 꽤 있네요 추천합니다!!,000100100000
단호박스프 너무 맛있어서 접시도 핥을뻔 했어요 핥핥핥핥 WOW.. 베이글 샌드위치도 강추!,010000000000
진짜 맛있고 건강한 음식이 가득해요!,000000000000
다른 곳에서는 전혀 맛볼수 없는 구움과자와 시즌별로 달라지는 타르트 그리고 그에 어울리는 와인과의 조합은 정말 최고였어요!! 날 좋은 날 친구들과 함께 너무 즐거운 시간 보내서 시간이 흐른지도 모를 정도였습니다 무엇보다 너무 달지 않고 한국적인 재료가 들어갔는데 이런 맛이 나다니요!! 네이버 예약도 된다니 다음번엔 선물로도 애용할게요 격식있는 자리에도 나를 위한 미타임에도 모두 어울리는 디저트,101100000010
초코푸딩도 맛있고 특히나 오트라떼가 고소해서 맛있어요!,100001010000
오픈된공간이라 분위기가 좋아요. 음식도 맛있어요.날씨좋은날 추천드려요.,000000010000
매장이 넘 귀엽고 예뻐요 빙수도 맛있어요!! 대기는 많은데 안오시는 분들도 많아서 금방금방 빠져요!,000010010003
커피랑 베이글 넘 맛있게 잘 먹었어요! 멍푸치노도 진짜 예쁘게 나와서 깜짝 놀랬어요,110000000000
분위기 너무 좋아서 데이트 장소로도 완전 추천,000000010000
파스타치오 너무 맛있어요! 분위기도 너무 좋습니디!,000001010000
스콘이 너무 딱딱해서 맛이 없어요.,000002000000
비엔나커피하우스는 직원분들이 항상 친절하셔서 기분이 좋아지네요 제일 칭찬하고싶은 부분입니다 베이커리 퀄리티가 좋아서 한번 방문할때 쟁여가서 냉동실에 넣어두고 나눠먹어요. 매장에서 데우는게 왜인지 훨씬 맛있긴합니다. 숨겨진 마들렌 맛집 입니다 꼭 드셔보세요소근소근 그리고 오늘 먹어본 그린티율마치노는 말차처럼 녹차맛이 진해서 Good,110100001000
"흑임자소금빵 3,800원 비싸다 생각했는데 크기가 크고 속빵이 부드럽고 통통해요 촉촉담백해요 버터를 많이 넣어주신 것 같아요 감자치아바타도 담백달달해요 맛있어요",010000000100
늦게 가서 마롱미니식빵과 큐브소보로만 샀어요 엄청 부드럽고 맛있었어요,010000000000
빵 종류도 엄청 많고 자리도 많아서 짱이에요!! 커피랑 빵도 맛있고... 넓찍한 카페는 사람많은 성수에 한줄기의 빛..,110000100000
빵이 맛있고 쫀득해요... 자두에이드도 상쿰하게 맛있네용!!,110000000000
선물 받은 기프티콘으로도 포장 구매가 가능하다고 합니다.,000000000030
콘센트 및 와이파이정도는 기본적으로 지원이 되어야하는데 되는게 하나도 없습니다. ... 커피 및 베이커리는 그냥 평범한 수준입니다. 직원들도 불친절하며,330000202000
에그인헬도 따뜻하고 좋았고 살짝 매콤해요! 잼 고르는 재미도 있고 즐거웠습니다)),010000001000
혼자 오신 분들을 위한 바 좌석은 비교적 여유가 있네요.,000000000003
"SNS에서 우연히 알게된 가게인데, 소금빵 덕후로서 참을 수 없어서 당장 달려왔어욧 플레이리스트도 넘 제 스탈이구 같이 데려온 친구도 너무 만족해서 뿌듯 . . 기본 소금빵이 제일 맛있었어요 !! 기본 is best ,,",010000010000
조명이 2층에 환하게 비추어서 가보고 싶었던 카페였는데 드뎌 방문 애플티가 너무 달지 않고 향긋하니 산딸기 크로플이랑 잘 어울려요!! 크림이 느끼하지 않아 좋아요,100001010000
대만친구가 가고 싶어서 왔는데 네모라때랑 피스터치오 케이크 재미있어했어요!!,101000000000
베이글 모양으로 생긴 치즈케이크 완전 신선한 컨셉이엇구 맛도 좋았어요!! 가게 내부도 깔끔하고 시끄지않아서,001000110000
메뉴도 다양하고 좋네요,000000000000
매장 안에 대기석이 따로 마련되어 있어 덥지 않게 기다림.,000000000001
말차라떼가 아주 진하고 맛있어서 이너피스가 와요,100000000000
너무맛있고 좋았어요 행복합니다,000000000000
카피가 그닥 제스타일은 아니에여,200000000000
오늘 커피도 맛있었어요 항상 편안한 곳이어서 좋아요,100000010000
라이더라면 한번쯤은,000000000000
종이가 너무 커서 포인트만 줘서 칠했어용!!,000000010000
과일 타르트 종류는 몇 가지 있는데 가격대는 좀 있는 편이에요.,000030000000
펄수플레 너무 맛있어요! 다들 먹으러 오세요!!,000001000000
조용할때 브런치하기 좋은곳,000000000001
성수역에 위치한 분위기도 좋고 케익과 음료가 모두 맛난 카페!... 흑임자 먹었는데 적당히 달달하며 매우 맛있다,101000000000
평일 낮에도 사람 음청 많아요 꼭 예약하고 오세용! 단호박 스프도 꼭 챙기시긔,010000000002
"까눌레칩, 솔티카라멜 휘낭시에, 헤이즐럿 까눌레, 라떼 그리고 아이스아메리카노 먹었어요. 까눌레칩은 상상한 맛이었는데 다른 메뉴도 많아서 좋았어요. 주말엔 사람이 많고 정신이 조금 없긴 합니다.",100100000002
와 갓 구운 기본 휘낭시에 먹고 있는데 미친!!!! 넘 맛있어,000100000000
항상 맛있는 빵집! 성수동 갈 때마다 꼭 들르는 빵집! 커피도 맛있어요 빵은 물론이고,110000000000
서울숲에서 찾아낸 놀라운 발견!... 파리 블랑제리에서 먹던 갓구운 바게트를 서울하늘에서 먹게될줄 몰랐다.,010000000000
넓직한 자리 배치와 매력적인 공간 구성이 좋았습니다. ... 젤라또와 무화과는 딱 좋은 선택이었네요.,000001110000
첫 방문이었는데 분위기도 디저트 맛도 좋었어요! 특히 타르트,000001010000
"음악,분위기,맛 다 너무 좋아요 무엇보다 소금빵 맛도 좋은데 가격은 거의 절반 수준",010000010100
요거트 토핑으로 올라간 견과류가 눅눅해서 쩐내가 좀 나네요.,000002000000
소금붕어빵 맛보러왔어요!! 찾아와서 먹을만큼 맛있어용,010000000000
아기자기하고 귀여운 카페! 의자가 작아서 신기했어요!,000000310000
가격도 착한편 종류도많은데 우선 몇가지 소금빵담백 무화과캄파뉴치아바타 다 맛있다... 건너편건물카페에서 시식할때 1000원할인도해준답니다,010000000100
토마토바질프렛젤도 굿. 전반적인 퀄리티가 높은 베이커리에요,010000000000
기대한만큼 넘 이쁘게 잘 됐어용 담번엔 매장 이용해볼게요!!!,000000000010
츄로넛 맛있어요!! 분위기도 좋아여!!,000100010000
쿠키 반죽이 너무 훌륭하더라구요... 정말 맛있었어요 직원분들도 너무 밝고 친절하셔서 기분 좋은 방문이었습니다.,000100001000
아이스크림과 와인을 주문했는데... 너무 맛있어요 와인도 아이스크림과 페어링 하기 좋은 너무 무겁지 않은 와인이라... 꼭 예약하고 가세요!!,100001111000
구움과자들이 전체적으로 자극적이지 않고 삼삼합니다.,000100000000
달짝지근한아메리카노,300000000000
휴가나온 아들이 좋아해서... 넘 쫄깃하고 담백하니 한없이 먹을수 있는빵인데 멀어서 자주못와 아쉽지만,010000000001
브라우니가 너무 건조해서 브라우니라기보다 마른 빵 같아요.,000200000000
음료도 맛있고 브런치메뉴가 다양해요!,100000000000
토요일 3시에도 웨이팅 있어요 소스가 맛있어요 굿,000001000002
제가 여길 지금까지 왜 안왔는지 모르겠네요 진짜 단골디저트집 등록 각,000001000000
아이스커피(카카오) 깔끔하고 맛있었어요. 쿠키도 정말 맛있네요. ... 조용하면서도 얘기나누기 좋고 편안해서,100100010000
시그니처그릭요거트에 수제잼 더 추가해서 먹으니 아이가 더 맛있다구 하네요 이른아침 브런치 하기 좋아요,000001000000
쑥라떼 최고. 뜨거운게 더 맛있다. 여름에도 핫 시켜야지. 평일에 처음와봤는데 주말이랑 진짜 분위기 다르다. 주말에 왔을땐 음료 너무 맛있어도 또 방문하고싶지만 너무 시끄럽고 정신없어서 못오겠다싶었는데. 평일 저녁식사시간에 방문하니 한팀? 두팀? 밖에 없고 좌석도 널널하고 진짜 조용했다. 쑥라떼최고.,100000100001
휘낭시에 너무 달지도않고 너무 맛있어요!! 100개도 들어갈 것 같아요 푸딩도 진짜 맛있어용 최고,000101000000
분위기도 너무 좋은데 커피 맛집에 크로플 맛집입니다 우드톤의 인테리어로 아늑한 느낌이예요 직원분들 친절하시어 기분좋게 있다갑니다),100001011000
너무 좋아하는 수플레 팬케이크 집입니다!!! 여름에 커피랑 같이 마시면 너무 맛있어요 과일도 양도많고 신선하고 팬케이크는 보드랍고 너무 맛있습니다 커피도 맛있어요,101010000000
프레첼에 붙은 소금이 포인트가 되어 단짠단짠 매력이 넘칩니다.,000100000000
뚝섬역 카페로 강추드려용!!... 특히 초콜릿우유가 시그니처메뉴인데 초콜릿 풍미가 진하고 맛있었답니다,100000010000
그라데이슈 이거 정말 최고네요,100000000000
수건케미크가 멊머서 마쉬뭐묘 멀그레미 무화과 케미크 샀머묘,001000000000
뷰 너무 예쁜 카페에요 비오는날 와도 넘 좋을 것 같아요,000000010000
케이크 시트 자체가 너무 부드러워서 몇 번 안 씹어도 넘어가요.,001000000000
케이크 속 과일이 갈변되어 있고 신선하지 않아 찝찝했어요.,002000000000
제과명장님 사진이 있길래 지나가다 들어왔는데 맛있어요! 음료도 상큼하고 맛있습니다 매장도 쾌적해요,110000100000
인테리어가 너무 예쁘고 화사해서 어디서 찍어도 인생샷 나오네요.,000000010000
디저트가 넘 맛있어요,000000000000
아주 맛있어요. 카페도 너무 예쁘네요 딸기 티라미슈 꼭 드셔보세요!!,001000010000
대화와 차 마시기에 매우 좋은 공간입니다.,100000010000
수플레가 먹고싶긴했지만 혼자 먹기에 양이 많을까봐 크림치즈말차만 먹었어요...,100000000000
연말에 3주 연속 주문했는데 질리지 않아요 최고의 케이크!,001000000000
성수에 나들이 나와 픽한 카페예요. 다른 카페는 정신없고 쉼을 둘수없었는데 예빈당은 다과며 커피 음료 모두 최고의 맛과 테이블간 거리와 여유가있어 넘 잘 먹구 가요강력추천해요,100001100001
에이드 가격은 생과일 비중에 따라 적절해 보입니다.,000000000300
매장이 아늑하고 음료와 디저트가 맛있었어요!! 바깥 풍경도 볼 수 있고 매장도 사진찍을 스팟이 많았어요,100001010000
딸기 빙수 철이 아니라 그런지 딸기가 좀 시긴 하네요.,000030000000
루프탑은 날씨 좋을 때만 개방하는 것 같으니 확인해 보세요.,000000030000
저는 민트초코에 초코가 싫은 사람이라 초코 없는 민트가 너무 만족스럽습니다 여름 빙수로 최고,000010000000
"우유얼음이라 더 맛있어요!! 망고도 생망고인 것 같구 빙수, 시럽은 리필도되니",000010000000
베스트 메뉴는 언제나 진리!! 비주얼과 스멜부터가 남다름 단골할게요,000000000000
아샷추 최고 친절하신 사장님 최고,100000001000
여러 디저트와 커피를 즐길 수 있는 곳이었습니다 음료와 디저트의 조화가 좋아 기분 좋게 즐기다 왔습니다,100001000000
연어베이글 연어 많이 들어가있고 맛있어요!! 베이글 데워먹을 수 있는 오븐도 있어요!!,010000100000
"경장히 힙한 카페. 상당히 감각적임 에이드는 매실청맛 커피구수, 케이크 맛남",101000010000
매장 분위기도 좋고 음식 음료 다 맛있어요 직원분도 친절하셨습니다,100000011000
음료랑 브라우니 주문했는데 브라우니 맛있었어요)!,100100000000
밀크티 향이 아주 강하진 않지만 은은하게 즐기기엔 나쁘지 않아요.,300000000000
크림 브륄레 윗면 톡 깨서 먹는 재미도 있고 맛도 정말 진해요.,000001000000
분위기 좋고 아늑한 곳이에요! 사장님도 친절하시입니다,000000011000
서울숲 외곽에 있는 빵집입니다. 평일 오전 10시쯤 갔더니 아주 따끈한 빵들을 먹을 수 있었어요! 외국인 분들도 바깥 자리에서 커피 한잔 하고 계시는 걸 보니 여기가 파리처럼 느껴집니다. 먹을 공간은 없는 빵집이라 줄서서 빵을 고르면 됩니다. 대파크림베이글 맛있어요!,110000210003
매장도 청결하고 좋아요 !!,000000100000
미쳤어요 이렇게맛있을수가 짱이네요 굿굿,000000000000
바닐라 더블샷 양이 부담스럽지도 않고 너무 맛있어요 얼음컵 요청하시면 테이크아웃 할수있어요,100000001000
매실차고 직접 담군 딱 맛이예요. 제가 체질식 중이라 까다로운데 쌀과 녹두 으리고 딸기 키위를 곁드린 토스트라 딱 체질에 맞는 음식들이라 너무 좋았어요 자리가 협소해서 좀 아쉬웠지만 좋았습니다. 너무 맛있어서 양이 많이 부족했어요,110000200200
근처 지나가다가 우연히 들렸는데 베이글 너무 예쁘고 편안한 분위기 입니다 가격도 괜찮고 추천해영!,010000010100
"디저트 맛집 카페. 바나나초콜릿케이크와 카페라떼를 먹었는데, 너무 달콤하고 맛있었어요.",101000000000
지인 추천으로 왔는데 맛있네요!,000000000000
사진을 너무 개똥같이 찍었는데 먹다가 너무 맛있어서 여긴 없어지면 안된다! 생각돼서 갑자기 핸드폰 켜서 리뷰 남겨요! 지락실보다가 에그타르트 나온거보고 에그타르트 전문이라고해서 바로 달려갔는데 너무 맛있어요 느끼하지도 않고 안이 너무 촉촉하고 맛있어요!! 백번 추천합니다!!,001000000000
딸기 크루와상이랑 초코 카눌레 먹었는데 둘 다 진짜 너무 맛있었어요! ... 주말엔 북적북적합니다.,010100000002
사무실 근처에 있는 공차에 방문했어요 자주 가곤하는데 펄이 갈때마다 차이가 커서 아쉬운것 같아요,300000000000
잼 종류도 너무 다양하고 빵도 맜있어요 서울숲에 브런치 먹으러 온다면 추천이용,010000000000
케이크 종류가 너무 맛있어요 특히 얼그레이 들어간건 너무 맛있네요! 매장 분위기가 너무 좋아요,001000010000
디저트 종류에 따라 가격 편차가 좀 있는 편이니 잘 보세요.,000000000300
분위기좋아요 커피맛있어요,100000010000
블루베리베이글 맛있어요 종류도다양하고 오전은한적하고 좋으네요,010000000001
양이 정말 많은데 가격은 저렴해서 학생들도 부담 없이 오기 좋네요.,000000000100
음료 가격 저렴하고 맛있어요,100000000100
아이가 펭귄을 좋아하는데 끌려오듯이 들어왔어요 너무 좋고 음료도 맛있고 성수동오면 다시 찾고 싶은 카페입니다,100000000000
내부 층고가 높고 분위기가 조용해서 데이트하기 좋을 것 같아요... 디저트가 너무 맛있더라구요,000001110000
수요일 330분 가량이었고 딱 두자리 남아서 운좋게 앉았어요 기본맛하고 명란맛 먹어봤는데 사실 그렇게 특별한? 맛은 없었던것같아요 겉은바삭하고 속은 촉촉 안에 버터맛 가득한걸 좋아하는 입맛인데 좀 심심했어요 촉촉보단 파삭파삭 느낌 다음에는 기본맛보다는 화려한 맛 도전해보고싶어요 초코맛이나 피자 모카 등등,030000000001
호밀빵인데도 전혀 퍽퍽하지 않고 촉촉해서 놀랐어요.,010000000000
초코 케이크인데 인위적인 단맛이 아니라 고급스러운 초코 맛이에요.,001000000000
재방문인데 에그쌀스콘은 물론 치즈케이크도 전부 맛있어요. 분위기도 좋고 직원분들도 친절하셔서 먼 위치임에도 불구하고 재재방문 의사 완전 있습니다 !,001100011000
"뉴올리언스(귀리우유), 드립커피(Costa Rica Tarra), 스콘 먹었어요. 블루보틀 워낙 좋아합니다.",100100000000
"친구랑 오랜만에 만나서 방문했는데, 감성적인 인테리어에 커피까지 맛있어서 정말 기분 좋은 시간이었어요. 대화도 잘 되고 여유롭게 즐기다 갑니다!!",100000010001
시간이 지나도 계속 맛있네요!,010000000000
다양하게 커피를 즐길 수 있어써 좋았네요,100000000000
성수 컨셉에 어울리는 인더스트리얼 느낌. 지속적으로 확장이 가능할까?,000000010000
황치즈 디저트 좋아하는데 여기는 치즈 맛이 정말 진하네요.,000100000000
네이버 예약되어서 너무 편합니다. 가게 분위기도 너무 좋아서 성수 온 김에 친구들이랑 함께 즐기기 딱 좋은것 같아요!,000000110000
커피가 너무 맛있어요. 최애는 샴페인 5oz 라떼,100000000000
요거트 볼에 꿀이 너무 많이 들어가서 너무 달아 먹기 힘들었어요.,000002000000
맛있어여. 본점만 가봤는데 성수도 좋아요. 단 주차는 .....,000000200000
좋은 분위기에서 여유롭게 있다는 것이 좋았어요. 다만 그림도 그리고 편지도 쓰고 차도 마시는 등 하나하나 제대로 느끼기엔 한시간이 모자라 아쉬운 마음이 있었네요,100000012000
채광이 잘 들어서 정말 좋은거 같아요! 사진 찍을 수 있는 거울 스팟도 있고 이야기 하기도 좋고 직원들도 친절해요... 반려동물도 데리고 올 수 있어서 좋은 거 겉아용 커피 존맛!,110000111000
케이크가 맛있어용 딸기라떼도 넘 마싯어용,101000000000
커피도맛있고 분위기도좋고 친절해요,100000011000
망고빙수 너무 맛있어요 분위기도 좋고 친구랑 데이트하러 오기 좋아요,000010010000
친구랑 같이 생일을 축하하기 위해 예약하고 분위기도 좋고 케이크도 맛있고요,001000010000
내부가 생각보다 넓어서 굳! 소금빵에 피치에이드 잘 먹고 잘쉬다가요,110000100000
"아주 좋은 커피와 그 커피가 가지고 있는 이야기들을 접할 수 있어서 좋았습니다. 미각, 후각, 시각 모두 만족스러웠던 시간이었습니다. 앞으로 계획하고 계신 커피들도 기대됩니다. 가능하다면 매달 방문하고 싶습니다. 정성스럽게 준비해주셔서 감사합니다. ",100000001000
녹차라떼 맛있어요! 밖에 테라스도분위기좋음,100000010000
땅콩잼 사러 종종 와요!!,000001000000
줄은 길지만 빵은 맛있어요 별 5개,010000000002
직원들끼리 대화는 나누지만 손님이 오면 바로 응대해 줍니다.,000000003000
휘낭시에 밑면이 다 타서 쓴맛만 강하게 났습니다.,000200000000
피넛버터가 맛있고 고소해요,000001000000
코스트코 빵이랑 머가 틀리지 ? 차라리 코스트코 크로와상이 훨 부드럽고바삭하고 더 고소했다 1인씩 매장들어가서 구매하는 방식이라 줄을 서눈 거였음.. 저런 빵을 7천원에 팔다니.... 좀 뜯어먹다 버림,020000000202
아침에 일찍가야 여유있게 있다오기 좋은 블보,000000000001
포토존이라고 만들어놓은 곳이 너무 촌스러워서 사진 안 찍었어요.,000000020000
블루리본보고 들어와서 알았어요! 호주식커피! 롱블랙 먹어봤는데 담데 필터커피랑 다른걸 먹어봐야겠네요! 커피 계속 먹다보니 맛있어요!,100000000000
고급스러운 감성에 디저트까지 섬세하게 준비된곳 눈과 입이 모두 행복해지는 경험이였어요,000001010000
"성수에 나들이 왔다가 어니언 성수 카페에서 저녁식사 메뉴로 단짠단짠하게 소금빵, 롱 페스츄리, 팡도르까지 3가지 종류이 빵과 핫아메리카노를 주문하여 딸과 함께 맛있게 담소를 나누면서 먹을 수 있었어요. 시내에 나오니 음악도 캐럴과 예쁜 트리장식도 볼 수가 있네요. 연말분위기를 느낄 수 있는 어니언 성수카페에서 음악 선곡도 좋았어요오랜만에 직장과 집에서 있다가 가장 추운날 성수동 데이트 짱! 좋았어요",110000010000
모든 바리스타분들의 친절함과 절제된 동선 덕분에 편안했습니다. 설명해주신 컵노트까지 그대로 느껴져서 신기했구요!,100000001000
맛있고 너무 친절해서 또 방문 할거 같아요!!,000000001000
"분위기, 빵 맛집입니다!!",010000010000
인테리어가 너무 예뻐서 들어가자마자 기분좋아지더라구요 시그니처 커피는 꼭 드셔보세요!,100000010000
겨울 분위기라서 여름에 가면 넘 시원하고 좋아요! 인테리어도 넘 이쁘고 커피랑 디저트도 맛있어요!!,100000110000
성수브릭라떼와 코랄프룻에이드 그리고 무화과 타르트... 대존맛!!!,101000000000
디저트 짱 맛있고 바나나랑 피넛버터의 조화가 완벽해욥... 실내도 청결하고 시원하고 화장실도 깨끗해요,000001100000
이벤트로 우연히 들어왔는데 너무 맛있어요 또 올게여,000000000000
매장이 전체적으로 넓고 깔끔한편이예요! 응대해주시는 직원분도 친절하시고 그래서인지 많은 사람들이 찾아오나봐요 무엇보다 초당옥수수라떼가 진짜 고소하고 달달하니 맛나요 디저트도 흔치않고 다양해서 찾아서 올만하네여 앞으로 단골 될꺼같아요 정말굿굿!,100001101002
"디저트가 맛있고, 제철 과일까지 아낌없이 쓰는 맛집입니다!! 루프탑도 있고 야외 좌석이 많아서 아늑해요",000001110000
성수동 놀러갔다가 들른 대림창고.성수동에 있는 그 많은 카페를 두고 여길 방문한 이유는 독특한 공간과 다양한 디저트 때문이예요.성수동 핫플 정중앙에 공장을 개조한 카페라는 점도 멋있지만 맛있는 커피와 수준높은 베이커리도 멋지답니다. 얼핏 보면 엄청 시끄럽기만 해 보이지만 구석구석 조용한 자리도 있다는 점! 기초,110000110001
커피가 너무 맛있어여 인테리어도 멋지고 분위가 좋아요,100000010000
음..베이커리 특별한맛은 없는듯하네요 가격대비 만족못했습니다 일단 화장실 청결이 너무 안좋음,020000200200
분위기가 너무 멋져요 웨이팅 10분이내로 들어왔어요... 음식도 맛있고,000000010001
분위기만큼 음식도 진짜 맛이써요... 커피는 꼭 시켜드세요!! 다른 카페랑 비교가 안되게 맛이써요,110000010000
벌써 크리스마스 분위기가 물씬 느껴져서 너무 좋았어요. 아늑하고 인테리어도 너무 예쁩니다,000000010000
여기 딸기프레지에 진짜 맛있어서 올때마다 먹었습니당 근데 여기 가게 조금 작아거 자리가 항상 부족해서 아쉬워요,001000200002
아메리카노가 가장 맛있음요.,100000000000
아어쩜 이런 가게가 성수에 보석을 몰라보았습니다,000000010000
매장 내 분위기랑 타르트 향이 너무 좋아요! 특히 사장님께서 너무 친절히 설명해주셔서 감사했습니다!,000001011010
리본 색깔은 빨간색이랑 파란색 중에 고를 수 있더라고요.,000000000030
앙버터 맛있네요 !,010000000000
인테리어가 너무 이쁘고 크러플 너무 맛있어요! 사장님도 너무 친절하십니다,000100011000
에그타르트 필링이 푸딩처럼 부드럽고 비린내가 전혀 없어요.,000100000000
요거트 볼에 과일이랑 그래놀라가 풍성해서 한 끼 식사로도 충분해요.,000001000000
자리가 있어 들어온 공간인데 커피도 맛있고 너무 좋아요,100000100000
바쁜 곳임에도 꽤 친절한 곳.,000000001002
늦게 갔더니 많이 옶었는데 빵이 맛있어요,010000000002
프라페가 제대로 안 갈려서 큰 얼음덩어리가 계속 빨대를 막아요.,200000000000
가려던 곳이 자리가 없어서 급하게 검색해서 갔는데. 대만족.,000000000002
빵이 맛있네요 아침 9시에 갔는데도 줄서서 구매했어요,010000000002
디저트가 소진되는 속도가 빨라서 오후에 가면 없을 수도 있어요.,000300000000
수박이 물을 너무 많이 먹었는지 밍밍하고 아무 맛도 안 나요.,000020000000
젤라또 여기 진짜 맛집입니다 사장님 감사합니다 초코 최고,000001001000
"내 돈 내산 성수동 주민이라 주말에 동네가 붐벼서 잘 안 나가는데, 어쩌다 점심시간에 외출했습니다. 성수동 대림 창고 맞은 편에 위치한 이곳은 BTS 멤버 여동생이 하는 카페로 아미들이 많이 방문한다고 합니다. 외부는 파란색의 벽돌이 독특해요. 내부는 층고가 넓고 테이블 간격도 넓어요. 역시 내부에 사람이 많아요. 굿즈도 판매하고 있고, 셀카 찍기 좋은 커다란 거울도 있답니다. 2인 테이블 8개, 소파가 있는 4인 테이블 2개, 원형 테이블 3개, 창가 자리 4인. 이렇게 배치가 되어 있습니다. 디저트를 주문하신 후 공간 한 쪽에 배치된 발뮤다 토스트기에 데워드시면 됩니다. 레몬라임에이드. 일단 레몬에 라임을 믹스해서 만든 음료인데 레몬이 시큼하지 않고 정말 맛있었어요. 말차라떼. 부드럽고 진하네요.",100000110032
그릭요거트 땡겨서 성수에서 알아보고 간 곳인데 사람이 꽉 차 있어서 기다리더 먹었어요! 왜 인기많은 곳인지 납득 가능.. 토핑도 엄청 알차게 올라가고 그릭요거트 종류도 다양해서 골라먹는 재미가 있어요! 신선한 과일과 견과류로 예쁘게 토핑해주셔서 눈도 입도 즐거웠습니당,000001000002
귀여운 강아지가 있는 메이플탑!!! 음식도 괜찮았어요!!,000000010000
맛있는거 너무 많아서 골라먹기 아쉬워요,000000000000
진짜 너무 맛있었어요. 포장도 너무 귀엽고 여캐껏 먹어본 소금빵 중에 최고임..,010000000010
저번부터 너무너무 구매 하고싶었던 케이크에요!! 진짜 너무 아름다워요 다음에 또 사먹고싶어요! 맛도 너무 좋아요. 픽업하러 갔는데 너무 친절하셔서 감동이에요.,001000001000
예약 불가라 무조건 현장 대기해야 하는 게 너무 불편함.,000000000002
과일에서 이상한 약품 냄새 같은 게 나서 다 남기고 왔습니다.,000020000000
망고빙수 양 엄청 많구 마시써요 붕어빵두 죤맛,010010000000
크로플 진짜 찐맛집이네요.. 평소에 크로플 너무 좋아해서 맨날 찾아다니면서 먹었는데 여기 크로플은 겉바속촉에 너무 맛있네요 정말!!인테리어도 엄청 힙하고 완전 통유리창에 사진 찍기에도 넘 좋아효 사진 진짜 엄청 많이 찍고 왔네요... 완전 인스타 사진맛집!! 사진 몇십장 찍고 인스타 올리는데 사진 분위기 장난 아닙니다 !!,000001010000
배불러서 아이스크림 생각없었는데 키링에 홀려서 먹게됐어요 아이스크림도 특색있고 맛있어요!,000001000000
간단하게 휴식하기 딱 좋은 곳입니다 다양한 커피와 빵이 있어서 매번 새로운 조합을 즐길 수 있어서 다음에 또 오고싶네요,110000000000
오후 늦게 간거라 베이글은 이미 없었고 무화과콩포트랑 어니언마요만 포장해서 먹었어요! 역시나 넘넘 맛있고,010000000002
"플레이트랑 어니언수프 하나씩 시켰는데, 둘 다 너무 맛있고 너무 만족했어요",010000000000
유튜브보면서 너무 오고싶었던곳이예요! 걸어가느라 약간 녹초되었지만 디저트먹고 충전완료 입니다! 푸딩 진짜..사브레최고 피스타치오휘낭시에랑 보늬밤휘낭시에 완전 취저예염!! 다 맛있어요!,000101000000
"케이크 정말 맛있었고, 선물해준 친구도 너무 좋아해서 기분 좋았습니다! 디자인도 이쁜데 복숭아 맛까지 너무 좋아서 만족스러웠습니다! 위에 올라간 펄도 케이크랑 잘어울려서 추가하길 잘 한것 같아요!! 다음에는 카페 이용할게요",001000000010
야외 나온 분위기 대화를 편히할수 있고 빵도 적당히 맛있네요,010000010001
커피도 디저트도 맛있어요!!!,100001000000
빙수 좋아해서 자주 먹는데 신기한 메뉴도 많구 체리초코빙수에는 술이 들어가네요 ?!,000010000000
직원분들 복장이 너무 지저분하고 매장 분위기를 깎아먹네요.,000000002000
포장해 가도 맛의 변화가 크지 않은 메뉴들 위주로 샀어요.,000000000030
초코 라떼가 너무 달아서 머리가 띵할 정도라 다 못 마셨어요.,200000000000
에스프레소 베이스가 아주 진하지는 않지만 적당히 고소합니다.,300000000000
너무 가보고 싶었던 성수 앤드밀! 샌드위치 좋아해서 눈여겨 보고있었는데 방문했어요. 점심시간이라 웨이팅은 필수인데 내부가 귀염뽀작하고 샌드위치 맛있음! 가격대비 좀 비싸지만 성수니까.. 청양 애플브리 꼭 시키세요,010000010202
짱빨리 나오는데 퀄리티도 좋아요!! 속도 존경합니다.,000000001000
사람이 너무 많아서 시장통이 따로 없네요. 대화가 안 됨.,000000000002
피스타치오 치즈케이크 존맛....... 취향저격 당했습니다,001000000000
쑥차의 향기에 힐링되었고 친절하게 리필해주셔서 좋았습니다! 떡구움과자도 식감이 독특해서 더욱 즐거운 시간 보냈네요,100100001000
디저트 접시가 지저분하게 서빙되어 나와서 기분이 안 좋았습니다.,000002000000
마늘빵베이컨(?)이 진짜 맛있어요! 베이글을 매장에서 먹고 가면 데워주시는데...,010000001000
웨이팅 시스템이 잘 되어 있어 카톡으로 알림 주니 편해요.,000000000001
분위기랑 커피 맛집이에요 맛있어요,100000010000
커피맛 좋아요 비싼 이유가 있나봐요,100000000300
플랜테리어가 잘 되어 있어서 공기도 맑은 것 같고 눈이 편안해요.,000000010000
친구랑 데이트하기 너무 좋았어요 소중한 추억 하나 만들고 갑니다,000000010000
매장 분위기 너무 좋고 인생샷 찍을곳 넘 많아요 디저트들도 너무 맛있어요!!!!! 비건케이크로 소화도 잘되서 좋습니다아!!,001000010000
날이 넘 좋아서.. 날이 넘더워서 오게됬어요 들어선 순간 사람들이 많아서 실시간으로 기빨렸답니다 매장에서 마실때 최소 20분 기다렸네요 전광판 큰것이 없어서 직원분들이 소리 쳐서 불러주시는데 목이 많이 아프겠다 싶었어요 사람들이 많아서 웅성웅성 하니 음악 소리가 전혀 안들리고 실시간으로 기빨림... 그래도 커피는 시원하고 맛있으니까요 좀 비싸지만... ! 다음 리뷰때 만나요 안녕,100000020202
놀라 플로트 맛있어요,100000000000
"점심시간이 겹쳐서 그런가... 1층에 주문하는사람, 메뉴기다리는 사람 복잡했어요... 바닐라라떼 맛있게 마시고 갑니당",100000000002
눈꽃 빙수 얼음이 너무 고와서 입안에서 구름처럼 녹아내려요.,000010000000
앙버터 맛집 낮에 오면 분위기 좋을듯,010000010000
와이파이가 엄청 빨라서 끊김 없이 업무 볼 수 있어 좋았습니다.,000000100000
따시지아 의 볶음 새우 국수 메뉴로 선택해봤는데 저는 홍콩식 볶음면이 이렇게 다 면이 끊어지는 음식인지 몰랐어요.. 타이 볶음면이라고만 생각하고 시켰는데..그리고 후추맛만 남아서 그냥 담에는 안먹을거예요,020000000000
베이글 비주얼 대박이에요!! 금욜 오후인데도 빵이 남아있어요 자리도 널널하고 좋아요,010000100000
블루보틀은 일본여행을 생각나게 해주는 곳 한정판 배지 구매!,000000010000
분위기 맛집 행복한 조합 덕분에 남편과 행복한 생일보냈어요 맛있어요,000000010000
좁은 매장에서 너무 맛있는 빵이 나와 진짜 오래 기다렸어요! 그치만 기다린만큼 맛있었어요!,010000200002
와이파이 비번이 복잡한데 잘 연결도 안 되고 계속 끊기네요.,000000200000
친구랑 괜찮은 카페 찾다가 들어온 곳입니다! 메뉴들이 특이한 것들이 많아서 시키고 싶은 것들이 많았어요. 체리라떼는 비쥬얼부터 압도적이고 맛도 맛이었습니다. 추천 메뉴 다 굿굿! 다음에 또 올게요!,100000000000
크리미한 라떼 맛있었어요 사람이 너무 많아서 시끄럽긴하지만 친절하게 대해주셨습니다,100000001002
성수동 구경하다가 우연히 가본 성수동 미국식 케이크 맛집 케이크 맛있어서 2개나 시켜 먹고왔어요,001000000000
가구 배치가 센스 있고 공간 활용을 정말 잘하신 것 같아요.,000000010000
단체로 갔는데 테이블 이동도 안 된다고 하고 자리가 너무 좁아요.,000000200000
콜드브루 맛있어요 ) 자주 방문하는 곳이에요... 조금 음료가 늦게 나온 것 같다고 디저트 챙겨주시는 섬세함 공간이 주는 매력도 짱이에요!,100001101000
"성수 최고 커피디저트 맛집 원래 가려던 카페 웨이팅 때문에 급하게 찾아서 우연히 갔는데 와... 진짜 짱맛 꼬소하면서 향이 살아있는 아이스 아메리카노와 적당히 달콤하면서 재료의 맛이 잘 느껴지는 디저트들 궁합 미쳤어요. 다른 곳에서 찾아 보기 어려운 달콤상콤 오렌지 케이크, 겉은 빠작하고 속은 촉촉한 까눌레, 그냥 반죽 자체가 맛있는 휘낭시에... 메뉴 도장깨기 하고 싶어요! 야외 좌석이라 괜히 도시 캠핑하는 분위기도 나서 더 좋아요. 친구들과 저의 마음 속 올해 최고의 카페! 앞으로 성수에 친구 놀러오면 프라이데이무브먼트는 필수 코스로 데려 가려구요. 진짜 널리 알려야 되는 맛",101100010001
빵이 맛나요!!!!!,010000000000
조명이 은은하고 아늑해서 소개팅하기에도 딱 좋은 분위기예요.,000000010000
테이크아웃이랑 매장 이용 가격이 같은 건 좀 불합리한 듯요.,000000000200
커피맛집이네요 에그인힐 손대면 못끊는 맛 맛나요 9시오픈 입성입니다,110000000001
저녁시간 많이 시끄러웠어요. 그리고 화장실 청소가 너무 안되어있었네요...,000000200002
빈티지한 가구들과 따뜻한 우드톤 인테리어가 마음을 편안하게 해요.,000000010000
"토마토바질에이드?와 미니 크루키, 천상가옥 시그니처 입니다 맛있지만 다음엔 아이스아메리카노 먹어보고싶어요",100100000000
양이 너무 적어서 두 잔은 마셔야 기별이 갈 정도인데 비싸요.,000000000200
눈과 입이 동시에 즐거운 곳이에요,000000010000
"맛있긴한데 망고 후숙이 안되어있어 망고가 달지가 않네요 ... 그래서 그런지 망고와 생크림이 따로노는 느낌이있었어요 개인적으로는 망고 잼이 들어가면 어떨까 싶네요, 그리고 주로 스카치테이프로 포장하시던데 그거말고 조립식으로 상자를만드는게 보기에 좋아보여요 열기에도 불편하고 보기에 좋지 않았네요 .. 사장님과 알바생은 엄청 친절하셔서 다시 갈 마음이 있는데, 망고 케이크보다는 다른 케이크를 시도해 볼것같아요 한번쯤 먹을만하고 망고가 푸짐하게 들어있어서 마음에 듭니다",003020001020
"평범한 요거트 스무디가 6,800원이라니..너무하지만 그래도 베이글은 정말 맛있어요 훈제 연어면 호불호가 약간 있어 전 좋아하지 않는데 이질감 없이 너무 맛있고 든든히 먹고 갑니다",110000000200
샌드위치 속 재료가 신선하고 빵이 고소해서 건강한 맛입니다.,010000000000
테이크 아웃해서 빵먹었는데 맛있었어요,010000000000
음식이 맛있고 친절해요 주차는 한시간 무료라 큰 부담도 없고 무엇보다 맛있어서 다시 방문할 정도로 좋아요,000000101000
매장이 엄청 넓어요! 쾌적하네요.,000000100000
입장할때 대기를 시킨다. 대기해서 들어갈 정도로 특별한 맛은 아님.,000000002002
성수에서 넓고 큰 카페와 맛있는곳을 찾는다면 여기!! 테이블간 간격도 넓고 조용해요,000000110000
콘센트 자리는 몇 군데 정해져 있어서 미리 확인하고 앉으세요.,000000300000
"에티오피아 구지 함벨라 고로 워시드 원두를 선택했고, 레몬그라스와 복숭아 뉘앙스가 인상적이었습니다.",100000000000
쏘쏘 합니다 발렛아저씨 친절하셔서 좋네요,000000001000
성수동에 있는 큰 카페네요 공장이었던 곳을 있는그대로 거기에 조금의 통창을 운치있게 꾸민 카페네요 저녁에도 사람 많더라구요 음료 맛있었어요,100000110002
그릭 요거트라고 하는데 너무 묽어서 그냥 일반 요거트 같아요.,000002000000
분위기 좋아보여 들어왔어요 인테리어도 노래도 힙하네요 커피맛있게 잘먹고갑니다,100000010000
파머스 카페 벌써 세번째 방문이에요!! 커피랑 디저트도 맛있고 집중하기도 좋은 공간이라 넘 좋습니다아,100001010000
자주 오는 곳이에요!!! 멋진 공간 맛난 커피 늘 좋아요!!,100000010000
이쁘고 맛나고 피곶치 좋았습니다 곶감싫어하는데 괜찮았어요,000001010000
베이글이 진짜 맛있어요. 모임하기 좋네요. 자주 올게요.,010000100000
에스프레소 티라미수 너무 맛있어요!! 오픈샌드위치도 맛있게 잘 먹었습니다 분위기도 좋아요,011000010000
반려동물과 함께 갈 수 있는 카페!!... 당근케이크를 추가로 시켰었는데 당근 케이크가 젤루 맛있었다! 근데 전체적으로 가격은 약간 비싼 느낌이 들었다. 루프탑 궁금해서 올라가보고 싶었는데 계단 가는 길 옆 통로가 막혀있어서 구경할 순 없어서 아쉬웠다,001000200200
얼그레이 밀크티랑 치사해 조합은 최고,101000000000
서울숲 근처 네모네 카페는 공간이 감성적이고 조용해서 혼카페하기도 좋아요,000000010000
뚝섬역 케이크 카페 네모네 인테리어도 귀엽고 딸기케미크 맛있어욤,001000010000
우리동네에 내가 차리고싶음 카페,000000000000
혼잡히 책보고 시간 보내기는 좋을 것 같아요... 입구가 찾기 어려웠어요... 사장님께서 친절하게 알려 주시었네요... 리뷰 이벤트로 빵도 챙겨 주셨네요,010000201000
매장이 은근 좁아요,000000200000
"보들보들 치아바타, 풍미 넘치는 바질페스토 크림치즈 바게트, 발효종 반죽으로 구운 깜빠뉴 모두 아주 맛있어요!",010000000000
"알록달록 곳곳이 감성인 예쁜 카페. 넓고 감성져서 그런지 음료가 많이 비쌈 자몽 스무디 마이애미? 가 8,500원 .. 그래도 인테리어 예뻐서 인스타 하는 사람이면 한번쯤은 가볼만하다",200000110200
작지만 알찬 케이크 가게!! 넘 맛있어요,001000300000
입구부터 카페의 컨셉이 독특해서 좋았어요 디저트도 다양하고 진철하고 너무 좋았아요,000001011000
하이라인라떼랑 비스코티세트 먹었는데... 엄청난 커피맛집은 아니지만 감각적인 느낌으로 즐기기에 충분히 좋았습니다,100100010000
카페크레마 부드럽고 맛있어요 ... 콘판나케이크는 입안에서 사르르 녹으며 단맛이 혀를 휘감네요,101000000000
아늑한 분위기고 커피 맛있어요!,100000010000
아메리카노가 너무 연해서 보리차 마시는 기분이 들 정도네요.,200000000000
딸기 라떼는 많이 달지 않아서 무난하게 먹을만합니다.,300000000000
바게트 맛집이에요 가격도 넘 착해,010000000100
단체 예약은 노쇼 방지를 위해 예약금을 받는다고 하더라고요.,000000003000
빙수 토핑 추가 옵션이 있으면 더 좋을 것 같은 느낌입니다.,000030000000
재방문했는데 여기가 진짜 망고빙수 고트입니다 꼭 가세요... 제가 먹은 망고 빙수 중에 제일 맛있어요,000010000000
대기 번호표가 번호순으로 명확해서 새치기 걱정 없어요.,000000000001
비 오는 날엔 입구에 우산꽂이와 비닐이 비치됩니다.,000000300000
"맛난커피와 케잌, 그리고 재민 군의 멋진 얼굴까지 좋은 시간 보내고갑니다.",101000000000
픽업대랑 반납대가 한데 섞여 있어서 사람끼리 계속 부딪히네요.,000000200000
커피맛 너무 좋아요 분위기 굿!,100000010000
아메리카노 진하고 맛있어요 아인슈페너는 얼그레이 향이 납니다,100000000000
서울여행으로 방문! 블루보틀 처음 왔는데 너무 좋네요 커피도 음료도 맛있어요! 뚝섬 성수 쪽 놀러오면 블루보틀 추천!,100000000000
차 맛있어요. 떡은 살짝 비싸요.,100001000200
인테리어는 깔끔하고 무난해서 그냥 편하게 머물다 가기 좋습니다.,000000030000
길가다가 우연히 발견하고 들어왔어요 분위기도 멋지고 메뉴가 신기해요! 위스키가 들어간 아이스크림,000001010000
테라스에 앉으면 숲 입구가 보여요. 빙수는 가격대비 조금 작은편이지만 토핑이 맛있는 무화과였어요..!,000010110200
보냉백 추가하면 더깔끔하게포장해주시는데 이거완전추천해요!! 같이간친구가 제가사는거보구 따라샀어요 당일케이크 예약도가능하니까 급하게케이크필요하신분들케이크예약히는것을추천드립니다 너무맛있구 예쁘게만들어주셔서 첫방문이었는데 넘만족합니다! 앞으로도 번창하세여사장님 다음에는 도시락케이크나 홀케이크도 이용해보고싶어요!!,001000000010
파르페 비주얼이 너무 예뻐서 먹기 아까울 정도였습니다.,000001000000
아메리카노랑 밤티라미수 케이크 먹었는데 디저트 맛있어요! 양도 많아서 배부르네요 커피맛은 좀 아쉬워요,201000000000
분위기 너무 좋아요!! 브런치 너무 맛있게 잘 먹었습니다 만족해용!!,010000010000
최근 먹은 소금빵 중 가장 맛있어요.,010000000000
인테리어 이쁘고 디저트 커피 다 맛있어요 추천합니당,100001010000
티라미수가 너무축축해요 커피 적당히 뿌리셔야할듯,002000000000
시원하고 커피가 맛이 좋아요. 좋아요 좋아요 좋아요 좋아요 좋아요 좋아요,100000100000
칠리쉬림프만 추천해요! 오동통하니 크림치즈랑 잘어울리네여,000000000000
조각 케이크가 거의 1만 원 육박하는데 값어치를 못함.,000000000200
넓고 조용한 분위기에 직원분도 엄청 친절하셨어요. 매실이 들어간 러프데이에이드랑 디저트가 엄청 맛있어요,100001001001
빵들 메뉴가 다양하고 분위기도 있어서 너무 좋았어요,010000010000
커피도 맛있고 특히 저 당근파운드가 정말 맛있어서 깜짝 놀랐네요,100100000000
가격이 조금 높긴 하지만 간만에 편하게 쉴수 있는 공간이었네요.,000000100200
여기 모히또 맛있어요 딸기라떼두요 인테리어두 너무예뻐요 루프탑조 추천,100000010000
분위기 좋고 맛도 좋아요! 힙한 성수에서 편히 머물렀어요! 최고 재방문의사 100,000000010000
양도 많고 너무 맛있어요,000000000100
라떼맛집! 빵도 맛있어요,110000000000
분위기도좋고 음악도 좋아용,000000010000
콘센트 많아서 편리함,000000100000
처음 방문했는데 분위기도 너무 좋고 티라미수도 완전 맛있어요!!! 날씨도 좋아서 테라스가 딱이네여,001000110000
커스터머 서비스는 아쉬웠습니다.,000000002000
디저트 종류 진짜 많고 다 맛있어보였어요!! 소금빵 샀는데 엄청 부드럽고 버터 풍미도 좋았어요 계산이 셀프라서 좀 오래 기다려야하긴 하는데 디저트 좋아하시는 분들한테 완전 강추합니다!,010000000002
천상가옥 날 좋은날 점심 먹고 오면 넘 힐링돼요 잠깐의 휴식으로 충전그리고 성수 직장인 인증?? 보통 명함 보여드려요 10프로 할인되다보니 괜히 좋아요 커피 음료 맛도 좋아요!,100000010100
분위기도 좋고 크로플이 너무 맛있어요,000001010000
"티라미수는 특별히 뛰어나지도 나쁘지도 않고, 딱 예상 가능한 무난한 맛이었습니다.",003000000000
라벤더 피스타치오맛 건강한 맛인지는 안 느껴짐... 젤라또 같은 꾸덕함 딱히 모르겠음,000003000002
얼그레이 티 향이 너무 좋아서 마시는 내내 힐링 됐어요.,100000000000
특별히 맛있지도 맛없지도 않은 기본적인 빵 맛입니다.,030000000000
그냥 완전 맛나요. 주중이라 그런가 별로 많이 안기다려요,000000000001
성수에 항상 손님 많아요! 안국에 본점 있더라고요! 음료 맛있었어요! 프레즐 베스트로 먹어봤어요! 친구랑 이야기하기 좋아요!,110000010002
수플레 팬케이크 처음 먹어봤는데 너무 부드러워요 샐러드도 싱싱하고 맛있어요,010001000000
지인 생일이여서 축하케이크로 주문했어요! 맛있게 먹겠습니다,001000000000
엄청나게 큰 망고가 있고 너무 맛있게 먹었어요 더운날 빙수 맛집입니다,000010000000
조용한 분위기에서 생각정리와 나만의 힐링이 필요하다고 느끼신다면 당장 방문하세요 잡생각이 사라지고 편안한 시간을 담을 수 있어요,000000010000
주문하는데 핸드폰만 보고 손님은 쳐다보지도 않아서 불쾌했어요.,000000002000
이 정도 퀄리티의 커피를 이 가격에 마실 수 있다니 가성비 최고예요.,000000000100
오몽티랑 밀크티 마셨는데 둘다 맛있었어요 매장이 엄청넓고 층고가 높아서 쾌적해요,100000100000
피넛버터 사기위해 1n번 재방문 했습니다! 피넛버터 시중에 파는거 여러종류 먹어봤지만 여기가 1등입니다!!,010000000000
팝업 메뉴로 리뉴얼 되었다고 해서 가 봤어요 사장님도 친절하시고 푸딩 메뉴도 많아서 좋아요!! 제 원 픽은 율무피넛 입니다.,000001001000
단골이라고 쿠키를 서비스로 주셔서 정말 감사히 잘 먹었습니다.,000000001000
쿠키 종류가 많고 케이크가 맛있어요!,001100000000
걷다가 먹음직스러워서 방문했습니다 안에 필링이 많이 들어있어요! 타르트가 상당히 큽니다,001000000000
유니크한 인테리어의 카페를 우연히 찾았어요! 디저트도 맛있었습니다 곳곳 포토스팟이 신기했어요,000001010000
크로넛 완전강추해요 크림도 많이들어가있고 달콤새콤 딱임 선물용으로 좋아요,000100000010
민트초코 최고... 맛은 민트인데...당연히 맛있고 양도 많습니다!! 카페 공간도 여유있는 편이라서 좋아요 민초가세상을지배한다 민초가세상을지배한다 민초가세상을지배한다 민초가세상을지배한다 민초가세상을지배한다,100000100000
초코소금빵 너무 맛있어요! 다 제가 담아와써요,010000000000
맘모스빵 시키삼. 두번 시키삼. 맛있음. 딸기크림 카우 브레드는 설명에는 크림이 쏟아진다고 하지만 전혀 그렇지 않았고 빵도 질겨요.,030000000000
디저트도 커피도 다 너무 맛있어요 ) 카페 자리도 많고 성수카페로 강츄,100001100000
카페너무 귀엽고 아기자기해요 할로윈컨셉이라 봄에도 10월인것처럼 느껴지네요. 커피맛있는데 디저트가진짜 goat 입니다,100000010000
선물용으로 샀는데 좋아하더라구요,000000000010
"커피. 티슈식빵, 트러플양송이스프, 프렌치토스트 모두 다 맛있어요. 조경도 예쁘고 음악도 좋아요",110000010000
망고빙수 진짜 맛있어요! 소금빵도 맛있어서 추가로 구매해서 또 먹었어요 망고빙수 먹으러 다시 방문하고 싶네요,010010000000
커피 맛있어요 가격도 좋고 위치도 좋아요,100000100100
아이스크림 위에 토핑이 조금 올라가 있어 씹는 맛이 있네요.,000003000000
원두 향이 정말 진하고 산미가 적당해서 제 입맛에 딱 맞아요.,100000000000
여기 베이글이 맛있다는 소문을 들었는데 역시 좋네요. 또 찾아오겠습니다,010000000000
입장 독촉 전화를 계속해서 커피 마시다 체할 뻔했습니다.,000000000002
외관도 이쁘고 디저트도 귀엽고 너무 이뻐용 커피도 맛있어요!,100000010000
애플망고 러버인데 양도 많이 주고 좋아여 자리도 넉넉히 있고 크로플도 있어서 좋았어영,000011100000
양이 너무 많아서 둘이서 하나 나눠 먹어도 충분할 정도의 가성비!,000000000100
재방문 입니다 맛있어요,000000000000
넓어서 좋고 3층 뷰도 좋아요 엘베도 있음,000000110000
귀엽고 깔끔한카페 맛있어요,000000010000
과일 샌드위치는 하루 한정 수량으로 판매한다고 합니다.,000030000000
피넛버터 먹고싶어서 왔용 아몬드 피넛 둘다 넘 맛있어요!!,000001000000
미포에 소금빵 굽자마자 바로 나와서 그런지 엄청맛있어요 냄새도좋고 소금빵맛집,010000000000
밍밍한 딸기라떼 .... 시럽맛이 강함,200000000000
츄러스는 시나몬 가루 양을 조절해서 묻힐 수 있어 좋아요.,000100000000
망고빙수 간얼음이 물얼음이 아니라 요거트맛 나는 얼음이고 부드러운 아이스크림에 가까운 얼음이라 진짜 맛있어요!! 생망고는 시즌 오프라 냉동망고 사용하셨다고 했는데 생망고랑 별 차이 없이 맛있었고 커피도 고소하니 맛있었습니다 다음에 또 올 것 같아요!!!,100010000000
종업원도 친절하고 무엇보다 커피랑 음식 맛나요,100000001000
성수에서 둘러보다가 당채우기도 좋고 맛있아용,000000000000
크림이 되게 부드럽고 달달한 케이크예요. 커피도 맛있어요!,101000000000
커피람 디저트도 맛밌고 너무 귀며문 카페!,100001010000
"자연채광 잘되는 푸릇푸릇한 인테리어도 좋고, 맛나게생긴 빵도 선택장애 오게 많고, 후추커피같이 특색있는 메뉴도 좋았어요!",110000010000
초코라떼 맛있고 옥수수 소금빵 미쳤어요,110000000000
식빵 결이 하나도 안 느껴지고 뭉쳐있는 느낌이라 별로예요.,020000000000
매장도깔끔하고 인테리어도 다양해서 시간가는줄모르고 사진찍고 놀았어요 게다가 크로플이랑 시그니처 커피 완젼맛나요,110000110000
나에게 오롯이 집중할 수 았고 공간에서 나는 향과 분위기 모두 좋아요,000000010000
브레이크 타임 직전에 갔더니 웨이팅 마감이라고 쫓겨남.,000000000002
"펜케이크는 주문 받고 직접 만드시는 거라 30분 넘게 기다리긴 했지만 음료도 그렇고 다 맛있었음 착즙주스는 과일 직접 착즙인 줄 알았지만, 착즙 음료수 주는 거!",300001000002
테라스가 있어서 좋아요! 애견동반카페라서 강아지와 같이와도 좋을 것 같아요,000000100000
크럼블치즈케이크가 정말 맛있구 인테리어가 외국 카페 같아요!! 2층 매장이어서 붐비지 않아서 더 좋았네용,001000110001
카페 인테리어도 커피도 너무 좋은 카페,100000010000
뷰가 너무 좋고 빵이 너무 예쁘고 가게가 맛있어요 최고쵝오,010000010000
가장 예쁘고 큰 카페로 찾아서왔어요 일단 너무 친절하시고 카페가 환해서 이쁘더라구요,000000111000
여기서만 맛 볼 수 있는 빵들이 많아서 좋아요,010000000000
직원분들이 자리 정리를 안 해주셔서 빈자리 있는데도 못 앉음.,000000000002
무화과 크림치즈 바게트 맛 잊지못해 겨우 겟 했는데 아니 애플파이가 도른놈이었음..,010000000000
바리스타님들이 매번 커피를 너무 맛있게 내려주셔서 제 미뢰가 아주 행복한 요즘입니다.,100000001000
워낙핫한 곳이라 기대했어요 역시나 맛있네요,000000000000
라떼 고소하고 베이글이 맛있어요 공간이 쾌적하고 시원해서 좋아오,110000100000
빵이 맛있어요 딸기라떼는 좀 더 달아더 될듯 빵 종류가 많아요!,310000000000
메론 빙수가 맛있다고 해서 와봤는데 제가 기대했던 것보다도 너무 맛있어요,000010000000
평소 잘 경험해볼 수 없던곳이라 그런지 너무 좋았습니다. 이용시간을 2시간이 아니라 3시간 정도 되야 무난하게 그림 하나 완성할 것 같아요 그점이 조금 아쉬웠습니다.,000000200000
눕는자리 너무 좋아여......,000000100000
생딸기마들렌이랑 고메버터 바게트 먹었는데 넘 맛있어요,010100000000
분위기만 잡고 정작 청소는 안 하는지 바닥에 부스러기가 가득해요.,000000020000
차근차근 깔끔하게 알려주셔서 너무 좋았어요. 친구들연인들과 함께하기 딱 좋아,000000001000
맛도 좋고 날씨도 좋아서 테라스에서 먹는데 굿 오물렛 진짜 너무 맛있었어요 여행온 기분이였어요,010000010000
직원들이 분주하게 청소하지만 그래도 먼지가 약간 보임.,000000003000
"커피, 디저트, 음악, 인테리어, 분위기까지 완벽했습니다. ... 직원분도 친절하고 공간 곳곳에 감성이 살아 있어서",100001011000
매장 들어오면 네모네답게 이 전부 으로 되어있는데 되게 귀여워요! 그리고 케이크랑 에이드 둘 다 너무 맛있슴다,101000010000
여기 빵 개존맛탱입니다 퀸아망 꼭 드십쇼,010000000000
케익이 부드럽고 달달해서 맛있어요,001000000000
두바이베이글은 꼭 드세요!! 너무 더웠는데 시원하게 매장에서 먹었어요,010000100000
서울점에도 오로라카페가생겨서 좋아요주차도편하고 빵도 맛있어요,010000100000
흡연 구역은 건물 외부 지정된 장소를 이용해야 합니다.,000000300000
분위기가 너무 좋고 커피도 맛있고 케이크는 대박입니다,101000010000
. 콜롬비아 게이샤 드립 바닐라라떼,100000000000
컵과일이라 먹기도 편하고 과일 상태가 정말 깔끔해요.,000010000000
오늘이 성수블렌드의 마지막날이네요. 산미 있는 커피를 항상 잘 마셔서 아쉬움이 남지만 새로운 원두도 기대됩니다,100000000000
생일 파티는 금지되어 있으니 초만 켜는 정도로 만족해야 함.,000000003000
주변 카페들이랑 가격 비교해 보면 다 고만고만합니다.,000000000300
너무 친절하십니다!! 기분 좋은 구매 할 수 있어서 좋았어요!,000000001000
토요일 오후에 서울숲 레브레드를 방문했습니다 매장도 넓소 분위기도 좋아서 데이트나 가족 단위로 나들이 왔을 때 방문하면 좋을 것 같아요 토요일이여도 사람이 너무 많지 않아서 힐링하다가 왔습니다 빵 종류도 다양하고 커피랑 먹으면 맛있을 것 같은 빵들도 많아서 좋아요 근처에서 식사하고 커피 마시면서 수다 떨기도 너무 좋은 것 같아요 직원 분들도 너무 친절하시고 빵을 먹다가 셀프로 포장해갈 수도 있어서 좋은 것 같아요 빵을 데워먹을 수도 있는 발뮤다 오븐도 있어서 좋았구요 덕분에 행복한 주말 보낼 수 있었습니다 다음에 또 찾아올게요,010000111001
아이랑 아빠랑 방탈출 보내고 가까이 있어서 들어왔는데 분위기 괜찮네요. 아메리카노 마시려다가 앞사람 따라서 쿠테로이테 시켜봤는데 맛있어서 행복합니다,100000010000
진동벨이 고장 난 건지 울리지도 않아서 한참 기다렸습니다.,000000200000
가을을 느끼고 커피한잔,300000000000
젤라또가 너무 맛있어요 종류별로 다 먹어봤는데 맛이 진짜 진하고 신선해요 일단 가장 맛있었던 세가지를 고르자면 1등 토마토 2등 참외 3등 레몬 소르베인데 토마토는 방아잎이 들어가서 중독적인 맛이고 참외는 약간 수박맛도 나서 너무 좋았어요! 레몬 소르베는 와인향이 꽤 진하게 나면서 상큼해서 맛있었어요 같이 온 친구들은 얼그레이랑 피스타치오도 맛있대요 뚝섬 근처에서 데이트 하기도 분위기가 넘 좋아서 추천해요!!,000001010000
꿀녹차랑 디저트 둘다 정말 맛있어요! 다음에 또 오고 싶은곳이에요,100001000000
위장장애환자에겐 공차가 좋아요,100000000000
빵도 커피도 맛이 있어요!!,110000000000
"서울숲 브런치 맛집 디저트,브런치 다양하게 즐길수있어서 좋아요",010001000000
항상 올때 마다 들리는 카페인데 정말 맛있어요 이런 착한 가격에 정말 맛있는 무스 케이크를 먹을 수 있다니 너무 체고예요,001000000100
쿠앤크 케이크 맛있어요!,001000000000
딸기 케이크에 딸기가 층층이 듬뿍 들어있어서 돈이 안 아까워요.,001000000000
"인테리어가 정말 아름답고 세련됐습니다. 카페 메뉴도 전반적으로 맛이 훌륭했고, 특히 서비스로 제공된 바닐라 젤라또가 진하고 부드러워 인상적이었어요.",000001011000
책을 읽다보니 생각보다 시간이 짧았어요 명상도 하고싶었는데!,000000002000
메뉴들이 다 독특한데 너무 맛있었습니다! 바나나푸딩토스트 바나나푸딩 너무 맛있고 바삭한 바나나칩과 부드러운 바나나푸딩의 조합이 너무 최고예요 빠낭시에 다크 카카오 맛으로 먹었는데 겉바속촉 장난 아니었습니다. 크런치가 바삭하게 씹히는데 안쪽은 엄청 촉촉해서 커피랑 먹으면 딱이에요! 피버바스무디 슈거랑 노슈거 중에서 선택할 수 있는게 너무 좋았습니다! 저는 노슈거로 선택했는데 고소함이 너무 잘 느껴지고 바나나의 은은한 단맛이 느껴져서 맛있게 먹었습니다. 포만감도 장난 아니에요. 더 자세한 리뷰가 궁금하시다면 아래 블로그로 구경 와주세요! httpsm.blog.naver.comlge0826223377929156,100101000000
"대화하기 편한 좌석은 아니지만, 커피가 맛있어서 갑니다. 플랫화이트ice 고소했어요. 디저트류도 종류가 다양하지만 일찍 매진되는 것 같았어요. 지하에도 좌석이 있다고 합니다.",100003200000
티라미수랑 민트아이슈페너 맛있어요. 다음에는 푸딩 먹으려고요.,101000000000
기본에 충실한 빵같아요 맛있음,010000000000
메뉴와 분위기 모두 묘사서울만의 색깔이 확실해서 좋은 것 같아요 넘 귀여운 원숭이모나카,000001010000
산미있는 커피안좋아하는데 괜찮았어요,100000000000
너무 매장이 이쁘고 맛있어요,000000010000
"베이글로 유명한 그곳 하도 너무 유명해서 지나간 김에 찾아갔음 여전히 사람이 많아 거의 만석임 가게는 무지하게 큰데, 앉을 좌석수가 그리 많지 않아서 자리 잡고 주문하는 걸 추천함 주말 느즈막히 갔더니 인기 베이글 종류는 없거 식사 대용 같은 베이글 샌드위치가 대부분 남아있었음 그래도 베이글 맛을 느끼고 싶어서 베이글 베이스의 메뉴를 시킴 내가 아는 베이글의 쫀득함이 아니고 미쳤음 왜 다들 줄 서서 사가는지 알겠음 플레인 버전이 없는게 너무 아쉬웠음 가게는 코끼리 베이글이 궁금한데 해서 먹으러 오긴 좋음 그리고 성수에서 웨이팅 없이 카페 가기 좋고 자리도 넓찍해서 나름 좋았음",010000200003
커피와 디저트 모두 맛있어요!! 다음에 또 올게요!!,100000000000
버터좔좔 소금팥붕어빵! 아메랑 먹으면 목구멍에 수십개도 들어갈듯,110000000000
생과일 플레이트는 얼음 없이 과일로만 가득 채워져서 나옵니다.,000030000000
성수역에서 거리는 조끔 있지만 걸어와서 들릴만 해요! 주말에는 예약하고 오는게 마음 편해요 맛있는데 또 건강한 맛이라 브런치로 딱 좋은거 같아요 샐러드랑 보리리조또 아란치니 맛있어용,010000000003
초코 베이글에 메이플 피칸 조합 미쳐요 메이플 피칸 최고입니다 추천,010100000000
핫하다는 어니언 드뎌 갔음 앉을자리를 꼭 확보하셔야해여. 비가 너므 와서 실내가 유난히 안락했어여 저 검정크런치빵.. 엄청 호평이었어요. 맛났음 추천입니당,010000210002
"솔직히 너무 귀여워서 보자마자 반했어요 남자친구 생일 케이크로 준비했는데 남자친구도 받아본 케이크 중에 제일 귀엽고 예쁘다고 좋아했어요 후기가 많이 안 보여서 맛을 걱정했는데, 진짜 맛있어요! 겉은 꽤 두꺼운 밀크초콜릿이고, 안에는 바나나케이크라 조합이 괜찮아요! 홀케이크 주문 시 초도 서비스로 하나 주신다고 해서 예쁜 초도 받아왔어요! 다음에도 또 아후에서 케이크 주문하고 싶어요",001000001000
가볍게 음료를 즐기에 좋아요,100000000000
소금버터베이글 샌드위치와 바질토마토베이글 선택했습니다 짭짤하고 아랫면이 빠작하게 구워진 소금버터베이글이 맛있어요 매장내 음악이 정신사납지 않아서 좋습니다,010000010000
애견동반도 되고 분위기가 너무 좋아요,000000110000
선물셋트가 다 나가서 판매안되는 박스를 쫄라서 구매하여 직접 했어요 직원님 감사합니다 오픈 전부터 줄이 소금빵을 넘어서 있어서 기절초풍 저녁에 다시가서 구매했구요 30분 정도 기다리고 구매했어요 기다리는거 질색인데 너무 맛있네요... 맛은 인정... 과일 자체를 좋은걸 쓰는 듯 다음엔 제발 줄이 길지않길... 바래봅니다...,010000001012
지인분이 선물로 주셔서 맛 보았는데 너무맛있어서 저도 주문 하게 되었네요 사진을 못 찍어서 아쉽네요 정말 강추입니다요,000000000010
개인 컵 할인된다더니 영수증 보니 할인 안 되어있어 따지니 짜증 냄.,000000002000
인테리어도 너무 깔끔하고 예뻐서 기억에 남았었는데 생각보다 빵들도 갈 때마다 다 맛있어서 성수 갈 일 있으면 자주 들립니다!,010000110000
너무 맛있고 신기하네요. 상큼 달달하면서 깻잎향이 너무 잘어울려요.,100000000000
그릭 요거트 토핑을 마음대로 추가할 수 있는 시스템입니다.,000003000000
성수동 뷰 맛집 사진이 잘 나오는 카페입니다 독특한 음료가 많아서 좋았어요 디저트도 맛있어요,100001010000
"인테리어, 음료, 분위기 모두 성공적..",100000010000
손님이 이리 많은데 키오스크 달랑 한대,000000200002
나갈 때 인사는 형식적으로 해주시는 편인 것 같습니다.,000000003000
성수에 이런 맛있고 큰 카페가 생겨서 너무 좋아요! 인테리어까지 고급스러워서 더더욱 좋고요! 서울 카페에 스모어 디저트 잘 없어서 더 소중해요.. 직원분들도 친절하기까지 자주 올 수 밖에 없네요!,000001111000
스콘이 퍽퍽하지 않고 버터 풍미가 진해서 딸기잼이랑 딱입니다.,000100000000
땅콩잼 구매하러왔는데 눈앞에서 바로 만들어주시는거 최고!,000001001000
너무맛있어서 포장도 했어요 존맛,000000000010
아침마다 여기서 샌드위치 사 먹는데 재료가 정말 알차요.,010000000000
플랫화이트 크기가 작긴한데 맛있어요!,100000000000
편하게 되어있고 친절하십니다,000000101000
유명해서 와봤는데 맛있어요!,000000000000
언제나 먹어도 맛있는 우리동네 빵맛집입니다 오늘도 한입합니다,010000000000
따로 앉을 공간은 없고 무조건 테이크아웃 해가야돼요! 딸기랑 초코크림이 전부인데.. 맛있어요 초코크림이 맛있고 딸기와 생각보다 아주 조화롭더라고요!?,000001200000
성수를 가게되면 꼭 들리는 빵집이에요! 새로 재오픈하고선 새로운 빵종류가 생겼더라구요! 제 인생 식빵 맛집입니다,010000000000
커피가 맛있습니다. 디저트도 맛있어요.,100001000000
야외 좌석 이용 시에는 일회용 컵으로만 제공된다고 합니다.,000000300000
유익한 시간이었고... 지브랄타를 직접 만들어 보는 것도 색다름 경험이었구요.,000000001000
쌀 푸딩 식감이 독특하고 고소해서 자꾸 생각나는 맛이에요.,000001000000
넓고 분위기 좋아요 맛있어용,000000110000
에스프레소가 너무 추출이 많이 된 건지 쓴맛만 강해서 다 못 마셨습니다.,200000000000
망고빙수가 저렴한데 크기도 크고 여름에 시원하게 먹기 너무 좋았어요,000010000100
장소도 좋구...베이글도 맛있어요오늘 만나는 친구에게 주려구 2개씩 구입,010000100010
짐이 많을 땐 구석 자리를 이용하는 게 서로 편할 것 같습니다.,000000003000
산미는 거의 없는 편이고 적당히 쌉싸름한 맛이 납니다.,300000000000
쫀득하고 담백해서 정말 맛있는 베이글입니다! 부재료를 첨가한 것보단 플레인이 입맛에도 가장 잘 맞고 좋았습니다. 워낙 인기가 많고 회전율이 빨라서 갓 나와 따끈따끈한 베이글을 바로 먹을 수 있는 것도 좋았습니다 다만 매장에 취식 공간이 부족한 점은 개선되었으면 합니다! 빠른 정식 오픈을 기대합니다.,010000200001
케이크가 마싯다는 얘기를 듣고 와봤는데! 진짜.. 케이크가 너무 너무 마싯어요 망고철이 가기 전에 망고를 먹으러 또 와야함.. 메모!!,001000000000
처음 와봤는데 직원분들이 친절하시고 대화하기 좋고 디저트도 너무 맛있어요!!,000001001000
소품들이 몇 가지 놓여있긴 한데 특별히 눈에 띄지는 않네요.,000000030000
커피 맛있고 원목 인테리어가 좋아요,100000010000
샤인머스캣 케이크 알이 꽉 차 있어서 씹는 맛이 일품입니다.,001000000000
기념일이라 케이크때문에 방문했는데 카페가 일단 너무 예쁘고 베이커리도 맛나보였어요! 케이크도 심플하고 너무 예뻐요,011000010000
식빵부터 소금빵까지 다양한 빵이 맛있고 구성이 알차요,010000000000
망고말차라떼 맛있네요. 다소 가격이 부담될 수는 있지만 프리미엄 과일있어서 가치 있는것 같네요. 뷰는 힐링됩니다,100000010300
이 집 잠봉뵈르는 바게트가 입천장 안 아프게 바삭해서 좋네요.,010000000000
딸기 케이크가 맛있어보여서 성수 온김에 포장하러 갔습니다!!! 직원분들도 다 착하시고 매장 분위기도 괜찮은 거 같아서 다음번엔 매장에서 시식해보려구욯 조각케이크랑 보틀케이크 포장해서 조각케이크는 집 오자마자 먹어봤는데 제 입맛에 완전 취저 달달하고 부드러워서 또 먹고 싶어지더라구요 보틀은 남자친구 줬는데 아주 맛나다고 하네요,001000011010
평일에도 사람이 북적북적 많네요.,000000000002
카페 분위기가 너무 좋고 사람이 많지가 않아 여유롭고 힐링하니 좋네요! 인테리어도 우드 우드해서 감성있고 마음에 들어요!,000000110001
양 적은 둘이서 먹으려고 산건데 식사를 배불리하고 나서 먹으니까 14 크기로 남았어요!! 배부른데도 계속 맛있네 하면서 한조각만 더먹을까..? 할정도로 너무너무 맛있었어요!!!! 후기에 호불호 안갈리던 것도 이유를 알겠고 체리 콩포트가 신의 한수네요.. 크림 많으면 자칫 물린다 느낄 수도 있는데 체리 콩포트의 상큼함이 그걸 다 잡아줘요! 토핑 쿠키도 먹고나서 찐한 버터향에 여기 구움과자도 궁금해졌네용 픽업시간보다 거의 25분? 일찍갔는데도 금방 예쁘게 포장해서 주셨어요 크기에 비해 조금 비싼가.. 싶었는데 먹고나니까 그런 생각 쏙 들어가고 오히려 크기만 큰 물리는 맛 케이크들을 사먹은 시간들이 아까울정도.. 핀즈 다른 케이크도 너무 궁금해요,001300000110
대화하기 좋아요 ) 문쑴기록지,000000010000
여기 마카롱은 필링이 뚱뚱한데도 느끼하지 않고 적당히 달아요.,000100000000
복숭아에이드 맛있었어요! 근데 손님에 비해 직원이 적은지 음료가 오래걸리네요,100000002000
선물용으로 구움과자 세트 샀는데 포장도 예쁘고 다들 맛있다네요.,000100000000
노키즈존도 아닌데 아기 의자가 하나도 없어서 당황스러웠네요.,000000200000
눈오는 날 오니 뷰가 장난 아니네요 커피도 괜찮아요,100000010000
존맛이에오 흑임자라떼 자허블치고,100000000000
타르트 넘 맛잇엇어용 맛도리 짱 꼭 드시길,001000000000
포장 비용을 따로 받으면서 리본 하나 안 달아주는 건 너무함.,000000000020
"인테리어가 너무너무 이쁜 카페! 빵도 맛있고 커피, 티 모두 맘에 들더라는..",110000010000
밀도 빵은 항상 믿고 먹어요,010000000000
생각모다 매장이 넓네요 사람도 많아요 음료도 맛있어요!,100000100002
티그레 맛집이라는 후기만 보고 찾아왔는데 매장이 넓으면서 간격이 있어서 쾌적하게 즐기기 좋았어요! 커피도 디저트도 맛있었습니다,100100100000
퐁신퐁신미쳤서요 밥먹고먹어듀 쌉가능 바나나 안 좋아해서 플레인으러 시켰는데 완전 잘한선택 수플레자체가 넘 마싯서요,001000000000
플레이트는 무조건 먹어야할거같아요! 아이스크림랑 만 와인먹음 심심할거같아요 아이스크림은 치즈보단 사이드쪽(카카오나 옥수수)이 더나은것같아여,000001000000
"층고도 높고 좌석 간격도 떨어져 편해요 커피,빵 맛있어요",110000100000
네모 라떼랑 버터 쿠키 샌드 먹었는데 진짜 맛있어요,100100000000
케이크에 종이를 먹을정도로 맛있어서 정신없이 먹었네요!!!다음에 또 오겠습니다,001000000000
밖에서 흡연하시는 분들이 많아서 담배냄새가 계속 났어요!,000000200000
버터바가 아주 꾸덕하고 쫀득해서 당 충전하기에 최고예요.,000100000000
거의 오픈으로 와서 한적하고 좋았어요. 커피 맛있구 단호박스프가 완전 너무 맛있었습니다,110000000001
사장님 너무너무 친절하시고 크로플도 완전 맛있어요!!! 분위기도 너무좋고 최고임당,000001011000
사장님이 정말 친절하시고 디저트 정말정말 맛있어요! 또가고싶네용,000001001000
빵종류도 많은데 맛있고 커피도 꽤 맛있어요. 주차공간도 있는게 좋네요!,110000100000
12시 이후에 와서 빵이 많이 없었는데 갓 나온 빵들이 계속 나와서 바로바로 담고 먹을 수 있었어요!!,010000000003
학생 할인은 학생증 지참 시에만 적용된다고 하네요.,000000000300
"맛과 예쁜 색상이 어우러진 어반 디저트 카페이네요. 연인들 데이트하기 좋게, 예쁘고 다양한 다과가 준비 되었군요. 명절이나 상견래등 선물 세트도 준비되어 있었습니다. 누구나 한번쯤 꼭 들러야할 것 같은 성수역 디저트 카페입니다. 성수역핫플 성수역데이트 성수역마집",000000010010
맛있는 디저트와 커피가 있는곳! 부드러운면서도 고소한 아메리카노 눈으로만 봐도 이쁜 디저트 마들렌과 포레누아! 깔끔하고 예쁜 인테리어까지 모든것이 완벽한 디저트카페입니다D 포레누아랑 아아 조합으로 꼭 먹어줘야해요 마들렌은 말안해도 이미 맛있음!!,101100010000
딸기 종류 케이크 맛있어요. 사람 많아용,001000000002
늦게까지해서 좋네요 자리도 넓고,000000100000
가게 내부도 넓고 분위기도 너무 좋은 곳입니다. 직원분들도 너무 친절하시어서 최고예요.,000000111000
너무 예쁘고 유니크한 카페라서 인상깊어요!,000000010000
조명이 너무 침침해서 책은커녕 앞사람 얼굴도 잘 안 보여요.,000000200000
디저트는 딸기밀푀유디저트 종류가 다양하고 모임하기 좋은 곳 같아요,001000100000
서울숲에 이런곳이 있다니 너무 힐링되는 뷰고 빙수도 푸짐하고 맛나용! 치유하고 갑니당,000010010000
맛이 보통. 그냥 먹기만해요,000000000000
꽈배기들 너무맛있어요! 주변에서 일하면 음료 30퍼센트 할인이라 가성비 좋아요 분위기 굿 공간 굿이용,100001110100
커피가 너무 맛있고 분위기도 좋고 힐링되는 곳이에요!,100000010000
케이크가너무귀엽고 전날에도 예약할 수 있어서 너무 좋아요!!!,001000001000
소금에그타르트가 맛있다고 해서 방문했어요 따뜻할때 바로 먹었는데 커스터드가 부드럽고 파이지도 바삭해요.,000100000000
디저트들이 단맛이 강하지 않아서 가볍게 먹기 좋습니다.,000100000000
네이버 예약으로 하루 전 픽업 예약으로 품절대란 없이 편하게 이용했습니다 깜빠뉴와 데니쉬가 주력인 집인데 씹을 수록 고소한 맛이 일품입니다 에르제 까놀레가 그렇게 맛있다던데 담에 꼭 먹어 볼랍니다,010300001000
인테리어가 팝적이고 독특하네요. 아메리카노 테이크아웃 2천원!,100000010100
"성수동에 비좁고 테이블과 의자높이가 거의 같은 카페들도 많은데 여기는 층고가 높고 테이블 높이도 적당하고 간격이 넓은 편이라 좋았어요! 디저트류 종류도 굉장히 많고 특색있는 편이고, 레몬 좋아하시면 레몬머랭크루아상 추천해용 가격은 다른곳에 비하면 높지않은 편인것같아요!",010001100100
연어 들어있는거 맛있어용 맛,010000000000
포장 웨이팅 10분하고 주문하고 10분 더 기다렸어요 가게가 좁은데 비해 마땅히 기다릴 곳이 없어서 불편했습니다,000000200002
멜론빵과 스콘을 구매했습니다 맛있습니다,010100000000
재밌어요 새로운 경험이였어요 그림도 엄청 크고 원하는대로 색칠하고 재밌었네요 무엇보다 물감을 새 물감으로 제공해서 놀랐습니다,000000100000
망고가 달달하고 맛있어용 위에 올라간 아이스크림이 너무 맛있었습니당! 날씨 더운데 안에서 쉬고 가기 좋은 거 같아용,000011100000
너무친절하시고 디저트가 예쁘고 특히 딸기라떼 강추!!!!담에 또 올게용,100000001000
버터솔트 너무 맛있었어요! 쫀득하고!,010000000000
디저트가 예쁘고 맛있어요! 분위기도좋고 또 오고싶어요!,000000010000
그냥 동네 카페에서 흔히 볼 수 있는 구움과자 구성입니다.,000300000000
포장 패키지는 그냥 일반적인 카페 상자 디자인입니다.,000000000030
넓고 전신거울도 있고 파블로바 진심 맛집 파블로바 처음 성공해봐요 커피는 말해모해 맛있음,100001100000
처음 방문했는데 매장도 예쁘고 치즈베이글 맛있게 먹었어요!,010000010000
누룽지 리조 쑥라떼 얼그레이밀크티 파인애플바질 완전 특이하고 맛있어요!!! 글라스와인도 같이 파는 젤라또가게라 신기해요 재방문의사 x100,100001000000
바브카 맛 괜찮네요 디카페인 아메리카노는 비추합니다,210000000000
딸기케이크를 빠르게 맛볼 수 있어서 좋아용 후추커피도 너무 신기한 맛이에용,101000000000
개예쁘긔윤!!!!!!! 음료도마싯어요,100000010000
찾아가기 조금 헷갈리기는 했는데 생각보다 공간도 넓고 좋았어요! 시킨메뉴 다 맛있었고 크루키랑 아인슈페너가...진짜 맛있어요 빅토리아케이크는 살짝 느끼한 감이 있어서 아아 필수입니다. 손님들이 에그타르트나 다른 빵들도 많이 시켜먹더라구요? 못먹어본거 먹으러 다음에 또 가고싶네요!,102100100000
성수동카페거리에 딸기케이크 맛집을 발견했네요 동물성생크림사용해서 너무 부드럽고 맛있어요,001000000000
아담한 앤틱 분위기의 카페. 휘낭시에 종류도 다양하고 맛도 있네요.,000100010000
짐이 많아 자리가 불편한데도 무조건 좁은 자리에만 앉으라고 강요함.,000000002000
"저 멀리서부터 소금빵 냄새 나길래 홀린듯이 가서 줄이 긴거보니 딱봐도 맛집이길래 샀는데 개맛도리 근데 너무 버터리한거 안 좋아하시면 비추 빵 삼킬때 버터국물 같이 삼키는 느낌 먹어본 소금빵중에 젤 버터버터,, 에프 살짝 데우면 당연히 더 맛있슴 비싼 감은 있지만 마시써요",010000000202
성수동 왔는데 유명하다길래 들렀어요!!! 맛있네요,000000000000
성수동에서 계속 걸어다니느라 다리아팠는데 운좋게 바로 앉아서 좋았어요. 과일수플레도 맛있어요.,000001100000
쫄깃하고 부드러운 베이글,010000000000
너무 예뻐요! 내부 공간도 크리스마스 트리가 있어서 추천합니다.,000000010000
타르트가엄청 크고 먹음직스러워요 지나가다 들렀는데 좋아용,000100000000
딸기음료가 공차보다 맛있대요. 가격은 비싸요. 하지만 땅값이 비싸니 이해한답니다 달고 쫀쫀한 느낌의 쿡희예요,100100000300
넓고 주차공간도 있고 디저트들이 아기자기 귀여워용,000000110000
분위기가 너무 좋고 테이블 간격도 좋아요... 공영주차장이랑 가까워서 아주 좋아요,000000110000
되게 조용하고 작은공간일줄 알았는데 안이 뭔자 북적하고 좀 왠지모를 시끄러움이 느껴져서 좀 당황했지만 음료는 좋았고 디저트를 못먹어봐아쉬워용,100000020000
빵 맛있고 직원이 친절해요 카페 분위기도좋아요,010000011000
테라스에서 맛있는 브런치를 즐길 수 있어요!,010000100000
반려견 동반 카페인데 강아지가 짖는다고 바로 나가달라고 하네요.,000000002000
분위기도 좋고 너무 맛있어요,000000010000
피넛버터 사서 선물하려고 방문했어요! 시식해봒는데 너무 고소하고 맛있어요 특별해서 선물하기도 좋은 것 같아요,000001000010
넛모스피어 커피 진짜 완전 꼬숩고 달달하니 핵맛있음! ... 카페안에 사진관도 따로있어서 친구랑 우정샷 남기기도 좋음!,100000010000
초콜릿 라떼 57선택해서 먹었는데 진하고 달고 맛나요!! 파우더 맛이 아니라 제가 딱 원하던 초코라떼 맛이었러요..!,100000000000
"오랫만에 성수에 왔다가 맛집 검색후 왔는데 매장도 깔끔하고 음료도 맛잇고 베이커리가 종류도 다양하고 다 맛있어요, 즐거운시간 보내고 갑니다",110000100000
생망고도 너무 맛있었고 빙수양도 많고 맛있어요. ... 특히 소금빵x붕어빵 바삭하고 단짠단짠한데 너무 취향이었어요 커피도... 맛있게 마셨어요!,110010001003
나들이 하는겸 와봤는데 벌써 유명해져서 사람들이 꽤 많이 찾더라고용... 가격이 싸진 않았는데 재료 생각하면 괜찮은 편이었어요,010000000302
베이글이 아주 쫄깃하고 담백해서 식사 대용으로 최고예요.,010000000000
분위기가 너무 좋고 매장 음악도 좋아요!,000000010000
젤 좋아하는 무화과 깜빠뉴!! 진짜 맛남.. 무화과 덩어리가 굿굿,010000000000
베이글을 워낙 좋아해서 방문했어요 종류도 다양하고 맛도 좋았습니다,010000000000
우와 망고 빙수 양 진짜 많고 부드러워요 가성비 최고 빵도 쫄깃하고!!,010010000100
레브레드 너무 좋아요!!,000000000000
빵이 신기하고 맛있음. 블랙 크런치? 치즈프랑스 맛있음. 카페 분위기도 신기한데 늘 포장만 했음. 앙버터는 팥이 생각보다 단 편.,010000010030
매장이 넓고 서울숲 돌고 시원하게 커피한잔 하기좋아요,100000100000
인스타에서보고 맛있어보여서 왔는데 분위기도 좋고 오븐도 있어서 구워먹을수있어서 좋았어요!! 음료수도 맛있고 인테리어도 예뻐요,100000110000
빵 종류별로 나오는 시간이 정해져 있으니 참고하세요.,030000000000
허니버터 브레드랑 벨지안 초콜릿 우유 특히 추천해요! 맛있어요 고양이도 귀엽고 카페 분위기도 좋습니다,110000010000
너무너무 귀여운 소품들이 반겨주고 의자도 있어서 편하고 좋아요,000000110000
분위기가 색다르고 커피랑 디저트가 맛있어욘!,100001010000
명절에는 명절 전용 패키지가 따로 출시된다고 하네요.,000000000030
3월에 왔다가 영업시간 전이라 다시 와봤어요. 후기보고 다른곳인줄 알았어요. 옷 팔던곳도확장공사해서 훨씬 넓고 좋아요. 커피 케잌 맛있네요.,101000100000
원재료 신선한 거 쓰시는데 가격은 거품을 쏙 뺀 느낌입니다.,000000000100
소금빵 너무맛잇는곳,010000000000
인테리어도 너무 이쁘고 빵맛집 인정해요 토마토바질식빵이랑 토스트 넘 맛있게 먹었어요 트러플스프도 주문하셔서 찍어드세용,010000010000
저번에 먹고 맛있어서 이번엔 포장하러 왔어요. 다음에 또 올게요,000000000010
카페 입구부터 완전 귀엽고 예뻐요! 쿠키도 맛도 많구 달달하니 너무좋아요,000100010000
사람 엄청 많아요 주차 협소 케이크 크라상 맛있음,011000200002
베이글 반죽이 덜 된 건지 속이 떡진 것 같은 느낌이에요.,020000000000
흡연 구역이 멀리 떨어져 있어서 담배 냄새가 전혀 안 들어와요.,000000100000
포장으로만 이루어지는 곳인데 집에 돌아와 먹으니 안에 있는 딸기도 달달하고 찹쌀떡 피도 질기지 않고 너무 맛있었어요!! 과일 종류도 다양해 취향대로 골라먹기 좋고 패키징이 예뻐서 선물용으로도 추천해요!!!,000011000010
성수 들렸다가 우연히 찾아서 들어왔는데 매장도 깨끗하고 베이글도 맛있네요.,010000100000
매장은 깔끔하고 청결하게 잘 되어있고 분위기가 아늑하게 좋았어요! 임신중이라 카페가면 항상 디카페인 메뉴를 찾게되는데 디카페인 있어서 좋았구요 커피도 넘 맛좋아요! 지하철역에서 가까운것도 넘 장점이라 담에 다시 방문의사 있습니다,100000110000
맛있어서 지도보고 찾아왔어요,000000000000
너무 귀몁고 모든 민테리머가 네모밉니다,000000010000
외국인들은 직접 주문 받으면서 정작 국내 사람들은 테이블에 있는 큐알로 주문하라 하고... 1시간 기다려서 들어갔더니 주문 후 조리하는데 또 20분.,000000002002
커피가 너무 맛있고 분위기 최고입니다!!,100000010000
커피를 못마시는 바람에 시그니처들을 못마셔봐서 아쉬웠어요,000000000000
"카페가 아기자기하니 너무 귀여워요!!그리고 무화과랑 피스타치오 조합이라니,,미쳤어요",000001010000
러스크가 너무 딱딱하지 않고 바삭하게 잘 구워져서 간식으로 딱입니다.,000100000000
프러그램너무젛아요 맛나요,000000000000
강릉에서 먹어본 옥수수라떼가 생각나는 맛 달지않아서 더 앗있었어요,100000000000
"저장만 해 두었던 곳인데 근처에 왔다가 커피 마시고 싶어서 왔어요. 직원분들 모두 친절하시고,커피도 맛있어요. 소금빵도 기대가 됩니다!",100000001000
음료수가 맛있고 인테리어다 예뻐요,100000010000
샌드위치는 커팅 유무를 물어보시니 취향껏 요청하세요.,000000000030
매장이 넓고 대화하기 좋아요 곳곳에 사진스팟도 귀엽구 베이커리 메뉴가 특이해요,010000110000
풍경사진 포스터 구매했어요 첫방문인데 관심이 생겼어요,000000000000
케이크랑 분위기가 너무 예뻐요,001000010000
에이드 탄산이 다 빠져서 밍밍하고 그냥 설탕물 마시는 것 같아요.,200000000000
성수에서 가성비 역시나 좋은 메가커피! 음료도 빠르게 나와요!!,100000001100
올겨울은 요즘 핫한 성수 소금빵X붕어빵... 너무너무 맛있음,010000000000
머랭 케이크가 처음이였는데 너무 맛있고 특히 진두펄이랑 잘 어울려용 케이크 미친맛... 제가 여태껏 제작케이크 중에 여기가 원탑..다음엔 1호 사이즈로 하려구용,001000000000
카페에서 잘 놀다가 갑니다,000000000000
100 땅콩버터 !! 두눈으로 직접 보고 담아서 믿고 먹을 수 있어요... 당장 뛰어가세용,010000001000
대관 금액이 만원밖에 안 하는데 가격에 상관없이 음료를 선택해서 마실 수 있는 것도 좋았어요. ... 화장실 쫌 중요하게 생각하는데... 건물 안에 있긴하지만 카페 바깥에 있어서 별 하나만 뺄게요,100000200100
보관 방법이 적힌 종이가 상자 안쪽에 붙어 있습니다.,000000000030
친절하시구 휘낭시에도 너무 맛있어요,000100001000
비건 디저트라 그런지 너무 푸석하고 맛이 너무 없어서 당황했어요.,000200000000
요거트 스무디가 너무 묽어서 스무디가 아니라 그냥 물 같아요.,200000000000
분위기도 좋고 책도 많아요. 자주 오고싶어요,000000110000
성수동 오면 맨날 오는곳 리뷰는 처음쓰지만 벌써 몇년째 오는곳 브루잉커피 깔끔하고 맛있음 언니두 친절 그자체 인테리어도 특이하고 신기,100000011000
채광이 좋아서 어디서 사진을 찍어도 정말 잘나오네요! 디저트들도 너무 귀엽구 맛도 좋아요!,000001010000
뺑도맛있고 내부구조도 레트로하고 특이해요,010000010000
도넛 종류도 많고 특히 버터샌드 진짜 강추입니다,000101000000
사람이 좀 많아서 답답해요,000000000002
분위기 좋고 조용해서 좋아요!,000000010001
체리 콕은 탄산이 적당하고 체리 향이 은은하게 나는 편입니다.,300000000000
복숭아 많고 좋아요 달콤하고 위에 올라간 크림이 별미 빙수 얼음이 맛있어서 어떤 과일빙수를 골라도 맛있을 것 같네요. 음료수 예쁘고 리프레시하기 좋아요. 잔잔한 맛. 내부 자리 넓고 나무가 많이 보이고 조용해요.,100010100001
매장도 넓고 종류도 많습니다. 깨끗해서 방문할 때마다 기분이 좋네요!,000000100000
케이크랑 커피가 맛있었고 시원하고 넓어서 좋았어요!,101000100000
단호박 스프랑 라자냐 시켜 먹었어용 넘 맛잇어요 추가루 빵두 시켜서 같이 먹었는데 very good.,010000000000
커피 맛이 어떤지 세심하게 물어봐 주셔서 대접받는 느낌이었어요.,000000001000
주차장은 넓지만 손님이 많을 땐 이마저도 부족할 수 있음.,000000000003
분위기도 좋고 특히 색감이 너무 좋네요 케이크 종류도 다양해서 좋아요,001000010000
"분위기 좋아요 초코는 앞에 위스키맛이 강했다가 다크초콜릿과 어우러지고 오렌지는 상큼했다 위스키와 자연스럽게 이어지는 맛이 여름에 딱이에요! 아이스크림 단품외에 위스키 샷도 세트로 구매가능하고, 그외 타르트도 재밌네요! 카카오 애쉬타르트는 꾸덕하고 진한데, 위에 플레이크 소금이 살리는 맛이에요! 컨셉이 확실해서 좋아요",001001010000
분위기는 좋은데 음료가 비싸고 별로..,200000010200
피스타치오케이크가 궁금해서 방문했는데 꾸덕하니 너무 맛있어요! 수박주스도 상상 이상으로 맛있어서 추천드립니다 매장은 생각보다 아늑하지만 10테이블은 앉을 수 있어서 오히려 더 좋아요 다음에 또 방문할 거 같아요!!,101000110000
층고가 높아서 개방감이 있고 답답하지 않아 오래 머물고 싶어요.,000000010000
네모네모 컨셉이 너무 기여워용 멀그레미케미크 얼그레이맛이 진하고 무화과도 많이 들어있어서 아쥬 맘에들었어용,001000010000
커피도 디저트도 너무 맛있어요!,100000000000
편안하게 티타임 갖기에 좋은 곳입니다. 뷰도 좋아서 힐링할 수 있는 곳이에요.,000000010000
맛있습니다. 매장도 쾌적하고 직원 응대도 친절해요.,000000101000
인스타 감성 낭낭한 느낌 좌석 간격이 넓고 쾌적했어요,000000110000
넓고 쾌적하고 친절하심.,000000101000
매장도 넓직하고 대화하기 좋네요 소금붕어빵 너무 맛있어서 깜짝 놀랐어요 굿,010000100000
"브릭샌드 휘낭시에 진짜 겉바속촉 최애,,,",000100000000
수업전 피곤함을 달래줄 티나 커피를 구입하곤 해요. 테이크아웃만 해서 테이블이 있는 2층과 3층이 어떤지 모르겠어요.,100000000000
실제 베어문듯한 복숭아맛이 나서 너무 좋았어요.,100000000000
미친 맛!! 진짜 맛있어요 무조건 먹어야하는맛!!!! 블루베리치즈크럼블콜드브루 조합 강추,100100000000
케익 정말 맛있습니다 달지 않고 포크를 놓지 못하게 하는 맛입니다!! 귤 묘거트는 요플레 맛과 귤 조화가 너무나 좋습니다!! 어른도 아이들도 사랑할수밖에 없는 맛이예요!! 이걸 어찌 다 먹지? 걱정했는데 맛보는 순간 그냥 다 먹었습니다!! 굿!!!!!!! 짱짱짱!!!!!!!!!! 다시 구매하러 갈래요!!!!!!!!,001001000000
늘잘먹고있어요 밤식빵체고,010000000000
성수 돌아다니다가 우연히 들어간 카페에요. 알고보니 6월에 생긴곳이네용. 치즈케잌 아주 꾸덕한게 시중 보통 치즈케잌보다 진하고 맛있어요. 아아보다 크림치즈라떼가 더 특색있는 맛인거 같아용.,101000000000
"이름부터 피넛버터바나나 여서 메뉴로 피버바 토스트와 피버바 스무디 설탕 없는 버전, 있는 버전 시켜봤어요. 땅콩버터는 당없이 먹으면 다이어트이 도움된다는데 단 맛이 없더라도 아주 고소하고 맛있어요. 피버바 토스트는 바나나가 냉동이라 좀 차가운데 따뜻했어도 약간 바나나브륄레 처럼 맛있었을 것 같아요. 베이스인 땅콩버터 자체가 맛이 묵직하니 고소해서 아주 잘 어울렸습니다.",110000000000
딸기모찌 파르페를 시겨보았어요. 크림이 진짜 맛있고 딸기랑 너무 잘 어울리네요. 두 번째 방문인데 서울숲이 잘 보이고 매장이 넓어서 넘 좋았어요.,000001110000
"얼그레이 크림라떼, 스카치버터 크림라떼 둘 다 넘넘 독특하고 맛있어요!!!! 딸이랑 친구랑 왔는데 분위기도 좋고 좋네요",100000010000
"친구랑 같이 와서 너무 좋은시간 잘 보냈습니다 음료도 다 너무 맛나구, 케이크도 꾸덕하니 넘넘 맛나요!! 다음에도 재방문 의사 있습니당",101000000000
예약안하고 갔는데 10분만에 케이크 만들어주셨어요 예뻐요!!!,001000001000
베이글 새로나와서 먹었는데 맛있어요,010000000000
소금빵 너무 맛있는데 인당 5개 자주 올게요,010000003000
솔트 프렛즐 맛있어요! 소금 이랑 갈릭 시켰는데 둘 다 존맛!!!!!!,010000000000
맛있고 분위기가 좋았어요! 자리도 넓고 다음엔 테라스석앉아보고싶어요),000000110000
한 번 더 방문하고 싶을 만큼 좋았어요,000000000000
제주도 맛집이라 그래서 왔는데 오픈 초기라 아직 사람들이 많이 붐비지 않아서 여유롭게 방문할 수 있었어요! 제주도 특유의 재료오 만든 타르트 들과 시그니처 음료까지 정말 맛있었답니다,101000000001
"분위기도 좋고 개성주악 넘 맛있어요,, 개성주악 먹으러 한번 더 가고 싶어여! 그리고 개성약과도 쨩맛 시원하게 먹기 좋은 빙수까지 완벽한 곳! 무료 주차도 가능한 곳이라 데이트코스로 딱입니다",000011110000
커피 원두 별로 골라서 먹을 수 있어요... 커피에 대해서 친절히 설명해주셨어요 ) 원테이블이라 단체는 힘들 거 같아요.,100000201000
분위기 넘 좋네요 커피는 말해모해 또 방문하고파요 !,100000010000
커피는 그러저럭 베이커리가 맛있네요,310000000000
소금빵 역시 완전 맛있어요!! 매장도 너무 예쁘고 넓어서 편하게 있다오기 좋구 명란 소금빵 처음 먹어봤는데 한번먹으면 자꾸생각날만 하더라구요 디저트 러버들에게 꼭 가볼만한 곳,010000110000
아이스라떼는 고소하고 진한맛으로 왜 시그니처음료인지 알 수 있었어요 놀라플로트는... 위에 올려진 아이스크림이 정말 맛있었고,100001000000
집에 스키피 지프 항상 쟁여놓고 먹는 땅콩버터 처돌이로서 이런 카페 만나서 너무 반갑구요 패스츄리 호떡 아래에 꾸덕하게 깔린 피넛버터랑 바나나 조합 너무 좋아요 제 픽은 땅버 바나나 스무디!! 너무 달지도 않고 너무너무 마싯어요... 아아랑 먹으면 디저트 순삭,110000000000
진짜 넘 맛있어요!,000000000000
소금빵 냄새가 가득한 맛집이에요! 소금빵x붕어빵 맛있어요,010000000000
분위기 좋은 서울숲 뚝섬역 카페입니다. 음료도 맛있고 친절하셔서 재방문 의사있습니다. 소규모 모임으로도 좋을듯요,100000011000
먹기 전에 이 리뷰 쓰는 건데 너무 맛있어 보여요... 잘 먹겠습니다,000000000000
강남 놀러가면서 유일하게 가보고 싶던 카페였는데 주차는 조금 힘들지만 그래도 카페가 너무 예뻐서 만족스러웠어요 케이크 위에 있는 복숭아가 살짝 말라있지만 그래도 케이크 자체가 맛있었고 꽃집이랑 위에 쇼룸도 있어서 구경하는 재미 쏠쏠,001000210000
6시 넘어서 왔는데 메뉴 몇개 품절되어 있긴 했지만 맛있습니다!!,000000000002
사장님 친절하시고 휘낭시에 너무 맛있어요!!,000100001000
단일 상품만 파는 곳. 그만큼 맛은 인정합니다. 짭쪼름한 맛과 고소한 빵맛이 너무 조화롭습니다 굿굿,010000000000
디저트가 맛있고 매장도 넓고 이뻐용!!,000000110000
프렌치토스트 넘나 제 스탈.. 그리고 에그인헬 여기 숨어있는 맛메뉴에요 꼭 드셔보세요!,010000000000
점말예쁜 카페에요 꼭 와보도록 하세요,000000010000
캘리포니아 감성 카페! 조금은 조용하고 한적한 느낌이라 자연스럽게 여유로운 마음이 생긴다 날 좋은 날 테라스에서 시간 보내도 좋을듯,000000010001
개성주악파는곳!! 쫀득한식감이 대박,000001000000
소금 붕어빵 너무 맛있어요 !!,010000000000
카페 넘 예쁘고 음료 디저트 다 맛있네요,100001010000
세트 메뉴라고 해놓고 단품으로 시킬 때랑 가격 차이가 없어요.,000000000200
이집 커피랑 베이글 진심 잘함,110000000000
6600원의 행복이네요 커피 넘 좋아요,100000000100
종류가 많고 가까워서 자주 이용해요!,000000100000
스타벅스가 회사앞에 있어서 좋아요. 좋아좋아,000000100000
친구 추천으로 왔어요!!! 메뉴가 다양해서 좋네요,000000000000
베이글 종류도 많고 너무 맛있어요 분위기도 좋고 앉아서 먹을수있어서 너무 좋아용,010000110000
지난주 이번주 두번이나 방문했어요 지난주는 빵이 모두 솔드아웃이라 너무 아쉬워서 오늘다시 방문했는데 아..오픈전 대기손님이 많았는지 일찍갔음에도 소금빵두개 무화과소금빵하나 구입했어요 아쉽지만 인당4개밖에 구입할수없어요 정말 제가 최근에 먹어본 소금빵중 쵝오네요 직원분들도 친절하세요,010000001002
"소금빵, 식빵 맛있어요 롤케익은 제 입맛엔 너무 달았어용",012000000000
매실에이드 별로예요. 우리집 매실이 더 마싯슴,200000000000
케이크 너무 예뻐요!!!! 가성비 좋아요!!!,001000000100
채광이 진짜 좋고 의자도 편해서 풍경보면서 푹 쉬기 최고의 카페입니당. ... 근데 무엇보다 커피가 진짜 맛있어요!,100000110000
베베 만다린오렌지 케이크 비주얼도 예쁘고 맛도 최고!,001000010000
에그타르트 크기가 생각보다 작아서 한 입에 다 들어갑니다.,000300000000
매장이 깨끗하고 조용하고 좋아요,000000110000
특히 마들렌이 은은한 버터향에 촉촉한 식감이 정말 좋았어요. 선물용 포장도 예쁘게 잘 되어 있어서,000100000010
컵 홀더가 너무 얇아서 뜨거운 커피 들기가 너무 힘들어요.,000000000020
너무 맛있어요! 부드럽고 에그타르트는 여기만 찾을 것 같아요!,000100000000
성수동 오면 커피는 로우키에서 마셔요.,100000000000
초반 웨이팅이 너무 길었던 블루보틀이.. 이젠 웨이팅 없이도 바로 들어갈 수 있네요.. 솔직히 커피 맛은 그렇게 좋은 건 아니예요.. 맛이 너무 밍밍하다고 해야 하나.. 진한 커피를 좋아 하시는 분들이라면 비추입니다. 악세서리 용품들도 비싼편이고 그래도 가끔 호구 잡힐때 가는 매장입니다.,200000000201
아이와 시간보내기 좋았어요. 직원분 친절하시고 내부도 깔끔했고요. 물감 색이 더 다양했음 좋겠다 싶었어요. 음악이 좀 시끄러워 아쉬웠고요. 생각보다 넓지않아...,000000321002
성수에 에스프레소바가 생겼다 취향저격,100000000000
셔벗은 식후에 입가심용으로 먹기에 나쁘지 않은 선택입니다.,000003000000
성수나들이커피맛도 굿 분위기도 직원들도 너무 친절하셔서 즐거운시간 보내고 갑니다,100000011000
바삭바삭하고 고소하니 맛있어요! 신기한 맛이에요,000000000000
갔을 때 만석일 정도로 사람이 많고... 수플레 말해 뭐합니까 비주얼부터 압권입니다... 분위기도 좋고 사진도 잘 나와서 좋습니다!!,000001010003
굉장히 만족스러운 경험이었습니다. 문득 그림을 그리고 싶다는 생각이 들어 알아보던 중 어렵지 않게 찾은 성수미술관... 요즘 흔히 있는 이색카페 중 하나라고 생각했는데 그 이상의 경험을 할 수 있어서 행복했습니다. 중학교 이후 물감을 손에 들어본 기억이 없는데 미술에 대해서 관심을 가질 수 있는 계기가 되었습니다. 색을 조합하고 물을 더해서 붓칠을 하는 것이 이렇게 재밌을 수 있다는 사실을 이번 경험을 통해서 느끼게 되었던 것 같습니다. 다음에 기회가 된다면 다시 한 번쯤 바문해도 좋다고 생각이 들었습니다.,000000000000
성수갔다가 사봤는데 유명할만 합니다! 매장이 협소해서 4명 이상 입장이 안된다고 본거같아요 개인적으로 굿임 단점은 횡단보도인가 여튼 문앞에 사람이 짱많음,000000200002
가족들과 함께 다녀외써요!! 추천합니다!!,000000000000
예쁘고 맛있었어요! 다음에 또 올게요,000000000000
넘 쾌적하고 맛있는 케이크가 많아용,001000100000
시그니처 메뉴 중 딸기라떼 먹었습니다! 생딸기가 듬뿍 들어있어서 너무 맛있었어요!!,100010000000
좌석 배치가 넓직해서 편안하고 수플레에 과일이 푸짐해서 너무 좋았어요 그리고 수플레가 기분 좋아지는 부드러움이에요,000001100000
포장 박스 열어보니 주문한 거랑 다른 게 들어있어 당황함.,000000000020
이쁘고 맛있어여 추천합니답 !,000000010000
좋은 경험이었습니다! 알쓰인 제게는... 아이스크림이었습니다! 레몬에이드도 너무 맛있었어요!,100001000000
아메리카노 리필 서비스가 단돈 천 원이라니 가성비 끝판왕이네요.,000000000100
빙수도 맛있고 포토존도예뻐요 직원분들도 친절하고.... 메론빙수 존맛!!!!,000010011000
커피 맛있고 분위기 좋아요,100000010000
사과를 깎아주실 때 토끼 모양으로 예쁘게 나와서 더 맛있네요.,000010000000
유명하다고 해서 왔는데 맛있게 잘 먹고갑니다!! 다음에 또 올게용!,000000000000
컨셉 독특하고 화려해서 재밌어요 음식도 맛있고 애플망고소다 너모 맛있어요,100000010000
호비팝업 갔다가 근처 카페에 간건데 커피도 맛나고 치즈도 맛있고 인테리어도 좋더라구요,100001010000
맛나서 좋은데 값이 좀 쎄요 가끔 가야해!,100000000200
카페가 이쁘고 음료가 맛나요!!!,100000010000
분위기가 정말 좋고 사장님도 친절하세요!! 성수 오시면 뉴앳던 꼭 들리세요 ..,000000011000
넓고 쾌적해요! 작업하시는 분들도 많은 듯 합니다 ) 편하게 쉬다 갈 수 있는 분위기라,000000110000
남편한테 식빵만 사오라고 했는데 흑임자소금빵과 소금빵도 사왔더라구요 흑임자소금빵 정말 맛있어요,010000000000
은은한 단맛에 가벼운 얼음으로 많이 먹을 수 있는 것같은 맛....,000010000000
공장이었던 공간을 이렇게 이쁘게 변신시켰다니... 맛있고 신선한 베이커리와 담배한 커피는 저희 일행의 만족도를 높여주었네요,110000011000
올해도 복 많이 받으세요 케잌이 달지 않고 너무 맛있고 파르페도 짱 맛있고 핫초코 서비스도 넘 감사합니다,101001001000
콜드브루 커피도 맛있고 라떼도 맛있어요 ... 티라미수도 위에 견과류가 잔뜩 뿌려져서 고소하고 식감도 좋았어요 ... 인테리어는 앤틱 분위기라서 아늑하고,101000010000
두번째 방문한 성베스 오늘도 지난번과 똑같이 올리브치즈치아바타와 바게트 구매 서울숲에 앉아서 쭉 찢어먹으면 꿀맛,010000000000
청귤에이드랑 옥수수소금빵 붕냥이빵 먹었는데 전부 맛있네요 새로 오픈해서 그러지 매장도 깔끔하고 분위기도 좋았어요!,110000110000
사장님 엄청 친절하시고 디저트 맛있어요 굳굳 저번에도 왔었는데 진짜 맛있어요!! 성수오면 꼭 가보세용,000001001000
사람 굉장히 많음. 힙한 노래가 빵빵하게 들리는 편.,000000030002
커피도 맛있고 인테리어도 깔끔해서 좋아요 테라스있는 층은 바람도 시원해서 더 좋았어요,100000110000
크럼블 넘 맛있어용커피도 맛잇어용 가게듀 예뻐요,100100010000
구움과자가 전반적으로 너무 작아서 가격 대비 만족도가 낮습니다.,000200000000
분위기 좋고 아이스크림이랑 와인 다 너무 맛있어요!!,000001010000
넘넘 맛있는 대크베 . 버터플레즐.소금빵 넘넘 굿이에요,010000000000
추석 연휴 전이라 사람없어 너무 좋네요 빵도 너무 귀여워서 선물용으로도 좋을거같아요! 핫플이라 꼭와보심이!!,010000000011
커피맛은있지만 양이 너무작아요 큰싸이즈라도 팔면 돈추가해서 사먹을텐데 아이스아메 몇번 쪽 빨면 없어요,100000000200
물 셀프 바에 얼음물과 따뜻한 물이 둘 다 있어 센스 만점입니다.,000000100000
좋아요 만족스러운 경험이었습니다,000000000000
줄이 길어서 이번에 처음으로 사봤네요! 매장에 최대 인원이 4명이라서 생각보다 금방 구매할 수 있었습니다 빵도 무난하니 맛있었습니다!,010000000003
테이크아웃 매장이에요 무지 감성있고 맛은 촉촉하고 좋아요 12000원에 4개 세트 빵시간 잘봐야해요,010000010303
뷰도 좋고 음료수 맛도 좋아요 성수동 컴온,100000010000
매장 느좋이에요 넓고 좋아요!,000000110000
오란다 빙수 주문했는데 정말 맛이 있었습니다 분위기도 좋고 서울숲 바로 옆에 붙어 있어서 산책하다 잠시 쉬기도 좋구요. 카페 분위기도 예쁘고 좋았어요!! 재방문 합니다!!,000010010000
사람이 정말 많네요.... 소금빵은 맛있었어요,010000000002
과일이 엄청 신선하고 많이 올라가있어요 대기는 토요일 오후 기준 30분1시간 기준인 것 같아요 주변 구경하다가 오면 딱 괜찮은듯,000010000002
너무 오랫동안 기다린것에 비해 맛은 그저그런..,000000000002
소품들에 먼지가 뽀얗게 쌓여있어서 관리가 안 되는 것 같아 찝찝해요.,000000020000
우선 케이크 반입이 되는곳이라... 아이스크림도 맛있고 분위기도 좋아서 다음에도 재방문 하려구요!!,000001110000
커피 맛 피드백을 따로 받지는 않지만 물어보면 친절히 답해줌.,000000003000
"사장님도 친절하시고 음료수, 디저트 다 맛있엇어요 완전 추천드립니다 꼭 가보세요!!!!!!",100000001000
"저스트 인스타 갬성 카페,,, 불편한 테이블 구성,, 사진 앞에 있는 테이블은 벽보고 마시는 구조 ,,,, 2층 너무 더워용",000000230000
깔끔하고 와이파이에 콘센트까지 있어서 업무 보면서 차마시기 좋았어요.,000000110000
인테리어가 전혀 되어있는 않은듯한 카페. 그러나 사람이 바글바글 신기방기,000000020002
"성수에 이런 예쁜 카페가 있는지 몰랐습니다. 디저트도 비주얼적으로 이쁘고, 맛도 훌륭하더라구요. 다음에도 방문하고 싶은 카페입니다.",000001010000
"책읽거나 작업하기 좋은 북카페,, 누워서 책을 읽는 사람들도 있고,, 책읽기 편리한 북스텐드,노트,연필등이 구비되어있고, 2시간 또는 종일권으로 이용 가능합니다.",000000110000
담요랑 방석이 따로 구비되어 있는 사장님의 배려가 돋보이네요.,000000100000
아인슈페너 크림 진짜 맛있었어요. 크로플은 따뜻해서 좋았고 프레지에 정말 굳! 달지 않고 커피와 정말 잘 어울렸습니다.,101001000000
유럽식 인테리어와 음악의 분위기가 아주 좋은 브루크네요! 브루크브루티라미수 브루크 아인슈페너 라떼 버전인데 크림은 달콤한 맛이 강하고 뒤에서 아몬드 크림의 고소한 맛이 뒤이어 올라 옵니다. 브루는 콜드브루의 향이 잘 느껴져요. 티라미수는 넘 올만에 먹어보는데 크림 아래 그 핑거브레드가 촉촉하게 젖어있고 크림이 맛있습니다. 위에 올려진 피스타치오 조각이 고소함을 더하고 씹는 맛이 있네요. 앤틱한 소품들이 많은데 신구의 조화가 잘 이루어져 있어요. 에어컨 22.1도로 내부가 시원합니다. 조용히 혼자 책 읽고 가는 분도 있고 저는 부모님과 함께 와서 주말의 카페 놀이를 즐겼습니다.,101000110001
커피 고소했어요 끝맛이 보리차 느낌,100000000000
음료도 맛있고 인테리어도 예뻐요,100000010000
서울숲 겔러리아포레 일층에 위치한 브런치카페. 맛 괜찮고 애견동반 가능.,010000100000
인테리어가 넘 멋잇은데 아이스초코 2번드세요. 3번드세요,100000010000
케이크 예약주문했는데 넘 귀엽고 크기도 적당해서 좋았어요!! 매장도 넓고 분위기도 좋아서,001000111000
타르트 종류는 매일 조금씩 바뀌는 것 같으니 확인해 보세요.,003000000000
퐁신퐁신 맛있어요 분위기도 아늑하고 이쁘네요,000001010000
항상 커피도 맛있고 친절해서 자주 방문하고 싶은 곳이에요! 할로윈 기념으로 젤리도 제공해주시고,100000001000
딸기크럼블조치즈케익 먹어보구 맛있어서 선물하려고 재구매 했어요 네이버 톡으로 주문,001000000010
그 유명한 소금붕어빵이랑 망빙 맛있고 사장님이 친절해요,000011001000
재밌었어요 ! 2시간은 좀 짧았어서 넘 아쉬워요,000000002000
시그니처커피 양은 무지 적지만 맛있어요... 이모지케이크 맛은.. 진짜 진짜 맛있어요!!! 생크림과 딸기조합이 환상!! 케잌 상자가 엄청 단단하고 고급스러운데 그에비해 초는 작은거 하나...,101000000230
어우 퀸아망 미쳤어요 진짜 와악 시나몬맛 엄청 나고 너무 바삭하고,010000000000
크랜배리 트리플치즈 베이글과 라떼 맛있었습니다,110000000000
피스타치오 존맛이에요!,000000000000
푸딩이 너무 흐물거려서 식감이 별로고 맛도 밍밍해요.,000002000000
분위기 넘 좋아요!!!! 추천하는 카페입니당 재방문 할거에요!,000000010000
너무 재밌게 잘 만들었습니다!! 친절하게 설명해주시고 만들기도 어렵지 않았어요.,000000001000
분위기좋고 금액이 저렴해요!,000000010100
케이크 디자인은 요즘 흔히 볼 수 있는 심플한 스타일이에요.,003000000000
달달하니 맛있어요!,000000000000
버터파이 쿠키와 아이스라떼와 아몬드 라떼를 포장했어요. 아몬드라떼는 살짝 곡물라떼와 조리퐁의 중간맛쯤? 그리고 아이스라떼는 진하고 고소해서 맛있었어요쿠키도 맛났답니다.,100100000030
너무너무 예쁘고 맛있는딸기가 있는 카페예요,000010000000
특별한 디저트가 있는 곳. 한식 재료를 이용한 디저트가 독특하고 고급져요.,000001000000
가격살벌하네요..16500샌드위치는 엄두못내겠고 소금빵 시나몬롤 빼고 5천이하 없네요. 맛은 있는데 특별하진 않아요.,030000000200
베이글이 쫀득쫀득해서 좋아합니다. 여기 베이글을 가장 좋아해요,010000000000
"주차비 한시간 2,000원, 잠깐 머물다가기좋았어요",000000100000
메뉴가 다양하고 맛있습니다,000000000000
쑥 케이크의 할매니얼 입맛 제대로 저격하는 고소함이네요.,001000000000
지나치게 달지 않은 도넛이라 넘 좋았어요!! 피스타치오 맛나요,000001000000
자리가 많지 않네요,000000200000
자리가 넓고 테이블넓이가 적당해서 쾌적해요 인테리어도 힙해서 좋아요! 특이한메뉴도 많아요,000000110000
평일에 가서 사람도 없었고 조용해서 좋았어요!,000000000001
베이글 종류가 이렇게 많은 곳은 처음 봐요. 다 먹어보고 싶네요.,010000000000
다 너무 맛있고 분위기도 좋아요! 맛있게 잘 먹었습니당,000000010000
스콘에 버터 맛은 안 나고 밀가루 생내만 나서 다 남겼어요.,000200000000
이벤트라고 홍보해서 갔더니 조건이 너무 까다로워 혜택 못 받음.,000000000200
아사이볼이 먹고싶어서 방문했는데 맛있어요!,000001000000
드디어 코끼리베이글을..! 저 크림 가득한 모습을 봐주세요! 기절,010000000000
북카페라서 독서에 집중할수 있어서 너무 좋네요) 성수동에 이런곳이 있을줄은 생각도 못했는데,000000110000
빵 종류도 많고 맛있어요 음료도 맛있구요 좌석도 많아 웨이팅없이 이용할 수 있어서 좋아요,110000100001
맛있는데 포장시 각각 상자 500원씩 너무 비싸네요 종이백도 큰거 700원 매장에서 먹어야하나바요,000000000220
리뷰이벤트로 아아하나더 추가 최곱니다. 조용하고 여유롭고 더운날씨에 잠시 휴식 좋으네요,100000011000
"생망고빙슈인데 이 가격에 이 퀄리티인게 말이 안되게 맛도리에용,,,, 우유눈꽃얼음 아니고 망고베이스 눈꽃 빙수라 찐하고 맛았어요 생망고도 싱싱하고 달달한게 찐 빙수맛집입니다용",000010000100
호밀빵이 너무 퍽퍽해서 물 없이는 한 입도 못 먹겠어요.,020000000000
긴가민가 들어갔는데 맛있고 재밌었던 장소,000000010000
빙수 시럽이 과하게 달지 않고 과일 본연의 맛을 잘 살려줘요.,000010000000
아포가토에 올라가는 아이스크림이 상하목장이라 정말 진하네요.,000001000000
이만큼 촉촉한 치아바타 찾기가 어려워요!! 진짜 너무 맛있구 여기 앙버터도 많이 유명하니까 앙버터도 꼭 드셔보세요,010000000000
주문 후 메뉴 나오기까지 10분 정도 소요되는 것 같아요.,000000000003
특별히 장점도 단점도 없음,000000000000
우유만 마음껏 퍼먹고 싶을 때 평양빙수 추천합니다,000010000000
친구랑 오랜만에 디저트 카페 찾아왔는데 너무 맛있어용 마지막 남아 있던 스트로베리 꽈배기도 최궁..,000001000000
딸기케이크가 넘넘 먹고싶었는데 최근에 먹은 케이크 중에 젤 맛있는거 같아용 언니랑 좋은 시간 보내다가 갑니당,001000000000
음식 양은 코딱지만 한데 가격은 사악하기 그지없습니다.,000000000200
"외쿡분위기 성수 브런치 날씨 좋은날 브런치 하기 좋아여 무화과랑 아보카도 샌드위치는 색다르면서도 맛나고, 연어스테이크는 쪼곰 짭잘했어요 오픈하자마자 자리가 꽉 차니, 예약필수!!",010000010002
이쁜 타르트와 유정란으로 만든 에그타르트와 에그커피 너무 맛있어요. 카페 분위기도 좋고 타르트는 맛도 좋아서 선물용으로도 좋아요,100101010010
갓구운 파이가 있는 곳 맛있어요,010000000000
뷰가 너무 좋아요! 서울숲 정말 잘 보이고 얼그레이티도 맛있어요!,100000010000
시나몬페이스트리 맛있어요. 근데 포장이 너무 엉성해요. 재활용도 안되는 잉크 묻어나는 큰 종이봉투에 그냥 바로 빵하나 딱 넣어주는게 좋지 않았어요.,010000000020
가오픈이라 줄서서 기다렸다가 일인당 두개로판매라 올리브 2개 샀네요 먹고 싶은 빵은 품절이네요 좌석도 불편하고 정식오픈하면 괜찮겠죠,020000200002
서울숲 최애 카페에요 !! 특히 카공하기 좋아요 다음에 또 오고싶어요,000000100000
주차는 일정 금액 이상 구매 시에만 할인권이 나옵니다.,000000000300
올해 먹은 복숭아중에 가장 달고 맛있었던 것 같아요! 근데 빙수 위에 가득 올라가 있어서 너무 맛있었어요 다음에 또 올게요,000010000000
선물용 카드도 같이 판매하고 있어 메시지 적기 편했습니다.,000000000010
인테리어가 예쁘고 디저트도 맛있어요건물이 커서 좌석이 많습니당,000000110000
케이크 장식으로 올라간 허브랑 식용 꽃까지 세심함이 느껴져요.,001000000000
딸기연유라떼 진심 찐으로 맛있어요. ... 사장님 죄송해요 다음에 많이 사먹으러 올게요,100000001000
인테리어가 너무 예쁘고 감성있어요!,000000010000
주차 안내해주시는 분이 계셔서 복잡한 시간에도 질서가 있네요.,000000100000
초콜릿 음료를 전문적으로 판매하는 점이 인상적이에요. 맛있었어요!,100000000000
쏘베 탈탈 털어왔습니다!! 언제가도 항상 보장된 맛과 서비스... 각 제품마다 먹는법도 상세히 알려주시고,000000001000
소금빵붕어빵 겨울이 되면 항상 생각이나서 성수에 먹으러 옵니다.. 따땃 바삭 쫀득해서 넘 맛있어요.. 최고,010000000000
시간 매우매우 부족했지만 재미있었어요,000000000000
분위기도 좋고 직접 갈아주는 피넛잼이라니 새롭네요. 직원분도 친절하시고 매장도 깔끔하고 분위기 좋네요.,010000011000
만들기도 쉽고 재미있어요! 토핑 꾸미는것도 재미있고 데이트 코스로 좋아요!,000000001000
매번포장해서 먹다가 매장은 처음인데 2층 창가자리도 좋구 베이글도 맛있어요,010000100000
밤빵이랑 올리브치아바타 자주 구매하고 있어요 짱맛,010000000000
젤라또 맛있어요! 담에 또 방문할게요!,000001000000
작은 사이즈의 베이글이라 여러 종류를 먹을 수 있다는게 좋았어요 !,010000000000
딸기케이크를 먹고자 네모네를 찾았는데 맛있게 잘 먹었어요,001000000000
너무 맛있어요 퐁신퐁신 구름 위를 걷는 것 같은 식감이에요! 다음에 또 먹으러 올게요,000000000000
메뉴판에 있는 거 시켰더니 안 된다면서 왜 안 되는지 설명도 없음.,000000002000
단체석이 잘 마련되어 있어서 동호회 모임 하기 딱 좋은 곳입니다.,000000100000
타르트 박스는 높이가 낮으니 쌓아 올리지 않게 주의요.,000000000030
가구들이 너무 낡아서 삐걱거리고 앉아있기 불안했습니다.,000000020000
디저트 진열대에 덮개가 없어서 위생상 좀 찝찝했습니다.,000200000000
에그타르트랑 아메리카노 조합은 언제나 옳다! 환상의 궁합이었어요.,101000000000
귀여운 곳이에요 선물용으로 구움과자 여러개 샀어요!,000100000010
식사 대용으로 먹기 좋은 든든한 빵들이 많아서 자주 와요.,010000000000
특별한스피커가 있는 카페에요!,000000010000
사전설명좀 자세히 해주셨으면 좋겠어요. 대기자 현황도 모르겠고 시간안내를 30분전 쯤 미리 해주시면 좋겠는데 10분전 바로 정리해달라고 말씀해주시니까 당황스러웠어요 디즈니 물감도 봉투 없이 주셔서 가져오는건지도 몰랐네요,000000002022
분위기가 좋고 맛있습니다,000000010000
매장이 넓고 깨끗해요 직원분들도 친절하시고 커피도 진하고 맛있어요,100000101000
"카스테라퀸아망, 카라멜 크럼블 시나몬롤, 크로아상, 커피... 전부다 맛있네요. 추석 연휴 첫날, 서울숲도 엄청 붐비고 바로 옆의 카페 거리도 인산인해군요.. 한가할 줄 알고 모처럼 가족 나들이를 나섰는데 첫날부터 예상이 빗나가 힘들던 차 퍼먼트에 들어 왔더니 여기도 붐비기는 마찬가지 지만 앉아 쉴 수 있고 커피와 빵이 맛도 좋으니 이곳이 천국이군요. 우리는 줄을 길게 서 빵을 고르고 계산을 했는데 자리 잡고 보니 그새 대기 줄이 사라졌네요. 시간대 별 손님 분포가 고르지 않아 그런 거겠지만...",110000100002
망고 주스는 냉동 망고를 쓴 것 같은데 시원한 맛에 먹기 좋아요.,300000000000
그냥 한 번쯤 먹어볼 만한 평범한 식사 대용 빵입니다.,030000000000
다양한 베이글이 있어서 좋아요 매장도 깔끔해요!!,010000100000
빵에서 밀가루 풋내가 좀 나고 덜 익은 것 같은 느낌이에요.,020000000000
예약 후 방문 했고 좀 일찍갔더니 밖에서 기다리라고 해서 당혹스러웠지만 근처에서 간단한 요기하고 입장 알바생들이 불친절했으며 커피 음료가 에스프레소 머신 아니고 자판기 같은 거라서 2차 당혹 음료는 안드시는걸 추천 상당히 비위생적 앞치마나 토시도 청결하지는 않음 입고 다시 걸어놓고 다른사람이 입는.. 인테리어가 이쁘고 그림 그려볼 수 있는점이 좋고 물감을 새로주는것 같고 붓은 질이 매우 안좋고 너덜너덜함 좋은 경험이였으나 재방문의사는 없음,200000212000
분위기 너무좋고 메뉴도 다양해서 좋아요 처음먹어보는 조합이라 궁금했는데,000000010000
샐러드랑 샌드위치 먹을거 가기 좋아요 야채들도 신선하고 맛있어서 건강하게 먹기 넘 좋네요,010000000000
지하에 있어요 분위기는 조용해서 대화하기 좋았어요,000000010001
담백한 게 아니라 아무 맛도 안 나서 무미건조한 빵입니다.,020000000000
매장 온도가 아주 적절해서 덥지도 춥지도 않게 잘 쉬었습니다.,000000100000
편하게 작업하기 좋습니다! 성수역점 직원분들도 친절해요!,000000101000
차도 따뜻하니 좋고 어퍼룸밀크는 크림이 퐁실퐁실하니 맛있었어요 굳굳,100000000000
"사장님도 진짜 친절하시고, 디저트류가 정말 맛있었어요! ... 제 최고는 빅토리아케이크였습니다. ... 예약석이라고 따로 빼주신거 너무 감동이었어요",001000001000
망고빙수 진짜 가성비 맞네요 정말 맛있습니다 꼭 오세요! 후회 안합니다,000010000100
검색해서 찾은 쌀빵집인데 너무 맛있어요!! 갈때마다 몇개씩 사서 냉동했다가 꺼내먹는데 좋네요,010000000000
크리스마스 분위기 나게 너무 예쁘게 꾸며져 있어요 꽈배기도 크고 맛있어요,000001010000
할명수 보고 왔는데 정말 커피 맛집입니다!!,100000000000
디저트 짱 맛있구 웨이팅도 치열하지 않아 빨리 들어왔어요. 디저트 짱맛! 친절하시고 채광이 좋아 사진도 잘 나와요.,000001011001
바닐라 아시스크림 올리브오일후추 조합에 메론하몽 믿고먹는 취향의 조합이라 신선하기도하고 맛있게먹었습니다 우유빙수가 부드럽네요,000011000000
약간 외진 곳이라 감성류(?) 카페가 없었는데 아즈니섬 생겨서 좋아요. 늦게가면 품절되는 성수동 핫한 디저트를 떼어다 팔아주는 부분도 만족,000001010000
음료 포장했는데 뚜껑이 덜 닫혔는지 가방 안에 다 쏟아졌어요.,000000000020
루프탑 관리가 전혀 안 돼서 쓰레기가 굴러다니고 지저분합니다.,000000020000
인테리어 이쁘고 깔끔해요 빵도맛있어료 ),010000010000
밤 늦게 방문하니 분위기도 좋고 한산해서 만족했어요.,000000000001
5만8천원.....커피 하나 마시자고 지불 하기에는 큰 돈일 수 있다... 가격 이상의 가치를 느끼게 해준다,100000000300
망고 빙수 양 엄청 많고 맛있어요!! 진짜 네명이서 먹어도 될 정도..!!,000010000100
커피도 맛나고 분위기 좋아요,100000010000
빙수 그릇이 너무 작아서 과일 토핑이 자꾸 밖으로 다 흘러넘쳐요.,000020000000
뷰 때문에 한 번 가보면 재밌어요 생각하시는 시내뷰 커피맛은 평범했어요 다소 진해요 커피가 커피보다는 뷰,300000010000
분위기가 좋고 커피랑 크로플도 맛있어여) 또올게요용,100001010000
조용하고 아늑한 분위기에서 디저트를 즐길 수 있는 성수 카페예요.맛있고 달지 않아 계속 손이 가요.,000001010001
주말 낮에는 어느 정도 웨이팅 감수하고 가셔야 할 듯요.,000000000003
초코케이크 미쳤음 역대급 카페임 담에 또 가고싶음,001000000000
매장에 엘리베이터가 있어서 유모차 가지고 이동하기 수월했습니다.,000000100000
대기 줄 관리가 안 돼서 새치기하는 사람 때문에 싸울 뻔.,000000000002
인스타보고 왔어요!! 분좋카,000000010000
야외테이블분위기도 좋고 일단 음식이 너무 맛있었어요,000000010000
치즈 플래터는 친구 추천으로 먹었는데 푸짐하고 넘 맛있어요!!! 일단 와인이 넘 저렴....,000001000100
좋아요 넓어서 자리가 여유가 있어좋네요,000000100001
저번엔 망고 이번엔 복숭아로 사가요,000001000010
에어컨 바람이 직접 오는 자리가 있으니 예민하면 피하세요.,000000300000
테이블 간격은 좁지도 넓지도 않은 딱 적당한 수준입니다.,000000030000
인테리어가 좋아요.,000000010000
입장 순서가 다가오면 미리 전화 주시는 친절함에 감동.,000000000001
눈치 게임 실패했네요. 사람이 너무 많아서 기 다 빨렸어요.,000000000002
매장에 거미줄... 손님 가시면 테이블 정리 필요할듯요.. 저녁에 가서 그런건가...,000000200000
과일 젤리는 아이들이 좋아할 것 같은 달콤한 맛이에요.,000003000000
매장이 넓고 조용해서 공부하기도 좋네여 !! 직원분들도 친절하시고 음료도 좋습니당,100000101000
매장이 넓고 분위기 좋아요.,000000110000
깜빠뉴 안에 견과류가 가득 들어있어 씹는 맛이 일품입니다.,010000000000
정국카페로 찾아 왔어요 정국세트에 따끈따끈한 떡 바로 나오자마자 받아서 넘 좋아요 쿠키나 다른것보다 떡이랑 오미자차 구성이라 더 좋구요 스페셜기프트 거울 넘나 소듕 카페 깔끔하고 창밖으로 대형 꾸기사진도 보이고 사진으로 아기자기 예쁘게 꾸며 놓으셔서 아미 힐링하고 갑니다,100001110010
깔끔하고 맛있이요!! 특히 쑥맛 진짜 진해요 대박,000000100000
제가 그림을 이렇게 좋아하는지 몰랐어요. 시간 가는줄도 모르고 그렸네요,000000000000
베이글을 먹고싶어 방문하게 되었어요! 베이글 나오는 시간이 안내되어있어서 더 맛있는 베이글을 먹을 수 있어요! 음료랑 베이글두 맛있구 대화하기 좋아요,110000010000
규모 큰 카페 중 하나... 옥상 테라스와 야장도 자리가 있어서 바깥 구경하면서 즐기시는 것도 가능! 먹기는 다소 불편하지만 로그번이 맛있어요,010000110000
케이크 단면이 층층이 예쁘게 쌓여있어 정성이 느껴졌습니다.,001000000000
친절하시구 분위기가 너무 좋아요,000000011000
음식도 금방 나오고 각각의 메뉴가 각자의 맛과 특색이 있어서... 연어스테이크플레터가 제일 맛있던거 같아요!,010000001000
"디저트도 다양하게 많고, 커피랑 음료 맛도 괜찮아요. 아쉬운건 디저트류가 오픈되어있어서 위생도 그렇지만.. 크림이나 빵이 말라서 막 땡기지 않아서 아쉬네요.",120002002000
마카롱 꼬끄가 너무 딱딱해서 쫀득한 맛이 하나도 없습니다.,000200000000
공주 분위기 좋아하시면 꼭 오세요 인스타 감성 넘쳐요!! 케이크도 너무 예쁘고 카페도 너무 예쁘서 기분이 좋아지는 곳이에요,001000010000
너무 맛있고 친절하세요 !!!,000000001000
넘 차분하고 편안한 공간이어요 꼭 와보고싶었는데 기대보다도 더 좋아요! 까눌레 패키지도 너무 귀엽고 직원분들도 넘 친절하세요 히히,000100111000
한입 뜨고 감동 넘 맛있어요!! 모든 메뉴가 맛이 좋아보여서 또 재방문할게요,000000000000
"츄로넛맛집 주말 저녁에 가서 많은 츄로넛 종류가 없었지만,, 기본시나몬과 피스타치오! 포장해 먹었습니다 우선, 맛 자체는 좋았어요! 다만 조금 빨리 가서 드시는걸 추천드려요! 아무래도 만든지 조금 시간이 지나다보니 좀 눅눅딱딱한 느낌이 아쉬웠고 갓튀겨서 바로 식혀서 먹으면 진짜 쫀득하고 맛있었을텐데 그것이 아쉬웠습니다 차라리 갓 튀겨나오는 츄로스 맛집에서 먹는 것이 더 좋을 법도 했던 것 같아요! 피스타치오 츄로넛은 진짜 맛도리 인정! 안에 크림이가 들어가있고 완전 달달 고소 그 잡채!! 피스타치오 맛 자체가 진한편은 아니긴 한데 오히려 은은하게 먹기 좋았구요 막 오히려 인위적이지 않고 호불호 없이 먹기 좋은 것같아요! 비줠도 너무 좋구요! 매장도 넓고 예뻐서 추천하는 공간!",000003110000
고소한 아메리카노 맛있어요,100000000000
숲 옆이라서 바람도 좋고 공기도 좋고 산새소리도 들으면서 커피 마시기 너무 좋은 곳이예요!! 타르트도 맛있네요,101000010000
귀여운 케이크 찾아서 왔는데 분위기 넘 좋네요!,001000010000
얼그레이크림 너무 맛잇네요! 휘낭시에도 버터맛 좔좔,000101000000
많이 달지 않은 케이크라 어른들도 정말 맛있게 드시더라고요.,001000000000
버터소금베이글이랑 모굴 크림치즈 진짜 맛있어요 음료도 맛있고 인테리어도 멋있고 친절하고 좋아요,110000011000
생일축하용 케이크하려고 서프라이즈했는데 너무 예뻐서 1차 감동 맛있어서 2차 감동해줘서 뿌듯했어요,001000000000
테라스 뷰가 탁 트여 있어서 앉아만 있어도 힐링 되는 기분입니다.,000000010000
0.5점 별점도 아까워요. 도대체 이런 서비스가 어딨나요? 가게들어가고 주문할때부터 뭔가 불편한 공기 엄습해서 먼저 안녕하세요 인사 했어요 근데 아무 답도 반응도 없으시더라구요 뭐 여기까진 그러실 수 있는데 가장 많이들 드시는 커피가 뭔지 추천받을 수 있는지 여쭤봤는데 어이없다는 듯이 빤히 쳐다보며 자기가 좋아하는거.. 라구 말하신 직원분인지 사장님인지 이런 응대는 태어나서 처음 받습니다. 반말 장난하나요?? 가게에 손님 하나도 없고 조용했는데 그 뒤에 제가 여쭤보는 질문에 대답 하기 귀찮아하시는 태도와 말투 한시라도 빨리 주문한 커피 받고 나오고 싶었어요 정말 기대하고 첫 방문 한건대 다신 가고 싶지 않아요 하루종일 불쾌하고 기분 안좋네요,300000002001
커피 너무너무 맛있고 공간도 멋졌어요! 귀여운 강아지들도 많이 오고 잠깐 해외 다녀온것 같은 느낌이었습니다,100000110000
키오스크가 고장 났는데 직원이 직접 주문도 안 받아주네요.,000000200000
공간이 넓어서 시원시원해서 좋았어요 음료랑 케이크 모두 맛있었어요 근데 가격이 너무 안학해요,001000100200
제일 애정하는 카페입니다 아이스라떼 최고 ! 사장님도 최고 !,100000001000
"새 물감에, 재료도 충분하고 깔끔한 시설과 너무 모든게 잘 되어있어서 재밌게 놀다갑니당) 재료도 새거구 이정도면 가성비 짱인거같아용!!!",000000100100
선물포장에는 여기만한 곳이 없어요,000000000010
"월요일에 방문하고 넘 맛있어서 오늘 또 방문했어요! 삼치파스타 즁말 너무너무 맛나규요 단호박 당근 스프도 사가서 맹날 먹고 싶은 맛이에요 아란치닌 처음 먹어봤는데, 안에 먹물 리조또가 있어서 더더욱 맛나네요!! 담에 또 오고싶어요 삼치파스타는 꼬오옥 시키세요!!",010000000000
바삭바삭 맛있어요 성수 맛집,000000000000
"커피 너무 맛있어요! 그리고 처음 먹어 보는 디저트인데, 맛있게 잘 먹었습니다! 사장님 엄청 친절하세요 )",100001001000
아침부터 사람 많고 자리가 없지만 포장하기 좋아용,000000000012
색다른 체험이었어요! 데이트 코스로 추천합니다... 평일 방문 추천드려요!,000000010003
메뉴 추천을 요청드렸는데 취향에 맞춰 친절하게 설명해 주셨어요.,000000001000
너무 맛있고 카페가 진짜 예뻐요! 초코나무숲같은 케이크 왕추천,001000010000
주스는 시럽이 조금 들어간 것 같은데 거슬릴 정도는 아니네요.,300000000000
성수에도 시나본이 생겨서 좋아요,000000000000
성수에서 잼 맛집 발견하고 들렀어요 식빵이랑 먹으니 과일맛이 진하게 났습니다 맛도 좋고 집에 가져갈 수 있어서 좋았습니다,010000000010
맛있게 잘 먹었습니당,000000000000
기념일마다 여기서 케이크 사는데 한 번도 실패한 적이 없어요.,001000000000
조용히 책읽기 좋은 공간입니다! 계단 이용하기가 조금 불편하지만 아늑하고 조용하고 직원분이 친절해서 좋아요,000000211000
명성대로 넘 맛있구.. 보통 베이글집은 크림치즈가 맛이 없는데 여기는 넘 맛있어요!!!,010000000000
커피 맛도 괜찮고 디저트 양도 넉넉해서 좋았어요. 분위기 좋은 곳 찾으시면 추천드려요,100001010000
이렇게 맛있는 소금빵 처음 먹어봐요... 겉은 바삭 속은 부드럽고 촉촉하고... 바닥부분은 크런치하고... 재방문의사 200 !!,010000000001
공간이 넓찍해서 좋아요 소파도 너무 편안해서 지인과 이야기할때 오기 너무 좋았어요,000000110000
생각보다 공간이 넓고... 힐링이 되긴했습니다.,000000110000
"딸기라떼, 무화과브레드, 소세지페스츄리, 크로와상 전부 맛있어요!! 근데 오후 6시쯤에 갔더니 인기메뉴는 다 빠지고 빵종류가 몇개 없더라고요 담번엔 일찍가서 꼭 다른 빵들 먹어볼겁니다 구움색이 진짜 미쳤어요 장점 1빵종류 다양하고 특별한 게 많은 성수베이커리카페 21층과 지하1층까지 있어 좌석이 아주 많고 넓은 성수대형카페 3가격대비 빵 크기가 푸짐한 가성비 좋은 서울숲카페 4서울숲데이트하기 좋은 분위기 맛집",110000110100
젊은아재 입니다! 메머드익스프레스 서울숲 아이코닉점 방문했습니다! 커피가 저렴해서 좋은데 실내 죄석이 너무 부족해서 아쉽네요,000000200100
버터소금베이글이 정말정말 맛있어요!!!! 크림치즈랑 같이 먹으니까 정말 맛있습니다밖에 돌아다니다가 그냥 들어왔는데 너무너무 만족스러워요!!,010000000000
발렛 서비스가 필수는 아니라서 선택하시면 됩니다.,000000000300
커피가 맛있고 분위기가 좋아요 다음에 또 방문 예정입니다.,100000010000
넓고 쾌적해요. 패션후르츠 과육이 많이 씹혀요. 딥 초코 이름값해서 아주 맘에드네요.,100000100000
찹쌀떡 홍시 맛있어요,000011000000
이름값 못하는 분위기예요. 그냥 평범한 동네 카페 수준입니다.,000000020000
팥빙수 떡은 추가 할 수 있어요.,000030000000
고소한 곡물 빵 종류가 많아서 부모님도 정말 좋아하셨어요.,010000000000
먹을거도없고 ..걍공간대여에집중하는듯,200002000000
성수동데이트할 때 가기 좋은 예쁜 카페 다녀왔어요 블랙 인테리어에 감미로운 음악이 더해져 마음이 차분해져요 시그니처 지크라떼는 밤향 가득한 크림이 올라가있는데 아래 커피가 달지 않아서 조화로웠고요. 일반 카페라떼는 우유가 많지 않아 커피의 맛이잘 느껴져 좋았어요. 수건케이크랑 바닐라슈 디저트는 예뻐서 눈으로 한 번 먹고 입으로 한 번 먹었네요,101000010000
성수동에서 1박하고 담날 오전에 커피마실려고 골목 다니다 찾은곳 여기가 유명한곳이라네요 브레첼 맛집으로 유명!!!! 맛있고 분위기 좋았어요 평상시 먹던 브레첼이 아니였어요 성수동 가시면 한번 맛보세요,010000010000
사람이 많지 않은 커피맛집,100000000001
분위기 너무너무 좋아요 음료도 굿굿,100000010000
사진 찍으려고 왔는데 너무 좋았어요 크로플도 맛있었어요 ! 20분 동안 찍는데 너무 짧지도 길지도 않아서 재미있게 찍을 수 있었던 것 같아요 담에 또 방문할게요,000001010000
커피맛은 쏘쏘 분위기가 좋아요!,300000010000
매장 넓고 사람 많지만 음료 금방 나와유,000000101002
뷰가 아주 좋은 건 아니지만 그냥 길거리 구경하는 재미는 있어요.,000000030000
하드바게트라 딱딱하지만 맛있었어요,010000000000
분위기도 너무 좋고 친절하시고 무엇보다 음료와 커피가 너무 맛있습니다!,100000011000
화장실 입구에 가림막이 설치되어 있어 안쪽이 보이진 않아요.,000000300000
청포도 빙수 알맹이가 껍질째 들어가니 참고해서 드세요.,000030000000
너무 맛있어요 !! 성수 오면 꼭 먹는 마망이에요 매번 색다른 맛 먹는데 맛이 다 신선하고 맛있어요,000001000000
이른 저녁에 방문하니 손님이 별로 없어 전세 낸 기분임.,000000000001
오트허니씨쏠트라떼와 치즈케이크먹었습니다. 단짠단짠 좋아하시는 분들이라면 꼭 이 라떼드셔보세요!,101000000000
초코우유에 초코 함유량이 퍼센트 별로 나눠져있는게 좋았어요! 찐하고 맛있게 먹었습니다 토스트도 굿!,110000000000
디저트 전부 맛있었는데 특히 와플이미쳤습니당.. 꼭시켜주세여 땅콩버터 진짜 녹진하고 고소하고 맛도리에여,000001000000
오랜만에 왔는데 여전히 앉을자리는 없네요 ... 매장이 지하라 좀 아쉽,000000200002
언제나 쉼을 가지기 좋은 곳에서 마샬라 차이라떼 한 잔 마시며 숨고르기.,100000010000
놀라 플로트 커피 너무 부드럽고 아이스크림이랑 조화가 잘맞아 정말 맛있네용... 지브랄타는 커알못들이 먹기엔 좀 진해요 그래도 부드럽고 꿀맛도리,100000000000
소금빵 맛있어요 포장도 귀여워요,010000000010
종류도 다양하고 맛있어요!!,000000000000
비싸지만 그냥 그럼,000000000200
가게가 좁지만 케이크 너무너무 맛있고 예뻐요 ..,001000210000
강아지가 먹을 수 있능 간식이 있어요! 치즈 케이크 꾸덕꾸덕하고 맛있고 밀크티 추천합니다,101001000000
친절하시고 디저트가 맛있어요 화이트 인테리어라 사진도 잘 나옴!,000001011000
위치가 지하에 있어서 놀랐어요..! 힙하고 좋은 카페였습니다!,000000010000
"성수동에 이런분위기 카페가 있었다니 인테리어 이쁜 카페 찾으시면 무조건 가보세요진짜 유럽온 기분 제대로 느낄 수 있어요 커피랑 티라미슈도너무 맛있구, 남친도 완전 좋아하더라구요! 시끄럽지 않도 분위기 즐기기 좋아요 httpsblog.naver.comkjtwo21223926145014",101000010001
스트라파차또와 솔티카라멜에스프레소가 맛있어요. ... 늘 친절하게 맞아주셔서 기분 좋게 마시고 나와요!,100000001000
커피 비싸지만 맛있어요. 그러나 매장 내 트레이가 없어서 그냥 컵을 들고 가래요.,100000200200
특이하지만 맛은 그냥 그랬어요,000000000000
고양이도 귀엽고 분위기도 정말 맘에 들어요!!,000000010000
진짜 너어어어무맛있어요 브런치매니아여서 왠만한데는 다돌아다녔는데 체다엔올리미만잡인듯 아보카도샌드위치먹구 맥앤치즈베이컨파니니랑 그래놀라두개더추가해서 뿌셨어요 강추입니다 오늘은 안마셨는데 조리퐁라떼주문은 필수입니다,110001000000
크로아상도 종류가 다양했고 다양한 종류에 비해 맛이 다 좋아요... 인테리어도 너무 좋고 뷰도 너무 좋고,010000010000
"브런치도 맛있었고, 팬케이크도 후식으로 잘 먹었습니다",011000000000
무화과 크로플이 진짜 대박,010000000000
수제 쿠키라 그런지 모양이 조금 투박한 느낌은 있네요.,000300000000
포장 주문이 빨리 안나오네요.,000000000020
재료 아끼시는 건지 샌드위치에 햄 한 장 들어있어 당황했네요.,020000000000
디저트도 분위기도 맛집이에요. 추천합니다. 다음엔 시그니처 메뉴 먹으러 올게요!,000000010000
궁금한 거 물어보면 대답은 잘 해주시는데 로봇 같은 느낌은 있네요.,000000003000
컵케익 이랑 휘낭시에 맛집이라길래 들렸어요!! 넘 맛이네용 또올게요!!,001100000000
완전 비주얼 짱이에요망고가 엄청 말랑하고 달콤해요!,000010000000
여자친구가 좋아해요,000000000000
매장도 넓고 음료 베이커리도 맛나네요 굿굿!!!,110000100000
흑임자라떼 시럽 적게 해서 먹으면 존맛탱,100000000000
내부 분위기 인테리어 사진보고 너무너무 궁금해서 바로 방문했는데 멜로우 꼬마 유령 너무 기욤입니다 내부 분위기도 컨셉에 진심이고 디저트도 마시멜로 유령이 너무 귀여웠어요 내부는 협소한 편이라 자리가 몇자리 없긴해서 아쉬웠는데 만석 시 연락처 남겨놓으면 자리 나면 연락주시더라고요 내부 분위기 사진 찍기도 딱 좋고 아늑하니 좋더라고요 자리도 숨겨진 느낌으로 좋았어요 오레오 쿠키도 왕왕 단편도 아니어서 더 맛있었어요 식감도 꾸덕하고 마시멜로우 덕에 초코파이 같기도하고 맛있었습니다 메뉴는 나오는데 시간이 좀 걸렸지만 자리로 가져다 주셔서 좋았습니다,000101211001
성수오면 항상 이용하는 커피맛집... 파운드도 잇네요 쿠키도 넘 맛나요 굿 방문강추,100100000000
디카페인인데도 일반 커피랑 차이를 모를 정도로 맛이 훌륭하네요.,100000000000
"테이크아웃 음료 캐리어는 2구, 4구 짜리가 준비되어 있음.",000000000030
빵 구성이 건강식 위주라 다이어트하시는 분들께 괜찮을 듯.,030000000000
맛잇엇어요! 부드롭고. 선물용으로 주문하려고 다시 왓어용,000000000010
깨끗하고 상냥하시네요 월요일 오전부터 이래 여러개포장해달래서 죄송했는데 상냥하게 웃어주셔서 편하게 사왓어요 리뉴얼해서 매장도 깨끗하고 포장해주는동안 앉아서 기다리기도 편했네요,000000101010
코끼리베이글이 있다해서 가봤어요 매장이 정말 넓고 배이글 종류도 많아 괜찮았어요,010000100000
맛있어 보여서 샀어요 맛있게 먹겠습니다,000000000000
샌드위치 속이 꽉 찼는데 5천 원대면 편의점보다 나은 것 같아요.,000000000100
비싸요! 근데 뭐 분위기는 좋습니당,000000010200
맛있는데 직원분들 오전 시간인데도 너무 지쳐보여서 돈 내기도 눈치 보여용 다들 힘내셨으면,000000002000
카페 분위기도 좋고 테라스 자리도 맘에 들어요 커피랑 쿠키도 굳,100100010000
소금빵 맛집이라고 해서 왔어용 소금빵 너무 맛잇어요,010000000000
케잌 너무 귀엽고 가게도 아기자기하고 너무 예뻐요!!! 감사합니다 최고의생일!,001000010000
왠만한 백화점꺼보다 맛있습니다. 그리고 타르트가 다른곳보다 커요.,000001000100
빵실빵실 수플레는 40분 걸려서 먹었지만 맛있었다..효횰 커피도 그렇구 맛있었댬,100001002000
커피도 탄 맛이 없고 고소하니 맛있었어요,100000000000
최애는...깜빠뉴 우유식빵 부드럽고 맛나네요,010000000000
포인트 적립도 안 되고 할인 혜택도 전혀 없어서 아쉽습니다.,000000000200
"흑임자,쑥 고소한 빙수가 있어서 좋았구 가격도 합리적이라 다시 올 것 같아요!",000010000100
"커피, 응료 다 맛있어요. 역시 주말이라 사람이 많네요",100000000002
새로 생겨서 방문했는데 너무 좋은 카페가 생겼네요! 그라니따 3종 다 너무 상큼하고 맛있었어요 여름 디저트 후식으로 딱이에요!! 커피도 맛이 좋아요 카페 디자인도 감각적으로 되어있고 사장님과 직원분도 너무 친절하셔서 기분이 좋아지는 카페네요 자주 방문 할 카페가 될 것 같아요!,100001011000
업사이드 커피... 분위기 좋아요!! ... 테이크아웃 천원 할인해주셔서 저렴히 마실 수 있어서 좋네요,100000010100
인테리어가 엄청 귀여움!!!! 아이스크림도 맛있음!!!! 딸기 아이스크림 진심 강츄!!!!,000001010000
성동구 지역기관 모임 장소로 너무 좋아요 담당자님 엄청 친절하시구요.. 음료만 인원수대로 주문하면 되니 가격부담도 없어서.. 청년이든 중장년이든 무관하게 여러 용도로 사용가능해서 성동구민들 엄청 부러워지는 타구민이었습니다,100000001100
입구에 문턱이 낮게 하나 있으니 발 밑 조심해서 들어오세요.,000000300000
"인테리어는 예쁜데, 자리는 편치는 않음. 음료 등 맛있어요.",100000210000
음료도 맛있고 디저트도 맛있어요,100001000000
케이크가 너무 귀엽고 분위기도 좋아요! 레드벨벳케이크 넘 기요움,001000010000
노을이 너무 아름다웠어요 빵도 맛있구요,010000010000
라떼존맛 창가뷰가 좋아요 ),100000010000
빵 진짜 맛있어요 갓 구운 빵으로 포장해주셨는데 진짜 맛있고 깔끔하게 만드시는 것 같아서 믿음가요!,010000000010
회사 바로 옆이라 자주오는데 컵도 귀엽고 인테리어도 이뻐요 쿠키도 맛있어서 자주 같이 사먹어요 이벤트도 있어서 참여했어요!,000100010000
주스에서 상한 냄새 같은 게 나서 한 입 먹고 버렸습니다.,200000000000
엄청은 아니어도 라떼 갠찮음,300000000000
오믈렛이랑 베이컨 진짜 맛있었음,010000000000
앙버터 맛집으로 추천받아서 들렀는데 동네빵집으로 너무 유명한곳이더라구요!! 빵들이 가성비좋고 다 맛있어보여서 자제하는데 힘들엇어요.. 또 다시방문할게요!,010000000100
쫀득쫀득하니 맛있음. 특히 마늘 듬뿍 젤맛남,010000000000
케이크 이번에포장을 했는데 역시나 명물허전 존맛입니다.. 보장합니다 믿고 사세요,001000000010
예약하고 갔는데 예약 확인도 안 되어있고 대처도 너무 미흡함.,000000002000
한옥 스타일 외관인데 내부는 현대적인 카페 디자인입니다.,000000030000
현금영수증 미리 안물어보시고 해달라니까 환불하고 다시하셔야되는데 해드리냐고무서워서 안했어요,000000002000
핫플치고는 웨이팅이 길지 않아서 충분히 올만합니다.,000000000001
아인슈페너 좋아하는 남자친구가 만족했구... 딸기조각케이크!! 진짜 생크림은 덜달고 딸기가 달아서 커피에 먹기 딱 좋아요,101000000000
커피 양은 적당하고 가격도 딱 상상하는 그 정도입니다.,000000000300
"말차 쿠키랑 시나몬라떼, 얼그레이 밀크티 진짜 맛있어요",100100000000
판나코타가 입안에서 사르르 녹고 소스랑 조화가 아주 좋네요.,000001000000
성수 코에오 드립커피는 코에오 한번 먹고 또에오,100000000000
저녁에는 낮이랑 분위기가 조금 달라서 색다른 느낌은 있네요.,000000030000
빵도 맛있고 분위기도 괜찮고 만족합니다,010000010000
모든 메뉴를 먹어보았습니다. 과일을 좋아하는 사람으로서 과일메뉴 모두 맛있었습니다. 얼그레이도 독특한 향이 매럭적이었습니다,100010000000
분위기도 좋고 아이스크림도 부드러워서 와인이랑 잘어울립니다,100001010000
잠시 앉았다가 갔어요 좋아요 평일에도 사람이 꽤 많음,000000000003
평타이상.가격은 조금 쎈편임,000000000200
와인이랑 아이스크림 조합 너무 좋아요! 크림블루치즈맛 아이스크림 추천합니다!! 꼭 드세요오옹! 2차로 오기 너무 좋은 것 같아요,000001010000
말차 빙수가 너무 알차요! 말차 푸딩은 달지 않고 말캉 부드럽고 초코코팅도 숨어있어요! 말차 크림?도 생크림이 아니고 꾸덕하면서 찐한 질감이어서 쌉싸름하고 맛이 진해요!! 우유빙수는 달달해서 조합이 딱이었어요 말차시럽도 따로 주셔서 기호에 맞게 뿌려 먹을 수 있어요! 카페인 찌질인데 너무 맛있어서 흡입했어요,000011000000
복숭아 생크림 케이크는 촉촉한 시트 사이에 달콤하고 상큼한 복숭아가 풍성하게 들어있어 입안 가득 여름이 퍼지는 느낌이었고... 아이스아메리카노는 산미와 고소함의 균형이 잘 잡혀 디저트와 궁합이 좋았고,101000000000
마켓에서 구경도 하고 카페에서 식사도 할 수 있어 좋아요!,000000100000
분위기도 좋고 음식도 너무 맛있어요 !,000000010000
좀 비싼데 분위기가 이뻐오,000000010200
유령의 집 컨셉으로 되어있는데 귀여운 유령그림들이 가득... 마시맬로 케이크 요즘 유행하는 것 같던데... 휘낭시에는 최근 먹어본 것 중에 가장 맛이 좋았습니다!,001100010000
인테리어가 매우 예뻐요 작업하시는 분들도 많이 보이시네요 그래서 맘놓소 수다떨기 조금 눈치보이긴했어요,000000110003
커피를 쏟았는데 괜찮다며 먼저 닦아주시고 다시 만들어주셔서 감동!,000000001000
깔끔하고 친절하시어서 넘 좋네요... 자두 에이드 완전 추천합니다 !!!,100000101000
"퀘스토젤라또 여기가 원탑이 됐습니다! ... 피스타치오, 토마토, 참외, 키위 진짜진짜 맛있습니다!",000001010000
리필 안 되는 건 알겠는데 새로 시키는 가격이 너무 부담됨.,000000000200
인테리어 이뿨용 맛있어욥,000000010000
소금빵은 여기서만 먹어요 진짜 맛있어요,010000000000
상가 화장실이 깔끔해서 좋네요. 서울숲 2번출구랑 500미터정도라 갖고 가기 좋아요!,000000100000
역시나 맛있고 분위기 좋아요. 화장실은 같은 건물 2층에 있는데... 화장실 가는길이 맞나 긴가민가했습니다,100000210000
매일 만드는 수제 티라미수 성수분위기좋은카페 데이트하기 좋아요! 콜드브루 맛집이라 커피 맛이 찐 앤티크한 분위기에 훌륭한 커피 완벽,101000010000
시즌메뉴 넘 맛있었어요!... 건물외관과 내관모두 깔끔하고 예뻐요. 또한 직원분들이...,100000111000
치아바타가 너무 건조해서 입안의 수분을 다 뺏어가는 것 같아요.,020000000000
성수역 근처 카페 찾아보다가 방문했어요! 케이크 맛집이라고 하길래 엄청 기대하고 갔는데 꾸덕케이크 맛집 인정 케이크 종류가 다양해서 특이한 케이크 많이 있었는데 딸기케이크 궁금해서 시켰더니 치즈크럼블딸기 조합이 아주 굿굿 에그타르트도 생각보다 크고 바삭해서 맛있었어요!!! 담에는 옥수수케이크 먹으러 가려구요,001000000000
배경이 단순해서 인물 사진 찍기에는 괜찮은 환경인 것 같아요.,000000030000
위스키로 만든 아이스크림이라 홀린듯이 시켰습니다,000001000000
동생 생일이라 구입했는데 너무 예뻐요 덕분에 즐거운 생파 보낼것 같아요!,001000000010
공간도 넓고 커피도 맛있어요,100000100000
넓고. 다양한 빵이있어 좋아요,010000100000
역시 메가 아샷추가 짱입니다 빠른 처리도 짱 7시에 문열어주셔서 감사해요,100000001000
성수에 있는 까페중에 늦게까지 하는 점 말고는 장점이 없는곳이에용 빵이 빵칼로 안잘릴정도로 딱딱해서 데울수 있는지 여쭤봤는데 안된다네요! 빵을 파는 까페에서 빵을 데워주는 서비스가 없는곳은 처음 봐용! 가격이 저렴하지 않으니 빵이 막 나온 오전대가 아니면 그냥 음료만 드세용,020000002200
인테리어 정말 예쁘고 디저트도 맛있어요! 강추!,000001010000
매번 성수 갈때마다 구매하는 소금빵 맛집,010000000000
스콘에 잼이 기본으로 제공되지 않아서 따로 주문해야 해요.,000300000000
키즈존이라 아이들이랑 걱정 없이 방문했어요. 모두가 즐거운 시간을 보낼 수 있는 곳이에요.,000000100000
케이크 종류도 많고 커피 원두 종류도 고를 수 있어서 좋네용 ! 자리도 생각보다 많았어용 !!,101000100000
여기 흑임자오레오아이스크림은 제 인생아이스크림입니당 흑임자 쫀맛탱,000001000000
"원래 노려둔 파이는 다 SOLD OUT 눈물 삼키며 다른 메뉴로 주문했는데, 다행히 이것도 맛있었어요! 그래도 다음엔 꼭 그 파이 먹어보고 싶어요. 기다려, 따우전드 성수",001000000000
노렸던 베이글이 아쉬워서 조금 아쉬웠습니다.,020000000000
탐블러 예뻐요 가방에 넣을 수 있으면 더 좋을텐데,000000000010
비주얼 합격 맛도 맛있었어요!! 시원하게 너무 좋았습니다!!,000000010000
친절하고 커피맛도 괜찮았는데 화장실이 너무 자주 막히는 것 같아요,100000201000
얼그레이케이크가 너무너무 마싯고 공간도 딱 적당해서 친구들이랑 다같이 와서 수다 떨기도 좋앗어요,001000100000
"화덕에 구워서 빵도 쫄깃쫄깃하고, 샌드위치 조합도 너무 좋아요 다른 종류도 다 먹어보고싶어요",010000000000
새우 바질 샌드위치랑 아이스아메리카노 먹었습니다! 베이글 샌드위치라서 더 맛있었고 바질 크림도 넘 취향저격이었어요!! 자리도 많고 매장도 넓어서 편안하게 있다가 갑니다 노트북도 잠깐했는데 눈치 안보이고 좋았어요,110000100000
케이크는 담백하면서 버터향이 은은하게 퍼져서 커피랑 찰떡 조합이에요,101000000000
치킨 베이컨 샌드위치 너무 맛있어요!!,010000000000
테이크아웃 할인은 따로 없지만 원래 가격이 무난해요.,000000000300
주말에 방문했을땐 줄이 너무 길어서... 평일에 방문하니 줄이 많이 길지않아 좋았어요!,010000000003
분위기 좋고 빵 맛있고 편하게 수다하기 좋아요!,010000010000
성수에 보기 드문 작업하기 좋은 카페... 자리가 넉넉하고 콘센트도 많아서... 냐옹이가 종종 출몰해서...힐링,000000110000
샌드위치 소스가 과하지 않아 빵 맛을 잘 살려줘서 좋아요.,010000000000
여기 커피랑 도넛 진짜 맛있어요!!,100001000000
디저트 메뉴 설명이 메뉴판에 자세히 적혀 있어 좋네요.,000003000000
무화과 빔수 피스타치모 맛있어요 아기자기한 소품도 많도 굿즈 판매도 있어요! 선물용으로도 좋을것같고 세세한 네모네모한 그릇.컵 예뻐요,000010010010
주차장은 건물 뒤편에 있고 이용 시간제한이 있으니 참고하세요.,000000300000
성수 거리에서 계단 하나 내려오면 위스키 아이스크림을 맛볼 수 있는 곳 분위기도 좋고 위스키 아이스크림이라는 메뉴도 독특해서 좋았어요,000001010000
빵은 본노엘이 최고... 직원분들 열일하시며 친절하세요,010000001000
특이한 아이스크림들이 있어서 신기하고 재밌어요 안에 가챠도 많고 토핑도 다양해서 구경도 잘하다갑니당,000001010000
"예전부터 밖에서 보긴 했었는데 , 이번에 처음 가봤어요! 매장도 엄청 넓고 쾌적 했어요!",000000100000
스타벅스는 이용하기가 편하고 주차하기 좋아서 자주 가요 스타벅스는 쿨라임피지오지욥!,100000100000
서비스라고 준 게 유통기한이 지난 건지 눅눅하고 냄새났어요.,000000002000
다양한 맛을 조금씩 다 맛볼 수 있도록 찹쌀떡 크기로 만든 베이글의 아이디어도 좋고 가격도 덜 부담되어서 좋은 것 같아요. 에브리띵 베이글 좋아하는데 살짝 간이 있지만 쫀득하고 깔끔한 식감이 맛있네요.,010000000100
맛있고 분위기도 좋아요!!,000000010000
치즈케이크 맛있어서 또 왔아요! 비주얼도 이뿌고 맛도있습니당,001000000000
고양이가있는카페입니다.얌전하게있는애 구경하면서 먹는맛이있어요,000000010000
빵도 크고 맛있어서 좋았고 에이드도 안 달고 맛있었습니다 재방문 의사 있습니다,110000000000
푸딩 너무 맛있고 음료도 맛있어요 !! 카라멜 바닐랑 크림 푸딩 먹었는데 달달하니 완전 당 충전 제대로 하고 가요 !,100001000000
제가 정말 좋아하는 휘낭시에 맛집이에요 성수 오시면 꼭 방문해보세요!!,000100000000
인테리어도 예쁘고 맛있게 잘먹었습니다!,000000010000
새로오픈한곳이라 깔끔하고 너무 잘꾸며져있어요!! 빵종류도 다양하고 유기농 밀가루라 건강에 좋아요!!!,010000110000
청포도에이드 맛있어요!! 지나가다 가게가 예뻐서 들었는데 분위기도 좋고 만족스러웠습니당!!,100000010000
서울에만 있으니까 여행왔을 때 한번 와볼만한 곳,000000000000
네이버평 보고 방문했다가 실망했어요. 커피값만 비쌈,200000000200
쑥 스콘 진짜 꼬소해요 꼬숩달달 환장하는데 진짜 맛있아요 여기는 타르트도 맛있는데 베이커리까지 맛있어서 큰일.,010101000000
인절미와플 흑임자와플 세트 짱이예요,000001000000
성수동 숨은 디저트 맛집! 모든 메뉴 도전해볼만큼 맛있어요 분위기도 조용하고 넘 좋아요,000001010001
커피가 향긋하고 오미자차가 정말 맛있어요 여기 크림브륄레도 맛있는데... 고구마 티라미수도 부드럽고 매우 맛있습니다 ) 코지하면서 세련된곳,101001010000
인테리어 넘 특색있고 귀여워요!! 음료랑 디저트도 맛있네요 간만에 기분 전환됐습니다,100000010000
아이랑 성수나들이 왔다가 놀러왔어요. 아이스크림도 맛있고 인형도 주니 신나네요,000001001000
크리스마스 장식을 너무 예쁘게 해놓으셔서 연말 분위기 제대로네요.,000000010000
레몬케이크 상큼하고 맛있습니다 !!,001000000000
카페 분위기 너무 제가 좋아하는 스탈!!... 커피도 진짜 맛있어서 친구랑 또 오기로 했어요 흑임자 고소 그 자체,100000010000
"보늬밤치즈케이크 넘 맛있어요.. 단호박,얼그레이,블루베리도 얼른 먹으러 가야할듯..",001000000000
맛있게 잘 먹었습니다.,000000000000
지나가다 정보없이 들른곳이에요 밀크슈팅에?이거 맛나요 담백하니 잘먹었어요,100000000000
제가 살면서 먹은 피넛버터 중에 제일 맛있어요!!! 재구매 하러 왔습니다,010000000000
저렴한 가격으로 자주 찾는 곳입니다,000000000100
테이크아웃인데 빨대도 안 챙겨주셔서 마시는 데 고생했어요.,000000000020
분위기도 너무 좋고 직원분들이 너무 친절해서 좋았어용,000000011000
사람이 진짜 많았어요!! 역시 소금빵이 맛있어요!!,010000000002
새로 생겼다는 소식듣고 먹으러왔는데 맛있어요 디핑 크림 없이 먹어보니 살짝 짭쪼롬한게 은근 중독성있네요 디핑 크림 추가하면 더 맛있으니 코코넛크림과 함께 먹는거 추천함닷,000001000000
분위기좋은 성수연방에서 맛있는 디저트 먹고 분위기 즐기다 갑니다,000001010000
"웨최몇? 5분 카카오맵 평점 3.9 방문시간 금요일 정오 브런치 메뉴가 먹고 싶어서 아무런 정보 없이 찾아가본 곳. 직접 만든 쨈을 브런치 메뉴와 함께 파는 것이 인상적이었다. 브런치 세트와 샌드위치를 하나씩 시켰는데 가격은 각각 18,000원으로 역시 비쌌다.. 다행히 비싼만큼 브런치 플레이트에 나온 모든 음식이 신선하고 맛있었다. 가서 드신다면 쨈은 꼭 바닐라 마롱을 포함해주시길! 밤이 알알이 씹히는게 흔한 맛은 아니었다. 친구들이랑 예쁜 음식 먹고 싶을 때 방문하면 좋을 것 같다. 첫방문이라 평소에 웨이팅이 얼마나 있는지는 모르겠지만 주말을 피해서 방문하면 웨이팅이 길지 않을듯! 원본 리뷰 문장",010000000201
카페가 넓고 분위기도 좋아요! 대화하기도 좋고 공부나 과제하러 오기도 좋을 거 같아요... 친절하십니당,000000111000
"대기줄이 있었지만 오래기다리지 않았고 4개 12,000원이면 가격도 괜찮은것같아요 맛있게 잘 먹었습니다",000000000101
아메리카노에 기름이 둥둥 떠 있고 맛도 너무 텁텁해서 별로예요.,200000000000
케이크 넘 맛있어요 커피도 고소하니 맛있네요!,101000000000
바삭바삭하면서 은은하게 달고 고소하고 중독성 있는 맛... 커피도 코넛아인슈패너 크림라떼 둘다 맛있고 인생라떼!,110000000000
경북 경산에서 일부러 찾아서 가는 곳 처음으로 리뷰를 써봅니다. 택배도 가능하지만 빵집 분위기와 빵냄새를 맡고 싶어서 간간히 갑니다 사장님도 직원분들도 너무너무 친절하시고 빵도 너무 맛있고 먹어도 먹어도 찾게되는 맛이고 주변지인들한테도 짱짱 많이 추천합니다 한번 먹으면 잊을 수 없는 그맛!! 별 다섯개도 모자라는 이곳!! 빵을 좋아하는 사람들이라면 꼭 가봐야 하는 플레이스!! 완전 강추!!,010000011000
분위기 깡패 어니언,000000010000
"서울숲을 바라보며 편하게 머물다왔어요. 망고빙수 제주애플망고로 만들었다는데 역시 달콤하고 한입가득 큼직한 망고에 대만족하며 엄지척! 친구랑 근처에서 식사하고, 다시 방문해서 커피까지 마시고 있어요. 성수동 빙수맛집, 포레스트 카페 완전 취저공간예요",100010010000
매장이 넓고 좋아요,000000100000
메뉴도 너무 재밌고 뷰도 좋아서 완전 만족하구 가요!!!,000001010000
흡연실 문이 열려있어서 매장 안까지 담배 냄새가 진동합니다.,000000200000
주말에 데이트로 오기 딱 좋은 곳입니다. 맛있는 음식 분위기 좋은 장소를 즐기다 가세요,000000010000
커피랑 디저트도 둘다 맛있고리큐르 에스프레소도 있어요! 인테리어도 너무 맘에드네요. 에스프레소바 좋아하시면 가보시길 추천드립니다,100001010000
커피도 맛있고 공간이 너무 예뻐서 오래 머무르고 싶어요,100000010000
"공간이 넓고 안락해서 편안히 대화하기 좋아요! ... 맛있는 커피랑 디저트는 덤이고, 직원분들도 친절하서서 자주자주 올 것 같아요",100001101000
맛있는 망고 빙수 맛집 찾아 먹으러 온 곳 소금빵은 개수제한 있고 포장 할수 있어요 내부 인테리어 구성이 좋아서 더 맘에 들어용,010010010010
인테리어 멋져요! 말차빙수 사진하고 정말 똑같고 토핑 가득합니다아. 정말정말 맛있어요,000010010000
일단 아인슈페너 맛집이었습니다 크림이 쫀쫀하면서 달고 존맛 케익도 너무너무 맛있었습니다,101000000000
"와인도 너무 맛있고 아이스크림 종류가 다양한데 와인과 페어링 잘 되어서 너무 좋아요 자주 방문 중입니다! 와인 좋아하신 분들은 무조건 좋아하실거고, 입문 분들께도 꼭 추천해요! 참고로 전 여기서 와인 입문했어요",000001000000
레몬티를 마셨는데 다른카페보다 진하네요,100000000000
컨셉이 뭔지 모르겠어요. 이것저것 섞여 있어서 난잡한 느낌입니다.,000000020000
커피사피엔스 성수더스페이스점은 땡모반 맛집입니다! 생수박주스가 너무 시원 달콤 상큼해요... 사장님이 너어어무 친절하셔서 기분이 더 좋아졌어요!!!!,100000001000
디저트랑 커피류는 맛있지만 계산받은 남자 직원분은 너무 불친절했어요,100001002000
빙수 종류가 대여섯 가지 정도라 취향껏 고르기 좋습니다.,000030000000
원두 선택이 가능하다고 해서 시켰는데 별로 차이를 모르겠네요.,200000000000
"사람은 너무많구요 시끄럽고 붐비고 정신없고, 커피는 쏘쏘 하지만 밀크티는 참 맛있었습니다",100000000002
매장은 1층 단층 구조라 계단을 이용할 필요는 없습니다.,000000300000
분위기상 회전이 빠르기보다는 오래 머무는 손님이 많음.,000000000003
쿠키가 너무 딱딱해서 이빨 나가는 줄 알았어요. 오버쿡 된 듯.,000200000000
고양이가 너무 귀엽고 커피도 너무 맛있어요자주 올 것 같아요!!,100000010000
"저녁 후 디저트로 딸기크림크로플을 먹기 위해 검색해서 찾아온곳!! 딸기가 신선하고 맛있어요 2층에 위치해 있고, 생각보다 매장이 넓은편으로 분위기 있음.",000100110000
학생 할인이 있어서 친구들이랑 저렴하게 잘 이용하고 있어요.,000000000100
그냥 동네 카페에서 흔히 느낄 수 있는 그런 커피 맛입니다.,300000000000
펭귄이 맛있고 에그타르트가 귀여워요,001000000000
소금베이글 데워주셔서 맛있게 먹었어요 근데 2층은 관리가 안되는건지 테이블이 더러워서 좀 그랬어요... 음료 두잔 나오는데 엄청 오래걸려서 그게 좀 아쉬웠네요,310200202000
맛잇어요. 대신 오래 걸려요,000000002000
특별한 메뉴긴하지만 이 케이크 하나에 만삼천원까지 내고 먹을 정도인지는 잘 모르겠어요 맛은 있고 친절하세요 하지만 요즘 물가가 정말 많이 올랐구나 체감하게되는,001000001200
개성있는 메뉴와 공간이 좋습니다,000000100000
평소 기념일같은 특별한 날에 자주 이용하는 동네 케이크샵입니다... 선물용으로도 최고!!,001000000010
퐁신퐁신하고 너무 달지 않아서 맛있어요 넘 맛있게 먹어서 또 주문했어요,000000000000
서울숲 근처 디저트가 너무 예쁘고 인테리어가 멋진 카페 아이들이 딸기 빙수 먹고 싶어해서 주문했는데 딸기가 정말 많아 들어있어서 놀랐어요 티라미수도 진하고 맛있고 커피도 고소하고 맛있어요 4층 루프탑까지있는데 매층마다 분위기가 다르네요!,101010010000
다 드신 그릇은 지정된 곳에 직접 반납하는 시스템입니다.,000000003000
빵도 맛있고 친절하시고 또 빵 사러 갈게요!,010000001000
사과는 갈변되지 않게 설탕물 처리가 되어 나오는 것 같아요.,000030000000
먹어본 망고빙수 중 최고! 생망고가 한가득 우유빙수안에는 망고퓨레 와!정성가득한 감동의 맛,000010000000
브런치먹으러갔어요 날씨도 너무좋아 테라스에서 먹었어요 너무맛있네요,000000110000
"데이지크 성수 플래그쉽 생기고 수플레팟 구매할겸 카페도 구경하고 왔습니다 개인적으로 카페 다녀보면 빵이 마르고, 크림이 싼맛이 많이나서 베이커리를 잘 안먹게 되던데 데이지크는 매장뿐만이 아니라 이런 베이커리와 음료에 엄청 준비를 잘 하신것 같아요 글고 매장안이 진짜 예쁘더라구요! 진짜 호텔느낌의 카페! 매장안에서 디올도 볼 수 있구요 우리집 앞에도 이런 카페 있으면 좋겠네요.. 진짜 매일 갈 수 있는디",110000010000
"빙수가 너뮤 맛있어요 과일도 직접 싱싱하고 맛난걸로 가져오셔서 너무 맛나요! ... 커피가 2,500원인데도 너무 맛있어요",100010001100
먹어보니 왜 인기있는지 알겠네요. 크림치즈생크림 다 못먹을 줄 알았는데 순삭했어요,001000000000
디저트 치즈케이크 너므 마싰어요 인테리어도 미드에 나오는 카페처럼 되어있어 분위기도 좋고 예쁘고 사진도 잘나옵니당! 다음엔 꼭 솔티카라멜맛 먹을거예용 좋은 시간 보내고갑니다,001000010000
커피가 식어도 맛이 변하지 않고 끝까지 맛있어서 놀랐습니다.,100000000000
메뉴가 다 맛있어요!!,000000000000
엄마가 매우 맛있다고 하네욧!,000000000000
케이크가 너무 기엽고 이쁘고 맛나요,001000000000
빙수 시럽이 너무 많이 뿌려져 있어서 너무 끈적거리고 달아요.,000020000000
맛은 있는데 가격이 너무 비싸네요,000000000200
분위기가 좋고 아이스크림이랑 와인이 맛있어요!,000001010000
친구 추천으로 왔는데 메뉴도 유니크하고 맛있어요 사람도 많지 않아서 한적하고 성수 놀러오면 꼭 들르세용,000000000001
맛있고 분위기가 좋아요,000000010000
푸딩 용기가 귀여워서 다 먹고 가져가고 싶더라고요.,000003000000
소금빵 진짜 너무 맛있어요 커피랑 어울림이 좋아서 같이 먹으면 힐링되네요 재방문할게요,110000000000
예전에 롯데본점에 있을때 맛있게 먹었던 기억이 나서 찾아왔는데 역시 맛있어요!!,000000000000
위스키와 디저트를 좋아한다면 한번은 방문해 봐야 할 곳... 아이스크림과 디저트 자체의 맛도 훌륭해서 재 방문 의사 10000입니다 ),000001000000
파르페는 비주얼 위주라 한 번쯤 시켜볼 만한 정도예요.,000003000000
레몬케이크 넘 퐁신퐁신 달달하고 맛있어요!!! 커피도 연하지않구 진해요! 산미 하나도 없어서 맛있어용!!!!,101000000000
매장 층고가 높고 환기가 잘 돼서 답답한 느낌이 전혀 없습니다.,000000100000
여자 직원분 정말 친절하세요!,000000001000
컵이랑 식기는 적당히 청결한 편이라 거슬리는 건 없었습니다.,000000003000
치즈케이크 너무 맛있어요 서울숲 바로 앞에 있어서 들르기도 조아여!! 커피도 맛있어용,101000100000
디저트도 커피도 다 맛있어요,100001000000
개수제한 때문에 줄 두번섰는데 열한시넘어가니까 줄이 길었어요 라떼가 맛있어요 열한시쯤에는 베이글 종류별로 다 있었어요,110000000002
케이크는 정말 맛있어요! 다만 네이버예약으로... 20분이상 기다려서 좀 아쉬웠네요,001000002002
소금붕어빵 빠삭하고 맛있어요 망고빙수랑 같이 먹으면 조합 짱임 그런데 웨이팅이 좀 있음 테이블간 간격이 조금 좁고 테이블이 많지 않음,010010200002
빵 별로 안좋아하는데 팡도르는 맛나네요 근처에 있다면 가볼만한 곳이예요,010000000000
성수에 요렇게 맛있는 커피랑 빵집이 있는지 몰랐어요 잘 쉬다 갑니다아아,110000000000
"신상카페 발견! 커피맛도 좋고 인테리어가 엄청 독특하네요 콘센트도 많아서 일하러 오기 딱인듯,,",100000110000
가나슈 케이크 달달하니 괜찮았어요. 아메리카노랑 잘 어울려요 오랜만에 집중할 일이 있어 들렸는데 무난했습니다,101000010000
소금빵 담백하고 맛있어요!!,010000000000
친절하시고 매장 분위기도 좋아요. 피넛버터도 너무 맛있구요,000000011000
커피하고 빵 맛있어요. 여러번 방문했는데 또 갈거임,110000000000
에스프레소 맛집 카페 바닐라 카페 오네로소 카페 피에노 카페 모카 다 너무너무 맛있다!!!,100000000000
내부도 넓고 케이크랑 곰돌이로고 너무 귀여워요,001000110000
청포도 에이드 안에 알갱이가 들어있어서 씹는 맛이 일품이네요.,100000000000
넓고 조용하고 쾌적하고 야외 공간이 있어서 조용하게 잘 먹고 마셨습니다 아이가 있어서 실내는 괜히 꺼리게되는데 여긴 밖에서 눈치 안보고 잘 즐겼어요. 감사합니다,000000100001
밀크티 짱 맛있고 벌써 크리스마스 분위기라 좋아요 사진 짱 잘나와요,100000010000
쏘세지빵 맛있어요!! 마들렌은 써비스 어서와서 드세요,010100001000
종이 빨대가 너무 금방 흐물거려서 포장 음료 마시기 힘듦.,000000000020
의자는 대부분 등받이가 없는 스타일이라 참고하시면 좋겠네요.,000000300000
다 좋은데 rosy 직원님 좀 소리지르는 듯이 안 받아주셨으면 좋겠어요 아침에 기분이 좀 안 좋았네요,000000002000
아기자기 인테리어가 너무 예뻐요 복숭아빙수 맛있을거 같아요 앞으로 자주 올듯,000010010000
조명 밝기는 적당해서 독서하거나 대화하기에 무난한 정도입니다.,000000030000
비록 매장 안은 반려동물 입장 불가지만 사장님이 강아지 키우셔서 이런 반려동물 배려가 있어요.,000000001000
강아지랑 와서 맛있게 먹고가요,000000100000
케이크 쇼케이스에서 포인트가 확! 느껴지는 카페에요 레이더 만의 분위기가 있고 인센트가 카페 내외부에 피워져 있어 은은한 향이 계속 납니다 케이크 종류는 다양하게 있어서 취향껏 먹기 좋아요! 음료 종류도 많고 2층에도 좌석이 있습니다. 디카페인커피는 따로 없었지만 커피 원두자체는 신선한 제품으로 쓰시는것 같아요! 편하게 대화하다가 가기 좋고 조용한 분위기라 더 좋았어요,101000110000
수플레 엄청 부드럽고 입에서 녹네요 허니크림도 같이 올려먹으니 맛있어요 매장안에 들어오니 분위기도 좋고 매장도 넓어요.,000001110000
지인이랑 성수동 연무장길 갔다가 차 마시러 들렀어요. 히비스커스유자차티백차라 좀 아쉽네요.,200000000000
매장 이용 시간이 제한되어 있어서 회전은 잘 되는 듯요.,000000000003
깻잎향이 이렇게 상큼할 수 있다니... 주인분과 알바생도 친절하시고요,100000001000
"케이크 맛집이라고 해서 왔는데 케이크도 맛있고, 음료류도 너무 맛있습니다! 그리고 직원분들도 너무 친절하세요!!",101000001000
성수동 오랫만에 왔는데 분위기 좋구 친절하세요 맛있게 잘 먹었어요,000000011000
이거 진짜 맛있었어요!! 아이스크림 자체가 맛있었고 에스프레소와 꿀이랑 같이 먹으니 진짜 환상적인 조합이었어요,100001000000
주말에 11시쯤갔는데 사람이 많아서 라떼만 사가지구 왔어요! 라떼 정말 고소하고 맛있어용,100000000002
망고빙수 양 짱 많음 맛도리,000010000100
커피 맛있고 휘낭시에도 맛있어요! 디저트 위주의 가게라서 음료는 기대안했는데 음료도 전반적으로 맛있습니다,100100000000
어니언은 언제가도 맛있는거 같아요!,000000000000
크리스마스 분위기 낭낭하네요! 테이크아웃으로 라떼를 3000원 가성비에 즐길 수 있는 곳이에요,100000010100
베이글 미니미니한 아가들로 종류 엄청 다양하고 가격도 부담스럽지 않아요! ... 반려견 동반시 야외좌석 이용 가능해요!,010000100100
"고급 초코우유 맛을 보고 싶다면, 파머스카페 강추해요. 고급 초코의 맛을 즐길 수 있는 곳!!",100000000000
디카페인 커피 마셨는데 약품 냄새 같은 게 나서 다 버렸어요.,200000000000
매장이 넓고 직원들이 친절해요,000000101000
쿠키는 딱딱해서 전자레인지에 돌려먹었고 아기자기한게 많았습니다... 화장실도 2층에 있었습니다,000300110000
인상이 너무 안 좋아서 주문하기가 겁날 정도인 카페는 처음임.,000000002000
웨이팅 번호 불러줄 때 소리가 너무 작아서 놓치기 쉬워요.,000000000002
건너편 무모카페 가려다가 웨이팅 너무 심해서 들어왔는데 갤러리카페 너무 좋은데여...?,000000010001
"낮엔 커피, 저녁엔 펍으로 분위기 완전 좋아요 러브데이에이드가 유명해서 주문했는데 넘 이뻐요",100000010000
프랜차이즈 카페에서 흔히 마실 수 있는 그런 커피 맛이네요.,300000000000
커피 메뉴가 칵테일처럼 특이하고 맛있어요 매장도 넓어요,100000100000
브런치로 먹기에 메뉴도 너무 좋고 분위기도 좋아서 앞으로 자주 올 것 같아요...,010000010000
츄러스 너무 맛있어서 집에 갈때도 사갔어요,000100000010
"서울숲 과일케이크 맛집 라프레플루트 성수예요 재작년 여름 놀랍게 맛있었던 제주애플망고빙수 이후 두 번째요. 서촌점 생겨 가보려 했는데 시간 안 맞아 성수점 서둘러 왔으나 일욜 오픈 20여분 앞대기 5팀, 31분 후 입장요. 크레이프 딸기밭케이크13.9 역시 믿먹 라프레플루트네요! 잘 익은 새콤! 달콤 싱싱한 층층층층 딸기에, 얇고 부드러우면서 쫀쫀하고 고소한 크레이프가 고급스럽게 잘 어울려요! 생크림도 완전 맛있어요 딸기라떼8.9, 얼음없이 달콤함 그 자체네요 시럽도 넣지 말아달라고 말씀드리는 걸 깜빡했네요. 얼음이 없어 양이 적지만, 우유 농도 변화없이 마실 수 있어 좋아요 헛 주말 이용시간 1시간 30분이군요! 오버 죄송요 또 먹고 싶어요!",101010200002
팥빙수에 팥이랑 콩가루가 들어간 기본적인 옛날 빙수 스타일입니다.,000030000000
미술에 관심이 없는 저도 너무너무 재밌게 했어용!,000000010000
분위기도 좋고 음료도 맛있어요,100000010000
여기 에스프레소는 크레마가 장난 아니네요. 진짜 묵직합니다.,100000000000
너무 특이하고 맛있어요!! 분위기도 좋고 세가지 맛 다 특색있고 맛있네요,000000010000
빙수양이 어마어마하네요 34명이서 먹어도 될듯하네요 맛도 좋고 망고도 큰거하나 다올라가네요,000010000100
줄 서 있어서 궁금해서 먹어봤어요! 맛있네요 ),000000000002
바질유자소다 진짜 맛있어요 바질맛가득 상큼,100000000000
직원분 친절하시고 분위기도 좋고 디저트도 맛있고 커피도 맛있어요),100001011000
넓고 좌석많고. 좋아요,000000100000
매장 깔끔하고 커피맛 좋았습니다.,100000100000
너무 좋아요!!! 위스키의 형긋함이랑 젤라또랑 너무 잘 어울려요,000001000000
차가운 공사 현장 같은 인테리어라 전혀 아늑하지 않고 추워 보여요.,000000020000
디저트들이 대체적으로 1인용이라 양이 많지는 않아요.,000003000000
"퐁실퐁실한 티라미슈 케이크에 상큼한 복숭아 에이드 조합이 잘 어울려요! 특히나 위에 에이드 위에 올라간 곤약 젤리가 깔끔한 맛이라서 너무 달지 않고, 티라미슈는 아낌없이 카카오 가루가 뿌려져 있어서 너무너무 맛있습니다 다음번엔 다른 디저트도 도전해 볼래요",101000000000
코끼리베이글 무화과콩포트 너무 사랑해서 맨날 무화과만 먹었는데 오늘 첨으로 생크림베이글 사먹어봤어요. 이것도 너무 맛있네요!,010000000000
"맛있게 잘 먹고가요 ! 주말엔 테이블링 필수 입니다,,특히 2명이상이면 더더욱요 메뉴 하나하나 다 맛있었어요",000000000002
가게 분위기부터 음식까지 사장님께서 얼마나 컨셉에 진심이신지 알 수 있는 곳이었어요 마시멜로우 쳐돌이에게 강추드립니도,000001011000
뽑기 3등 당첨돼서 디저트 받았어여 테린느 말차 개맛있슨,000001000000
다양한 분위기의 자리섹션이 있음 커피 맛 좋아오,100000100000
테이블 간격이 넓어서 프라이빗하게 대화 나누기 아주 좋습니다.,000000010000
빵도 맛있고 매장도 깔끔해서 좋아요,010000100000
테라스가 좀 청소가 안돼서 지저분하긴해도... 가격은 엄청 비싼데 음료는 제대로 배우지 않은 분들이 만든 느낌..,200000200200
밀도 성수 여전히 맛있네요 성수동 가면 꼭 들리는 곳! 좋아요,010000000000
분위기도 좋고 깨끗하고 친절했어요. 다음에 또 방문하겠습니다.,000000111000
서울숲가기전 커피사러 잠깐방문. 커피맛 좋아요,100000000000
생일이라 샀어요 맛은 못봤네요,000000000000
남자친구랑 방문했는데 너무 좋아요 다음에 또 오고싶어요,000000000000
생각없이 들어왔는데 너무 맛있고 다시방문할정도로 아이들도 좋아해요 굿굿,000000000000
컨셉이 독특해서 또 오고 싶어요! 커피도 맛있고 쿠키도 넘 맛있어요!,100100010000
주문한 메뉴가 조금 늦게 나왔는데 사과와 함께 사이즈 업해주셨어요.,000000001000
"맛있지만, 네개는 많을때가 있어요. 두개정도씩도 판매했으면 좋겠어요.",010000000200
둘이서 세개시켰는데 샐러드도 파스타도 양이 너무 흡족하게 많고... 인테리어도 좋고 삼치파스타 짱맛있어요. 커피도 디카페인인데도 맛잇어서 좋아요.,100000010100
그냥 무신사 쿠폰쓰러,000000000000
생각보다 회전율이 너무 안 좋아서 3팀 빠지는데 한 시간 걸림.,000000000002
다양한간식이 진열되어 있어서 아이가 좋아해요.,000001000000
"1층 공기 넘 안좋고 답답하고 테이블 낮아 불편, 직원도 피곤해 보이시고 사람은 많은데 두 분으로 유지가 되나. 그러니 힘들어 보이는... 참 기대이하!! 근데 커피값 6천원 커피가 왜이리 맛이 없는지.",200000202202
원두 고소하고 맛있어요 주말이라 사람 많아서 자리 맡기 힘들었지만 커피맛있어서 좋습니다!,100000000002
최근 먹어본 디저트중 최고에요 .. 강아지 물도 챙겨주셔서 감사합니다 !,000001001000
너무맛있어요!!!굿,000000000000
커피 맛있어요 로스팅도하고,100000000000
조각 케이크 크기가 다른 곳보다 큼직해서 나눠 먹기 충분했습니다.,001000000000
묵직한 바디감을 좋아하시는 분들이라면 여기 원두 무조건 추천합니다.,100000000000
음료도 맛있고 카페도 예뻐요 분위기도 좋습니다!,100000010000
분위기가 너무 좋고 푸딩이 맛있어요!,000001010000
갤러리아 포레 1층에 있을 때 테라스에 앉아 먹으면 천국이 따로 없었는데요. 시나본 없어지고 얼마나 아쉬웠는지 몰라요 테이크아웃만 되지만 라떼킹에서 시나본을 팔다니 정말 반가웠어요. 예전 맛 그대로입니다 다시 가까운 데서 먹을 수 있다니 감사합니다,010000100000
넓은 매장과 맛있는 커피를 마실 수 있는 카페입니다. 다만 매장의 넓이에 미치지 못하는 적은 좌석들은 붐빌 때에는 대기할 수 밖에 없을 것 같아요. 놀라 플로트는 정말 맛있어요.,100000200002
애플파이 바삭하고 너무 맛있어요! 직원분들도 친절함,010000001000
분위기좋구 디저트도 다양한 카페에요 애견동반도 가능한데 귀여운 강이지들 보면서 힐링했어요 바닐라라떼 추천합니다,100000010000
"명료한 와이오컴퍼니 간결한 YO company 완전 힙합 개쩌는 간지 FLEX 내심장 부스터 Drop the beat 죽을때까지 레쓰기릿 미친 아드레날린으로 무아지경을 만드는 우리는 YO와이오 파트너파트너파트너. 머해? 안달릴거야? 레츠 파리타임 어어. 개쩌는 텐션업 끝판왕 계속 달려, 레쓰기릿 이거 언제까지 계속 고개를 흔들어야 돼. 에라. 모르겠다. 또 달려! 어어. 무신사 먹으러 가자. 성수동에서 윤현주 드림 Yoonscare Co., Ltd. Cleaning Artist Hyunjoo Yoon Nothing but the customer 와이오컴퍼니yocompanytotalsolution퍼프아웃윤쓰케어yoonscare1",000000000000
커피는 괜찮았고 케이크는 아쉬웠어요,102000000000
입구에 대기 인원이 가득해서 들어오고 나가는 게 전쟁임.,000000000002
다 맛있어 보여서 다 사고싶었지만 예산 부족으로 기본 에그타르트... 페스츄리 같은 반죽이 먹기엔 좀 불편했어요 근데 맛은 부드럽고 기가막히네요!,000100000210
비싸기만 비싸고 진짜 맛없어요 무엇보다 종업원들 직원들 태도가 진짜 기분 나쁠정도로 싸가지없어요... 기분도 엄청 상했어요... 다시는 여기 올일은 없겠내요,002000002200
커피도 존맛탱 스콘도 존맛탱 스콘에 찍어먹을 버터랑 블루베리 잼도 넘나 맛있어요. 가게도 너무 이뻐요.,100100010000
음료가 예쁘게 나와서 기분좋게 먹기 좋아요,100000000000
크로플이 바삭바삭하고 달달해서 너무 맛있었어요 특히 크림이랑 조화가 되게 좋은 것 같아요!,000001000000
디저트가 너무 예쁘기만 하고 맛에 대한 고민은 부족해 보입니다.,000002000000
"포틀랜드 감성의 예쁜 카페. 조용한 분위기가 좋고 커피, 디저트도 맛있습니다.",100001010000
찐드하고 달달한 땅콩맛 커피 너티클라우드와... 빵도 모두다 맛있어요... 아침 출근길에 자주들러 아침도 해결!,110000010100
이 지점 아메리카노 맛없음.,200000000000
우드쿠키를 이틀 연속으로 먹어보게 되었습니다... 발로나 초콜릿으로 만들었다고 나와있네요... 부담없이 즐기실 수 있을거에요.,000100000000
아인슈페너 엄청 맛있어요!!! 무화과 케이크도 너무 예쁘고 맛있네요 분위기도 좋아서 잘 즐기다 갑니다!,101000010000
인테리어도 독특하고 음료도 맛있습니다!,100000010000
어니언은 커피도 맛있고 빵도 맛있고 샌드위치도 맛있어요. 개인적으로 성수점이 가장 좋습니다.,110000000000
디카페인 변경 시 500원 추가 요금이 붙으니 참고하세요.,000000000300
아기 의자는 두 개 정도 비치되어 있는 걸 봤습니다.,000000300000
가끔 오는데 맛 있어요. 성수동 오면 들릴만 함. 케이크와 커피조합 굿굿.,101000000000
에스프레소바라고 갔는데 시그니처인 에스프레소를 안마셔서 뭐라하긴 그런데아메리카노는 맛있었고 프렛화이트는 좀 싱겁고 우유맛이 너무 났던것 같네요 나름 컨셉을 정해서 꾸민 가게지만 자리는 좁고 의자는 불편해서 개취엔 좀 그랬네요,300000230000
인터리어도 이쁘고 디저트도 다양해요 맛보단 데코가 굿,000000010000
초코 라떼 맛은 그냥 네스퀵 타 먹는 거랑 비슷한 맛이에요.,300000000000
도넛이 쫄깃쫄깃하고 맛있습니다!,010000000000
트러플오일 러스크오일가득가득,000100000000
스윗산타라떼 달달해서 넘 맛있어요 케이크가 너무 달다싶었는데 딸기가 상큼해서 조합 괜찮았어요,101000000000
이벤트 기간이라 1+1으로 마셨는데 정말 횡재한 기분이네요.,000000000100
회사 근처라서 자주 오는 곳이에요 무엇보다 커피가 맛있고 테이크아웃은 천원할인이라 좋아요,100000000100
"인테리어가 좋아서 들어오자마자 기분이 좋았는데, 커피가 너무 맛있어요!",100000010000
사람이 늘 많아요. 북적북적,000000000002
얼그레이 케이크 향은 은은하게 나는 편이라 호불호 없을 듯.,003000000000
붕어빵이랑 빙수 둘 다 너무 맛있어요 가까이 있으면 매일 오고싶을 정도에요,010010000000
둘이 좀 여러개 먹었는데 다 맛있었어요 담에 오면 잼도 사려고요,000001000000
조각 케이크 하나도 정성스럽게 개별 포장해 주셔서 좋았어요.,000000000010
"오래간만에 방문인데 여전히 예쁜 카페 뚝섬역에 사람이 무지 많아 어디 가야 할까 망설여질 때 여기 좋다. 뚝섬역이랑 가까운데, 사람이 조금 덜하고 카페도 예쁘고 조용하다. 조금 일찍 끝나니 아쉽지만 평일 낮에 뚝섬이나 서울숲 가야 할 일 있을 때 꼭 들러보시길 추천",000000010001
커피값이 비쌈 너무 달다 베이커리가,220000000200
커피 맛있어요! 공간도 엄청 멋집니다. 복잡한 성수동에서 이렇게 넓은 공간을 만나니 반갑네요,100000110000
성수데이뚜 왔다가 발견한 곳! 분위기도 좋고 위스키 아이스크림도 너무 맛있어요 성수데이트 오신다면 강추!!!,000001010000
사장님이 훈남에 왕친절하시구 커피 진짜 고소해용 라즈베리 스콘 꼭 드세오!!!!,100100001000
인테리어 아기자기하니 너무 귀엽고!! 쿠키랑 휘낭시에 먹었는데 예쁜 비주얼만큼이나 맛도 뛰어나요!! 오리지널 쿠키 먹었는데 마시멜로 너무 귀엽구 맛났습니당 내부 분위기도 잔잔하구 편해서 좋았어요!!,000100110000
커피도 너무 맛있고 분위기도 좋아요,100000010000
모찌 워낙좋아해서 일본에서 먹었던 그 맛 생각하고 구매했지만..실망 딸기를 다 무른거 쪼가리 두개 합쳐서 만드시나봐요.. 딸기에서 술맛이 돈아까워요,000020000000
가성비 짱 양도 많고 좋아요,000000000100
수플레케이크 맛집!!!! 카페 들어오자마자 냄새도 좋고 테이블마다 보이는 비주얼에 안시킬수가 없었습니다. 덕분에 즐거운 수다타임 가지고 갑니당,001000010001
맛있어요!!! 클래식에 시나몬가루 뿌리면 별미입니다!,000100000000
분위기가 좋고 고양이가 귀여워요!,000000010000
서울숲서 주차를 해결하기 위해 최선의 식당인듯. 슈림프빵 맛있었음.,010000100000
산타 라떼 너무 맛있어요. 피스타치오치즈케이크도 완전 강추추!!!!,101000000000
이렇게 맛있고 힙한분위기 넘나좋아요 딱 젊머니들이 좋아하는스타일이랄까요? 빵도너무나맛있구 제 최애는 초코,010000010000
쑥딸기라떼가 엄청 맛있었어요 층수가 많아서 전망도 좋았어요,100000010000
칵테일 마시러 왔다가 에스프레소 마셨는데 너무 맛있어요 민트라떼는 민트가 강하지 않고 맛있다고 합니다 아페롤 스프리츠 달달하니 맛있습니다 분위기도 좋고 기분 좋은 성수 나들이,100000010000
정말 오렌지 하나를 다 갈아 넣어주셔서 엄청 상큼했고 쿠키는 왕귀여운데 쫀득하고 바삭해서... 사장님이 친절하게 음료 추천도 해주셔서,100100001000
분위기멜로멜로해살짝예전만못한??,000000020000
버터맛 소금맛 쫄깃 다른 곳보다 빵에서 버터향이 진하게 나고 조금 짭니다..,030000000000
치즈케잌이 특히 맛있어요! 모래 위에서 해주는 커피가 인상깊어요) 근처에 온다면 다시 들리고 싶습니다,101000000000
"복숭아망고빙수, 무화과케이크 넘넘 맛있어용",001010000000
커피를 잘못 주셔서 말씀드렸더니 사과도 없이 툭 바꿔주고 가네요.,000000002000
젠젠 수플레 맛집!,001000000000
라떼 맛집이에요!! 여기커피 마시면 다른커피 못마셔용,100000000000
인테리어 너무 멋지고 공간도 넓어서 정신없지 않게 친구랑 얘기하기 좋았어요! 블루베리 밤 파이 진짜 너무 너무 맛있어요..,000001110000
"아늑한 분위기에 맛있는 커피와 디저트! 시그니처 메뉴인 초코우유 테이크아웃 했는데, 정말 진하고 달아요.",100001010010
그림이 생각보다 컸어서 시간이 조금 걸렸지만 정말 재밌게 했어요 평소 접할일 없다가 오랜만에 색도 칠하고 집중 많이 되더라구용 방문 추천합니다!!,000000010000
친절하시고 맛도 좋아요,000000001000
맛있고 인테리어가 예쁘고 친절해요,000000011000
보냉 백 디자인도 세련돼서 평소에 들고 다녀도 될 것 같음.,000000000010
디저트 종류가 많아 좋았어요. 대기가 21팀이라 포기하고 포장하니 빠르네요...,000001001002
케이크는 다 나가서 못먹어봤어요... 대신에 라임 마들렌 시켜봤는데 맛있네요! 자몽 에이드랑 커피도 괜찮아용,100100000002
미숫가루 라떼는 그냥 집에서 타 먹는 거랑 비슷한 평범한 맛입니다.,300000000000
피넛버터가 들어간 메뉴가 맛있습니당! 토스트도 맛있네욤,010001000000
찐맛집 많은이용부탁드립니다!!,000000000000
커피가 너무 쓰고 자극적이라 마시고 나서 속이 쓰렸습니다.,200000000000
아몬드랑 피넛 100여서 너무 고소하고 앞에서 즉석으로 만들어줘서 신선할거같애요!,010000001000
음식도 맛있고 이야기 나누기 좋아요.,000000100000
크리스마스 연말 분위기가 너무 좋아여 이쁘게 꾸며놓은것도 너무 좋아요,000000010000
소금빵이 맛잇고 밝고 화려햐요! 커피는 나쁘지않은데 초코쪽은 시럽맛.,310000010000
조용한 분위기에 퐁실한 수플레 브런치로 먹기 딱이에요!,000001010000
딸기쨈이 완전 맛있어서 하나 더 샀어요 계속 생각날 것 같은 맛이에요,010000001000
"역시 유명한건 잠봉뵈르고, 카운터에 있는분 응대는 쫌 불친절하네욯",010000002000
망고 빙수가 정말 맛있었어요! 양도 많고 생망고도 올라가 있어서 정말 만족했습니다!,000010000100
"얼그레이 케이크 맛있어요 케이크, 빵 종류가 다양하고 다 맛있어 보여서 하나씩 맛보고 싶네요",011000000000
분위기가 너무너무 좋아요! 데이트하기도 좋고 와인과 아이스크림이 잘 어울려서 재방문 의사 있습니다!최고!!,000001010000
메뉴가 다양해서 좋아요! 사장님도 친절하세요,000000001000
분위기 좋고 장소가 큰 카페에요,000000110000
평일 오전에 가니까 조용하고 한적해서 너무 여유롭네요.,000000000001
잠봉뵈르 맛집이지만이라 방문했지만 깜빠뉴종류 모두 우월한맛이에요!!!,010000000000
"매장이 너무 청결해서 믿음이 가는 곳이에요 사장님도 친절하고, 이번에 소세지 샀는데 다음엔 무화과 먹어보려고요",010000101000
넘 맛있게 잘 먹었어요 무화가 넘 맛있고 신선해요 벌꿀집이랑 조화도 되게 잘되고 연유랑 팥도 같이 나와서 다양하게 즐길 수 있었습니다 웨이팅이 좀 길었지만 기다린 보람이 있는 맛이었어요!!!,000010000002
믿고 먹는 에낭 휘낭시에예요 에그타르트도 너무 맛있어요!!!,000100000000
베이글이 쪼득하고 맛있어요 자주 오네요 오래오래 팔아줘요,010000000000
매장 규모는 아담한 편이고 테이블은 네다섯 개 정도 있습니다.,000000030000
얼그레이 향이 너무 강해서 화장품을 먹는 것 같은 기분임.,002000000000
카페도 메뉴도 다 너무 귀여워요,000000010000
시간 가는 줄 모르고 후딱 지나갔습니다!!!,000000010000
매장 넓고 이뻐요 화장실도 넘 예쁨..,000000110000
골목 안쪽에 있어서 쭉 들어가야 찾을 수 있는 카페에요. 구석진 곳에 있는데도 방문하는 손님들이 많더라구요. 날씨가 좋아서 야외 벤치에 자리 잡았는데 푸른 하늘 보면서 커피 마시니 좋았습니다. 베이커리류가 다양하게 있어서 고르는 재미도 있고 선택의 폭이 넓어서 좋더라구요. 카다이프 초코 뺑스위스와 바스크 치즈케이크 주문했어요. 카다이프 뺑스위스는 제가 고른 것만 그런건지 카다이프가 너무 눅눅해서 아쉬웠습니다. 치즈케이크는 맛있었어요. 커피도 원두를 선택할 수 있어서 좋았고 맛도 있어서 만족입니다!,121000010000
갓 구운 줄 알고 샀는데 다 식어있고 눅눅해서 돈 아까웠어요.,000200000000
"프랑스산 밀가루로 만든 빵은 풍미가 예술이고, 스페셜티 커피와의 조합도 환상적입니다. 루프탑 분위기도 최고라",110000010000
날씨좋은날 테라스도 넘좋고 인테리어도 예쁘고 음식도맛있어요 추천드립니당!!,000000110000
친절하고 케잌이 맛있어서 또 찾았어요!,001000001000
달지않고 진한 초코맛 우유너무 맛나요.,100000000000
비주얼부터 맛까지 말모말모 오픈한지 얼마 안됐는데도... 빵이 엄청 빨리빠져요 다음엔 오픈런해서 소금빵도 도전해봐야겠어요,010000000002
이른 아침에 방문했는데도 모든 타르트가 신선하고 예쁘게 준비되어있었습니다... 사장님도 너무 친절하십니다,000001001000
디저트도 커피도 넘 맛있어요! 편안한 분위기에 직원분들도 친절하셔서 좋았습니다,100001011000
커피맛있어요 얼음 추가 먼저 물아봐주셔서 좋았움,100000001000
뷰가 좋고 대화하기 좋음,000000010000
음료 맛있어요 프렌치토스트는 그냥 쏘쏘예요 펫프렌들리 카페라 귀여운 강아지들을 만날 수 있어요,130000010000
빵 너무 맛있어요 커피맛집,110000000000
"성수카페로 시그니처메뉴추천드리고, 내부도 너무 멋지고 편해요!",000000110000
"바베큐 그릴치킨 파니니 바삭한 식빵과 넘 과하지 않은 바베큐 소스 조합! 맛있어요 곁들여 나오는 요거트는 그냥 먹어도 맛있었고 베리등의 과일과 시리얼과 같이 먹어도 굿! 연어아보카도 샐러드 연어는 살짝 매콤한 시즈닝이 되어 있고, 여기 커피도 맛있네요",110001000000
맛있어요 감사합니다 잘 먹을게요!!!!!!!!!!!!! 고맙습니다,000000000000
오랜만에 성수나왔는데 베이글이 먹고싶어서 왔아요! 역시 너무 맛있고 직원분들도 친절하시네요,010000001000
해례커피 정말 맛있네요. 커피 맛도 좋고... 가게가 넓어서 좋아요!!,100000100000
분위기도 좋고 직원분도 친절해요 크로플맛있어요!,000100011000
요즘은 평일에 가면 조금(1020분)만 기다려도 됩니다. 드립커피가 가장 유명해요! ... 성수동 핫플 추천합니다,100000000003
타피오카 펄이 아주 쫄깃하게 잘 삶아져서 먹기 좋았습니다.,000001000000
오랜만에 친구랑 성수동 나왔는데 맛있는 거 먹고 좋았어요 아기자기한 분위기가 좋네용,000000010000
대기 명단 적어두고 주변 구경하다 오니 시간이 딱 맞네요.,000000000001
쑥 향은 안 나고 풀 냄새 같은 비린 맛만 나서 못 먹겠어요.,002000000000
"맛있는 커피, 쇼콜라음료, 케익 등 가족과 함께 맛있게 먹고 갑니다",101000000000
카페 너무 분위기 있어요!! 음악도 좋고 이야기 하기 좋아요! 빙수도 너무 예쁘고 맛있습니다!,000010010000
평일에는 한적한데 주말에는 사람이 확 몰리는 편이에요.,000000000003
빵도 맛있고 음료도 맛있었는데 테이블이 너무 부족했어요,110000200000
서울숲에서 기념일 케이크 찾다 딸기케이크 주문했는데 완전 강추에요.,001000000000
들어오는 순간 정원이 너무 예뻐서 기분 좋은 곳이에요. 디저트도 눈도 즐겁고 맛도 좋은데다 글루텐프리라서 맘편히 먹을 수 있어서 좋아요.,000000010000
딸기케이크 촉촉하니 맛나요 딸기도 달아요! 일하시는 분 말투가 재밌으십니당,001000001000
맛이 아무리 좋아도 이런 서비스라면 다시는 오고 싶지 않습니다.,000000002000
시그니처 메뉴가 샤케라또라고 해서 주문해봤어요!! 부드럽고 달달하니 완전 제 스타일이더라구용 피치아메리카노는 아샷추 느낌!! 매력있어요! 역이랑도 가깝고 공부하거나 대화하기 좋아서 꽤 오래 있었네용,100000100000
조용하고 대화하기 좋아요 빵도 맛있어요,010000000001
과일 샐러드는 드레싱을 따로 달라고 요청할 수 있습니다.,000030000000
자리가 협소하여 대기시간 사악함 망고빙수 굿... 맛있음!,000010200002
방문 당시 카페에서 켈빈클라인 팝업을 진행하고 있었음에도 카페랑 공간분리와 통제가 잘 되어있어서 방해받지 않고 커피 잘 마시다가 갔어요,100000100000
베이글이 맛집 인정합니다!!,010000000000
디카페인이 특히 맛있어용,100000000000
분의기 넘조하요! 아수쿠림도 맛도리예요!,000001010000
시나몬 향기에 이끌려 들어온곳 역시가 역시다 !!! 미니본 에그타르트 겟해서 서울숲으로 봄 만끽하러 갑니다,000100000010
커피두 맛있고 분위기도 조아욤 또 오고싶어요,100000010000
너무 맛있어요!!!,000000000000
특이한 컨셉의 디저트가 있어서 방문했는데 맛있어요! 매장도 깔끔하고 인테리어 및 분위기도 좋고,000001110000
"처음 방문해서 포장해서 먹었는데 너무 맛있어요, 두개만 산걸 후회하네요!",000000000010
도안은 다양해서 좋았어요. 시간이 더 넉넉했으면 좋겠어요 다른분들도 거의 완성 못하고 가시는 것 같더라구요,000000200000
아웅 체다앤올리 져리퐁라떼 넘 맛있었어요 굿굿 인스타 갬성이에용,100000010000
나만 알고 싶은 아지트 같은 공간 러프 포레스트 말차초코 음료인데... 러프라떼 (아인슈페너) 크림이 쫀쫀하고 달달합니다. 커피도 너무 쓰지 않고 맛있어요!!... 치즈케이크 꾸덕하니 맛있어요... 무엇보다도 친절하셔서 좋아요!!! 서비스 최고,101000111000
망고치즈케이크하고 플랫화이트 같이 먹었는데 엄청 맛있었어요!! 인테리어도 분위기도 좋아서,101000010000
첫 방문인데 잼이 다양하고 고르는 재미가 있어요. 무화과 스프레드 정말 맛있어요,000001000000
비주얼은 평범하지만 기본에 충실한 그런 케이크 맛입니다.,003000000000
크루아상 결이 촘촘하고 버터 향이 진해서 아주 고급스러워요.,010000000000
딸기메뉴가 너무맛있어요! 음악도 좋고 사장님도 친절하세요 평소에 웨이팅있는 거 몇 번 봤는데 평일 낮에 오니 줄 없이 들어올 수 있어서 좋았어요!,000010011001
이곳 시그니처 디저트는 무조건 드셔보세요. 어디서도 못 본 맛입니다.,000001000000
분위기가 좋고 공간이 넓어요. 디저트 종류도 맛있어 보이고 커피도 맛있습니다,100001110000
수플레케이크 좋아해서 성수 온 김에 먹으러왔슴니당 역시 언제 먹어도 맛있어요... 매장이 넓어서 앉을 자리는 충분했습니다,000001100001
김치볶음밥이 기대이상으로 맛있네요 항정살 포케도 특이하고 괜찮았습니다.,000000000000
미니멀을 넘어 텅 비어있는 느낌이라 삭막하고 썰렁했어요.,000000020000
빵도 맛있었구 커피도 맛있었어요.,110000000000
맛있었어요 토마토잼 특이했고 에그인핼 맛있어요!,000001000000
다양하게 볼거리도 많고 김치볶음밥도 맛있네요,000000000000
활동적이고 분위기도 너무 좋아요bb,000000010000
진짜 너무 맛있어요 베이글 가게 몇 번 가봤는데 빵이 이렇게 부들부들한 데는 처음이에요! 두바이 초콜릿을 아직까지 한 번도 안먹어봐서 베이글로라도 먹어보려고 고른건데 진짜!!! 맛있어요 체더 할라피뇨는 사실 별로 안끌렸는데 일행이 먹자고 해서 먹은건데 이것도 진짜 맛있어요 토피넛 라떼도 맛있고 오픈한지 얼마 안되서 그런지? 사람이 많진 않은데 그래서 너무너무 좋아요 맨날맨날 오고싶어요!,110000000001
메뉴판 외의 요구는 상황에 따라 들어주기도 하고 아니기도 해요.,000000003000
위스키가 들어간 아이스크림 너무 신기해요. 어른이 된 느낌 최고! 분위기도 너무 좋아요!,000001010000
"디카페인 변경에 1,500원 추가는 너무 선 넘은 거 아닌가요?",000000000200
베이커리 포장해서 지인들 선물해 줬는데 맛있다고 좋아했어요!!,010000000010
케이크 맛있어요! 커피도 맛있고,101000000000
들어가자마자 버터향이 코를 찔러요소금빵 메뉴 정말 다양하고 치아바타랑 까눌레도 있어요 ) 빵투어 추천합니당,010100000000
"음료는 말할것 없이 맛있었고 크로플 먹었는데 브라운치즈에 블루베리, 아이스크림 걍 미친 맛도리... 카페 자체가 너무너무 이뻐요..",100001010000
위스키는 진짜 향이 강해서... 아이스크림은 달달하고 부드러워서 위스키랑 찰떡 조합이에요!!! 스모어는 말해 뭐해... 분위기도넘조아요,000001010000
케이크가 많이 달지 않고 담백하게 맛있어요 그리고 네모네모 컨셉이 귀여워요,001000010000
핫한 성수동 카페 넘넘 맛있자나용 크레커 솔드아웃 실화? 담에 빨리와야겠어요,000100000002
카페가 이쁘고 좋아요!! 아담해서 지인 선물할때도 좋은거 같아요!!,000000210010
사람은 많았지만 날씨 좋을때오면 더 좋을거같아요 맛있었습니당,000000000002
비즈니스 미팅에 딱입니다. 감미로운 음악과 함께 잘 이용했어요,000000110000
디저트도 넘 맛있었고 분위기도 넘 좋았습니당 친구랑 연인이랑 가기에도 딱인거 같아요. 매장도 고풍스러워요! 테라스도 있어서 봄에 가기에도 좋을듯해요,000001110000
옥수수 라떼 맛있고 빵도 모두 맛있었어요!,110000000000
케이크 맛있다고 유명해서 픽업왔어요 매장도 깔끔하고 좋아요,001000100000
커피에서 너무 탄 맛만 나고 원두 특유의 향이 전혀 안 느껴져요.,200000000000
화덕에 구운 코끼리 베이글 !! 멋있어요!!,010000000000
인테리어 넘 멋져요,000000010000
보통 디카페인 커피는 탄 맛이 많이 나서 잘 안먹게 되는데 여기는 디카페인도 향긋하고 맛있어요 티라미수도 보드라워요,101000000000
맛 없어용!! 비싸기만 하네요!,000000000200
뷰도 너무 좋고 너무 이뻐요. 커피에 빙수 생딸기 최고에요,100010010000
오 4층이라 올라오면서 고민 많이 됐는데 여기 넓고 인테리어도 예뻐요 치즈케이크가 종류별로 있는 곳이네요 애플시나몬크럼블 먹었는데 가을가을해서 좋았어요,001100110000
웨이팅은 수동으로 명단 작성하는 방식이니 참고하세요.,000000000003
SNS에 소금붕어빵 소개한 영상보고 너무 먹고 싶어서 와이프랑 데이트 할겸 와서 빙수와 소금붕어빵 올리브 치즈 소금빵까지 넉넉하게 시켜서 너무너무 맛있게 먹고 갑니다. 빙수도 커서 실컷 먹었네요.,010011000000
너무이쁜 타르트가게입니다. 너무 맛있습니다. 담엔 애플망고도 먹으로 갈게요!!,000001010000
개인적으로 두 번은 갈 것 같지 않습니다 더 좋은 카페 많아요,000000000000
냉장 보관이 잘못된 건지 디저트에서 냉장고 냄새가 배어있네요.,000002000000
쿠폰 합산은 안 된다고 하니 한 곳에만 찍으세요.,000000000300
성수동 처음 와봤는데 사람들 많길래 들아와봤는데 매장 분위기도 따뜻하고 직원분들도 너무 친절하시네요. 베이글 맛있어요!! 가격은 합리적입니다,010000011102
"커피도 빵도 맛있고, 무료 발렛이 좋아요!",110000100000
근처에서 옥수수빵 먹고 들어와서 크림치즈 시켰는데 너무 맛있고 직원분이 너무 착하시고 빵이 너무맛있어요,010000001000
성수 그 자체같은 곳 평일이라 사람이 없어서 조용히 이야기하고 놀기 좋았어용,000000010001
"원래 북카페를 좋아해서 여기저기 찾아보다 마음에 들어 방문한 곳인데 너무 편안하고 좋았습니다. 책과 어울리는 향수, 디저트가 함께 전시되어 있어서 구경하는 재미도 있고 메뉴도 이색적이고 데미안 라떼 등커피도 맛있었어요. 공간도 넓고 아늑하고 편안해서 책 읽거나 작업하기에도 좋아요! 다음에도 또 방문하고 싶어요",100001110000
항상 친절하세요 매장 넓고 깨끗해요,000000101000
친구랑 오랜만에 만나서 서울숲 나들이 나왔는데... 타르트 종류도 많고 맛있어요!!,000001110000
바삭한 바게트에 스프와 함께 먹으니 맛있네요 오픈한지 얼마 안되서 그런지 그렇게 많이 안기다렸어요 커피값은 의외로 저렴해요,110000000101
성수역 가까이에 있어서 편하게 이용하는 곳입니다,000000100000
쿠키랑 커피랑 너므너무 맛있어요!! 성수오면 또 올거같아요!,100100000000
인테리어도 예쁘고 무엇보다 맛이 너무 좋음. 통유리창 창가자리 햇살맛집... 다양한 과일잼 컴포트도 판매하고 있어서,010000010000
맛있네요 블루보틀 처음인데...,100000000000
역시 맛있어요 소금빵 맛집 입니다 친절하셨어요,010000001000
네모네모한 컨셉이 귀여워서 찾아왔는데 케이크도 맛있어서 더더 맘에 들었어요!,001000010000
여기 케이크는 항상 너무 맛있어요! 들어오자마자 풍기는 버터향이 너무 향긋합니다,001000000000
"친절한 서비스와 맛있는 음료 덕분에 기분 좋은 하루였어요. 리얼 발로나 초코라떼를 마셨는데, 진짜 진하고 깊은 초코맛이라 행복했어요",100000001000
"블루보틀 삼청점 리뷰 최고의 맛, 지속 가능성 그리고 고객을 따뜻하게 대하는 환대 문화라는 3대 핵심철학은 어느매장에서나 동일하게 느낄 수 있어서 좋아요. NOLA Float 라떼라고 보면되는데,위에 올려진 아이스크림이 우유의 진한맛 제대로에요. 엄지척!! 삼청점 외관은 블루보틀특유의 심플함도 살리면서 삼청동 특유의 분위기에 맞게, 소박하게 잘 어우러지는 듯해요. 단 매장안 1.2.3층이 다 아담한편이라, 테이블이 많지는 않아요. 1층에서 주문하고,2층에서 음료제조과정 보면서 픽업, 또는 그자리에서 서서 마실 수 있어요. 3층에 올라가서야 앉을만한 테이블이 있어요. 건물면을따라 통창이 있고,매장안과 그밖으로 외부에 약간의 테이블이 있어요.",100001211000
소금빵 맛집. 웨이팅 엄청 나요..,010000000002
일요일 아침10시40분에 갔는데 1시간 10분동안 웨이팅해서 빵사왔어요! 엄청나요!,010000000002
굿즈 포장 박스가 너무 커서 들고 다니기 짐만 되고 번거로움.,000000000020
비건 베이커리도 일반 베이커리 못지않게 맛있어서 깜짝 놀랐어요. 건강하면서도 맛있는 빵을 찾는다면 여기에요!,010000000000
수박 주스 마셨는데 시럽 맛 아니고 리얼 수박 맛이라 감동했어요.,100000000000
강남구청역에서 우연히 알게 된 구테로이테. 성수에도 있어서 온김에 들렀어요!! 역시 최고,000000000000
사장님 너무 친절하시고 시그니처라떼가 정말 맛있어요! 디저트도 체고!,100000001000
케이크 한 판(홀)은 미리 예약해야 포장 상자에 담아줌.,000000000030
가성비가 미친 커피에 마음까지 훔쳐버린 장소였습니다... 사람들도 많이 방문하는 것 같고 분위기도 꽤 좋았어서,100000010100
커피도 너무 맛있고 안에 공간도 쾌적하고 넓어요! 간판이 예뻐서 들어왔는데 맛있고 내부도 좋아서 자주 올것같아요,100000110000
하몽멜론빙수 특이하고 맛잇어용,000010000000
주차장 들어가는 입구가 너무 좁아서 차 긁을까 봐 조마조마함.,000000200000
원두가 신선해서 그런지 마시고 나서 속도 편하고 향이 오래 남네요.,100000000000
"이 분위기에 이 가격이라니, 데이트 장소로 가성비 최고입니다.",000000000100
커피도 맛있고 분위기 좋아요.,100000010000
매장 규모에 비해 손님이 너무 많아 에어컨을 틀어도 더워요.,000000000002
카라멜마끼야또 맛있어요,100000000000
잠깐 들러도 충분히 힐링됨 분위기가 여유로워서 마음의 평화를 찾기 좋아요,000000010000
수제 디저트치고는 가격이 적당한 수준인 것 같습니다.,000300000000
매장 넓고 깔끔햐서 너무 좋아요!!,000000100000
블루보틀 이용하고 싶어서 가봤어요. 앉을자리가 없어서 아쉬웠지만 매장은 느낌있고 좋았어요.,000000210002
과일 샌드위치 빵이 눅눅해져서 축 처진 식감이 아주 안 좋았어요.,000020000000
스몰 트리 케이크 화이트 초콜릿이 너무 맛있어서 감동받았어요!!!,001000000000
케이크 고정 핀이 없어서 상자 안에서 춤을 추고 있더라고요.,000000000020
수다 잘 떨고 나왔어요.,000000000000
궁금했는데 드디어 와보게 되어 기뻐요 기대한것 이상으로 커피가 너무 맛있어요,100000000000
처음 먹어보는 디저트 인데 옛날과자인 센비과자? 가 엄청 앏은 느낌에 바삭하고 버터의 풍미가 엄청 느껴지는 맛으로 맛있더라구여!!! 크림없이 먹어도 맛있지만 크림 찍어먹으면 더 맛있고 웨이팅 가득한 성수에서 웨이팅없이 한적하게 즐길 수 있는 곳이여서 너무 좋았어요! 커피고 산미 있는거 고소한거 고를수 있어서 좋았고 커피 맛도 깔끔하구 맛있었어요,100100000001
뚝섬역 바로 근처라 찾아가기 쉬웠어요. 무엇보다 다양한 커피 메뉴가 있어서 커피 좋아하시는 분들에게 꼭 추천하고 싶은 카페였네요. 성수에서는 비교적 늦게까지 하는 곳이라 심야 카페 찾으시는 분들에게도 추천합니다! 2층에 단체석이 있어서 단체로 앉을 수 있는 자리 찾는다면 성수 골목길 카페중에서는 여기밖에 없을거에요,100000100000
자릿값 생각하면 수긍이 가는 가격대라고 생각됩니다.,000000000300
미국 가정식 브랙퍼스트랑 오믈렛 양도 푸짐하구요 맛도 일품이네요... 내국인보다 외국인이 많아 미국에 온 것 같았어요,010000000102
"케이크 커피 다 맛있어요! 에이드는 매실청에이드라 진짜 톡쏘고 시원해용 인테리어도 멋지고 오픈시간 맞춰 갔는데도 2,3테이블 정도 손님 있을정도로 인기도 있으니 한번씩 방문해보시길!",101000010002
오픈한곳 찾아왔는데 득템기분이에요. 수플레도 맛나고 샐러드 굿굿이에요. 커피도 부드럽고 마싰어요,111000000000
진짜 너무 맛있어요 강추합니당!!!!,000000000000
"커피도 맛있도, 디저트도 맛있어요!",100000000000
매장이 넓어서 자리가 많아요. 그런데 커피도 맛이없고 딸기우유도 별로에요 금액이 왜 비싼지 모르겠어요,200000100200
커피 개맛도리 대체유 음료 들깨라이스라떼 첫 로우키 가향 커피 인도네시아 라벤더 인퓨즈드 해피 커피 좋아하는 인싸들의 장소,100000000000
"최근 알게된 커피 맛집 그냥 커피에 진심이다... 맛, 가격, 분위기음악도 훨씬 앞서는 곳!",100000010100
솔티드피칸이랑 참외백후추 먹었어요! 맛있습니다,000001000000
옥수수 치즈케이크가 너무 맛있었어요. 추천합니당 직원분들도 너무 친절하셔서 기분까지 좋아졌네요 !! 인테리어도 예뻐서 사진 잘 나와서 대 만족,001000011000
화분이 다 시들어 죽어있어서 보기 안 좋고 분위기가 칙칙해요.,000000020000
망고빙수 너무 맛있습니다! 냉동이 아니고 생망고여서 젤리 먹는 것처럼 부드럽고 달고 좋네요 은근 양 많아서 세명이서 빙수 하나 먹으니 배부릅니다,000010000000
인절미가 쫄깃쫄깃 너무 맛있어용,000001000000
수플레 팬케이크 주문했는데 계란 비린내가 너무 심해서 못 먹겠어요.,000002000000
가방너무예쁘고 키링도 좋아요,000000000000
무화과 디저트는 여기서 처음 먹어봤는데 신선하고 정말 맛나요.,000010000000
역시 블루보틀 넘 맛있어용,100000000000
도구리 생카로 왔어요 귀엽게 잘되어 있음,000000010000
늘 지나가다 먹어보고싶어서 방문했는데 빵종류가 엄청많고 맛나보여요!!,010000000000
유럽감성 낭낭한 3층짜리 단독 카페예요... 카카오 원두 씁쓰리해서 쿠키랑 잘 어울리고 쿠키는 쫜득쫜득 맛있어요!,100100010000
요거트 스무디가 많이 달지 않고 깔끔해서 디저트로 딱이에요.,100000000000
여기 밤라떼가 정말 맛있어요 고소고소 커피도 맛있고 에이드 종류도 최고에요 디저트도 맛있는데 과일가득 케잌이 정말 맛있는곳이에요 단골입니다,101000000000
빙수집인데 분위기가 좋아요!,000010010000
느낌이 좋네요 남자친구 데리고 오고싶네요,000000010000
휘낭시에 겉면이 쫀득하고 속은 촉촉해서 식감이 예술입니다.,000100000000
인테리어도 예쁘고 음료도 맛있구 예쁜 디저트들이 많아요!! 타르트가 정말 맛있어요,101000010000
집사람이 빙수 먹고 싶다 해서 데려왔는데 너무 좋아하네요! 맛있게 잘 먹었읍니다.,000010000000
넘 맛있어서 3번 구매했음,000000000000
봄이나 여름에는 카페 앞 테라스에 앉아서 커피를 즐기기에도 너무 좋고... 디저트도 다양한 종류별로 있는데 가격이 저렴하진 않은 편이에요.,100001100200
빵이 너무 귀여워요!!!! 종류도 많고 맛잇어요 !!! 다음에 또 올꺼예여!!!!!,010000000000
아메리카노 한 잔에 7천 원은 너무 심한 거 아닌가요? 가성비 최악.,000000000200
디저트랑 커피 모두 정말 맛있었어요!!,100000000000
직원분들이 친절하셔서 좋았어요,000000001000
"음료야 항상 맛있고, 밝은 분위기도 좋았어요",100000010000
커피 너무 깔끔하게 맛있고 인테리어가 색색깔로 귀여워요! 직원분들이 엄청 활기차시고 친절하세요,100000011000
카페 메뉴 업데이트 좀 빨리 하면 안 될까요? 네이버 검색하면 리스트에 있는 디저트들이 카페 가니까 케이크 종류 말고 하나도 없었어요. 날도 덥고 헛걸음한 거 싫어서 음료 하나 주문하긴 했는데 이 글 보시면 이제 안 파는 디저트 메뉴들 빨리 좀 빼세요.,000000002000
커피가 너무 맛있어요 분위기도 아기자기 예쁘고요,100000010000
진짜 맛있다! 킹왕짱 개존맛,000000000000
소금빵 붕어빵 겁내 맛있어요 망고빙수도 잘익은걸루 살 녹아요 좋은시간 보내구 갑니당,010010000000
늘 친절하시고 돌체라떼 맛있어요!!!,100000001000
추어서 급히 들어간 곳이였는데 분위기도 좋고 커피맛도 훌륭한 곳,100000010000
찾기가 쪼금 힘들었지만 소파 디저트 하나 보고 왔습니다... 귀여움과 맛이 비례해서 멀리서 찾아 온 보람이 있었습니다,000001200000
맛있어요 후르츠크레이프랑 스콘이 맛있고 플레인스콘이 더 맛있어요 뭐 든 스콘은 다 안이 찐덕찐덕해서 별로예요,001300000000
"인절미 케이크 시켰는데 크림이 완전 고소하니 할미 입맛들 천이에요,,,, 밀크티랑 같이 먹으니 더 풍미 가득하고 맛있습니덩 크리스마스 분위기로 대형 곰돌이도 있으니 곰듈이와 사진 꼭 찍르세요",101000010000
날씨가 좋아서 야외 테이블에서 여유를 즐겼습니다. 아이스 아메리카노와 소금 버터 롤...,110000100000
"성수동 카페 검색하다가 우연히 알게되어 예약하고 갔어요! 혼자 방문했고, 혼자 카페 가는 경우엔 꾸역꾸역 독서 좀 해보려고 가는 편인데, 여기선 음악 감상하느냐고 책은 펼쳐보지도 않았어요! 와.. 이렇게 음악 감상에만 집중한 게 오랜만이에요. LP는 처음인데, 어렵지 않게 친절하게 잘 설명해주셔서 좋았어요! 사진도 막 찍어도 이쁘게 나와서 아주 만족 음악감상갬성사진 원한다면 강추해요! 재방문의사도 너무너무 있습니다",000000011000
"멜론과 구아바가 특징인 튜베로즈, 오늘이 마지막이라는 산딸기 가득한 아마란스 존조로존맛임. 튜베로즈는 완전한 무스케잌으로 입에서 사르르 녹아 없어져서 아쉬울 정도 멜론과 구아바가 참 잘 어울림. 아마란스 2번째 먹는데 역시 마지막인 날 먹길 잘 함",001000000000
자주 이용하는 곳입니다,000000000000
카페 분위기 너무 좋고 디저트가 너무너무 이쁘고 맛있어요! 사장님 친절하시고 충전도 할 수 있고 의자도 너무 편해서 쉬고 가기 넘 좋습니다,000001111000
직원들이 너무 바빠서 그런지 자리 청소가 제대로 안 됨.,000000000002
색다른 커피 체험하면서 가격도 합리적이라 좋아요!!,100000000100
"모처럼 아무 생각 없이 집중할 수 있어서 좋았습니다. 다만 도안이 크기 때문에, 기본 제공 시간이 좀 더 넉넉해진다던가...",000000012000
빵맛커피맛 보통 평범 여기는 남자알바생이 짱이네요 친절하고 특이한 억양에 말투장소를 살려주네요,330000001000
직원분들이 대형견 환영해주셔서 감사했어용) 반려동물 동반으로... 쿠이글이랑 꾸덕한 초코파운드케이크까지 다 존맛이용,001100001000
멍멍이들도 좋아하는 서울숲 베이커리 카페 퍼먼트. 지하층까지 넓은 공간이 마련된 큰 규모의 카페에요 전반적으로 빵 맛이 참 좋아 햇살 받으며 기분 내고 싶은 점심시간에 자주 방문하게 되는 곳이랍니다 사진 속엔 없지만 무화과 바게트 왕추천이에요,010000110000
회사 근처인데 힙한곳이 생겨서 가봤어요!! 음료가 다 특색있고 맛있네요!!,100000010000
베이글 종류도 정말 많고 매장도 넓어서 쾌적하게 먹을 수 있겠어요 물론 저는 포장해서,010000100010
컵에 립스틱 자국이 그대로 남아있어서 위생 상태에 경악했습니다.,000000002000
오렌만에 메가리카노,300000000000
유명한 곳에는 이유가 있었어요!! 짱 맛있읍니다 또 갈 거예요! 가을밤 정말,000000000000
직원분들이 바쁜데도 친절하고 커피가 맛있어요. 아인슈페너 진짜 맛있었습니다. 클래식 쇼콜라도 너무 달지않고 맛있어서 아이들이 좋아했어요,101000001000
트리케이크 예뻐요 강아지랑 편안하게 먹고왔어요,001000100000
성수 대형카페에요 공간넓구 커피도 빨리 나와요!,100000101000
매장이 생각보다 넓고 깔끔해요! 케익도 많이 안달고 맛있어요,001000100000
레드벨벳 시트가 너무 짜서 케이크인지 요리인지 모르겠네요.,002000000000
조명이예쁘고 사진도잘나오고 커피도 맛있어요 분위기도 좋구요 실내내부가 조금 더운것 같아요,100000210000
아늑하고 분위기 좋은 브런치카페입니다 서울숲 근처라 좋아요 브런치도 맛있어서 다음에 또 방문하려구요,010000010000
성수연방 3층에있는 천상가옥 실내 실외 다 예쁘게 이용할수있어요,000000110000
가게도 예쁘고 타르트 넘 맛있어보여요! 사장님도 친절하셔서 다음에 또 오겠습니다,000001011000
망고 주스가 걸쭉하고 진해서 동남아에서 먹던 맛 같아요.,100000000000
티라미수 푸딩은 처음인데 아이디어가 신선하고 맛도 훌륭해요.,000001000000
우선 매장이 넓어서 쾌적했어요) 깨끗하고 다양한 메뉴들있어서 고르기 좋아요),000000100000
통유리창이라서 채광이 너무 좋아요. 친구가 추천한 소금빵 너무 맛있어요,010000010000
바나나푸딩 너무 맛있어요! 분위기도 좋고 친절하세요,000001011000
내부는 넓지 않은데 커피는 맛있어요,100000200000
아몬드 버터와 땅콩버터 시식도 해볼수있고 다양한 독특한 디저트들도 있고 가게도 넓고 분위기도 좋네요,010000110000
컵과일이라고 하더니 미리 썰어둔 지 오래된 것처럼 말라있어요.,000020000000
꼭 와보세용 개맛있어용 크림 꼭 찍어먹어야돼요,000000000000
미국에 온듯한 분위기에 추억에 잠기는 곳이에요! 브런치 메뉴중 상한제품이 있어서 좀 그랬는데 직원분이 대응을 잘 해주셔서 불쾌할뻔한 경험이 잘 마무리 되었습니다. 다음에 또 방문해볼 예정입니다.,020000011000
줄 서는 위치가 표시되어 있으니 잘 보고 서시면 됩니다.,000000000003
베이글이 맛있어서 성수가면 생각나는곳이에요,010000000000
"피스타치오 크롸상, 캄빠뉴무화과 넘 맛있어요",010000000000
복숭아가 물복도 딱복도 아닌 애매하고 맛없는 맛이라 실망요.,000020000000
분위기는 그냥 일반적인 카페라 특별히 기억에 남지는 않네요.,000000030000
"비싼데 맛있어요!!! 물론 베리베리랑 커피스무디밖에 안먹어봣지만 ,,,,",100000000200
접시부터 휴지까지 안예쁜곳이 없는 터틀힙 단걸 안좋아하는 편인데도 너무 맛있게 먹었어요,000000010000
여기 진짜 예쁘고 멋있어요... 진짜 감성 젤라또 집,000001010000
분위기도 좋고 맛도 있고 사장님도 친절하셔서 정말 좋았습니다,000000011000
바삭쫀득한데 취향따라 크림 찍어먹으면 맛있어요 커피도 맛있음!,110000000000
대기줄 많지않았어요 소금빵 입짧은 동생도 좋아함,010000000001
베이글 샌드위치 맛있어요,010000000000
선물 세트 구성이 사진이랑 너무 달라서 선물했다가 민망함.,000000000020
커피랑 디저트도 맛있고 네모 컨셉이 너무 귀여움,100001010000
커페 분위기가 너무 좋아요,000000010000
인테라어 편안한 느낌이에여 그런데 대화하기가 좀 시끄러운듯,000000010002
커피로 유명한 맛집이라길래 가봤어요..드립커핀 산미 좋아하시는 분들 좋아할듯요..다음엔 다른 종류의 커피로 맛보고 싶네요,100000000000
크리스마스 Mood 한가득 분위기도 좋은 커피도 맛있어요 포토존도 많고 사진도 잘 나와서 좋아요),100000010000
우드 가구를 많이 써서 전체적으로 따뜻한 느낌을 줍니다.,000000030000
귀여운 모나카들이 있어요 완전 인스타 감성 ! 간판이 있지 않아서 약간 찾기 힘들지만 2층으로 올라오면 되요,000001210000
젤라또 양도 넉넉하게 주시고 서비스로 맛보기 한 스푼 더 주셔서 감동!,000001000000
역 바로 앞에 있어서 접근성이 좋구 빵 종류도 많아요 커피도 맛있네용 디저트 다 맛있구 추천합니당,110001100000
런치 타임에 가면 세트로 저렴하게 먹을 수 있어서 완전 혜자입니다.,000000000100
맛있어요 사람도 많고 못 먹어본 맛은 다음에 와서 또 먹어보고 싶어요!,000000000002
초등생 아이들과 좋은 추억 만들고왔습니다. 다음에 기회되면 또 방문하고 싶네요. 그리고 커피는 좀더 맛있는 원두로 바꿔주세요!!! 아이들 음료수에 스낵 곁들여주신거 참 좋았어요. 사업 번창하세요.,200000001000
밤게트는 먹기 힘들지만 맛있고 바질크림고구마는 역시 존맛,010000000000
케이크 맛있었어요근데 지금 T할인되는데 직원분이 우주패스만 할인된다해서 안되는줄 알았는데... 낼가서 다시 계산해달라고 해야겠어요,001000002000
재재재방문! 성수 최고 파니니 맛집입니다,010000000000
"햄쏘올데이 브런치랑 수플레 케이크, 커피, 쥬스 이것저것 많이 시켰는데 다 맛있었어요 ! 다만 주말이라 당연하겠지만 사람이 많아요TT",101001000002
빵사면 바디미스트도 주셔서 너무 좋았어요,000000001000
빨미까레 너무 맛있어요,000100000000
직원분들이 친절하시고 잘생기고 예쁘셔요,000000001000
올리브 크로플 완전 제 취향이에요!!... 그리고 카페가 진짜 힙해서 좋네요,000001010000
컨셉이 너무 특이한데 아이스크림도 맛있고 하이볼도 맛있어요!!!,100001010000
단체석이 비어있어 예약 없이도 단체로 바로 들어갔어요.,000000000001
굿즈 포장은 깨지지 않게 뽁뽁이로 감싸서 담아주셨어요.,000000000030
1층 분위기가 넘 좋아요,000000010000
아침일찍 오픈해서 더좋고 아침 식사로 먹기좋은 부담없는곳 오믈렛이 부드럽고 너무 맛있어요 아이들 데리고 가기도 딱 좋다!!!,010000100000
분위기도 너무 좋고 시향이랑 책읽을 수 있는 분위기기 진짜 너무 좋았어요.,000000010000
치아바타가 자극적이지 않고 씹을수록 고소한 풍미가 올라와요.,010000000000
당일 빵을 먹을 수 있다니 넘 좋은 것 같아요!! 출근길 힐링입니다,010000000000
커피도 예쁘게 나와요 플랫화이트와 구테로이테 먹었는데 너무 부드럽고 좋아요,100000000000
신기한 비쥬얼의 아이스크림과 위스키에요! 맛있게 먹고 가요,000001000000
뷰가 좋고 커피가 크로아상 맛있어요!!,110000010000
"성수,건대 망고빙수 맛집이에요 진짜 너무 맛있어요",000010000000
노래도 잔잔하고 의자도 푹신해서 좋았어요 음료도 맛있어요,100000110000
평일 12시30분쯤에 가서 조금 줄섰어요 품절이 많았어요 내부는 좁아서 테이블이 많지가 않았어요 젤라또는 맛이 있었어요,000001200002
"유명하다고해서 갔는데 생각보다., 아쉬웠어요",000000000000
친절하시구 카페 분위기가 좋아요 맛도 있아요!!,000000011000
주문시 여사장님 재촉하시는 말투 조금 무서웠어요,000000002000
초코케이크가 너무 달지 않고 적당하네요,003000000000
굉장히 친절하시고 유니크한 메뉴가 많았어요! 생과일 타르트류가 많고 신선해보여요. 4개 박스도 준비되어 있고 선물용으로도 좋겠어요 ),000001001010
맛었어요. 가족이랑 같이 맛있네요.,000000000000
성수동 핫플 내부가 특이하고 생각보다 넓어요 시그니처 밀크티도 굿굿,100000110000
앙버터 스콘도 너무 귀엽지만 다른 디저트들도 엄펑 먹음직스럽고 예뻤어요 내부 분위기도 좋아서 사진 찍을 때도 좋아요 !!,000100010000
매장이 예쁘고 분위기도 좋아요,000000010000
다른 곳에서 볼수 없는 메뉴들이 있어요. 근데 좀 많이 달았어요.. 고구마파니니 고구마 통으로 들어가요. 저희는 파니니보다 샌드위치가 나았던것 같아요.,030000000000
"너무 더워서 힘들었는데 안에 너무 시원하고, 아이스크림, 음료 둘 다 너무 맛있어서 힐링 흑임자 맛집이네요 안에 좌석이 많지 않아서 저희 오고 금방 자리가 찼어요.",100001100002
디저트 비주얼만 번드르르하고 맛은 편의점보다 못하네요.,000002000000
말차카페에서 말차를 못먹어 봤네요 담번에는 꼭 슈퍼말차 도전 커피는 진하고 괜찮았어요,100000000000
"먹어보고싶었던 에낭 에타! 드디어 먹어보네요 에타 사러왔다가 휘낭시에 하나 먹었는데 바삭 쫀득하니 쟌맛도리입니닷,,",001100000000
"기본이 제일 어려운데 기본에 충실한 딸기케미크입니다! 올해 먹은 딸기케이크 중에서 딸기가 제일 달고 맛있는데, 시트나 크림이 달지 않아서 충분히 밸런스를 잡아줘요. 라떼랑 어울리는 맛인데, 식물성 라떼오트밀크나 두유 선택 가능하면 더 좋을 것 같아요",101000000000
초콜릿 우유가 찐으로 맛있어요. 그리고 시원해서 잘쉬다 갑니다.,100000100000
매장 분위기 자체가 이쁘고 디저트도 너무 이뻐요 기회되면 나중에 또 방문하고 싶어요!,000000010000
"베이글의 크기가 크고 떼깔이 미쳤어요,,! 바질토마토 베이글 추천해요... 인테리어가 깔끔하고 이뻐서 보는 눈이 행복합니다!",010000010000
파르페 가격은 엄청 비싼데 그냥 과자 몇 개 꽂아놓은 수준이에요.,000002000000
성수역 근처에 있어서 접근하기 좋아용!! 매장이 엄청 쾌적해서 하구 콘센트가 많아서 작업도 하기 좋을거같아요 그리고 창가에 앉으면 자연광 좋아서 사진 짱 이쁘게 나옴,000000110000
특색있는 메뉴가 있어서 방문했어요 분위기 좋아요,000000010000
오랜만에 먹으니 더 맛나네용 근데 가격 오름.. 7300 !!,000000000200
우연히 들어왔는데 아이스티 주문해써요 맛있고 깔끔네요,100000000000
빵이 정말 많고 음료가맛있어요. 오미자가 문경오미자네용,110000000000
아메리카노 맛이 깔끔해서 다 마시고 나서도 입안이 개운합니다.,100000000000
피크 타임 피해서 가면 대기 없이 바로 입장 가능합니다.,000000000003
"사장님 인테리어랑 맛개발 감다살 ,,, 번창하세요",000000011000
분위기가 멋져요! 다음에 또올게요,000000010000
주말 오후 포장은 웨이팅이 없었어요. 홀 웨이팅은 굉장히 길었습니다.,000000000002
망고 듬뿍든 빙수 완전 맛있어요!,000010000000
외국어 응대가 가능한지는 잘 모르겠으나 메뉴판에 영어 병기됨.,000000003000
과일 비율이 아주 높지는 않지만 가격 대비 먹을만은 합니다.,000030000000
"베이글 포장으로 8개 36,500원치 사고 에일맥주 7,900원인데 3,900원으로 할인이랑 3캔 구매하면 코끼리베이글 가방 준다고해서 안사도 될걸 가방받으려 3캔 구매했는데 집에와서 영수증 확인하니 맥주를 할인이 아닌 원금액인 그냥 7,900원으로 계산했네요 직원이 벼엉신 인건지 사람 약올리는건지 단돈 얼마때문에 기분이 더럽네요 에초에 그딴 포스터나 말로 꼬시지나 말던지 아님 똑바로 할인해 주던지 몇푼때문에 기껏 기분좋게 갔다가 기분이 뭐 같네요 직원교육 똑바로 합시다!",030000002220
"서울숲 포레스트 이름이 특이해서 와봤는데 진짜여기 뷰 맛집, 빙수랑 커피 맛집이에요..!",100010010000
디저트들이 커피랑 같이 먹기에는 딱 적당한 당도입니다.,000100000000
웬만하면 리뷰 안 쓰는데 주문 번호 100102번으로 주문했고 100번 친구 다음 102번이 나왔음. 101번이라고 하고 받았는데 내꺼가 아닌거 같아서 이거 101번 맞아요? 라고 물어보고 알고보니 친구가 주문한거라 친구한테 토스. 사과도 안했고 내껀 안주고 다음 주문건은 계속 나왔음. 누락됐다고 다시 얘기하니까 알바생들 다 뭔 심각한 일인거마냥 나를 진상취급 하면서 쳐다만보고 아무것도 안함. 한참 뒤에 갑자기 부르면서 정확히 이거 해달라고 해서라고 하면서 가져가라고 함. 난 내꺼 누락된거 같으니 해달라고 한 거 뿐인데 뭐가 문제냐 하니까 사과 안하고 빙빙 돌리면서 핑계대다가 누락 된거 맞으니 죄송하다 이러고 가란 말투로 얘기함. 처음부터 누락된거 같다 죄송하다하고 바로 줬으면 이렇게 안썼을듯,000000002000
빵 종류가 3천 원대부터 시작해서 골고루 사 먹기 부담 없어요.,000000000100
넘 맛있어요..! 망고빙수 좋아하는데 너무 잘 먹었습니다!!!!!,000010000000
"커피 퀄리티는 평균 수준인데, 개인 취향에 따라 다르게 느낄 것 같네요.",300000000000
베이글인척하는 치즈케이크 치글이 넘 독특하고 맛있었던 디저트카페에요! 음료도 다 너무 귀엽고 이쁜거 아닌가요 인테리어도 완전 레트로 미국감성이라 데이트하기 좋았던 디저트카페였어요!,101000010000
"디저트 뜨시게 데워주어서 조아요 ,,",000001001000
음악이 넘 좋아요 생긴지얼마 안됐는데 매장도 넘 예쁘고 사장님도 친절해요 또오고싶어요!!,000000011000
"테이블링으로 미리 줄선 덕분에 도착해서 오래 안 기다리고 들어갈 수 있었어요! 밤게트는 시즌 메뉴인 줄 알았는데, 있어서 먹었는데 정말 맛있었습니다! 바질크림고구마는 드신 분들이 바질맛이 살짝 약하다고 하셨는데 바질 좋아하는 저한테듀 살짝 맛이 약했어욤 그래도 맛있게 먹었습니닷!",010000000001
맛있어요 정말 맛있는집,000000000000
"토핑까지 얹으니 너무 예쁜 휘낭시에를 직접 만들 수 있어서 좋았습니다! 여자친구와 함께 방문했는데, 더운 여름에 데이트 코스로 추천합니다",000100001000
베이글 맛있고 가격도 착해서 좋습니다,010000000100
팥빙수 맛있어요. 성수동 붐빔.,000010000002
운 좋게 갓 구워져 나온 크루키를 먹게됐는데 진짜... 너무 맛있었어요... 사장님두 직원분들두 너무나두 친절하시어서... 토마토바질에이드도 영원히 해주시길...,100100011000
분위기 조용하고 좋아요,000000010001
신발도 구경하고 음료도 마시고사진찍기 좋아요,100000010000
타사보다 짭짭하고 버터가 마니 들어가 기름이 많긴하지만 맛있어요. 1개 이상은 먹기 힘들긴합니다,030000000000
인스타보고 2주동안 참고 드디어 왔는데 너무 맛있어요!!,000000000000
특이한 맛인데 너무 맛있아여! 친구들도 다 맛있대요! 또 와서 먹고싶어요,000000000000
"오늘은 늘 말로만 듣던 푸딩을 드디어 성수 매장에 방문해서 먹었어요! 더운날 차가운 디저트만큼 좋은게 없는것 같아요 맛까지 좋으니 최고입니다 옥수수 푸딩, 현미푸딩 둘다 넘 맛나요 강추강추",000001000000
치즈 케이크가 아주 꾸덕하고 진해서 깊은 풍미가 느껴집니다.,001000000000
리치식빵 갓 나온거 구입할수 있어서 가져갑니다 아마오늘내로 다 먹을거같아요 매장은 좁지만 평일엔 웨이팅까진 없었어요,010000200001
분위기 맛 향기 온도 완벽해요. 도넛 완전 빠르게 품절되니 일찍 방문 추천!,010000010002
시간가는줄 모를정도로 재밌고 힐링하고 온 기분이에요,000000010000
아이스크림이랑 가볍게 마시기 딱이에요!,100001000000
처음 위스키를 접하시는 분들께 거부감 없이 먹기 좋은 것 같아요 분위기도 고즈넉하고 좋아요,000000010000
과일 요거트 볼에 든 바나나가 딱 알맞게 익어서 부드러워요.,000010000000
아메리카노랑 베이킹냄새가 죽여요,110000000000
엄청 간단하고 금방 만들 수 있었어요! 즐거운 시간 보내기 좋아요,000000001000
케이터링 서비스에 반하고 갑니다 커피 음료 맛있는 건 물론이고 브랜딩 굿즈 다 미쳤어요,100000010000
개성주악도 인절미와플도 너무 맛있었어요,000001000000
겨울 분위기 카페에요 여유있으면 2층 룸 예약해서 또 가고싶긴해요,000000010000
3번째 방문합니다. 빙수도 달달하고 망고도 적당히 녹아서 맛있어요. 웨이팅 없이 늘 바로 앉을 수 있었어요,000010000001
크로아상 맛있구 포장도 귀엽네용,010000000010
성수에 생긴 보물같은 곳 lp 입문하기 좋아요,000000010000
츄러스가 갓 튀겨져 나와서 따끈하고 시나몬 설탕이 환상입니다.,000100000000
아이스크림을 사면 키링을 줘요 특이한맛도 너무많고 주문하는방법도 독특해요 데이트코스로 추천드립니다!,000001000000
너무 맛있는 에그타르트 다들 한번 드셔보세요 부드럽고 달콤한 크림이랑 바삭한 타르트가 딱 맞는 맛이네요,001000000000
매장 차분하고 햇빛이 잘 들어서 따듯하고 좋아요. 깨끗하구 인테리어도 넘 이뻐용 아기자기한 매장 좋아하고 과일좋아하시는 분들 오시면 너무 좋을 것 같아요. 디저트도 달콤하고 넘 맛있어요,000000110000
무화과 빙수도 먹으러 왔어용 역시다 맛있었고 무화과가 신선해서 더 맛잇어용 !! 분위기도 좋고 사장님께서도 친절하셔서,000010011000
성수동 바게트빵 맛집이예요. 넘 맛있어요.,010000000000
"Nola Float , 아이스 아메리카노 주문했어요! 아메리카노는 무난하고 아이스크림커피는 콜드브루라떼도 맛있고 위에 있는 아이스크림도 맛있어요!",100001000000
빵냄새 폴폴 직원분도 완전 친절하시구 시식도 할 수 있고 빵도 맛있는거 같아요!,010000001000
평일인데도 불구하고 사람 진짜 많았습니다!!! 직원분들 다 너무 친절하시고 베이글 종류도 정말 많아서 놀랬고,010000001002
오믈렛하고 요거트 보울이 제일 맛있어요!!,010001000000
다음은 잠봉 먹어봐야지,030000000000
오픈 전부터 줄이 길어서 결국 못 들어가고 포기했습니다.,000000000002
카페 분위기도 너무 좋고 사장님도 친절하셔요 디저트도 귀엽고 커피 맛도 좋습니다!,100001011000
계절과일 수플레 팬케이크는 꼭 드셔보세요... 식감이 정말 퐁실퐁실 미쳤어요... 딸기라떼와 허니크림 아인슈페너도 달달하니... 매장 조명이 따뜻하고 인테리어가 코지해서...,100001110000
성수동갈때 꼭 언니 커피 꼭 너무 맛이 좋고 계속 생각 나요,100000000000
사람이 너무 많아요,000000000002
커피 맛있고 친절하시고 인테리어까지 예뻐요,100000011000
양이 아주 많지도 적지도 않은 딱 표준 사이즈네요.,000000000300
분위기 좋네요. 같이 오는 분도 특별한 인연이 되고 초코푸딩 너무 맛있어요,000001010000
회사랑 가까워서 자주 옵니다! 매번 올때마다 커피맛이 좋습니다 오늘도 동료 분들과 회식하고 카페에서 한잔 마시고 집에 갑니다!,100000000000
귀여운 빵도 많고 맛있어요! 자리도 넓고 아주 쾌적합니다,010000100000
서울 놀라와서 우연히 들른 카페인데 직원분들도 친절하시고 커피랑 디저트도 너무 맛있네요,100001001000
커피 상담도 친절히 해주시고 맛도 좋았습니다 플로트랑 뉴올리언스 추천드려요,100000001000
예약한 케이크 디자인이 사진이랑 너무 달라서 당황스러웠어요.,002000000000
모찌 너무 좋아하는데 성수동에 생겨서 너무 행복해요 너무 맛있고 사장님도 너무 친절하세요!!! 서울숲이랑 가까워서 사들고 놀러가기 딱입니당,000001001010
너무 맛있어요!!!! 포장도 엄청 꼼꼼하게 잘해주셔서 녹지않고 잘 가져왔어요,000001000010
고급스럽고 이국적인 분위기에 즐기기 좋습니다,000000010000
기출변형 단짠인데 그냥 그랬어요,000000000000
수플레가 넘 맛나요!! 폭신폭신 대기가 있어서 꽤 기다렸었는데 기다린 보람이 있었어요! 커피도 맛있었는데 초코 멜로우는 음... 다음엔 브런치 먹어보려구요 수플레 좋아하시면 꼭 방문하세요,100001000002
무화과 크레이프 너무 맛있어요!!,001000000000
"자주 오는 곳인데, 분위기도 좋고 빵도 맛있어요",010000010000
"메뉴 하나하나 다 맛있어요 콩포트랑 잼이 다양하게 있어서 자주 사러 오는데, 직원분들도 너무 친절하시고 좋아요",000000001000
늦게가면 없어요 밀도 죤맛,010000000002
직원분들 친절하시고 빵이 정말 맛있어요 왜 맨날 줄서고 유명한지 알 것 같아요,010000001002
너무 맛있다........,000000000000
음료가 맛있고 사장님도 친절하십니다 감성 있는 인테리어이고 군고구마도 볼 수 있습니다,100000011000
매장이 너무 크리스마스 분위기로 이쁘게 꾸녀놨어용,000000010000
흑임자생크림 대대존맛이에요,000001000000
성수에 이런 특별한 분위기의 카페가 있다니... 영화 촬영장같은 분위기의 카페였습니다,000000010000
치즈케이크 꾸적하니 맛이 진하고 맛있어요!! 오랜지 쥬스도 진짜 착즙인거 같기도하고 맛있었어요 커피는 산미가있어요! 산미 별로 안좋아하시는 분은 참고하시는게 좋을꺼같아요!,301000000000
"바나나 맛이 나는 옐로우햇, 강냉이 맛이 나는크림숏라떼 둘다 맛있습니당",100000000000
커피가 맛있고 크림이 부드럽습니다. 재방문의사가 있습니다.,100000000000
분위기도 좋고 베이글도 넘 귀엽고 맛있어요!!,010000010000
또 오고 싶어요 맛있게 혼자 메뉴 두개 먹고 갑니당,000000000000
인테리어가 너무너무 예뻐요! 커피도 맛있고 빵도 정말 맛있었어요. 담엔 다른 디저트 먹어보려구여 카페 분위기가 너무 좋아서 애인이랑 조근조근 얘기나누기 좋은 카페라고 생각돼용! 집근처라 자주 올 예정..,110000010000
세트 메뉴는 특정 시간대에만 주문 가능한 것 같습니다.,000000000300
쿠키의 질감은 바삭하기보다 부드러운 쪽에 가깝습니다.,000300000000
치즈브레드가 너무 맛잇어요. 치즈 JMT . 사람들이 많은 이유를 알겟어요,010000000002
초코 케이크가 너무 달아서 한 입 먹자마자 물리고 속 쓰려요.,002000000000
카페 분위기가 좋고 깔끔해요! 음료도 맛있고 친절하십니다!,100000011000
성수에 이런 분위기를 가진 카페가 있다니? 좋네요!,000000010000
100일이라 전날 밤에 급하게 전화 했는데 케이크도 너무 맛있고 레터링도 너무 맘에 들어요!! 사이즈도 두명이 먹기 딱 좋아요! 100일 케이크 추천 합니당,001000000000
포장 주문 시 보관 방법 적힌 명함도 넣어주는 세심함 굿!,000000000010
식사류에 포함되는 샐러드나 브런치류 같이 시키면 실내에서 취식 가능해서 좋네요.,010000100000
애플망고빙수가 엄청 비싸서 놀랐지만 좋아하는 복숭아빙수 너무 맛있고 예쁘고 평일이라 사람도 없어서 너무 조용하고,000010010201
초코 무스는 아주 달지 않아서 무난하게 먹었습니다.,000003000000
에스프레소가 진하고 맛있었어요. 마스카포네 치즈 에스프레소도 맛났어요.,100000000000
올해 생일케이크는 여기!! 크리스마스에 예약 마감이 되어버려서 몇 달전부터 손꼽아 기다렸습니다!! 정말 후회 하나도 없는 맛!! 좋은 생일이 되었습니다,001000000000
땅콩버터가 유명하다 해서 찾아왔는데 넘 친절하시고 맛도 기대돼요! 땅콩100퍼라고 합니다 갓 나온 것 처럼 버터병도 따뜻했어요!!!,000000001000
맛있어서 자주와요! 소금빵 말고 치아바타도 맛있어요 또 올게요,010000000000
동네 빵집 본노엘 소금빵 간식으로 하나 맛보고 왔어요 짭쪼름하니 굉장히 부드럽습니다! 정겨운 동네빵집 느낌이라 가끔 동네 지나다니다가 한번씩 빵사러 들르게 되는거 같아요,010000010000
빵은 촉촉하구 바나나는 달달허구 블루베리는 싱싱해요 맛있었어요 !,010010000000
자리도 꽤 넉넉하고 늦은 시간까지 영업해서 좋아요 빙수도 맛있어요!,000010100000
친구들이랑 처음 방문했는데 카페 분위기도 너무 좋고 조용해서 더더 좋았어요!! 음료 메뉴도 특색있고 복숭아코코슈 진짜 너무 맛있어요 사장님께서 메뉴설명도 친절하게 잘해주셔서 아아밖에모르는 친구들이랑 다양하게 음료 하나씩 시켜서 나눠먹었습니다 다음에 또 방문할게요!!,100001011001
성수에 이런 곳이 있었네요. 에소바 입니다. 맛있어요. 번창하세요.,100000000000
매장이 넓어서 좋네요,000000100000
통창으로 들어오는 햇살이 너무 예뻐서 채광 맛집으로 인정합니다.,000000010000
창가 자리는 인기가 많을만 하네요 너무 이뻐요.,000000030000
리모델링하고 깔끔해졌어요,000000100000
바게트의 겉면이 적당히 바삭해서 무난하게 먹었습니다.,030000000000
베이글 종류도 다양하고 맛있어요,010000000000
과일들의 당도는 복불복인 것 같지만 대체로 먹을만합니다.,000030000000
아가랑 멈머 구경도 하고 잘 먹고 왔어요,000000000000
디저트 맛집이라해서 들러봤습니다! 노리던 피스타치오는 없어서 슬펐지만 노들턴 누아도 엄청 맛있었어요 부드럽고 뭔가 씹히는게 맛있었어요 다른 케익도 먹고싶다,001000000000
팥빙 망빙 거기에 메론 프로슈토 빙수까지?? ... 와 너무 맛있어요!!!! ... 게다가 너무너무 친절하세요 다해먹네요..,000010001000
커피도 너무 맛있고 디저트도 너무 맛있어요!,100001000000
케이크 포장 시 고정 테이프를 붙여주니 조심히 들고 가세요.,000000000030
망고 빙수 양은 적당하고 맛도 상상하는 딱 그 맛입니다.,000030000000
카페 분위기도 좋고 맛도 좋고! 추천입니다!,000000010000
맛있는 과일케익이 있어서 좋아요,001000000000
컨셉에 충실한 멋있는 카페입니다 오전 오후 모두 즐길 수 있는 재밌는 곳이에요 !,000000010000
파이도 맛있고 인테리어도 멋져요,000100010000
소품들 판매도 같이 하시는지 가격표가 붙어 있는 것도 있네요.,000000030000
카운터 글귀 맘에 쏙 드네요 조용히 편안해서 대화하기 좋아요,000000010000
성수에 자주 가는 곳이 생겼네요 아이스티 마시러 또 가고 싶은 카페,100000000000
지금까지 먹어본 망고 빙수 중에 제일 맛있어요 !!... 하지만 인기가 많아서 웨이팅은 조금 있는데 앉아서 기다릴 수 있어서 좋아요,000010000003
선물 겸 포장해서 가족들이랑 나눠먹었는데 맛있었습니다! 모양도 이쁘고 해서 다들 만족하네요,000000000010
귀염뽀짝한 미니케이크 귀엽고 맛있어요! 딸기 상태도 좋고 재료 좋은 거 쓰는 게 느껴지더라고요! 도시락 케이크 너무 귀여움,001000000000
공간도 넓고 커피도 맛있어요!,100000100000
팬케이크 비주얼이 넘 좋네요 처음부터 끝까지 부드럽고 맛있어서 놀랐어용 커피까지 즐거운 대화하기 차분한 분위기 성수에 이런 곳이 있는 줄 몰랐네요 다른종류 팬케이크도 먹어보고 싶네요 번창하세용,101000010000
너무 친절하고 분위기도 좋습니당 !,000000011000
핫한곳이라고 해서 와봤는데 도넛들이 너무 예쁘고 맛없없 조합이에요,000001000000
베이글과 커피 맛있네요. 오늘은 조용하게 잘 쉬고 먹고 갑니다,110000010000
두 번째 방문! 와인에 잘 페어링되는 아이스크림도 최고에요!,000001000000
서울숲 근처에 있는 펫 프렌들리카페!! 루프탑도 좋아요!!,000000100000
가격대는 조금 있으나 소르베 에이드 맛있었어요! 빵은 무난했습니당,130000000200
크림라벨 케이크... 빵은 촉촉 생크림은 고소 딸기는 달콤 ! ! !,001000000000
커피랑 곁들여 먹기에 적당한 크기의 식사 빵들입니다.,030000000000
집앞에 있는 커피숍이라 방문했습니다. 커피도 맛있지만 분위기가 너무 좋아요 복잡한 성수역근처보다 난듯요,100000010000
"회사 근처여서 북마크만 해두고 오지못하구 있었는데 드디어 연말에 방문해써요 크리스마스 지났는데 아직도 크리스마스 인테리어라 너무 좋아서 눈이 실시간으로 쉴틈없이 움직이는 경험 딸기 티라미수 시켰는데, 하나도 느끼하지 않아서 다 먹구. . . 바닐라 라떼 좋아해서 혹시 여쭤봤는데, 누텔라쓰여있는 음료 추천해주셔서 시켰는데.. 진짜 바닐라 라떼맛나서 계속 흡입했어요 내부 음악두 많이 시끄럽지 않아서 엄마랑 동생이랑 편안하게 쉬다가 왔어요.. 다음엔 점심시간에 튀어서 쉬다가 올게요. . . 내가 리뷰를 쓴 이유는 사진 맨 뒤에 있는 핵귀여운 마시멜로를 겟하기 위해서였어요. . .",101001010001
생크림은 매일 아침 매장에서 직접 휘핑하셔서 케이크 위에 올리신다 하시네요.,003000000000
마들렌 배꼽도 하나도 안 올라오고 그냥 평범한 빵 수준입니다.,000200000000
바닐라파이 너무 맛있어요! 말차는 메뉴에 없었는데 정말 괜찮았던거 같아요 다음에 또 방문할게요!,100100000000
망고가 진짜 크고 맛있어요 생망고라서 달고 좋네요 빙수 얼음도 망고우유얼음이라 얼음만 먹어도 맛있습니다,000010000000
스프링어니언 치글 짱 맛있습니다 짱짱짱 !,010000000000
포장 주문했는데 서비스로 미니 쿠키 하나 넣어주셨네요. 짱!,000000000010
케이크랑 커피가 맛있었어요!! 자리는 좁다고 느낄 수 있지먼 아늑했어요,101000210000
갤러리 분위기는커녕 그냥 창고 같은 느낌이라 당황스러웠네요.,000000020000
아늑한 공간에 디저트랑 아기자기함이 가득해요,000001010000
커피도 너무 향이 좋고 디저트케잌도 이쁘고 너무 맛있어요,101000000000
직원들은 친절하나 커피 맛은 평범,300000001000
이거 먹으러 성수온건데 너무 맛있었어요,000000000000
컵 홀더 디자인이 너무 평범해서 인스타 감성은 없네요.,000000000020
케미크 만메 딸기가 진짜 많마묘 맛밌게 먹멌습니다 ),001000000000
디저트랑 커피가 너무너무 맛있어요,100001000000
뷰도 좋고 커피도 샌드위치도 맛있었어요,110000010000
딸기케이크가 너무 달지 않고 맛있어요 커피도 맛집이네요 오트카페라떼 강추합니다,101000000000
직원분들도 친절하시고 좋은 경험이었어요!!,000000001000
바게트 너무 맛있네요 굿 재방문 의사 100퍼,010000000000
평일에 오니 한가하고... 제주도 만큼은 아니지만 너티클라우드는 맛있었어요.,100000000001
딸기빙수를 못 먹어 아쉽지만 다른 케이크도 맛있어요,001020000000
디저트 특색있고 귀여워요 3만원이상 구매하면 카와이 리유저블백 공짜입니당 !,000001000100
영수증 리뷰 쓰고 보여줬는데 기간 지났다고 혜택 안 주네요.,000000200000
빵도 부드럽고 맛있어요! 한번 들려서 먹어볼만한 맛!!,010000000000
나들이가는길에 쿠키와 커피 포장했습니다! 테이크아웃해서 들고 서울숲 접근하기 가까운 위치에 있고 쑥떡쿠키 쫄깃한게 넘 맛있었어요!,100100000010
원두도 고를수 있고 좋아요!!,100000000000
요즘 개인 카페들 너무 비싼데 여기는 가격이 합리적이라 자주 와요.,000000000100
프렌치 토스트가 진짜 퐁실퐁실해서 맛있어요 곁들인 바닐라 소스도 풍미가 있어서 잘 어울립니다!,010000000000
성수 도넛 맛집 오버도즈에 방문했습니다. 저는 4가지 도넛만 사서 테이크아웃하고 옴 우선 도넛 자체는 맛이 있어요 도넛 빵 자체가 쫄깃하고 맛도 있고 안에 크림도 가득가득 들어가 있었습니다 다만 취향에 따라 달다고 느낄 수 있고 가격대는 조금 나가는 편이긴 합니다. 사장님 친절해보였고 다음에 기회되면 우유크림 하나 사 먹어보고 싶긴 했어요,010000001200
망고빙수 완전 맛있어요 진짜!!!,000010000000
분위기가 아늑해서 좋고 디저트도 맛있었요,000000010000
에스프레소에 초코파우더가 돼서 나와서 조금 놀랐습니다. 매장인테리어도 이뿌고 매장도 넓어서 좋아요,300000110000
사람이 많은 만큼 좌석도 많아요,000000100002
"그 겨울에 있던 맛있던 음료 메뉴 마시로갔는데 없어져서 슬펐어요.. 사진 올렸어요,, 사장님 그거 정말 너무너무 맛있어서 친구랑 또 간건데.. 언젠간 또 다시 내주십쇼! 크로플은 특이해서 다 먹어보고싶어요 양이 좀 적지만 맛있습니다",200100000200
1인 1음료 주문이 원칙인 매장이니 참고해서 방문하세요.,000000000300
천연 발효 빵이라는데 시큼한 맛이 너무 강해서 거부감 드네요.,020000000000
예전에 너무 맛있게 먹었던 기억이 있어서 오늘도 방문하게 되었어용 여전히 넘 맛있네요,000000000000
성수동에 오면 들리는 카페입니다.,000000000000
종류도 다양하고 맛있고 늦게까지 해서 좋아요!,000000100000
커피 맛을 생각하면 이 가격은 오히려 싸게 느껴질 정도입니다.,000000000100
타르트가 아주아주 맛있어요,001000000000
카페가 엄청 크고 디자인이 너무 이뻐요! 다 맛있는데 크림브륄레랑 오미자 에이드가 맛있어용,100001110000
직원분들 친절해용!!! 근데 의자가 좀 더러워용!!!,000000201000
크림이 진짜 일품입니당 가게가 작지만 대화하기 좋고 이뻐서 다시 또 가고싶어요!,100000210000
"베이킹 클래스는 처음이라 걱정했는데, 너무 친절하시고 좋았어요!! ... 초코 추천드립니다! 다음에 또 올게요",000100001000
완존 맛있용 담엔 블루베리 먹을게용,000000000000
카페 사진도 잘 나오고 커피도 맛있었습니다!! 진짜 성수 분좋카 인정합니다,100000010000
쑥 향이 매력적인 투리 숲 크림라떼 짱이에욧,100000000000
오호 빵이 쫄깃쫄깃 넘 맛있네요 ... 의외로 저렴한 아이스아메리카노도 향고 좋고 맛있었습니다,110000000100
처음 와봤는데 사람 진짜 많네요 두바이초코바게트 참 맛있네요,010000000002
날좋은날 오면 좋아요,000000000000
빙수 맛집이였더라구요! ... 얼그레이 레몬아이스티랑 파르페가 진짜 맛있어요! 사장님도 너무 친절하시고 카페 분위기도 너무 좋았어요,100001011000
주문받았던 사람이 불친절하고 그냥 그래요,000000002000
상큼한 생과일 모찌가 디저트로 부담없이 먹기 너무 좋았어요 사장님도 친절하시고 디저트도 너무 맛있었어요,000001001000
인테리어도 깔끔하고 너무 맛있어요!,000000010000
빵 대박 맛있어요 분위기도 대박이당...,010000010000
친절친절친절라떼맛집 찾으시면 이리데센트무조건임!!!... 세상 너무 친절하신 직원분들까지..,100000001000
갤러리카페어서 여유롭게 즐겁네요,000000010000
타르트가 전부 다 맛있어요!! 재방문 예정입니다,001000000000
여기 얼그레이 케이크는 향이 은은하게 퍼지는 게 정말 매력적이네요.,001000000000
따뜻한 핫초코와 시식 샌드위치까지 맛있고 따뜻했습니다,110000000000
인테리어 좋고 음식 맛있어요,000000010000
맛있는 커피와 함께 아늑한 분위기. 좋아요!,100000010000
당일케이크 예약도 가능하고 디자인도 많아서 좋아요!,001000001000
딸기밤 너무 상큼하구 맛있네요오 입에서 사르르..! 라떼도 너무 부드럽고 맛있어요 직원분도 너무 친절하세요,101000001000
친구랑 성수 데이트 나와서 베이킹 예약하고 만들었는데 어렵지 않게 재밌게 잘 만들었어요오옹,000000001000
맛은 무난했고 2명이 먹기에 좀 애매한 양이었어요... 커피리필은 맘에 들었어요,100000000200
"2분 대기 후 바로 입장했습니다! 소금빵 1set 12.0 테이크아웃만 가능한 매장입니다! 소금빵 전문점으로 소금빵 결제 대기줄에서 웨이팅 한 다음에 순서 차례가 되면 결제 후 구매한 수량만큼 빵 바로 받을 수 있어요! 지금까지 먹었던 소금빵 중에 버터향이 제일 진하고 진짜 고소 그 자체,,, 또 찾았다 빵 맛집! 소금도화 사랑혀,,",010000000001
아이들과 즐거운 추억 남겼습니다.,000000000000
진짜 너뮤 맛있어요!!,000000000000
친구 추천으로 왔는데 음료 너무 맛있었어요! 특히 아인슈페너랑 아이스크림 라떼 진짜 맛있네요 매장도 넓는데 시끄럽지 않은 분위기라 좋았습니다,100000100001
"커피두 맛있고, 매장에서 흘러나오는 재즈음악이 너무 좋아요 .. 카공하기 좋은 카페로 추천드립니다",100000110000
다른 지점에 비해서 양이 너무 적음동그란 수저로 떠주시는데 밑에도 텅텅 빔..이런 지점은 처음임..,000000000200
수박주스 맛있어요!!,100000000000
비가 엄청오는 평일 오후 5시쯤갔는데 시그니처커피가 솔드아웃되어서 바닐라라떼를 마셨는데 그냥 라떼같았어요 팡도르도 구경도 못했네요 생각보다 선택할게 없어 아쉬웠어요 좌석도 불편해서 기대를 해서 그런지 실망한게 많네요,320000200002
따뜻하게먹으니까 진짜존맛 비싸긴해도 버터향때매 지나치기어럅네요,000000000200
처음가봤는데 단체석 예약도 되고 좋아요!... 1인당 1음료 값만 지불하면 최대 3시간까지 단체석 이용비 없이 이용가능 하다는 점이 좋습니다!,000000100100
성수에 찐 베이글 맛집이 생겼네요!! 오늘은 선물용으로 포장해가지만... 종류도 진짜 많고 너무 맛있어요,010000000010
하태하태 인테리어도 이쁘고 빵과 커피 맛도 좋았습니다,110000010000
"친절한 응대, 귀여운 빵, 맛있는 빵, 아기자기한 인테리어. 내 마음 속 소녀 감성을 일깨워주는 가게.상남자임",010000011000
매장 사장님이 너무 친절하시고 모찌도 너무 맛있어서 여기밖에 안가는 것 같아요,000001001000
매장이 너무 예쁘고 베이글 종류도 다양해요 처음 와봤는데 단골될 것 같아용,010000010000
소금빵이 너무 딱딱해서 씹기가 힘들고 턱이 아팠어요.,020000000000
팬케이크 위에 올라간 얼그레이 크림이 킥이에요 넘 맛있음 수플레도 비리지도 않고 퐁신퐁신 최고,000001000000
딸기케이크 너무 좋아하는데 맛있을것같아요!! 직원분도 친절하세요!,001000001000
3층 짜리 매장 되게 넓고 사람도 많아요. 음료도 맛있고 금방금방 나왔어요. 뷰가 너무 좋고,100000111002
장난스럽게 지은 카페명에 그렇지 못한 고퀄 음식들,000000000000
너무 예쁜데 맛도 쵝오! 인테리어도 예뻐요 직원분들도 짱 친절하셨습니다!,000000011000
저녁 늦게까지 하는 카페 얼마없는데 분위기도 좋고 커피도 맛있어요 천장이 높아서 쾌적하고 대화하기 좋아요,100000110000
강남구청역에 있는 멋진 카페 구테로이테 우연히 연무장길을 지나가다가 발견했습니다. 매장은 넓고 조용하며 맛있는 원두를 이용한 에스프레소 음료들을 합리적인 가격에 맛 볼 수 있습니다.,100000100101
화려하진 않지만 정감 가는 동네 카페 분위기라고 보시면 됩니다.,000000030000
음료와 디저트로 힐링타임 했어요. 분위기도 좋고 맛도 좋고 친절하기까지 해서 대만족입니다.,100001011000
쿠키들이 너무 맛있게 생겼어요!,000100000000
디저트 데코레이션이 예술이라 사진 찍으면 정말 잘 나와요.,000001000000
오로라베이커리 바질베이글과 블루베리머핀에 꽂혀 3번째 방문 베이글 속에 블랙올리브와 치즈 바질페스토의 조합니 환상 담에는 와인에 곁들여 먹어봐야겠음 잘 어울릴 듯,010100000000
아메리카노 가성비 좋아요 ),100000000100
물감으로 그림그리고 붓질하는거라 다만 음료가 많이 늦었고 스탭들이 바쁘신게 단점,300000002000
훈제연어가 정말 맛있어요!!,010000000000
사람이 많아서 들어왔는데 베이글도 맛있고 커피도 너무 맛있었어요!!,110000000002
분위기 짱 11 짱,000000010000
단독주택을 리모델닝한 카페! 특이하네요,000000030000
바게트빵이 맛있어요. 내용물이 자극적이지않아 좋고 특히 abc주스 정말 맛있어요 바게트빵 좋아하시는분들 추천할만합니다. 매장은 적은편이라 자리먼저 자리먼저 잡아야하고 주말엔 웨이팅심할듯 해요 평일에가서도 세명자리 없어 카운터석으로,110000200002
좋아요! 맛있어요 자주 들리는 곳,000000000000
디자인이 특별해서 받은 사람이 너무 좋아했습니다. 진주 펄이 기본으로 몇 개 들어가는 줄 알았는데 모두 선택해야 하는 거였네요. 하지만 진주 없어도 충분히 예쁘고 멋있습니다.,001000003010
두시간이 너무 짧긴 해도 재밌어요,000000010000
쿠키엔크림 크림 양 미쳤음 크림치즈에 오레오 섞이니까 달달한데 질리지 않는 맛이에요. 여름에 아아랑 마시면 당 충전 제대로 됩니다.,101000000000
빵맛집이에요 커피도 맛있다능..,110000000000
평일 오후에 가니 품절이 많아서 크림치즈 생크림 사왔어요,000000000002
과일 생크림이 안 느끼하고 과일이 큼직해서 좋아요.,000010000000
맛있어여 얼그레이 맛에 오렌지 제스트가 킥이라서 꼭 드셔보세요!!,000000000000
주문한 조각 케이크는 시중에서 흔히 접할 수 있는 평범한 퀄리티라 호불호 없이 먹을 만해요.,003000000000
"아이스크림이랑 와인 조합이 엄청나네요..까망베르, 리코타, 딥카카오코코넛 아이스크림 너무너무 맛있었어요... 가게 분위기가 너무 예쁘고 좋아요",100001010000
서울숲이랑 가까워서 피크닉갔다가 들르기 좋아요!! 빙수가 4종인데 지금은 제철인 딸기와 애플망고만 판매하신다고 합니다. 딸기빙수 사진보고 너무 맛있어보여서 방문했는데 예쁘고 맛도 있어서 좋았어요!!,000010100000
분위기가 너무 좋아요 음료와 디저트는 soso,300003010000
메뉴도 다양하고 맛있고 친절해요,000000001000
"설연휴에 부모님과 낮에 디저트 먹으러 갔어요! 우박이 휘몰아치는 날씨에 갔는데, 안에서 창 밖을 통해 밖을 바라보니 그게 또 예쁘더라고요. 브루, 브루크, 티라미수 먹었는데 메뉴 마다 간략 리뷰 남기자면요. 브루 깔끔 그 자체! 산미가 없고 먹고 난 뒤에 입에 텁텁함이 없이 깔끔해요. 밥 먹고 배부를 때 먹어주면 딱! 브루크 먹는 방법을 네 가지 순서로 단계별 안내를 해주는데, 크림부터 커피까지 맛나요. 디저트로 이 한잔만 해도 충분해요. 티라미수 크림이 맛있어요. 크림맛집. 부드러운 티라미수와 브루 조합은 엄청 찰떡일 것 같았어요. 너무 달지 않은 게 장점입니다 식사 후 디저트로 부담스럽지 않아요! 테이블간 간격이 넉넉해서 대화할 때 소리 겹침이 없을 것 같아서 좋았어요.",101000110000
진짜 분위기 너무 이뻐요 또 올게요,000000010000
아인슈페너도 기본적으로 너무 맛있고 인테리어가 너무 예뻐요... 수박주스 강추 모든 메뉴 추천드려요...,100001011000
직원분도 너무 친절하시고 빵도 너무 맛있어요!! 다음에 또 올게요 감사합니다!!,010000001000
커피 향은 은은한 편이고 맛은 적당히 대중적인 느낌이에요.,300000000000
너무 분위기있고 예뻐요!! 음료도 너무 맛있어용,100000010000
디저트 귀여운거 많고 커피 너무 맛있어요!! 매장도 꽤 넓고 힙해서 맘에 드네용,100001110000
베이글이 많이 빠졌지만 구입해서 만족 계산해 주시는 직원분 친절해용,010000001000
쇼핑하다가 쉴 수 있는 디저트 맛집입니다. 케잌도 커피도 맛납니다,101000000000
케이크 맛집이라고 해서 찾아왔어요! 딸기도 싱싱하고 맛있어요!,001000000000
매장이 넓고 쾌적해요.. 귀여운 디저트도 많아서 좋아용,000001100000
라떼는 제 스탈은 아니네요,200000000000
무스 케이크가 녹아서 흘러내리는 상태로 서빙되어 불쾌했음.,002000000000
노래가 좋고 아늑하니 기분 좋아지는 곳이네요,000000010000
롱블랙 넘나 맛나네요!!,100000000000
채광이 너무 강해서 눈이 부신데 블라인드도 없어서 너무 뜨거웠어요.,000000020000
왕십리역 쪽에서 발견한 카페에요! 골목에 있어서 조용하고 디저트가 수제 느낌으로 고급진 맛이에요. 포장도 이뻐서 선물용으로 좋아요.,000001000010
와 진짜 제가 살면서 먹어본 소금빵 중 1위.. 갓구운빵을 바로 먹으니 바삭하더군요.. 글고 버터맛이 강해서 더 맛있어요!!!,010000000000
커피도 너무 맛있고 무엇보다 초코라떼 비주얼도 너무 예쁘고 달달하니 맛있어용! 베이글은 말모 입니당!!!!,110000000000
수박 화채는 시원하게 먹기 좋은 무난한 퀄리티예요.,000030000000
귀엽고 맛있고 이뿌고 다해요,000000010000
성수동 베이커리 찐 맛집입니다!! 진짜 추천드려용 특히 크렘뷔렐레 치즈파이 최고임!,000001000000
"디저트와 음료,아이스크림이 너무 예쁘고 맛도 좋아요.",100001000000
"말차라떼 맛있어욥 오트밀크, 두유로 교체 가능!! 근데 추가금액이 있어요",100000000200
급하게 주문했는데 빠르게 테이크아웃 해주셔서 감사해요,000000001010
성수동 놀러 왔다 시원한 음로 마시러 들어왔어요 음료도 맛있고 깔끔하고 예쁘네요,100000010000
예전부터 와보규 싶었던 곳인데 커피가 맛있어요!! 2층 뷰도 좋고 분위기도 좋았어요!!,100000010000
매장은 크지 않은데 커피랑 케익은 맛있어요,101000200000
커피가 없어서 아쉽지만 과일이 신선하고 맛있아요,200010000000
새로 나온 시즌 메뉴 원터라떼 마셔봤는데 적당히 달고 맛있어요. 지하층이지만 층고가 높아 개방감도 있고 아늑해서 대화하기 좋아요,100000110000
식사하고 블루보틀 있다해서 들렀는데 주문하는데 10분 픽업하는데 15분 정도 걸린것 같다 사람이 많아 실내에선 먹을 수 가 없다 가격이 이다 에스프레소 맛은 있다 주차비는 두시간에 오천원,100000200202
평일엔 예약이 가능해서 대기 없이 바로 이용했습니다.,000000000001
태국에서 먹었던 버터롤이 그리워서 한국에도 있는지 찾아보다 찾은 매장이였어요! 성수로 데이트 간김에 생각나서 바로 방문해서 구매했어요 조금 늦게 방문해서 마감중이셨던거같은데 비오는날이라 습하다고 지퍼백에 포장해주신것에 1차 감동 먹고 사장님과 알바생분이 너무 너무 친절하셔서 2차로 감동 받고 맛있어서 3차로 감동했어요 앉은 자리에서 다 먹었어요 그 자체로도 맛있는데 크림이랑 같이 먹으니 정말 정말 맛있었습니다! 생각날때마다 종종 들리겠습니다 너무 맛있게 잘 먹었습니다 !!,010000001010
분위기 너무 좋고 커피맛도 좋아요 특히 아몬드크림 올라간 브루크가 정말 맛있어요! 매장도 넘 깨끗합니다,100000110000
성수에 무난한카페. 시그니처 커피는 맛있음,100000000000
생각한 것보다 가게도 넓구 무엇보다 인테리어가 너무 이뻐용 분위기도 좋구 이벤트도 너무 좋은 이벤트를 열어주셔서 정말 좋았어요!! 종업원분들두 다 이쁘세요,000000111000
입구 쪽에 외투를 걸 수 있는 행거가 하나 마련되어 있어요.,000000300000
내부가 넓고 의자가 편해요!,000000100000
온실속에 온거 같은 분위기에요,000000010000
특색 있는 디저트라더니 그냥 이름만 거창하고 맛은 평범해요.,000002000000
베이글 맛집이라고 해서 왔어요! 직원분들 친절하시고 매장도 깨끗해용,010000101000
매장이 넓고 야외좌석까지 있어 자리잡기는 쉬우나... 한명의 알바생이 포장포함 모든계산을 하다보니 베이글 픽업까지의 시간이 너무 오래 걸림,010000202002
"음료, 수플레 모두 맛있고 가게 분위기도 너무 좋아요! 재방문 의사 있습니다!",100001010000
운동하기 전에 필수로 들리는 곳입니다! 남자 사장님께서 정말 친절하고 좋으세요,000000001000
직원분이 너무친절하시고 케익또한 달지 않아서 좋았습니다,001000001000
한옥을 개조한 카페라 고즈넉하고 운치가 있어 부모님도 좋아하셔요.,000000010000
테이크아웃 손님이 많아서 매장 안은 의외로 한산합니다.,000000000001
분위기가 너무 좋고 맛있어요 !,000000010000
백화점 올 때마다 출석도장 찍는중,000000000000
"베이글 러버인데, 여기는 동글동글 귀여운 베이글들이 많아서 종류별로 고르기 좋아요 !!",010000000000
커피랑 와인 위스키까지 다 한곳에서 먹을 수 있어서 넘좋아요! 특히 저녁에 오면 분위기 최고에요,100000010000
저번 기념일에도 세이케이크에서 주문제작 해서 케이크를 선물했는데 너무 마음에 들어서 이번에도 다시 재주문 했습니다! 사장님이 정말 원하는 디자인 그 이상으로 잘 만들어주셔서 이번에도 너무나도 완벽한 기념일을 보냈습니다! 앞으로도 쭉 세이케이크만 이용하고 싶을만큼 매번 너무 만족스러운 케이크를 만들어주셔서 케이크 선물할 일이 있는 분들께 꼭 추천드립니다,001000001010
주차 공간이 너무 협좁해서 차 댈 곳 찾다가 진 다 뺐습니다.,000000200000
시그니쳐메뉴 너티클라우드 맛있습니다,100000000000
스벅에 자리 없어 돌아댕기다 찾았는데 스벅 안가길 잘했네요 깔끔하고 좋네요 의자도 편하고 갤러리카페라 지루하지 않고,000000110000
베이글 구매했어요! 맛있을것 같아요! 사람도 많고 종류도 다양해요!,010000000002
이 동네에 이런 규모의 카페가 생기다니!! 공간만 넓은게 아니고 커피와 디저트도 맛있네요... 음악들도 다 좋네요.,100001110000
인스타에서 여친이 보구 가고싶다구 졸라러 왔는데 분위리 지리네여... 커피들도 이색적이여서 맘에들어요,100000010000
"매장도 깔끔하고 커피, 빵 맛있어요",110000100000
"인테리어도 너무 예쁘고 음료랑 컵케이크도 맛있어요!!! 아늑하면서도 귀여워서 아주 만족스럽습니다,,",101000010000
좋다는 말로는 다 표현되지 않는곳인것 같아요... 아늑한 분위기의 LP카페에서 달달한 디저트를 한입한입... 사장님의 따수운 미소도 한몫 한것같아요,000001011000
브레드푸딩이 맛있고 내부인테리어어가 예뻐요,000001010000
날씨가 더운데 너무 쾌적한 환경에서 완전 당보충하고 가요!,000000100000
성스 놀러와서 먹었는데 맛있네요,000000000000
"사이드템포를 처음만난건 현대백화점 팝업이었어요! 구매시 섬세하고 친철했던 직원분이 굉장히 인상적이었는데, 맛까지 훌륭했던 빵에 퐁 빠져 여러번 구매해먹다가 성수 본점까지 오게됐네요 특별한 음료메뉴도 많았고, 음료 또한 넘나 맛나서 친구들한테 엄청 소문내는 중이에요! 카페 내부도 넓고 인테리어도 감각적이라 사진찍기에도 좋은 곳이었어요 빵도 여러종류 먹어봤지만 피자랑 콰트로치즈 바닐라 강추합니다 에스프레소도, 자몽들어간소르베 음료?도 진짜맛났어요. 두번가세여 세번가세요 저는 단골 될 것 같아요 같이간 친구도 너무 맛있다고 코엑스에도 오픈해 줬음한데요 사장님 화이팅!! 번창하세요 뽀글뽀글 직원분 세상 친철하세요 넘 감사했습니다",110001111000
바닐라 라떼 시럽을 수제로 만드시는지 인위적이지 않고 맛있어요.,100000000000
실내 공기가 너무 탁하고 환기가 안 되는지 머리가 아팠습니다.,000000200000
단독주택 개조카페 서울숲 뷰가 멋지다 빙수가격이 좀비싸나 맛나다,000010010200
초코 무스 질감은 부드럽기보다 약간 묵직한 편에 속함.,003000000000
"왜인지 사람이 많은데 많이 웅웅 거리지 않아 좋고 빵도 베이글을 작게, 한입용으로 해두어 가격은 착한편은 아니나 다양하게 먹어보기 좋아 4개나 주문했네요 음료도 좋았고요 분위기도 이뻐 데이트 코스로 추천합니다",110000010201
"사장님이 너무 친절하시고, 디저트랑 음료가 맛있어요",100001001000
서울숲에서 잠시 쉬어가기 좋은 카페! 빙수 퀄리티도 좋고 에이드도 생과일이라 맛있었음!! 인기많은 카페라 손님이 많음!!! 입구에있는 실버 전신거울이 매우 힙하니 꼬옥 인생샷 찍으시길!!,100010010002
인테리어 너무 예뿌공 커피도 맛있오요... 리뷰 적으시면 한입 쏙쏙 디저트도 드실 수 있습니다!,100001010000
딸기슈페너랑 아인슈페너 먹었는데 맛있어요 크림도 맛있는데 커피가 진짜 맛있음,100000000000
깨베이글 특이하고 고소해요 포테이토치즈도 맛있어요,010000000000
친구생일이라 생일 레터링케익 주문했어요 실제로 받아보니 사진보다 예쁘고 맛도 너무 좋아요 케익으로 생일기념 축하 잘 했어요 디어벌스데이 추천합니다 다음에 와서 커피랑 다른 케익도 맛보고 싶네요,001000000000
커피 원두의 원산지나 특징을 전문성 있게 설명해 주셔서 좋았습니다.,000000001000
친구랑 특이한 카페 가고싶어서 왔어요 조용히 대화하기에 좋구 단체자리도 있어서 단체로 오기에 좋을거같아요 !! 사장님 친절하시고 쿠키 다 맛있어 보여요 !!!,000100101001
처음먹어봤는데!! 맛있어용!!!!! 시원하구 달달하네용!,000000000000
베이글 종류가 정말 많고 맛잇어요!,010000000000
빵 크기가 너무 작아서 먹어도 먹은 것 같지가 않아요.,020000000000
외관보다 내부 분위기 좋구 은은히 나오는 재즈 음악에 채광 좋아 대화 나누기 좋았어요 ),000000110000
피넛버터 좋아하시면 좋아하실 것 같아요... 매장도 깔끔하고 분위기도 좋았어요 키오스크 주문 할 때 옆에 있는 진동벨 번호를 보고 적어야 해요.,010000113000
빵종류가 다양하고 분위기가 정말 예뻐요 매번 지나갈때마다 먹어보고 싶었는데 드디어 겟! 엄청 겉바느낌은 아니에요!! 대신 토핑이 한가득 들어있어요,030000010000
분위기가 넘 좋아요! 다양한 바게트를 먹는 재미가 있엉,010000010000
화장실 인테리어까지 신경 쓴 게 보여서 정말 깔끔하고 예뻐요.,000000010000
케이크 디자인색감맛 모두 완벽했어요,001000000000
츄로넛 먹으러왔는데 분위기도 너무 좋고 대화하기 좋은 카페에요 또 방문하고 싶어요,000100010001
친구랑 오랜만에 성수 왔는데 생각보다 너무 일찍 도착해서 걱정했더니 유일하게 연 카페였어요! 급히 들어온건데도 너무 만족해요 특히 사과잼이 너무 맛있어요!!!,000001000000
베이글 맛있어요 특히 토마토바질베이글이 맛있네요,010000000000
주문은 키오스크로만 받고 현금 결제는 카운터에서 가능해요.,000000300000
"우연히 들어간 퀘스토 젤라또 인테리어도 너무 예쁘고, 조용하고, 젤라또 자체도 맛있어요! 다음에 다른 맛 먹으러 또 오는걸로",000001010001
봄 시즌 새 디저트가 나와서 구매했습니다! 치즈를 별로 좋아하지 않는데 레몬 유자 맛이 상큼하게 나서 잘 먹었습니다 ) 저번 시즌 초코 타르트도 맛있게 먹었는데 매번 선물용이나 가족끼리 먹기 너무 좋네요!,000001000010
주차장부터 만차라 들어가지도 못하고 밖에서 뱅뱅 돌았음.,000000000002
간단하게 베이글 및 커피 마시기 좋은 곳 밀크티도 맛나요. 대신에 2층 계단이 비좁아 조심해야하고 웨이팅 할 수 있어요.,110000200002
흑임자빙수 먹으러 왔어요. 깔끔한 우유빙수 넘 맛있고... 조용한 분위기라 대화 나누기에도 딱!,000010010001
성수에 있는 카페 중에서도 확실히 분위기가 좋고 음료도 맛있네요 아이스티가 시원하니 좋았어요,100000010000
평일 오후에 방문했는데 사람이 적어서 좋았어요 에그타르트가 크고 맛있네요!,000100000001
칭구 생일선물로 예약주문하였고 설향딸기케이크... 맛있었습니다,001000000010
빨미까레 결이 살아있고 초코 코팅이 고급스러운 맛이에요.,000100000000
그만큼의 가치를 하는 고퀄리티 케이크임.,001000000000
친구가 수플레이 푹 빠져서 찾다가 발견했는데 너무 맛있어요!!,000001000000
맛도 분위기도 좋아요 메뉴설명도 친절하게 해주셨어요,000000011000
선물 세트 유통기한이 당장 내일까지인 걸 주시면 어떡함?,000000000020
빵 너무 맛있고 분위기도 조아요 담에 또 먹으러올게요,010000010000
요거트 빙수에 들어간 그래놀라랑 과일이 정말 잘 어울려요.,000010000000
츄러스와 아이스크림 조합이 일품이예요.,000001000000
서울에 한동안 볼 일이 있어 울산에서 올라왔습니다. 파티쉐리 아모니 매우 맛있다고 추천을 해줘서 서울에 온 김에 일부러 택시타고 찾아갔는데 첫째 갬성적인 인테리어에 반했고 두번째는 휘낭시에와 쿠키 비주얼에 반했고 세번째는 맛에 반했습니다... 이런 고급진 맛을 내가 태어나서 먹어본 적이 있나?? 생각할 정도로 초 고퀄리티 맛이었습니다... 와이프 선물로 사갔는데 진짜... 넘 맛있다고 서울가면 또 사오라고 하네요 참 와인이랑 먹으니 넘 기가 맥히네요 담에 서울가면 또 사러 갈게요!,000100010010
성수동에서 가장 자주 찾는 카페에요! 오늘은 외근이 있어서 왔다가 전에 친구거 한입 먹고 반해버린 아이스 벨지안 초코 먹었는데 역시나 달달하게 당충전 바로 했어요 조용하고 의자도 편하고 콘센트도 많아서 집중력이 필요할때 방문하기 좋아요!,100000100001
초당옥수수라떼 신기했어요 음료 다양해요!,100000000000
성수 느좋카페 찾아서 왔는데 분위기도 좋고 매장도 깔끔하고 커피랑 디저트 맛은 말 할 것도 없고 사장님이 정말 친절하세요 군인이라고 케이크 서비스도 해주시고 정말 성수 1티어 카페입니다 !!,101001111000
소금빵이 겉바속쫄해요 플레인 크림치즈 발라먹으니 순삭입니다 겉에 소금이 짭짤하게 탁 쳐줘서 킥이에요 아메리카노는 고소한 스타일이라 같이 먹기 좋습니다 성수 데이트 코스로 추천!,110000010000
편흔 분위기로 음료도 맛있고 좋아여,100000010000
"카페도 너무 이뻐요! 저는 사실 이쁜거보다 맛난거 먹으러 카페다니는데 여기 디저트 치즈케익,스콘 너무 맛있어요!!",001100010000
카페 인테리어가 너무 예쁘고 분위기가 좋았어요! 라떼도 정말 맛있어용,100000010000
"콜드브루는 잡맛 없이 깔끔하고, 원두 본연의 향이 부드럽게 퍼져 마시는 내내 기분이 좋아집니다. 드립커피는 풍미와 깊이가 살아 있어 한 모금마다 다른 매력을 전해주고요. 로스팅이 잘 되어 있어 쓴맛이나 떫은맛 없이 균형 잡힌 맛을 즐길 수 있었습니다. 케이크도 종류가많아 눈이 즐겁고 치즈브라우니가 특히맛있었습니다.",101100000000
너무 분위기 좋고 잼 고르는 재미도 쏠쏠 좋은뷰는 덤이네요,010000010000
제가사는동네파바는 일요일에 가면 메뉴가 별로없는데 여기는 종류가 그래도 다양하게 있네요. 잘 골라서 먹었습니다,010000000000
친구가 유명하다고 해서 와봤어요... 솔티드 소금식빵 맛있다고... 매우 친절하세요!,010000001000
맛있기로 유명한 노아베이커리 성수에 생겨서 너무 조아요 노세권,010000000000
크로플 완전 맛있고 커피 너무 맛있어요 자리도 넓직 넓직하고 분위기 너무 좋아요... 사장님 너무 친절하시고 착하신거같아요,100001111000
성수에서 가성비 좋고 얘기하기 좋은 곳이에요,000000010100
케이크가 너무 맛있어용 컨셉이 네모네모 확실해서 포크마저 귀여움,001000010000
"커피,디저트, 그리고 분위기까지 매력적인 곳이에요 음료부터 인테리어까지 세세한 모든 부분 신경쓴 게 느껴져요 한 여름에 커피마시며 잘 쉬었다가네요",100001010000
수플레가 엄청 폭신하고 맛있어요! 특히 피스타치오 크림과 같이 먹으면 굉장히 맛도리입니다! 커피도 맛있고 카페 인테리어도 멋져서 사진도 잘나와요 성수역 맛집 카페로 추천합니다,101000010000
"아들과 성수동 나들이 나갔다가 우연히 거대한 타르트 모형보고 아들이 사달라며 직진을... 몇개사서 먹어봤는데, 맛도 괜찮아서 잘 산거 같다네요. 담에 또 나가면 사와야겠네요.",001000000000
친구에게 추천받아 먹어봤는데 너무 맛있었아요,000000000000
아이스크림들이 독특하고 와인 셀렉션이 다양해요. ... 이제 자주 올것같아요 근데 저녁에는 웨이팅이 꽤 있으니까,100001000102
다 맛있지만 특히 아이스크림이 정말 맛잇어용,000001000000
건축가의 센스가 돋보이는 대형 월 하나로 독특한 공간이 완성됐네요. 레스토랑 분위기는 아니긴 해요,000000010000
파인애플 셔벗 빙수가 새콤달콤해서 식후 디저트로 정말 딱이네요.,000010000000
에스프레소 맛진하고 매장도 아담하고 분위기 좋아요 종류도 많고 맛있어요,100000110000
분위기 좋아요 애견 동반 식당이라 더 좋았습니다,000000110000
"날 좋은 날에 산책하다 전통디저트를 전문으로 하는 성수동디저트집에 왔다. 성수동카페 중에서도 여긴 꼭 디저트 맛을 봐야한다고 작정하고 온 곳이다. 개성주악과 개성약과를 전문으로 하는 곳이니. 커피는 카페라떼 마셨는데 산미 없이 고소함 가득, 우유도 고소하고 부드럽다. 딸기주악은 상큼하고, 개성약과는 파삭 쫀득하면서 계피맛이 기분 좋게 번진다. 개성주악은 단단한데 깨물면 쮸압! 하는 식감과 달콤함이 기분좋다. 직원분 친절하셔서 더 기분좋았던 카페경험 해당 리뷰는 업체로부터 상품을 제공받아 직접 체험 후 작성한 리뷰입니다.",100100001000
사람이 많아도 테이블 간격이 넓어 혼잡한 느낌이 안 나요.,000000000001
이런 곳이 있다니 온통 민트초코로만 가득해서 너무 좋아요 음료 베이커리 다 맛있고 무엇보다 대화하기 너무 편안한 공간,110000100000
도넛 너무맛있구! 커피도맛있어요 라즈베리도넛최애!!!,100001000000
텀블러를 사용하는데 커피 넣기전 텀블러를 뜨거운 물로 데웠다 커피를 담아주시는 센스 남성직원분이셨는데 감동하고 덕분에 맛있게 먹었습니다,100000001000
조용하고 넓고 감각있게 잘 돼있어요 색다른 음료들도 다 맛보고 싶네용 또 올게요!!,100000110001
"셀프 바에는 물, 종이컵, 시럽, 빨대가 구비되어 있습니다.",000000300000
사이즈가 다른곳보다 크더라구요? 겉바속촉 장난아니고 소금에르타르트먹었는데 단짠단짠,000100000100
조용하고 친절하고 커피가 마싯서요,100000001001
빵이 맛있어서 자주 갑니다.,010000000000
너무 친절하시고 쿠키가 정말 맛있어요!!,000100001000
맛있는 디저트 먹고싶어서 들린 레이더 성수 좌석 간격이 넓어서 혼자 작업하러 오기도 좋을 것 같고... 음료까지 그냥 새로 해주셔서 너무 감사했습니다,100001101000
근처에스벅있어서편했네요,000000000000
연말 장식이 너무 성의 없어서 분위기도 안 살고 실망스러웠습니다.,000000020000
선물용 리본이 다 풀려있는데 그냥 주셔서 직접 다시 묶음.,000000000020
커피도 토스트도 너무 맛있어요!!! 쾌적하고 분위기도 좋아용 사장님도 친절하세여,110000111000
체리쥬빌레 너무 맛있고 커피도 맛나요 또 방문할게요!,101000000000
다 먹은 쟁반을 직접 치워주시겠다고 하셔서 편하게 나왔습니다.,000000001000
"내 사랑 보마켓,,,,내가 좋아하는 상품들로 다 구성된 곳. 샌드위치들도 다 맛있고 최고엥",010000000000
쫀득하니 과즙이 팡팡터져용 존맛탱구리욘,000000000000
위치도 좋고 매장 분위기도 좋아요,000000110000
뉴믹스 화이팅!! 할매입맛이신 분들 볶은쌀맛 추천이요!!,000000000000
많은 인원이 대화하기 편한 장소입니다. 샌드위치와 커피가 맛있습니다,110000100000
카페가 넓고 빵종류도 많고 마음에 드네요 또 올게요),010000100000
빵 겉면이 너무 질겨서 칼로 썰리지도 않을 정도네요.,020000000000
개성주악에 대해 설명해줘서 흥미를 갖고 들어가보았어요. 인테리어도 예쁘고 디저트도 너무 예쁘네요.,000001010000
여기는 아이스라떼 맛집 찐이다,100000000000
새로운 메뉴들과 분위기가 너무 좋아오,000000010000
얼그레이 밀크티 스프레드 미쵸써요...... 넘 맛있다 브리오슈 먹고 싶었는데 없어서 속상,010000000000
커피도 맛있고 분위기도 좋고 인테리어가 무척 이쁘네요. 다음에 또 오고싶어요,100000010000
산미 없는 커피 추천받아서 마셨어요. 농담 아니고 올해 마셔본 핸드드립 커피 중에 제일 좋았어요. 친구 기다리면서 잠깐 가진 여유시간에 최고의 커피를 만나서 행복했어요. 원두에 담긴 이야기를 소개해 주는 것도 기분 좋은 배려였네요. 입구가 애매하게 생겨서 찾기가 어렵다는 것만 제외하면 재방문 의사 120의 훌륭한 커피숍입니다.,100000201000
초코 무스가 너무 뻑뻑해서 입안에서 녹지도 않고 뭉쳐있음.,002000000000
마시써뇨!! 여긴 크로플은 쏘쏘! 대신 흑임자라떼가 마시떠용,100003000000
빵이 정말정말 맛있어요! 포장 전문인 곳이라 매장 내에서 취식할 수 있는 공간은 없으니 참고하세요!,010000200030
커피도 맛있고 귀여운 디저트가 있어요,100001000000
베이글 종류도 다양하고 매장이 2층까지 커서 좋습니다 성수동 카페 찾다가 편히 쉬다가요!!,010000100000
지나는 길에 들른 스타벅스. 매장이 넓고 손님이 많은 편이라 그런지 주문 후 대기시간이 십분이상. 음료 준비되길 기다리던중 화장실에 갔는데 건물내 여자화장실에 변기가 두개뿐이고 그중 하나는 물이 안내려가서 하나만 샤용가능.,000000202002
쿠키가 쫀득쫀득해서 너무 맛있고 케이크 크림도 맛있어요!,001100000000
밀도 플레인 스콘 최애,000100000000
집 근처인데 카페 규모도 크고 디저트도 여기서 직접 만드네요! 분위기 너무 좋고 다음에 또 와야겠어요!,000001110000
콜드브루 특유의 깔끔함이 잘 살아있어서 여름에 마시기 최고예요.,100000000000
카페가 4층까지 루프탑으로 자리가 많고 빵종류도 다양해서 좋아요 라떼가 진짜 맛있어요! 주말에 사람많아서 2층화장실 물이 넘치던데요,110000300002
소금빵도 맛있고 계산과 대기줄이 나눠져있어서 줄이 길어도 금방사서 좋았어요,010000001001
소금베이글 너무 맛있게 잘먹었구 평일저녁에 가니까 바로 입장할 수 있었어요! 매장내부 깔끔하고 넓어서 잔잔하게 수다떨기 너무 좋았습니다 담에 또 올거같아요,010000100001
친구추천으러 갔어요 나쁘지 않은데 엄청맛잇는지는 모르겟어요!,300000000000
앨리웨이 오면 리치식빵 꼭 사가요,010000000000
연어 샌드위치 맛있어요!!! 음료 종류가 많았으면,310000000000
인테리어가 깔끔하고 모던한 느낌이라 좋았습니다 커피는 맛있고 직원분들이 친절하시네요 번창하세요,100000011000
디저트 맛있고 인테리어도 이쁩니다분좋카 굿,000001010000
크로플 먹고싶어서 갔는데 제가 먹었던 크로플 중에 단연컨대 여기가 젤 맛있어요 ... 무엇보다 내부가 청결해서 좋았어용,000001100000
생일마다 먹어요! 꼭 당일에 드세요 당일에 먹어야 제일 맛있어요,000000000000
케이크 너무 맛있고 디자인도 깔끔하니 좋았어요!! 딸기가 진짜 듬뿍 들어있어서 너무 좋았습니다,001000000000
단짠의 정석! 버터향 가득한 매장에서 먹기 딱 좋아요,000000000000
성수동 공부작업하기 좋은 카페 같아요!! 금요일 저녁 방문하였는데 그렇게 시끄럽지도 않고 친구랑 카공하다 왔습니당 시그니처인 샤케라또도 맛있었어요,100000100001
"친구를 만나러 가다가 우연히 들린 커피냅로스터스! 페스츄리가 정말 너무 맛있었고, 안에 필링도 심하게 달지 않고 부드러워서 좋았습니다!",010000000000
늦은 시간까지 운영해서 좋아요,000000001000
메뉴도 다 건강한 느낌인데 무엇보다 맛있어요!! 성수놀러오면 또 올거 같아요,000000000000
프레첼도 맛있는데 제주 호지차가 정말 미쳤어요. 찐하고 맛있어서 정말 잘 먹었습니다. 다음에도 성수 오면 완전 재방문 각 100주차할 곳은 없고 화장실은 건물에 있습니다!사람이 많아서 앉을 곳은 없지만 포장 하면 금방 가져갈 수 있어요!,110000200002
이색 카페 보다가 가봤는데 넘나 좋아써용!!! 커피도 맛있고 색칠하는것도 재밋구...,100000010000
서울 베이글집중 최고 오랜만에 먹었는데도 진짜 감동이에요. 전 단팥베이글 좋아합니다. 코끼리베이글만의 수제 단팥 진짜 맛있어요. 성수점에 평일날 일찍 가니 플레인 마음껏 살 수 있어서 더행복하고 매장이 커서 그런지 베이글이 계속 나와서 도 좋았어요. 자주 가야겠다. 진짜 감동의 베이글,010000100000
베트남에서 먹은 망고랑 맛이 정말 흡사해요... 야쿠르트 슬러시도 넘 맛있었구 특히 빙수가 이 가격에 이런 맛은 정말 말도 안 될 정도로 놀라웠어요!!,100010000100
잠봉뵈르 한입먹고 또 예약했어요. 진짜 인생 빵집,010000000000
샌드위치 소스가 너무 과해서 빵이 눅눅하고 느끼했습니다.,020000000000
얼그레이 향이 너무 인위적이라 화장품 냄새처럼 느껴졌어요.,000200000000
녹차 라떼 가루가 다 안 풀려서 덩어리진 게 씹혀서 불쾌했어요.,200000000000
"로투스 처돌이 울어요,,, 커피도 맛있고 디저트도 물리지 않고 끝까지 맛있게 먹었습니당! 매장도 깨끗하고 사진도 잘 나오고 전시도 재밌었어요",100001110000
빵은 오후 늦게 가면 마감 할인도 가끔 하는 것 같아요.,000000000300
가격은 사악해요 감성으로 먹어요,000000010200
따뜻한 분위기의 공간이고 디저트가 너무 맛있네요,000001010000
검색해서 찾아간 만큼 맛난 아인슈페너 크림이 진짜 쫀득해요,100000000000
가격대비 맛별로에요. 다음에 다시오지는 않을듯 싶네요.그리고 불친절합니다.,000000002200
유튜브 보고 가고싶었은데 와서 넘 좋랐아요 푸딩도 완전 맛있고 인테리어도 깔끔해서 예뻐요!!,000001010000
케이크에 과일이 가득 들어있어서 좋아요! 과일도 신선하구 맛있습니다,001010000000
직원분들도 친절하시고 쾌적하고 좋았습니다.,000000101000
소시지를 직접 만든하고 하여 갔는데 빵종류 다양하고 소시지 스튜 맛있어요.,010001000000
바나나푸딩토스트 피버바스무디no sugarsugar,330000000000
크림치즈 라떼의 치즈폼이 짭쪼롬하면서도 진득한 것이 너무 맛있어요. 레몬 칵테일은 상큼한 레몬맛이 기분좋게 만들어줍니다. 베리 치글은 빵이 아닌 치즈케이크라는 것이 신기한데 엄청 꾸덕꾸덕한 식감이 너무 좋았고 상큼한 베리 크림치즈를 잔뜩 올려먹으면 훨씬 더 맛있습니다. 치글은 선물하기에도 좋을듯.,101000000010
분위기 좋고 음료랑 디저트도 맛있어요,000001010000
버터소금베이글 너무 맛있어요! 소금빵에 미쳐있는자로써 완전 강추 !!,010000000000
성수동에서 약속 있어 시간이 남아 방문해보았는데 혼자 책 읽기에 너무 좋은거같아요 !... 직원분도 너무 친절하시고 다정하십니다,000000011000
인생 치아바타 바게트만 먹다가 한동안 플레인 치아바타로 갈아탔는데 진짜 여기만큼 고소하고 쫀득거리는 데가 없음,010000000000
플디 케이크 두번째 이용하고 있어요,003000000000
많이 붐비지 않아서 좋아요 !!,000000000001
맛있어요! 건강한 맛,000000000000
초코 코팅이 입에서 겉돌고 저렴한 초콜릿 맛이라 별로였어요.,000200000000
호밀빵 특유의 거친 느낌이 있는데 호불호가 갈릴 듯해요.,030000000000
마들렌 맛은 어디서나 먹어볼 수 있는 평범한 수준입니다.,000300000000
가족과 함께 즐거운 시간 보냈어요. 곰돌이 케이크가 특히 인상적이었어요 개귀여움,001000000000
첫방문 차일디쉬 소금빵 붕어빵 음료 모두다 맛있었습니다 성수역 방문하시면 꼭 들려야하는 곳입니다,110000000000
디저트가 맛있고 화이트 인테리어라 이쁘네요!! 음료는 쏘쏘 테린느 기대하고왔는데 맛있네요!!,300001010000
미국이랑 일본에서 먹었던 맛이랑은 조금 다르네요 우유는 상하목장이라 좋았습니다,300000000000
매장이 넓고 깔끔하고 시원해요! 사진이 잘나오고 커피도 엄청 맛있어요!,100000110000
동네아지트너낌. 커피도맛있고. 친절하시고.,100000001000
공간이 아기자기하고 귀여워요 소금붕어빵 맛있어요 망고빙수 양도 엄청나고 최고에요,010010010000
사람이 많아도 주문 처리가 타지점에 비해서 빠릅니다.,000000001001
크림커피와 브라운치즈의 조합이라니 맛없없!! 크림도 너무 달지않고 커피와 잘 어울려요 직원분들도 너무 친절하게 응대해주시고 종종 재방문 할것같아요 다만 인스타갬성의 의자와 테이블 높이가 같은 좌석이 메인이라 다른자리 이용하긴했어요 날 좋으면 밖에서 마시는 것도 분위기 있을것같아요!,100000211000
오후부터 저녁까지 저 천장 조명이 너무 예쁨.. 무슨 캠핑 온 것 같음 음료 맛있음 매장은 시끄러운 편 재방문의사 있음 재재방문의사는 없음,100000010002
디저트 티라미수 너무 맛있어요 !!! 사과에이드도 완전 추천 !! 단체방이 있어서 아늑하니 좋습니다,101000110000
케이크가 너무 맛있어요 ! 운 좋게 대기도 없이 들어왔답니다아,001000000001
너무 친절하고 맛도있어서 또 가고 싶은 카페 쑥티라미슈 맛있었고 차도 블렌딩해서 음료같은류도 있어서 좋았어요 웨이팅했지만 있는동안 친절하고 편하게 있었네요!,101000001003
연무장플랫은 강릉 초당커피랑 약간 비슷하고 핸드드립도 좋아요. 향부터 산미가 제대로입니다.,100000000000
세상 대존맛 수플레..!!!!!!! 퐁신 퐁신 부드러운 딱 맛있는 펜케이크에요 성수 오면 무조건 들려야할 필수 코스!!!!!,001000000000
크로와상이 차가운데도 아주 맛있네요. 갓 나온 빵 맛이 궁금하네요,010000000000
"순간이 지나갈 정도로 집중이 잘되는 공간이었고, 색다른 재미를 즐길수 있어서 아주 좋았습니다",000000110000
딸기케이크랑 밀크레이프 너무 맛있어요... 이메리카노는 진하게 해도 많이 안 쓰고 조았어욤,101000000000
카페감성 넘 좋아요!!! 친한언니랑 사진도 재밌게 찍었습니다 딸기연유라떼 넘 맛있어욤,100000010000
역시 커피맛집입니다,100000000000
생일이라고 말씀드렸더니 조그만 초를 서비스로 꽂아주셨어요.,000000001000
그러니까 꼭 드셔보세요!! 너무 맛있숩니다 빵 빨리 품절되니까 얼른 가세요!!!,010000000002
고양이식빵 구매하러 방문 주말 낮시간이었는데 대기 길지않았으나 배달인지 포장인지 주문 많이들어와서 정신없는편,010000000002
자리마다 넓직하게 되어있어서 좋아요!! 창문도 통유리로 되어있어서 탁 트인 느낌... 커피도 맛있고,100000110000
천연 발효종을 써서 그런지 빵이 담백하고 소화가 잘 돼요.,010000000000
가격이 좀 비싸지만 진하고 맛있습니다. 빵은 안먹어봤지만 맛있어보이는 빵들 많아요,110000000200
땅콩버터 고소하니 너무맛있고 음료도 바나나푸딩토스트도 맛있어요!!!,110000000000
오랜만에 갔는데도 디저트 여전히 맛있어요,000001000000
매장 자리 여유있고 케이크도 맛있게 먹었어요 화장실도 깨끗했구요!,001000100000
"통창이라 분위기 너무 좋고, 직원분들도 엄청 친절하세요... 테이블이 좀 낮고, 매장이 큰 편은 아니라서 간단한 작업 정도만 가능할 것 같습니다.",000000211000
샌드위치 포장이 깔끔해서 피크닉 갈 때 들고 가기 편해요.,000000000010
사람이 짱많아요 대기가 많았어요,000000000002
입장 알림 카톡을 받고 5분 안에 안 오면 취소된다네요.,000000000003
디저트가 너무 예뻐요..음료도 맛있어서 성수 최애 카페 바뀔 거 같아요!!!!!,100001000000
초코 무스가 아주 진하고 부드러워서 스트레스가 다 풀립니다.,000001000000
원두 선물 세트는 매장에서 직접 골라 구성할 수 있습니다.,000000000030
여기 굿즈랑 같이 포장하니 더 근사한 선물이 되더라고요.,000000000010
궁금했던 맛들 말차와 라벤더로 골라봤어요! 너무 맛있는데 상대적으로 건강한 편이라고 하니 완벽한 여름 디저트였습니다 쫀득쫀득 식감도 좋아요!! 다른 맛들도 궁금해서 재방문해봐야겠습니다,000001000000
"커피도 맛있고, 최애 얼그레이무화과가 너무 맛있어요",100001000000
직접 만든 빵이라 더 맛있어요.,010000000000
"예쁘고 맛있고 다 하는 동네 갬성 카페. 특히 요즘같이 더운 날씨엔 톡 쏘는 시원한 콤부차가 딱이에요! 꽃잎도 올려져 플레이팅까지 예뻐서 눈도 입도 호강하는 기분이었습니다. 디저트 맛집으로 유명해서 기대했는데 휘낭시에나 마들렌, 우드쿠키 전부 맛있었어요! 디저트 러버들 꼭 도장깨기 해보세요.",100100010000
망빙이랑 붕어빵 먹었는데 생각보다 더 맛있었어요. 붕어빵은 겉바속촉 달다구리하고 망빙은 상큼해서 잘 어울렸어요!,010010000000
맛있어여 근데 줄서서 사먹을맛은 아닌듯... 그리고 빵을 자유롭게 둘러볼수있눈분위기가 아니고 그냥 가면 무조건 하나는 사서 나와야될꺼같은 좁은 카운터가 있습니다.... 당황이여,010000200002
베이글 빵 맛있고 샌드위치도 맛있습니다!! 가게도 쾌적하고 좋아요,010000100000
길거리 간식의 고급버전 맛있는데 대기시간 발생시 다음 방문이 나은 선택,000000000002
매장도 넓고 깨끗하고 엄정 친절해요 또오고 싶은 메가네요,000000101000
성수 올 때 마다 들려요,000000000000
시그니처커피 초코가 들어가 이주 달달해요 바닐라커스터드 프렌치토스트 이쁘고 바닐라커스터드 크림이 너무 맛나요 촉촉하니 부드러운 맛 브렉퍼스트는 잼이 세종류 골라먹을수 있어서 좋네요 다른 메뉴들도 먹어보고 싶네요 브런치 맛집이예요,110001000000
전체적으로 색감이 조화로워서 마음이 편안해지는 공간이에요.,000000010000
사람들이 많음에도 빠른 음료 제조,000000001002
"다쿠아즈 쫀득하고 맛있어요! 카라멜 다쿠아즈는 달고나 맛인데 필링이 진하고 쫀득한 식감이 좋았어요. 딸기레몬맛은 너무 새콤해서 안 어울리는 느낌이었고, 쿠키는 저한테 너무 달아서 별로였어요. 레드벨벳 쿠키는 안에 화이트초콜릿이 너무 많아서 그냥 엄청 단 화이트초코쿠키 맛이에요.",000303000000
쉽게 접할 수 없는 디저트를 성수동에서 먹게되어 기쁩니다 친구와 재방문 의사가 있습니다,000001000000
아메리카노가 고소하고 적당히 깊어서 맛있어요 기본 아메리카노가 맛있어서 그런지 천상가옥 시그니처 커피 꾸덕꾸덕하고 달달하니 꼬수워요! 완전 추천! 크림치즈 브라우니도 꾸덕꾸덕 진득하니 달달하고 생크림 스콘 담백한 단맛이라 좋았어요,100100000000
좌석도 괜찮고 시원했고 사장님도 넘 친절하셔요!! 커피도 맛있습니다 굿굿,100000101000
주차 등록은 나갈 때 직원분께 차량 번호를 말씀드려야 해요.,000000300000
따뜻한 아메리카노가 맛잇었구요 다양한 분야의 도서들이 있어서 선택의 폭이 넓었고 분위기가 차분해서 좋아요,100000010000
어니언스프 맛있어요. 바게트빵 맛집. 파스타 맛집,010000000000
젤라또 식감이 아주 쫀득하고 원재료의 맛이 잘 살아있습니다.,000001000000
"제가 자허블 가끔 늦게 가져오면, 블랙티백이 너무 많이 우러나서 써서 시럽을 조금 더 넣고 먹을때가 잇어요 직원분이 친절하게 자몽시럽도 더 추가해주시고 저에게 맞는 티로 만들어주셔서 너무 잘 마셧습니다",100000001000
망고케이크 픽업 하러 왔다가 넘 예뻐서 사진을 안 찍을수가 없었던... 쿠키도 못참고 먹었는데 넘 맛나고 예뻐요,001100010010
맛좋고 가격좋고 분위기좋아요,000000010100
분위기가 좋고 디저트도 괜찮아요,000001010000
친구가 알바해서 인사하러 갔는데 사장님이 주셨어용 평소에도 자주 사먹는데 사장님 넘 감사드립니당 번창하세용!!,000000001000
빨리 나와서 늘 넘 좋아요!!,000000001000
티라미수 쿠키는 처음 보는데 아이디어가 좋고 맛도 훌륭해요.,000100000000
케이크 예쁜데 맛도 있어용 ! 커피도 최고입니당,101000000000
라떼 넘 맛있어요!! 인테리어도 이쁘고 짱짱,100000010000
프롤라에서 시그니처 및 라떼 메뉴 주문했습니다. 제조하시는 분이 외국인이라 이색적이었습니다,100000010000
앤티크해리포터따뜻한 크리스마스 느낌이 가득한 브루크... 티라미수랑 브루크 크림이 정말 미쳤습니다...,101000011000
팝업스토어 대기를 하다가... 매장도 엄청 넓고 케이크가 비주얼이 좋아서... 아이스 아메리카노도 진하고 고소에 가까운 커피여서 내 입맛에 딱 맞았고,101000100000
트리치즈케이크... 말차앙금과 치즈케이크의 조합이 새롭고 괜찮았어요! 약간 목 막히는 것 빼곤 맛있게 먹었어요... 파티션으로 나뉜 곳에 배치된 테이블 자리는 앉았을 때 앞으로 쏠리는 느낌이 있어서 약간 비추,001000210000
케이크 장식이 사진보다 너무 부실해서 성의 없어 보였습니다.,002000000000
부모님이랑 같이 와서 먹었는데 정말 만족스러웠습니다! 분위기도 좋고 음료도 새로운 맛이라서... 직원들도 너무 친절하시어,100000011000
지나가다 발견해서 먹었는데 인생 에그타르트집입니다 마싯어용,000100000000
아기자기하고 귀여운 소품들이 많아서 소품샵 구경 온 것 같아요.,000000010000
땅콩버터스프레드 사러 성수동 온 사람 나야나! 이전에 한 통 구매해서 먹고 있는데 다 먹어가서 사러왔어요 이번에 혜자스러운 용량과 금액이라 대용량으로 두 통 구매했어용!,010000000100
지나가나 예뻐서 들어왔는데 아인슈페너 맛있고 케이크가 진짜 대박이네요 비쥬얼도 너무 예쁘고,101000010000
케이크 상자에 창이 있어서 내용물을 미리 볼 수 있어 좋음.,000000000010
냉장 보관을 제대로 못하고 나중에 먹느라 머랭이 좀 녹긴 했었지만 맛은 정말 맛있었어요! 케이크 디자인도 예뻐서 생일 축하할 때 먹기 조아요,001000000000
"다양한 커피로 체험하게 되니 재밌어요,제과기능장님 빵이라 그런지 오후에 다 판매가 되서 먹어볼 수 없었음이 아쉬움!",120000000002
가격대는 있지만 라떼맛있네요.. 디저트는 별루...,100002000200
조명이 너무 밝지 않고 눈이 편안한 조도라 장시간 머물기 좋네요.,000000100000
25개월 아기랑 방문을 하였는데 빵도 부드럽고 커스터드 크림이 달달해서 아기가 너무 잘먹었어요 요즘 노키즈존인 브런치샵이 많은데 아이와 방문할수있어서 좋았어요,010000010000
너무 마싯고 분위기 짱 좋아요.. 힐링하다 갑니당,000000010000
"원두 선택할 수 있는 게 장점인데, 산미 있는 원두가 정말 신선해요.",100000000000
수플레가 진짜 맛있네요. 과일도 신선하고 아메리카노도 고소하고 맛있어요.,100001000000
웨이팅은 있었지만 금방 사람 빠지고 친절하시고 맛있어요!!,000000001003
기대하고 주문한 홀케이크인데 맛이 너무 평범해서 돈 아까움.,002000000000
커피가 맛있고 사장님이 친절해용 케이크도 너무 예뻐서 보는 재미가 있었어요,101000001000
계절마다 디저트 라인업이 바뀌어서 매번 새로운 맛을 느낄 수 있어요.,000001000000
수플레가 맛있었음. 그리고 커피도! 핸드크림도 계산하는 곳에 세종류 구비되어 있어서 손 닦고 맘에 드는 향 골라서 바르면 됨. 일단 커랑 수플레가 맛있어서 맘에 드는데 좌석이 불편함. 우리가 아는 그 인스타카페용 테이블이랑 의자임. 테이블은 개 낮고 등받이 없는 자리거나 아니면 사극중드에 나오는 것 처럼 테이블 하나 가운데 두고 옆으로 앉아서 얘기 해야함.,101000200000
맛은 제가 살면서 먹었던 소금빵 중에서 젤 맛있었용 버터향이 가득하고 쫄깃하니... 포장이라 그런지 생각보다 빨리 받을 수 있었어요,010000001010
여기 음료가 진짜 최고!!! 커피 맛이 사장님도 친절하시고 유쾌하셔서 좋아요,100000001000
휴무라 평소 성수동을 관심있게 보다 플로라카페 커피맛이 너무 궁금하여 드디어 방문!! 애플파이 대박입니다 에스프레스 커피의 크림은 너무 부드럽고 맛있어요 다음에도 또 방문 예약합니다,110000000000
매장도 깔끔하고 아주 좋네요..,000000100000
레터링케이크는 이제 좀 지겨워서 특별하고 이색적인 케이크 찾다가 발견했는데...,001000000000
"저희집 빵순이가 너무 좋아하는 베이킹스튜디오에요 설연휴에도 영업하신다고 해서 다녀왔어요 빵을 안좋아하는 저도 먹게되는 곳이랍니다 더 자세한 리뷰는 인스타그램 4sik9.story 에서 확인하실 수 있어요 인스타 오셔서 맞팔도 하시고, 소통하며 함께해요",010000000000
블루보틀은 아직도 웨이팅이 있더군요. 뉴올리언스와 싱글오리진 드립커피를 시켰는데 뉴올리언스 라떼보다 달달함이 강해서 마치 우유 커피우유를 연상시키는 부드러움과 달콤함이었어요. 드립커피파푸아뉴기니 고소함 끝에 산뜻한 산미가 이어지는 맛이에요. 보통 산뜻한 다음에 고소함이 이어지는데 신기하게도 반대의 맛이나는 커피!! 맛있었어요,100000000002
"귯귯 서울숲쪽으로 이전하여 멀어졌지만, 더더 잘되는 것 같아 보기 좋아요",000000000000
엄청커요 햄버거같음 하나먹으먄 배불러용 좀느끼해서 아아 필수,010000000000
에그타르트지는 페이스트리 형태라 가루가 좀 떨어지는 편입니다.,000300000000
직원 분도 너무 친절하시고 음료도 너무 맛있어서 다시 방문하려고요,100000001000
친구들 생일이라 간단하게 케이크 하나 사려고 방문했어요 맛있었고 색감이 이뻐서 좋았어요,001000000000
성수 놀러왔다가 사람도 많고 맛있어보여서 들어가서 인기메뉴 먹어봤는데 너무 맛있어요!!,000000000002
가게도 너무 예쁘고 분위기도 좋아용 빙수는 처음에 너무 비싼가 싶었는데 진짜 먹어본 빙수 중에 가장 맛있고 양도 엄청 많아요!!,000010010300
성수동 카페 forest 망고말차라떼 존맛탱 요새 말차에 꽂혔는데 망고와 함께라니 맛이 귀엽고달달한 삼층 빈백라운지 층으로 꼭 가세여!!!!!! 시원하고 인테리어도 예쁘고 사진 잘나와요 분위기도 좋고 음료도 맛있는 곳,100000110000
인테리어 너무 예쁘고 음료가 맛있어요,100000010000
맛있는 디저트 때문에 다음에 또 방문하고 싶습니다!,000001000000
저녁에 가볍게 칵테일 한잔하기 좋아요,100000000000
블루보틀은 처음인데 커피도 분위기도 좋습니다.,100000010000
맛과 향이 일품 가격은 쫌,000000000200
케이크가 맛있어요 공간이넓어요,001000100000
인테리어가 너무 낡아서 감성이라기보다 그냥 허름한 느낌이에요.,000000020000
전체적으로 덜 달아서 좋았어요 기대를 너무해서 그런가 빵 시트나 크림이 좀 덜 부드러워서 아쉬웠어요,020000000000
커피와 아이스림 맛있네요,100001000000
고양이가 너무 귀여워요!!!! 초콜렛우유도 맛있고 아늑하고 좋습니다,100000010000
깨끗하고 친절합니다 가성비 좋아요,000000101100
반려견과 함께 커피 마실 수있는 곳이에요 브런치 맛있고 애견용 메뉴도 다양합니다,000000100000
망고빙수 완전 맛있어요!!! 대박 제가 먹은 것 중에 제일 맛있어요 평일 오픈런 해서 바로 들어왔습니다! 진열되어있는 복숭아향도 완전 좋아요 .,000010000001
초코바나나가 맛잇어요 사람이 넘 마나서 분위기를 즐기기 힘들엇네요,000001000002
분위기가 좋고 음료랑 디저트가 맛있어요,100001010000
케이크 너무 예쁘고 만족스러워요 담에 또 이용할게요!!,001000000000
성수 오로라 올만에 들렸네요 곰돌이 빵 넘 귀여워요!! 곰돌이카노도 완전 귀여워요,110000000000
피크 타임 지나서 가니 웨이팅도 없고 조용해서 딱 좋음.,000000000001
디저트 메뉴 설명이랑 실제 나온 거랑 너무 달라서 당황했어요.,000002000000
테이크아웃 컵 홀더가 디자인도 예쁘고 그립감도 아주 좋아요.,000000000010
커피맛이 좋고 분위기도 아주 좋았습니다.,100000010000
딸기케이크 정말 너무 맛있습니당,001000000000
배경 음악은 가요랑 팝이 섞여서 평범하게 흘러나옵니다.,000000300000
깜빠뉴는 서울에서 젤로 맛있습니다!!,010000000000
소금빵 맛있어요!!,010000000000
완전 짱짱 맛있구 분위기도 좋아서 너무 좋았어요... 딸기케이크도 진짜 맛있구 파르페도 완전 맛있어요...,001001011000
사장님이 미쳤어요. 너무 맛있습니다. 진짜 이렇게 맛있는 빵 우리나라에서 처음 먹어 봅니다.,010000001000
언니랑동생이랑놀러와서 맛있는커피한잔 좋은추억만들고갑니다,100000000000
커피가 정말 맛있어요! 카페가 미니멀하고... 디저트인 앙버터 빵 정말 맛있습니다,110000010000
에스프레소 소금빵 맛집입니다 실버 메탈 컨셉 인테리어도 너무 깔끔해요,110000010000
오퍼레이션이 아쉽습니다 먼저 와서 기다렸는데 뒤에 사람들 먼저 주문 받아주셔서 케익은 비싼만큼 맛있어요,001000002300
자꾸만 먹게되는 에스프레소,100000000000
비 오는 날 우산을 털 수 있게 먼저 도와주시는 모습이 친절했어요.,000000001000
비싼 가격에 비해 퀄리티는 편의점 케이크랑 다를 게 없네요.,002000000000
동네 카페맛집 인정입니다... 자주 이용해요,000000000000
사장님이 너무너무 친절하셔서 너무 좋았구요 디저트가 정말 맛있어요.. 음료도 너무 맛있고,100001011000
짐이 많았는데 자리를 넓은 곳으로 안내해 주셔서 편하게 쉬었습니다.,000000001000
아무도 없을땨 와서 넘넘 좋아요.,000000000001
보리 리조또가 맛있어서 자주와요!,010000000000
샌드위치 가격은 한 끼 식사 비용 정도라고 보시면 돼요.,000000000300
키치한 인테리어 덕분에 분위기도 너무 좋고 처음 접해보는 베이글 모양 치즈케이크인 치글은 정말 신선했어요! 누가봐도 베이글 같은데 음료도 맛있고 담에 또 방문하려구요,101000010000
"와.진짜 흑임자 미쳤어요 도른맛 핵맛있어요 진짜 사랑에 빠진것같아요 ... 특히나 라떼랑 크로플은 꼭먹기,,",100001000000
케이크도 맛있고 커피도 진하고 맛있어요,101000000000
맛에 대해 컴플레인 하니까 원래 그런 거라고 쏘아붙이네요.,000000002000
분위기가 좋고 특별한 음료를 팝니다. 다음에 또 올 생각입니다.,100000010000
분위기 좋고 아이스크림 와인 조화가 너무 좋아요,000001010000
비가와서 웨이팅 없이 구매 달지않고 담백하게 맛있네요 픽 클래식,000000000001
베이글 맛있고 분위기 좋습니다 !,010000010000
"알바생들이 너무 싸가지없어요,,,,,갈때마다 기분 나빠요 친절까지는 아니더라도 기분 나쁘게 만들필욘 없을꺼같은데 아쉽네요",000000002000
당근 케이크에 견과류가 씹히는 평범한 스타일의 케이크임.,003000000000
카페 인테리어 분위기 따뜻하고 좋아요! 디저트도 넘 맛있어용,000000010000
커피랑 베이글 너무 맛있어요!!! 추가로 또 사먹음,110000000000
베이글이 쫀득하고 너무 맛있어요,010000000000
주말 대기가 엄청나네요 바로 테이크아웃은 가능합니다 커피 맛있고 쿠키 빵 다 맛있어욥,110100000002
너무너무 분위기가 좋아요. 바와 카페 그 중간!! 성수동 오면 꼭 방문 또 하고 싶어요,000000010000
맛잇고 친절하시구..분위기도 조아요 브런치 먹기에 딱!,000000011000
남자들은 알지 못하는 그 무언가 좋다니 됐다,000000000000
남편이 맛집 블로거여서 좋은 카페를 많이 다녀왔었는데 빵과 커피가 손에 꼽을만큼 매우 맛있었습니다. 방문하길 정말 잘 했고 아미로써 행복한 시간이었습니다 누구에게나 추천할 수 있는 카페에요 다음에 또 올게요,110000000000
카페라떼가 맛있었고 전체적으로 따뜻한 느낌의 카페였어요.,100000010000
성수 브런치 맛집 메이플탑 양도 많고 테라스 좌석이 있어 오후에 여유부리기 딱 좋은 브런치집이에요!... 프렌치 토스트가 특히 맛있어요,010000100100
좌석이 많은 편이라 편하게 먹었어요.,000000100000
"오랜만에 성수에 와서 머물 카페를 찾다가 디저트에 이끌려 방문하게 되었습니다. 바나나 브륄레 콜드미수9,000 티라미수가 원래 이런 음식이었구나 생각이 들 정도로 티라미수의 정석 그 이상이었어요. 바나나 겉표면에 설탕을 뿌리고 태우셨는지는 모르지만 식감이 좋았고, 커피 베이스의 크림에 마스카포네 크림치즈의 조화가 제 취향이었습니다. 샷말차라떼6,500 워낙 말차와 에스프레소가 섞인 음료를 좋아해 찾아 먹는데, 에이투비에도 샷말차라떼가 있어 좋았습니다. 라떼아트도 정말 예쁘게 잘 만들어주셔서 제대로 된 커피를 먹는 기분이었어요. 오픈키친 형식으로 되어 있어 정리하고 설거지하는 소리가 잘 들리더라구요. 조용히 머물기에는 힘들겠지만 생동감 있는 카페 분위기라 좋았습니다. 또 방문하고 싶습니다.",101000210000
"직원분이 나오셔서 포장줄, 좌석줄 안내해주시고 빵특징까지 간략하게 설명해줘서 좋았습니다. 빵이 탄탄촘촘(?)하고 쫄깃 부드러운 식감이었어요.",010000001000
너티클라우드 신기한맛!,300000000000
디저트 맛은 그냥 평범한 수준인 것 같아요.,000003000000
야경이 정말 멋진 곳이라 저녁에 데이트 코스로 강력 추천해요.,000000010000
분위기도 좋고 매장도 꽤 넓어용 데이트로 딱,000000110000
분위기 넘나 좋구요 음료도 쿠키도 맛잇어요,100100010000
타르트가 흔들리지 않게 전용 틀에 담아주셔서 무사히 도착.,000000000010
제 최애 소금빵 맛집이에요 겉바속촉 바게트 식감 정말 최고에요,010000000000
힐링공간.. 바람이 솨아아 불어서 나무가 흔들리는 장면이 기억에 남습니다. 다만 공간 내부에 함께 이용하시는 분 운이 잘 따라주면 더 좋은 경험 가능할 것 같아요!,000000010003
커스터드 푸딩이 편의점 쁘띠첼이랑은 차원이 다르게 탱글탱글하면서도 입안에서 사르르 녹아내리는 게 진짜 JMT이라 순삭했습니다.,000001000000
너무 맛나용 여기 오면 스트레스 풀려요,000000000000
우연히 지나가다가 들렸는데 넓고 깔끔해서 너무 좋아요 커피도 맛있어요!!,100000100000
"너어어어어어어무 맛있어용 딸케,,,",001000000000
"늦게 와서 타르트를 못 먹었지만, 커피도 너무 맛있고 분위기도 좋아요! 다음에 또 와서 꼭 꼭 타르트 먹을거에요!",103000010000
올리브가 듬뿍 들어간 포카치아가 짭짤하고 아주 쫄깃합니다.,010000000000
잼 종류를 다양하게 즐길수있어서 좋았어요! 추천합니다,000001000000
날씨가 좋아서 나들이하려고 왔는데 카페가 너어무 예뻐요 내부가 넓고 해가 잘 들어와서 기분이 너무 좋았어요! 딸기 티라미수.. 꼭 먹어보세요 진쨔 맛있어요 에이드도 4월까지만 한다고 해서 먹어봤는데 리치 맛이 킥이네요... 시간 너무 잘 보내고 가요! 또 오고 싶어효,101000110000
나만.가고.싶어요. 나만. 알고. 싶어요.,000000000000
분위기도좋고맛있어요,000000010000
수제 양갱이라 그런지 과하게 달지 않고 식감이 아주 고급져요.,000001000000
바게트 종류가 정말 클래식하고 맛있어요. ... 개인적으로는 잠봉뵈르가 가격대비 만족도 제일 높네요.,010000000100
"치케는 너무 맛있었지만, 카페에 와이파이가 없는 건 좀 놀랐네요하나 달아주시면 좋을 것 같아요",001000200000
아침 일찍 오픈해서 좋구 너무 예쁘고 맛있었어요,000000010000
성수 브런치식당으로 탑인거 같아요 여기!!!... 음식 나오는 속도도 빠르고 좋았습니다 다만 가실땐 예약하고 가는걸 추천 드려요!! 그리고 이정도면 가성비도 착한거 같네요,010000001103
수플레 퐁신퐁신하고 너무 맛있어요!! 인테리어도 예어서 담에 또 올 것 같아요,001000010000
메뉴판에 없는 조합도 가능하냐고 물으니 흔쾌히 해주셔서 좋았네요.,000000001000
"커피, 디저트 모두 맛있어요 매장도 깨끗해서 좋습니다",100001100000
근처 최애 빵집 중 하나입니다! 빵이 되게 맛있어요!! 모든 빵이 다 맛있지만 저는 소금빵이 최애입니다!,010000000000
"늦은 오후에 갔더니 저의 최애 바게트가 품절이네요. 성수 베이킹 스튜디오도 자주 오는 곳입니다. 주로 바게트를 사고요, 바게트 없는 날은 치아바타를 들고와요. 친구가 성수동 놀러와서 빵 사주려고 들렀을 때는 핫플임을 실감했어요. 주말에는 대기타야합니다. 친구 선물로는 퀸아망, 잠봉뵈르, 크로와상을.. 사실 뭘 골라도 맛있으니 빵순이 빵돌이들은 꼭 들러보세요.",010000000012
넓고 깨끗해요 자주갈 것 같아요!,000000100000
페스츄리가 바싹하고 안 달고 넘넘 맛있었어요,010000000000
잠봉뵈르랑 깜빠뉴 먹었는데... 무화과 깜빠뉴는 진짜 정말 넘 맛있어요,010000000000
굿굿 너무 맛있어용,000000000000
분위기도 넘좋고 커피가맛있었어요 다만 장소가 조금 좁아용,100000210000
웨이팅 하는 동안 메뉴판 미리 보고 있으면 시간 잘 가요.,000000000003
"정말 친절하심, 평일 4시 기준 블루베리 솔드아웃, 멜로워 포인트 베통에서 이어서 쌓기 가능함",000000001000
"성수에 이렇게 힙하고 분위기 좋은 카페바가 있다는 게 너무 행운이네요 위스키도 맛있고 음악, 분위기, 맛 어느 것 하나 빠지지 않는 완벽한 곳입니다!",100000010000
프레지에 넘 맛있어요... 여기 프레지에 먹으면 딴 곳에서 못 먹어요!,001000000000
과일 샐러드 야채도 싱싱하고 과일 종류가 다양해서 좋았습니다.,000010000000
재밌었어요 다음 방문 땐 다른 그림도 그리고 싶은 욕심이 생기네요,000000010000
사장님 너무 친절하시고 아늑한 분위기에서 맛있는 디저트 먹고갑니다 !,000001011000
평점이 좋아서 들렸는데 평점높던 깜파뉴도 soso했어요. 보통맛. .평범한거에 비해 가격대가 좀높네요. 빨미까레가 초코렛땜에 제일 나았어요,030100000200
메뉴가 빨리나와서 좋았습니다,000000001000
비오는날 비를 피해 찾아가게 된 카페에요 성수역에서 가까워서 찾기도 어렵지 않았어요 카페가 넓고 시끄럽지 않아서 좋아요 음료는 생각하는 그대로 맛있어요 케이크는 귀엽지만 맛은 조금 아쉬웠어요,102000100001
인테리어가 아기자기하고 예뻐요 생일인 지인 데리고 가면 넘 좋을 것 같아요! 주말 피크 시간대에 갔는데 다행히 자리가 있었습미다! 럭키 !,000000010001
제가 연한걸 좋아하는 편인데 여기는 딱 적당한 말차가 들어가서 맛있었습니다! 친구는 말차를 안좋아해서 보리 크러쉬를 시켰는데 좀 신기한 맛이었어요 처음 마셔보는..맛?,100000000000
평일 낮에 왔는데 사람 별로 없고 여유있고 좋아요... 커피랑 모찌디저트류도 다 맛있어요!!,100001010001
구움과자 세트 박스 크기가 다양해서 예산 맞춰 사기 좋네요.,000000000010
빵 종류가 많고 다 맛있어요 건강빵도 많구요 음료도 맛있어서 자주 가요,110000000000
맛있어요!! 다음에 또 올게요,000000000000
주문하는 것 부터가 일입니다. 직원분이 계속 안오셔서... 청결해보이지 않아서 별로였습니다.,000000202000
서울숲에 벚꽃구경하러 온 사람들이 많아서 대기줄이 길었는데 생각보다 음료가 빨리 나와서 좋았어요,000000001002
매장이 작아서 대기줄은 밖에 있어야한다는것만 빼면..,000000200002
공간 디자인 짱 감각 짱 센스 짱,000000010000
너무 맛나용 브라우니는 완전 우유랑 잘 어울리고 블루베리는 완전 쉬폰케이크 느낌이에요,001100000000
디저트들이 너무 귀여워서 먹어보고 싶었는데 배불러서 포기 음료가 너무 맛있는 걸 보니 디저트도 맛있을 것 같아요,100000000000
안 되는점들이 많은 커피숍 와이파이 안됨 컨센트 없음 주차 안됨 그렇다고 커피맛이 더 낫냐? 아닌거 같다. 그냥 거품의 마케팅인듯....,200000200000
소금빵 밑면이 너무 기름져서 손에 기름이 잔뜩 묻네요.,020000000000
치즈케이크가 진짜 맛있었어요..!!! 분위기도 좋고 직원분도 친절하샸어용,001000011000
아침 일찍 열어서 따릉이 타고 운동삼아 들렀어요 오전 89시사이 음료 30 디저트 10 할인이라 저렴하게 이용했어요. 너티클라우드 고소하고 단짠의 조합이 좋은 커피네요. 생각보다 많이 달지 않아서 좋았어요. 아몬드 크럼블쿠키 고소함이 폭발합니다,100100000100
잼으로 이렇게 다양한 요리가 가능할 줄 몰랐어요식빵에 딸기잼만 발라먹던게 후회되네용 온 김에 매장에서 판매하고있는 애플시나몬 콩포트랑 바닐라마롱 잼도 샀어용 집에서도 맛있게 이것저것 해먹어보려구여,000001000010
소문대로 망고 빙수 크기도 어마어마 하고 진짜 너무 맛있네요!!! 망고 진짜 원없이 먹었어요!!! 여사장님도 너무 친절하시고!!,000010001000
분위기도 좋고 소금빵도 커피도 너무 맛있어요,110000010000
몇번 왔었는데 리뷰는 처음 써봐요 너무 맛잇는 곳이예요,000000000000
서울숲에 있는 카페 중에 조용한 곳이 별로 없는데 여기 적당히 조용하고 좋네요,000000000001
담에도 또 올거에용 넘 재밌었습니다,000000000000
에스프레소 의 맛도 밸런스가 좋고 우유가 고급진 우유라서 라떼의 조화가 좋습니다! 감각적인 인테리어도 기분을 좋게 만들고요!,100000010000
인테리어가 인상적임,000000010000
친절하시고 맛있어요,000000001000
와 인테리어 너무 예뻐요 음료랑 디저트도 다 맛있네요 성수에 이런 예쁜데 우연히 찾아서 자리 없을 줄 알았는데 테라스 자리에서 채광 받으면서 수다떠니까 좋아요,100000110000
모임하러 10명 왔는데 너무 좋아요 음식도 맛있고 분위기도 좋아요,000000110000
죠리퐁라떼 처음 먹어봤는데 맛있어요 끼니가 되네요!,100000000000
"인테리어도 멋지고, 뷰도 너무 이뻐요!! 추천합니당",000000010000
인테리어 별로고 그냥 먹을만 해.,000000020000
메가박스 성수점과 같은 건물에 있어요,000000100000
브라우니랑. 아이슈패너맛있어요!,100100000000
제 최애 샌드위치집이에요 진짜 세상 사람 다 먹어봤우면!!!!!!!,010000000000
가구들은 주로 이케아 제품인 것 같고 심플하고 무난해요.,000000030000
서울 여행에 우연히 들린곳 빵동 맛이고 분위기도 굿이에요,010000010000
"푸딩 스콘 진짜 너무 맛있어요 재방문 계속하신다는 이유를 알 것 같은 곳. 고민하다 추천받아서 먹게된 게 빅토리아스콘이었는데 진심 꼭 드샤보시길 바라는 마음. 디저트 아껴먹고 싶었던 적은 처음이에요..! 스콘 특유의 퍼석거리면서 휘날리는 느낌을 케이스에 담아서 깔끔하게 먹을 수 있는 것도 좋고 로투스, 계란과자 등 온겆 토핑에 빅토리아 스콘 자체도 밸런스가 아주 잘 맞아요,, 신논현 카페들 중에서는 정말 꼭 와봐야 되는 곳이라고 생각해요 ! 뒷골목으로 조금 나왔는데 신의한수. 아늑하고 편안한 티로 준비되는 민들레차 따뜻하게도 꼭 드셔보세요 꽃을 만드시는 샵이 샵인샵처럼 있어서 꽃차 시켜봤는데 종류 더 늘려주셨으면 좋겠어요.. 넘 맛있는 곳.",100101010000
"갑자기 에그타르트가 땡겨서 성수로 달려 갔습니다. 성수역 1번 출구 나오자마자 오른쪽에 똭 ! 당연히 에그타르트 성지 에낭 성수 정말 힙한 곳이죠 힙 그 잡채. 손님들로 항상 붐비는 곳. 성수동 핫플이 되어버린 베이커리 카페! 전국에 매장이 많이 있는 것 같더라고욧 친구, 지인들과 편안하게 대화누누기 딱 이죠! 물론 데이트 하기에도 너무 좋습니다 저는 에그타르트가 단연 1등! 너무 좋아합니다. 여기오면 핸펀을 들고 사진 찍고 싶어 안달이 난답니다. 이렇게좋은 세상 오래오래 살아야 하겠네요. 늘 감사하며 살고 있습니다. 간절히 바라고 원하면 할 수 있다고 생각합니다. 무슨 일이든 할 수 있다고 생각하는 사람이 해 낼테니까요.화이팅!",000100110002
커피가 정말 맛있습니다. 이정도 에스프레소를 이 가격에 주는 카페가 잘 없는데 이제 자주 방문할거 같네요.,100000000100
비 오는 날 천장에서 물이 한 방울씩 떨어져서 자리를 옮겼네요.,000000200000
해외에서 가보고 서울숲에도 생겼길레 와봤는데 인테리어 넘 이뻐요 그런데 커피 맛은 그냥 그래요...,300000010000
피넛버터 먹고싶을때마다 와서 사가요!! 존맛탱!!,010000000000
단백질 베이글은... 단백질파우더맛이 아주 강해서 놀랐습니다... 할미 케이크는... 하나도! 안 다니까 참고해주세요... 커피는 원두를 고를 수 있는데 산미있는 원두도 씁쓸함이 같이 느껴져요.,333000000000
꿀들어간 과일소프트콘. 성수동 소품샵 왔다가 들렸는데 맛나네요.,000001000000
위스키를 좋아하시는 분들에게는 최고의 선택 성수동에 오신다면 꼭 들려보세요 위스키와 위스키아이스크림의 페어링 세트는 최고,100001000000
재미있는 쿠킹이어써요. 휘낭시에 마있네요!,000100000000
타르트지가 너무 눅눅해서 바삭한 맛이 전혀 느껴지지 않아요.,002000000000
카페에서 나오는 음악 선곡이 너무 좋아서 분위기가 한층 더 사네요.,000000010000
소금빵붕어빵 소붕빵!! 겁나맛있습니다!,010000000000
냄새에 끌려서 4개 구매 너무 예뻐서 먹기도 아까워요,000000010000
어머니가 베이글을 좋아하셔서 서울 온김에 들렀는베이글 종류도 많고 매장 인테리어도 넘 예뻤어요,010000010000
베이글이 질기지 않고 쫄깃한 식감을 가지고 있어서 너무너무 맛있게 잘 먹었어요!,010000000000
리필은 안 되지만 샷 추가는 저렴하게 가능합니다.,000000000300
여름이라 덥고 모기가 덤벼대서 웨이팅 환경이 좋지 못해 보였음. ... 바질크림고구마 파니니 핵존맛!! ... 하지만 가격은 사악하다는 점,010000000202
완두빙쑥 사진 보고 호다닥 달려감. 주택 개조한 형태라 카페 입구 헷갈렸지만 내부 인테리어는 통창에 뷰는 없지만 모던하게 꾸며둠. 완두빙쑥 시켰는데 말차빙수?? 잘못 나왔는데 모르고 조금 먹음. 중간에 잘못 나왔다고 다시 바꿔주셨는데 깔끔하게 바꿔주셔서 좋았음. 완두빙쑥은 익숙한 완두 앙금맛 우유 빙수 조합. 예상한 그 맛이나 신선했음. 카라멜 모니카 아주 맛남! 테이블이 낮은 편. 의자 딱딱하고 오래 앉아있긴 어려운 카페.,000011211000
맛있어요 집앞에 젤라또 집 생겨서 기쁩니다,000001000000
자연도소금빵 연남에 생겨서 줄서서 먹어봤어여 가격도 착하고 퀄리티도 괜찮아서 또사먹을것같아여,010000000102
결혼하고 첫 생일이라 의미있는 케이크로 주문했습니다 너무 친절하고 케이크도 맛나서 다음에는 카페 방문하러 다시 오겠습니다!!,001000001000
요거트 맛이 다양하고 토핑이 싱싱해서 맛있어요! 블루베리맛 요거트 완전 추천합니다 일본인 분들이 아침부터 어엄청 많으셔서 신기했어요,000001000003
"젤라또 맛집이네요! 소금 올리브 젤라또라는 메뉴가 있어 시켜봤는데 너무 매력적이고 고급스러워요 완전 추천! 날이 좋아서 테라스 자리에 앉아서 더 좋았네요! 갑자기 웨이팅이 엄청 늘어나던데, 나이스 타이밍에 잘 즐기고 갑니다",000001100002
세상에 바닐라빈밀크 미쳐요 그동안 뭘 먹고 산거지 여기 좋아요!,100000000000
포장 대기 장소가 따로 없어서 길목에 서서 기다려야 했음.,000000000020
천상가옥 시그니처 커피랑 녹차크림라떼에 레몬파운드 시켰는데... 파운드 케이크도 크기가 커서 둘이서 하나만 시켜도 충분할 것 같습니다 안에 좌석도 많아서,100100110000
타르트들이 하나 같이 너무 이뻐요,001000000000
조용한 걸 원하시면 평일 오픈 시간에 맞춰 가시는 게 좋음.,000000000003
가격은 요즘 서울 카페 평균 수준이라 크게 나쁘지 않아요.,000000000300
망고빙수 시켰는데 생망고가 들어가서 맛있어요! 잘 익은 망고로 주셨고 빙수 얼음도 망고시럽? 뿌려주셔서 적당히 달고 맛있게 먹었습니다.,000010000000
망고빙수가 맛있어요!,000010000000
혼자 앉아서 아메리카노에 꽈배기 주문시켜서 편하게 쉬다가 갑니다! 꽈배기 너무 맛잇어여,100001100000
빵 맛있어요! 종류도 많고 좋아요,010000000000
아이랑 왔는데 너무 맛있고 2층에 자리도 넓고 쾌적해서 너무 좋아요 !,000000100000
잼 종류가 다양해서 너무 좋았어요!,010000000000
너무 정성스럽게 만들어주셔서 감사합니다 엄청 친절하시고 커피도 맛있게 먹었습니다,100000001000
인터넷에서 봐서 방문했는데 와보니 베이글들이 아기자기하고 너무 귀옆게 생겼어요!!,010000000000
치즈케이크 맛집이예요!!!... 인테리어 완전 내스탈!!!!!!!! 성수동 힙한 카페로 완전 추천해요!! 루프탑도 있고 갓벽한 카페임니둥,001000110000
연말 분위기 즐기러 오시기 너무 좋을 것 같아요! 사장님도 너무 친절하시고 특히 아이스크림 진짜 정말 너무 맛있어요,000001011000
토마토 타코파이 너무 맛있어요!!! 좋은 간식이에요!,010000000000
벌써 크리스마스 분위기 잔뜩나서 넘 좋았습니당 디저트도 다 달콤하고 맛나용,000000010000
바질캬라멜 아이스크림 라떼에서 바질향이 진하게 납니다. 복숭아 디저트도 맛있구 매우 만족!,100001000000
소금빵 맛집. 빵이 나올때까지 좀 기다렸지만 너무 맛있어서 기다리는건 문제가 되지않음. 오리지널 제일 맛있어요 1인당 2개 제한있어요,010000000003
쉬폰 케이크인데 구멍이 숭숭 뚫려있고 너무 푸석푸석함.,002000000000
손이 너무 느리셔서 아메리카노 한 잔 나오는데 20분 넘게 걸림.,000000002000
커피점빵일때부터 원두 사서 먹었던 곳 스타일은 그대로네... 라떼를 시켰는데 내 스타일이 아니라서 좀 아쉬웠다,300000000000
뷰가 좋고 말차라떼 맛잇네요,100000010000
지나치게 붐비지 않아서 분위기를 즐기기가 좋아요 다른 카페보다 독특한 메뉴가 많아서 참신했어요,000000010001
빙수가 너무 빨리 녹아서 나중에는 그냥 과일 국이 되어버렸네요.,000020000000
"연신내 해례커피 본점이 성수동으로 이전했다고 해서 방문해봤어요 노란 빛이 감도는 우드 톤에 유럽 감성을 한 스푼 넣은 듯한 인테리어로 따스하고 포근한 감성을 느낄 수 있던 공간! 수동식 커피머신을 이용한 커피와 화려하고 풍성한 케이크, 츄러스 모양의 도넛인 츄로넛을 선보이며 공간도 메뉴도 전보다 더 다채로워진 것 같아요",101001010000
빵도 맛있고 커피도 선택 가능해서 좋아요 분위기도 좋고 2층 테라스도 있어서 좋아요,110000110000
특이한 메뉴의 아이스크림이 있어서 왔는데 키링으로 주문하는 컨셉으로 되어있어서 더 재밌었어요,000003010000
망고빙수랑 수박주스 먹었는데 너무 맛있어요,100010000000
매장 넘 크고 조아용 커피두 점심땐데 후다닥 빨리 나왔어요,100000101000
직원분이 친절하게 설명해주셔 메뉴 선택할 수 있었어요! 놀라 디카페인 오트밀로 변경 고소함이 매력있는 커피였답니다,100000001000
역시 빙수는 기댈빙! 정말 너무 맛있고 진짜 인생 빙수집... 떡꼬치도 너무 맛도링,000011000000
매장이 청결하고 서비스가 좋아요! 음료부터 음식까지 너무 맛있었어요,110000101000
맛있어서 가끔 구매합니다.,000000000000
포장지부터 너무 예쁘고 대왕딸기 반가르자마자 딸기향이 퐝 튀어나와서 놀라고 달달한 딸기에 떡이 얇아서 잘어울림,000001000010
조용하고 깔끔하고 너무 좋아요,000000100001
고급 호텔 라운지 같은 분위기라 기분 전환하기 딱 좋습니다.,000000010000
소개받고 피넛버터 사러왔는데 넘 맛있어요!!!,000001000000
"와인도 맛있구 여기 아이스크림, 노래 맛집이에요 사장님 플리 짱",000001010000
소금빵 중에 1등이에요! 인천에도 동일한 곳 방문했을 때 맛있었는데 부산도 맛있네요! 롯데 시그니엘 바로 앞에 있어요! 바다 수영 가기 전에 사서 가면 간식으로 따봉입니다,010000000000
연말에 크리쓰마쓰 느낌 뿜뿜이라 좋아요,000000010000
디저트는 물론이고 커피까지 진짜 맛있어요... 디저트 종류도 많아서 연말 선물로 좋을 거 같음!,100001000010
아이스크림은 괜찮았으나 직원이 불친절,000001002000
음료 너무 맛있고 아몬드버터 맛 봤는데 진짜 엄청 고소해요!!!! 토스트 위에 올려진 푸딩도 너무 맛있게 잘 먹었습니다 다음엔 라떼 먹으러 올게요,110001000000
매장이 너무 좁고 사람이 꽉 차서 숨이 막힐 지경입니다.,000000000002
솔티피칸도 맛있고 참외도 맛있고 내부는 아늑하지만 시원해서 좋았아요,000001110000
맥코이 라테... . 주기적으로 수혈해줘야 해요 진하고 맛있슴돠. ... 아침에 일찍 오픈해서 조용히 마시다 가기도 좋음,100000001001
야외공간에 개아들과 함께할 수 있어 좋았고! 소문으로만 듣던 베이글 맛집이라 그런지... 주문한 음식이 빨리 나와서 좋았어요!,010000101000
카페 분위기가 너무 좋고 커피랑 디저트 종류가 정말 맛있어요 특히 빵종류가 예쁘고 맛도 좋아요!!,110001010000
딸기 스무디가 진짜 딸기를 갈아 넣은 맛이라 상큼하고 진해요.,100000000000
사장님도 친절하시고 음료도 맛있습니다! 인테리어도 좋고 분위기도 좋아유!,100000011000
인테리어가 콘크리트 마감재에 외부에는 폭포형 풀이 특이해요.,000000030000
마들렌에서 은은한 레몬 향이 나는데 정말 상큼하고 맛있네요.,000100000000
공기청정기가 계속 돌아가서 그런지 실내 공기가 아주 상쾌해요.,000000100000
너어뮤 마싯고 친절하시고 커피맛도 장난아님 꼭오세요 프롤라 전메뉴 도장깨기 해야할듯,100000001000
커피와 디저트가 맛있고 사장님이 정말 친절하셔서 좋았습니다,100001001000
직원분이 친절하시고 매장 분위기가 너무 좋아요 다음에 다시 올 것 같아요,000000011000
좋아요 분위기좋고 커피맛잇어요,100000010000
저 케익을 보고 안먹어 볼수가 없죵 커피잔도 이뿌고 가게가 아늑해서 좋았어요 다만 내부가 작다보니 대화 소음은 감안해야할듯 포크 세척이 잘 안된것도 좀 아쉬웠어요,001000210002
생과일주스라고 했는데 씨랑 껍질이 너무 많이 씹혀서 불편해요.,200000000000
신선한 과일을 사용했어요. 근데 케이크는 5시에 다 품절했어요,002010000000
커피도 맛있고 아담하고 매장 귀여워요,100000110000
여기 베이글짱맛입니다..모두들 베이글랜드하세요 특흐 체다치즈할라피뇨..개굳,010000000000
매장 곳곳에 소품들이 감각적이라 사장님의 센스가 느껴집니다.,000000010000
홍차 수플레는 처음인데 홍차 크림이 향긋하구 너무 맛있어요!! 알로에 에이드도 달구 시원하니 좋네요,101000000000
이천쌀 스무디랑 같이 시켰는데 구수하고 맛있습니다 라떼는 그냥 베이직한 산미 없는 원두 라떼네요 분위기 좋습니다.,100000010000
인테리어 이쁘고 커피 맛있어요,100000010000
맛도 있고 다양해서 너무 좋아요 내부도 쾌적합니다 완전 강추에요,000000100000
분위기도 너무 좋고 직원분께서도 친절하게 설명해주셨어요! 여유로움과 LP바의 매력을 즐기시려면 주말보다는 평일을 추천한대요!,000000011000
한가하게 시원하게 여유잇게 아이랑 커피한잔하고 가요 올때마다 기분 좋아요,100000000001
바게트맛집이지만.. 치아바타 때문에. 자주가요,010000000000
분위기 좋은 성수 대형 카페입니다. 내부도 넓고 커피도 맛있어요. 아늑한 감성 분위기로 편히 쉴 수 있어요.,100000110000
집중하기에 너무 좋아요 짱짱,000000010000
망고빙수 너무 맛있어요! 양도 생각보다 많았어요,000010000000
직원 분들도 다 친절하시고 커피도 좋아요. ... 자리가 없는 듯 하면서도... 510분 정도면 꼭 자리가 생기긴 하니,100000001003
타르트가 가격대비 진짜 크고 좋아요,001000000100
소금빵 맛집 맞네요,010000000000
카피바라빵이 귀엽고 맛있어요!,010000000000
카페 향이 좋아요!!,000000010000
사람이 많긴 한데 층고가 높아서 그런지 아주 시끄럽진 않음.,000000000003
너무 재밌었오요 알바생 언니 오빠 너무 예쁘시고 너무 잘생기시고 친절하세유... 재방문할거에요!! 처음오시면 캔버스에 그리는거 추천할게요.. 일반 종이는 사이즈가 진짜 커서 시간이 부족해유... 그래도 시간 순삭이여서 시간 가는지도 모르고 그렸답미댜..,000000201000
워낙 인기가 많아서 늦은 시간 방문하니 빵이 다 품절 !! 빨리 와서 사드세영,020000000002
소금빵 같은 베이글 맛잇어용,010000000000
생과일 자두가 그대로 올라가있고 망고케이크도... 시그니처 산타라떼도 맛있었습니당,101010000000
아기 의자가 넉넉하게 준비되어 있어 아이랑 오기 너무 편하네요.,000000100000
시간 가는 줄 모르고 머물다 갑니다 감각적인 인테리어에 반하고 센스있는 선곡에 두번 반하고 짱맛탱 초당옥수수세트 맛에 세 번 반하는 카페에요 저 완전 옥수수 쳐돌이인데 그동안 먹어봤던 옥수수 디저트 중에 제일 맛있어요 진짜 환장함 강아지 동반도 가능하던데 다음번에는 강아지랑 같이 방문하고싶어용 오래오래 운영해주세요!!!,000001010000
가본 메가커피 매장중 주문시 제일 빨리 나오는곳.. 친절하고 좋아요,000000001000
1층입구에서부터 남자직원분이 처음오셨냐며 이것저것 친절히 설명해주어서 감동 포장도 하고 먹고 갈꺼라하니 2층가셔서 자리있으시면 드시면된다해서 결재하고 2층 2인석 젤작은자리에 짐두고 화장실 가려는데 2층 남자직원이 다짜고짜 예약하셨냐며 예약하신분만 앉을수있다며 정색함 1층직원이2층에서자리있으면 앉아도 된다했다고했는데도 확인도 안하고 계속 안된다는말만함 진동벨이울려서 1층다시내려갔고 상황설명하니 먹고가는건 베란다에 앉을수있다함 그전안내받은상황이야기하니 계산대옆여자분이 아깐자리가있어서그렇게이야기했는데 결재하시는동안예약이다차서그런것같다고사과 하지만2층남자는옆에서듣고도쌩깜 다반품하고가고싶었지만참고베란다가서먹고 화나서넘어가지도않음내려가면서보니첨앉았던2층자리비어있고진짜돈쓰고화나긴처음 다신안감,000000202002
커피맛도무난하고 토스트양이 진짜많아요 샐러드도상콤했어요,310000000000
최고에요! 망고 좋아하신다면 추천,000010000000
커알못이라 산미있는 커피라 슬프네요. 그래도 분위기나 직원분들도 너무친절해요.,200000011000
모카베이글 촉촉하고 너무 맛있어요! 버터소금라떼도 위에 크림이 적당히 달달하고 부드러워서 맛있습니당 매장도 깔끔하니 대회하기 좋아요!,110000100000
베이글 샌드위치가 너무 맛있고 소금베이글도 넘넘 맛있어요,010000000000
익 !! 맛있어용 맛도 다양하고 또 오고 시퍼요 힝 죤맛,000000000000
드디어 롤케이크를 만났네요!,001000000000
여기 티라미수맛집이라고 해서 왔는데 너무 맛있어요 커피도 맛있어요 인테리어도 멋있고 분위기가 좋아요 잘 먹고 갑니다,101000010000
"여기 쿠키 맛집, 커피맛집 뚝섬 카페 쵝오",100100000000
조용하고 분위기가 너무 좋아요 성수동에 시끄럽지 않고 답답하지 않은 커피 맛집을 찾으시면 추천해요!,100000010000
"구욱희씨는 애완견 동반이 가능한 카페로 야외 테라스, 2층, 루프탑 이용이 가능한 곳이에요! 서울숲 산책후 카페에서 커피한잔 마실 수 있는 구욱희씨 그리고 구욱희씨 곳곳에 감성적인 소품과 인테리어로 다양한 포토존이 있어 예쁜 사진도 건질 수 있어요 다양한 귀여운 수제쿠키와 커피한잔하기 좋아요",100100110000
성수에서 겨우간 커피숍이였어요 아이스크림라떼 맛있어요,100000000000
빵 선물용으로 구입했어요 잘먹을게요,010000000010
오랜만에 갔는데 여전히 맛있네요,000000000000
분위기 맛집 성수 핫플입니다. 데이트 코스 카페 걱정이시다면 추천 할게여..!!!!,000000010000
피넛버터 맛보기 해볼 수 있어서 좋고 완전꾸덕해요!,000001000000
푸딩 식감이 아주 부드럽지는 않고 살짝 탄력이 있는 편입니다.,000003000000
중앙홀 바깥 공간에 자리잡았는데 넓은 창으로 볕이 스며들어... 커피와 디저트 너무 맛나요! ... 8층에서 바라보는 시티뷰는 밤에오면 더 멋져 보일듯해요,100001110000
그냥 인별용 감성 느끼려고 가는 곳이다... 에어팟이 더 좋더라고요.,000000020200
맛있고 직원분들이 친절해요!,000000001000
넘넘 분위기가 좋아요..! 컨셉이 확실한 카페라 아주 만족합니다!,000000010000
남자친구랑 왔는데 너무 맛있어요,000000000000
멀리 나온 느낌이 드는 멋진 곳! 정원을 바라보며 혼자 차 마시기에도 좋은 것 같아요.,100000010000
깻잎스무디가 신기해서 먹어봤는데 맛있었어요,100000000000
분위기도 너무 좋고 위스키 아이스크림 메뉴 자체가 특별해요 아이스크림도 맛있고 위스키도 맛있어요,100001010000
친구랑 오랜만에 성수동 온 김에 예약하고 왔는데 라쟈나 진짜 자극적이지도 않고 담백하게 맛있어요! 그리고 단호박 수프도 꿀떡 꿀떡 잘 넘어가요 매장 인테리어도 유럽에 온 거 같은 분위기고 날씨가 흐릴 때 와서 아쉽게 테라스에서 못먹었지만 다음에 날씨 좋을 때 또 오고싶어용,010000210000
매장이 넓어서 소음이 좀 있는 편이지만 활기찬 느낌입니다.,000000300000
성수동가면 꼭 가는 카페.. 빵 종류가 많아서 좋아요,010000000000
아들이 검색해서 찾은 맛있는 쿠키와 커피가 있는 어반누크!! 장소도 너무 좋고 커피 및 쿠키 너무 맛있어서 행복해요. 연휴때 방문해서 그런지 기쁨이 두배입니다 아!! 그리고 친절한 사장님 신사에도 자주 놀러갈게요!!,100100101000
"성수동 카페로 검색하다가 왔어요. 크로플아인슈페너 픽했는데 크로플도 맛있고, 커피도 너무 맛있어요. 인테리어가 깔끔하고, 의자도 편해요.",100100110000
"케이크가 맛있어요. 진짜 최고. 네모라떼는 달콩하고 커피도 나쁘지 않아요. 가격대는 좀 있지만 위치 생각하면 적당하고, 그 값을 해요",101000000300
성수에 가면 아이들이 매번 방문하는 방앗간,000000000000
이훈 직원님 굳이 본인한테 주문하라고 해놓고 딴짓하셔서 뒷사람이 먼저 주문했어요 이미 사십분 넘게 기다린 고객에게 그렇게 하는 개 맞았을까요? 의문이네요,000000002002
맛있어요. 근데 굳이 소금이 메리트 있는지는 잘 모르겠어요. 푸딩 느낌보다는 크림 느낌이었고 제 취향이라 잘 먹었어요.,000003000000
소금붕어빵(타이야끼) 너무 맛있어요!... 커피도 고소하고 맛있었습니다),110000000000
치즈케이크 너무 맛있어요 블루베리맛은 처음 먹어봤는데 다음엔 다른맛도 먹어볼래요!!! 인테리어도 귀엽고 사장님도 넘 친절하세요,001000011000
지난번에 땅콩버터가 너무 맛있어서 또왔습니다!!,000001000000
빵 신선도가 떨어지는 것 같아요. 만든 지 오래된 느낌입니다.,020000000000
카페 넘 예뻐요 입구부터 느낌있어요 흑임자 라떼 고소하고 맛있어요,100000010000
유정란 순우유 타르트 먹어봤는데 부드럽고 고소한 맛이 입안에 퍼져서 좋았어요 한입 베어 물면 타르트 특유의 달콤함이 느껴져요,000100000000
상자 디자인이 너무 촌스러워서 선물용으로는 비추천합니다.,000000000020
디저트가 너무 예쁘고 무엇보다 맛있네용,000001000000
비 오는 날이라 그런지 손님이 적어서 조용히 쉬다 왔네요.,000000000001
디저트 너무 맛있어요!!!!,000001000000
내부인테리어가 너무 이쁘고 사진도 잘나와서 좋았습니다 사장님이 친절하시고 커피랑 티라미수 넘 맛있었어요,101000011000
커피랑 케익도 맛있구 너무 행복한 시간이였어요,101000000000
주말 저녁 대기 없이 들어갈 수 있었어요0 과일타르트가 진짜 짱맛,000001000001
냄새에 홀려서 들어간 소금빵 맛집! 너무 맛있어요,010000000000
루프탑에서 자리 잡고 웨이팅 없이 들어오고 빙수 티라미수 시켜서 넷이서 먹기엔 딱 좋아!,001010100001
많이 시끄럽지 않고 좋아요!!! 고양이도 너무 귀엽구요...,000000010000
위스키 아이스크림이란 메뉴가 궁금해서 방문했는데 기대 이상으로 좋았습니다... 메뉴 설명도 친절하게 해주십니다!,000001001000
아기랑 같이 다녀왔어요 예쁜 칫솔 득템했네요,000000000000
맛있네용 잘먹고 갑니다,000000000000
크레이프케익 짱 맛있어요,001000000000
성수동 카페중에 자리가 널널한 편에 속하는 것 같아요. 여러층으로 되어있어서 자리가 꽤 많고 위에 포토존에서 사진을 찍을 수 있어요,000000110000
한번쯤 가볼만한... 그렇다고 막 특별하진 않아요!,000000000000
직원 분들도 친절하시고 커피 원두도 맛있어요... 인테리어가 인상적입니다,100000011000
빵이 부드러워서 좋았어요 건물은 3층인데 자리는 많지 않아요,010000200000
한번쯤가볼만한 곳입니다 추천해요,000000000000
커피도 맛있고 망고빙수도 맛있어요 스콘도 예쁘게 생겨서 궁금하고,100110000000
물통에 물이 비어있는데 채워달라고 해도 한참 걸리네요.,000000200000
매장이 아늑하고 예뻐요. 굉장히 유니크해서 방문하시는걸 추천합니다 !!,000000010000
외국에서 잠깐 한국들어온 친척들이랑 서울 구경시켜주러 왔어요! 분위기 좋고 맛있어요,000000010000
곳곳이 포토존이라 친구들이랑 사진 찍느라 시간 가는 줄 몰랐네요.,000000010000
딸기크로플이 맛잇어보여서 방문햇는데 크로플도 맛잇고커피도 맛잇엇어용 !!!,110000000000
치즈 브라우니 맛있어용,000100000000
핸드드립 커피인데도 가격이 일반 아메리카노 수준이라 너무 좋아요.,000000000100
밤라떼가 시중 페이스트 맛이랑 비슷한데 연했어요 밤맛우유,300000000000
친절하게 알려주셔서 어렵지 않고 재밌게 체험했습니다 맛도 맛있어요,000000001000
"케이크도 맛있고, 커피랑 차도 맛있어요!! 서울숲 카페 원pick,,,,,",101000000000
팥빙수 팥이 너무 달아서 한 입 먹자마자 혀가 얼얼할 정도네요.,000020000000
커피도 라떼도 만족했습니다 주택 개조라 3층을 독차지했네요,100000100000
통창에 뷰가 참 좋았어요! 협찬,000000010000
너무 친절하시구 음료도 맛있게 잘 마셨습니다!!,100000001000
줄서서 샀습니다 소금빵,030000000002
베베 복숭아 케이크 상큼한 맛에 반해버렸습니다,001000000000
"요아정 스타일처럼 요거트 아이스크림 자체가 엄청 쫀득하고 산미도 딱 적당해서, 토핑 없이 아이스크림만 퍼먹어도 물리지가 않고 상큼하니 너무 맛있어요.",000001000000
"코로나 때문인지 손님 많이 줄었네요. 빵 맛나요 가격은 사악하지만., .",010000000201
혼자 카공하러 왔는데 좋아요!,000000100000
단체 예약 문의를 드렸는데 아주 꼼꼼하게 체크하고 확정해 주심.,000000001000
포장 상자가 종이 재질이라 습기에 약하니 주의가 필요함.,000000000030
친절하고 위생깨끗!,000000101000
디저트가 넘 이쁘고 맛있어용,000001000000
에스프레소를 처음 먹는데 신기했어요. 아이스여서 더 신기했던거같아요 에스프레소 잔 귀여움당근케이크 귀여움,101000010000
디저트가 너무 예뻐서 샀는데 여친이 받고 너무 좋아했어요.,000001000000
좋았어요 주말 2시간 제한이라 부족하고 아쉬웠어요,000000200000
흑임자 들어간 그림자숲 먹었는데 고소하고 부드러워서 깜짝 놀랐네요,100000000000
파운드 케이크가 밀도가 높으면서도 목 막히지 않고 부드러워요.,000100000000
분위기도 따뜻하고 빵도 맛있어요!,010000010000
갸또인데 꾸덕하지 않고 파운드케이크같아서 아쉬웠어요,002000000000
애플햄 석류레몬 맛있어요,100000000000
처음 방문 하였는데 분위기도 너무 좋고 대화하기 딱 좋아요! 무엇보다 사장님이 세심하셔서 좋은 시간 보냈습니다!,000000111000
주말에만 열어서 다소 아쉽지만.. ( 그래도 빵이 맛있어서 좋아요 특히 버터 프레즐 진짜 맛있습니다,010000002000
자연도 소금빵 좋아해서 성수 들른 김에 샀어요. 비오는 날임에도 빵 굽는 냄새가 너무 좋더라고요. 소금빵은 자연도 소금빵이 최고입니다,010000010000
퀸아망 꼭 드셔보길 추천합니다. 이 코너 그냥 지나가기가 너무 어렵네요 맛있습니다 무화과 크림치즈 바게뜨도 추천!,010000000000
케이크랑 크로플 시키면 2단 트레이에 담아주셔요 사진도 잘나오고 디저트도 달달하니 맛있어요!,001001010000
동네 원탑이에요 좋은 원두 쓰고 휘낭시에도 어지간한 베이커리집보다 훹씬 맛있네요,100100000000
베이글에 크림치즈 조합이 환상적이라 순삭했습니다.,010000000000
망고 양이 많아요! 빙수 얼음 맛도 깔끔하고 맛있어요 다음엔 다른 빙수로 먹어보고 싶어요,000010000000
디저트가 예쁘고 아기자기해서 기분좋아지는 곳이에요,000000000000
"디저트 맛있는데 넘 비싸요,,",000001000200
전에 박람회에 나와서 먹었을때 너무 맛있었는데 매장에서 먹으니까 더 맛있네용,000000000000
이전에 지인이랑 오고 너무 맛있어서 단체로 직원들끼리 왓어요! 서울숲에 있는 맛있는 카페 중에 하나 입니다 빵도 맛있으니 꼭 빵까지 드세요!!!!!! 커피도 당연히 맛있고 에이드도 드세요!!!,110000000000
자리도 너무 불편하고... 일단 디저트가 너무 늦게 나와요... 개선바랍니다,000000202000
특별한 개성은 없지만 실패 없는 무난한 커피 맛입니다.,300000000000
Good service but very crowded,000000001002
대기 공간이 밖이라 뙤약볕 아래서 기다리는데 쓰러질 뻔.,000000000002
쿠키 가나슈 종류도 특별하고 포장도 너무 예어서 선물용으로 샀는데 딱이었어요!,000100000010
선물 받은 분이 포장이 너무 예뻐서 뜯기 아깝다고 하네요.,000000000010
디저트 맛집인 줄 알았는데 커피도 넘 맛있어요. 분위기도 좋고 친절하십니다,100001011000
아침인데 주말이라 그런가 빵 종류가 많이 없었어요,030000000002
이렇게 맛없는 크로와상은 정말 처음이예요 속은 덜 익고 암튼 최악이네요,020000000000
공간도 넓고 의자도 편해서 좋았어요 ) 빵도 맛있고 괜찮습니다,010000100000
개성주악이랑 약과가 있어서 부모님이랑 오기도 좋은 곳 같아요!! 자리도 넓직하고 좋아요 ),000001100000
사진은 대충찍었지만 매번 바뀌는 컨셉이 자주 와도 질리지 않음 혼자서 작업하기도 좋음 친구랑 와도 좋을 듯,000000110000
카페라떼가 심각하게 쓰거나 시지않은게 신기해요. 근데 아메리카노랑 라떼 가격차이가 생각외로 많이나네요. 앉아서 수다떠는것만 가능한곳으로 인테리어가 공사장같아요.,100000020200
지인들과 행복한하루를 보내기 딱 좋은곳,000000000000
남자친구랑 맛있게 먹구 왔네용 특히 빙수 맛집 채광도 너무 좋구 얘기하기 좋은 카페에요 !! 데이트 코스 추천 꾸욱,000010010001
............,000000000000
맛있고 친절하세요 인테리어도 예뻐요,000000011000
타르트지가 적당히 단단하고 위에 올라가는 필링도 너무 달지 않아서 그냥 가볍게 곁들이기 적당했습니다.,003000000000
이름답게 숲뷰가 이쁘네요 맛있는건 기본,000000010000
조용한 카페인 줄 알았는데 혼잡도가 거의 도심 광장급임.,000000000002
종류가 너무 많아 고민되요 그래서 2개를 샀는데 다른것도 먹고 싶네요,000000000000
뺑스위스 너무 맛있는거같아요 이런 빵은 어떻게 만드는거죠....! 이제 탕후루 말고 뺑스위스 사달라고 해야게써요,010000000000
직원분이 차례대로 잘 안내해 주셔서 편했어요.,000000001000
커피가 너무 맛있어요 딸기 프레지에도 맛있습니다,101000000000
산타라떼 고소고소하고 맛있어요. 원두가 맛있는거 같아요. 분위기도 차분하고 아늑해서 좋아요,100000010000
"바스크 치즈 케이크를 기대했는데, 냉장고 냄새가 베어 있었고 식감도 부드럽기보다는 굳은 떡처럼 질겨서 실망했습니다.",002000000000
커피 할인 되어서 좋아요,100000000100
흑임자 푸딩의 고소함이 입안 가득 퍼지는 게 정말 일품입니다.,000001000000
우유 생크림이 제일 맛있어요!,000000000000
물가가 올랐다지만 여기는 좀 지나치게 올린 느낌입니다.,000000000200
이벤트로 커피 접수해요,300000000000
베통 소금빵 사러... 천안에서 성수가는 person 나야 나........ 1인당 4개 제한있어서 최애 빵들만... 골라 오니...아쉽네.. 또 먹고.....싶다...,010000000000
샌드위치 안에 들어간 소스 양이 적당해서 무난해요.,030000000000
계절에 맞춰서 소소하게 장식을 바꿔가며 운영하시는 듯해요.,000000030000
망고 빙수 먹으러왔는데 달달하고 맛있어요! 소금빵도 진짜 잘 먹었습니다 웨이팅이 좀 있는데 생각보다 회전율이 빨랐고...,010010000003
분위기나 맛 다 좋았어요근데 너무 비싸긴해요가또쇼콜라 자그마한 케이크가 9천원..,001000010200
신상카페라서 그런지 사람이 별로 없어서 대화하기 좋았어요 인테리어 매우 깔끔하고 테이블도 6개?정도로 아담하고 조용했어요! 글구 디저트도 쪼온맛 안에 크림이 달달하고 맛있어요! 아메리카노랑 궁합체고성수에서 좋은 카페 찾은 것 같아 좋아요 매장이 2층에 있으니 찾아가실 분들은 고개를 쪼곰 올리면 나와요,100001110001
분위기가 괜찮고 수플레 양도 많고 맛있었습니다,000001010000
커피맛두 맛나구 너무친절하신 사장님 자주이용하는 카페입니다 다른데는 못가겠어여 서비스도 주시고 감사드려요,100000001000
케이크 크림이 미끌거리고 입안에서 겉도는 게 식물성인 듯요.,002000000000
줄 없이 바로 샀고 종류 많아서 좋았어요 !,000000000001
비오는 날 감성있는 곳에서 밋있는 브런치 먹었네요 추석 전에 어머님과 좋은 추억 만들었어요,010000010000
복숭아 빙수에 올라간 복숭아 과육이 씹혀서 식감도 좋고 상큼해요.,000010000000
소금빵이 너무 맛있어요,010000000000
색다른 경험과 맛을 느낄수 있어 좋았습니다! 정말 값진 하루였습니다!,000000010000
케이크는 예쁘고 맛있어요,001000000000
바게트 속살이 너무 촉촉해서 샌드위치로 먹기 딱입니다.,010000000000
산미가 있는 게 아니라 커피가 시큼하게 변한 것 같은 느낌이에요.,200000000000
메뉴에 대해 물어봤는데 귀찮다는 듯이 단답형으로 대답해서 무안함.,000000002000
밀도 시그니쳐 식빵 구매했어요! 주말이라 사람이 많았네요. 510정도 대기했습니다.,010000000003
커피향 좋네요 다시 올듯합니당!,100000000000
디져트 들이 모두 맛있어 보여서 뭐를 고를지 고민 많이했어요.,000001000000
예쁘고 사진찍기 좋은 비주얼이지만 맛은 그저그래요. 왜냐하면 망고가 달지 않고 밍밍하거든요. 크림이나 시리얼 같은 게 맛있어도 망고가 별로면 말짱 꽝인 건 팩트인 듯요.,000020000000
주차 지원도 해주는데 음료 가격도 저렴하니 안 올 이유가 없죠.,000000000100
머쉬룸 포카치아 맛있어용 소빵도요!!,010000000000
타르트지가 눅눅해서 바삭한 맛이 전혀 느껴지지 않았습니다.,000200000000
얼그레이 휘낭시에 향이 너무 고급스러워서 자꾸 생각나네요.,000100000000
디카페인 변경 추가 요금이 없어서 정말 양심적인 곳이라 생각해요.,000000000100
항상 자주오는 곳입니다! 모리라떼도 맛있고 커피도 잘먹고있습니다,100000000000
비주얼이 장난아니예요 인테리어도 예뻐서 즐겁게 다녀왔어요,000000010000
오전 일찍부터 베이글 먹을 수 있어서 너무 좋아요! 베이글 진짜 쫀득하고 맛있어요!!,010000000000
베이글이 다 너무 귀엽고 맛있어요!!,010000000000
베이글샌드위치로 간단하고 맛있게 점심 해결,010000000000
서울숲섬타르 시그니처메뉴인 에그커피. 유정란에그타트 맛있네요,100100000000
주문 번호를 모니터로 크게 띄워주셔서 놓치지 않고 확인했어요.,000000100000
빙수집이 많은데 가성비도 좋고 맛도 좋아요. 친절하시구요,000010001100
"깜빠뉴, 까눌레, 치아바타 샀어요. 깜빠뉴는 고소한 맛이 좋구여. 까눌레는 사자마자 먹으니 많이 딱딱했고 하루지나면 딱 좋은 식감될거같아서 어제하나 오늘 하나 먹었는데 오늘 먹은게 딱 평소 까늘레 식감이에요. 워낙 습기를 잘 먹어서 일부러 딱딱하게 구우신건가 싶어요. 바닐라향이 좋네요!",010300000000
모든게 네모난 네모네 밉잠 케이크에 딸기 낭낭하고 맛있어용,001000000000
계산 실수하고도 미안하단 소리 한마디 없어서 어이가 없었네요.,000000002000
"음식이 맛있고, 무엇보다 사진도 너무 예쁘게 나와요... 테라스에서 먹기 너무 좋아요",000000110000
분위기도 좋고! 커피도 신선해요! 자주올 것 같아용,100000010000
버터바 식감이 적당히 쫀득한 정도라 먹기에 나쁘지 않아요.,000300000000
꿈이 부푸는 공간이 아니라 사람의 짜증을 부풀게 해주는 사람이 있넹 170대의 남자분인데 기억에 잘남았네요 맛이라도 있음 별 4개 줄라했는데 음......???!!!! 요즘 성수쪽에 베이커리 많은거 아실텐데 지금처럼 변치 마시길 지금,000000002000
파운드 케이크가 목이 너무 막혀서 커피 없이는 못 먹을 수준입니다.,000200000000
달달한거 좋아해서 초콜릿밀크 시켰는데 너무 맛있고 사장님이 너무 친절하시고 자주 오고 있습니다!,100000001000
첫 방문이에요! 에스프레소 바 답게 메뉴가 처음 보는 것들이 많아요. 확실히 농도 짙고 깊은 게 새롭고 맛있네요 제빵 종류도 다양해서 좋은 방문이었습니다!,110000000000
너무 이쁘고 맛있고 카페가 조용해서 좋아용,000000010001
넓고 쾌적하고 시원하고 음료도 맛있어요,100000100000
"직원분들도 엄청 친절하시고, 초코가 진짜 맛있는 것 같아요 !!",100000001000
구움과자 종류가 다양해서 골라 담는 재미가 쏠쏠합니다.,000100000000
생망고 진짜 달아요...! 망고빙수 중 가성비도 좋고 맛도 맛있어요,000010000100
밤 케이크는 가을 시즌에만 나오는 한정 메뉴라고 하네요.,003000000000
반려동물 가능이라더니 막상 가니 야외만 된다고 해서 기분 상함.,000000200000
"케이크 처음 구매해봤고 괜찮을거 같아서 샀는데 직원이 많고 주문량이 없는데도 매장 대기가 좀 길었고, 케이크 단맛 밸런스가 좀 안 맞는 느낌이었습니다. 재방문은 안할 거 같아요.",002000000002
내부도 아기자기하고 응대해주시는 분도 친절하셨어요!! 컵이 너무 귀여웠어요. 커피도 맛있었습니다!,100000011000
컵 사이즈가 작아도 너무 작네요. 얼음 빼면 커피는 반도 안 됨.,000000000200
인테리어도 멋지고 콘센트가 많아서 작업하기에 정말 좋아요! 그리고 초코우유가 정말 맛있습니다 꼭먹어보세요!!!,100000110000
리뷰 이벤트 한다고 써놓고 막상 물어보니 끝났다고 퉁명스럽게 말함.,000000002000
말차 맛이 너무 약해서 말차 디저트인지도 모르겠네요.,000002000000
매장 깔끔하고 쾌적 테이블 간격이 넓어서 대화하기 좋음,000000100000
성수오면 꼭 오는 카페이고 케익 먹으러 또 오는 곳이에요 ),001000000000
"바닐라라떼랑 바닐라밀크티 시켰는데 맛있어요 밀크티 별로 안달고 깔끔한 맛이에요 분위기도 좋고 매장도 크고 깔끔해서 데이트, 친구랑 와도 좋아요",100000110000
따로 캐치테이블이나 수기로 예약하는게 아닌 현장에서 직접 줄서서 웨이팅하는 방식이라 겨울에 너무 추웠어요... 직원들이 빨리 확인도 안하고 방치해둬서 답답했어요. 오후에 가면 파이도 거의 다 솔드아웃... 파이는 맛있었습니다,010000002002
아메리카노 고소하네요,100000000000
첨가봤는데 깨끗하고 음식도 맛있고 좋았어요!특히 덴버오믈넷은 급이 다르던데요,000000100000
수플레 맛집이예요 부드럽고 폭신하니 너무 맛있어요 늦게까지 해서 더좋아요,000001001000
맛있게 먹었어요! 추천해요!,000000000000
자극적이지 않고 맛있어요 가을밤게트 샌드위치 또 먹고 싶을만큼 맛있어요,010000000000
개취로는 노티트 도넛보다 오버도즈를 좋아하는 나 제 단골집입니다... 아몬드초콜릿 크림브릴뤠 최고 (아바라도 파우더리한 맛이라 맛있답니다!),100001000000
망고빙수가 너무너무 맛있어서 복숭아케이크도 사가지고 나왔어요!,001010000010
가격 대비 시설은 그냥 평범한 동네 카페 수준입니다.,000000000300
소금빵 맛나요. 바게트느낌 약간 있음.. 바삭바삭한 느낌? 저녁늦게 가면 줄 안서고 살수 있어요.,010000000001
프레지애 케이크랑 커피랑 너무 잘 어울려요. 맛있네요,101000000000
수플레가 땡겨서... 분위기도 좋고 편안하게 즐길 수 있는 곳입니당...,000001010000
분위기 너무 이쁘고 맛있어요,000000010000
조각 케이크 두 개 샀는데 한 상자에 쑤셔 넣어 모양 다 망가짐.,000000000020
원두도 고를 수 있다는 점이 좋았고 커피도 올려진 크림도 엄청 맛있었습니다!!! 매장이 넓지는 않았지만 적당했어요,100000100000
소금빵 맛은 어디서나 먹을 수 있는 일반적인 맛이에요.,030000000000
"원두 구매를 위해 방문했어요 집에서 마시는데 진짜 정말 굉장히 맛있어요,, 최고",100000000000
인테리어도 너무 독특하고 멋있었어요. 직원분들도 너무 친절하시고 일단 커피가 맛있어요,100000011000
비주얼만 좋지 맛에 비하면 가격이 너무 과하게 책정됐습니다.,000000000200
빙수 위에 아이스크림 한 스쿱이 올라가서 시원하게 먹었습니다.,000030000000
맛있어용 웨이팅 없이 들어와서 더위 식히기도 좋았어용,000000100001
선물 세트 구성이 너무 부실해서 선물했다가 민망할 뻔했네요.,000200000000
"예쁜 인테리어에, 특별한 메뉴까지 너무 좋네요",000000010000
저번에왔다가 좋아서 또 방문했어요. 매장도 넓고 넘 좋아요!!,000000100000
음료가 너무 달지 않고 맛있어요. 프렌치 토스트랑 핫케이크랑 같이 먹기 나쁘지 않았어요.,110000000000
잠봉뵈르 맛있었어요! 호밀무화과는 한번쯤은 드셔보세요!,010000000000
재방문인데 더 맛있어진것 같아요 전체적으로 다 맛있는데 와 치킨앤 와플 제일 맛있구요. 매쉬포테이토그레이비 눈물흘리며 흡입했네요 아가들 데려오신 분들도 많던데 나중에 애기랑 같이 가볼께요,010000000000
너무 맛있게 잘 먹었습니다! 신박한 디저트 먹고싶으면 도전해보세요!,000001000000
"진한듯 밍밍해서 신기한 맛,,,",000000000000
지인들과 연말파티용으로 케익샀는데 지인짜 맛있어요. 커피도 드립커피 강력추천합니다. 또 방문할게요,101000000000
분위기 좋고 음식도 너무 맛나요 데이트 하시기도 좋아용,000000010000
소금빵 엄청 맛있어요 직원분들도 엄청 친절합니다!,010000001000
과일 컷팅 주문하면 바로 썰어주긴 하는데 시간은 좀 걸리네요.,000030000000
브라우니는 따뜻하게 데워달라고 하면 데워주시는 것 같아요.,000300000000
근처 쇼핑왔다가 우연히 들어왔는데 맛있는 베이글과 예쁜인테리어가 좋았습니다.,010000010000
아이스크림 브라우니 맛이써용,000101000000
커피 너무 맛있어요 빵도 맛있어요,110000000000
실수로 결제를 잘못했는데 바로 확인하고 정중히 사과 후 고쳐주심.,000000001000
누텔라 마시멜로 너무맛있어요,000001000000
"굿즈존, 포토존 나뉘어 있어 좋았어요 직원분들 친절하시고... 전반적으로 가격대 나쁘지 않았어요",000000011100
타르트 성수 타르트 천국 맛집이에요!!!,000001000000
조각 케이크 가격은 다른 프랜차이즈랑 비슷한 수준임.,000000000300
음료 특이하고 맛있음 공간도 특이,100000100000
커피가 맛있고 내부가 쾌적하고 넓어요 디저트 메뉴도 맛있고 직원분들도 친절하세요,100001101000
아아 메가리카노 양도 많고 좋습니다,100000000100
키오스크가 하나인줄 알았는데 두개네영 매장넓어서 좋아요,000000100000
퐁신하고 달달한 도넛과 아아 조합은 최고 친절하시고 공간 아늑해 좋았어요),100001101000
정말 맛있엇어용 굿 특히 바나나 땅콩 스무디? 넘 마싯었어여,100000000000
성수동 최애 비건 맛집 아사이볼도 넘 맛있는데 오늘 먹은 당근컵케이크는 완전 촉촉 그자체요가하기 전에 먹으면 속도 든든하고 기분이 좋아집니다,001001000000
피넛버터만 먹어봤었는데 음료먹어보니 맛있어요 바나나향이 빠지지않고 들어가네요,100000000000
크림치즈타르트 쿠키베에스 스타일이라 너무 고소하고 맛있어요 커피랑 찰떡!!,101000000000
화장실 청소 상태가 너무 엉망이고 냄새나서 이용하기 싫었어요.,000000200000
처음 방문해서 계절과일로 했는데 너무 좋아요 맛있어요!!,000010000000
너무 맛있고 꼭 발베니 드세용 술찌는 먹으면 취할 듯,100000000000
개마싯어요 늘 사먹는거에요 재출시되서 너무 좋아요,000000000000
분위기도 좋고 파스타도 맛있었어요! 로제 파스타가 최애예용,000000010000
시그니처라는 쑥라떼 진짜 맛있어요 ) ... 큐브 양갱하고 붕어모나카까지 쫀맛!! ... 분위기도 좋고 인테리어 예뻐서,100001010000
가끔 인스타로 이벤트 공지하시니 확인해 보고 가세요.,000000000300
아메리카노 농도가 적당해서 그냥 가볍게 마시기 괜찮네요.,300000000000
강남구청 본점 가다가 성수에 생겨서 왔는데 역시나 훌륭하네요 직원분이 친절 하십니다,000000001000
알록달록 가구와 오브제들이 취향을 저격! 음료와 귀여운 디저트들 맛있어요,100001010000
우유소금빵 맛있네요 가격은 비싸지만... 커피는 쏘쏘,110000000200
분위기도 연말에 맞게 너무 이쁘고 포토존도 있어서 사진찍기 좋았어요. 일반 아메리카노도 맛있고 특히 라떼가 너무 맛있어요!! 디저트도 특히 허니버터번 추천합니다 오픈한지 얼마 안돼서 복잡스럽지 않게 사진 찍을 수 있었어용,110000010001
미리 주문하면 바로 픽업해거 좋아요,000000001010
커피 이벤트 좋아요,100000000000
여기 크로플 너무 맛있어요 오늘 빼빼로데이라 사장님이 서비스로 주심 또올게요!,000001001000
너무 더워서 돌아다니다가 들어왔는데 너무 쾌적하고 음식도 빨리나오고 넓고 좋았습니다!,000000101000
친구생일로 케익크주문하려고 찾다가 너무 귀엽고 맛있어 조이는 곳으로 선택했습니다 너무 이쁘게 잘해주셔서 감사합니다,001000001000
다양한 종류와 적당한 가격이 좋았어요!,000000000100
분위기도 좋고 음식도 다 너무 맛있어요 매장도 깨끗하고 직원분도 친절하세요 다음에 또 방문할래요,000000111000
일주일에 34번 정도 오는 오로라 베이커리 매장이 넓고 좌석도 많고 등받이 의자가 있어 편해요! 성수엔 생각보다 널찍한 매장이 없는데 오로라는 대화하기도 좋습니다! 오늘의 하루를 함께 해주어 감사합니다 빵 먹고 오늘도 힘을 내어 보내보겠습니다 !,010000100001
마들렌 시트러스 향이 은은하게 나는데 강하진 않아요.,000300000000
